cell_type,HES4,TNFRSF4,SSU72,PARK7,RBP7,SRM,MAD2L2,AGTRAP,TNFRSF1B,EFHD2,NECAP2,HP1BP3,C1QA,C1QB,HNRNPR,GALE,STMN1,CD52,FGR,ATPIF1,SESN2,EIF3I,LCK,MARCKSL1,SFPQ,PSMB2,MEAF6,NDUFS5,CAP1,SMAP2,C1orf228,PRDX1,TMEM69,SCP2,MAGOH,JAK1,CCBL2,GBP2,CD53,DENND2D,C1orf162,RHOC,CD2,RP11-782C8.1,TXNIP,CD160,RP11-277L2.3,APH1A,MRPS21,CTSS,MRPL9,S100A10,S100A9,S100A8,S100A6,S100A4,RAB13,TPM3,HAX1,PMVK,PBXIP1,DAP3,CCT3,SH2D2A,MNDA,FCER1A,TAGLN2,LY9,FCER1G,SDHC,FCGR3A,FCRLA,CD247,CREG1,RCSD1,XCL2,XCL1,PRDX6,C1orf21,TPR,PTPRC,PTPN7,NUCKS1,G0S2,TRAF3IP3,NENF,CAPN2,COA6,ARID4B,RP11-156E8.1,SH3YL1,ID2,HPCAL1,RAB10,OST4,PPM1G,LBH,SRSF7,ZFP36L2,ERLEC1,CAPG,RNF181,GNLY,CD8A,CD8B,MAL,DUSP2,MGAT4A,LIMS1,IL1B,NIFK,GYPC,MZT2B,CCDC115,CXCR4,PPIG,SSB,WIPF1,ITGA4,HSPD1,BZW1,NBEAL1,CD28,AC079767.4,SLC11A1,SP110,SP140,SP100,NCL,ARL4C,UBE2F,OGG1,MRPS25,ACAA1,EXOG,EIF1B,UQCRC1,NDUFAF3,IMPDH2,GPX1,GNAI2,MANF,TEX264,TKT,ARL6IP5,PCNP,BBX,CD47,TIGIT,COX17,EAF2,GATA2,RAB7A,H1FX,SELT,SIAH2,GPR171,P2RY13,SSR3,MFSD1,SEC62,EIF4A2,CCDC50,HES1,ATP5I,SPON2,LYAR,CYTL1,MRFAP1,BLOC1S4,BST1,FGFBP2,MED28,KLF3,SMIM14,HOPX,SPINK2,IGFBP7,IGJ,CCNI,HNRNPDL,PLAC8,HSD17B11,BANK1,CCDC109B,SNHG8,ANXA5,HMGB2,SUB1,IL7R,FYB,EMB,GZMK,GZMA,NSA2,COX7C,GLRX,CAMK4,EPB41L4A-AS1,REEP5,SNX2,IRF1,SKP1,TXNDC15,H2AFY,EGR1,MZB1,NDUFA2,NDFIP1,CD74,NUDCD2,NPM1,ATP6V0E1,HIGD2A,LMAN2,F12,PRR7,NHP2,SQSTM1,RNF130,SERPINB1,SERPINB6,LY86,ADTRP,DEK,SOX4,FAM65B,HIST1H4C,HIST1H1E,ZNRD1,LTB,LST1,AIF1,DDAH2,CLIC1,C6orf48,HLA-DRA,HLA-DRB5,HLA-DRB1,HLA-DQA1,HLA-DQB1,HLA-DQA2,HLA-DMB,HLA-DMA,HLA-DPA1,HLA-DPB1,HSD17B8,TAPBP,DAXX,CUTA,HMGA1,CCDC167,CNPY3,MEA1,HSP90AB1,ELOVL5,UBE2J1,PNISR,RP3-467N11.1,CD164,GTF3C6,RWDD1,GOPC,SAMD3,DYNLT1,SOD2,TCP1,MRPL18,RNASET2,MAD1L1,CHST12,EIF2AK1,NDUFA4,TOMM7,CPVL,LSM5,SEPT7,AOAH,STK17A,COA1,PPIA,SNHG15,UPP1,CCT6A,SBDS,WBSCR22,EIF4H,LAT2,NCF1,HSPB1,RSBN1L-AS1,CDK6,CCDC132,BRI3,PDAP1,ATP5J2,MCM7,LAMTOR4,PILRA,ZNHIT1,FAM185A,RINT1,SYPL1,RP11-390E23.6,CPA5,MTPN,C7orf55,NDUFB2,MRPS33,GSTK1,ZYX,GIMAP7,TMEM176B,TMEM176A,OFD1,NDUFB11,TIMP1,CFP,EBP,WDR13,PQBP1,PLP2,MSN,IGBP1,IL2RG,COX7B,ITM2A,TCEAL8,NGFRAP1,RPL39,NDUFA1,CD40LG,SSR4,MPP1,BLK,BIN3,PNOC,RP11-489E7.4,LEPROTL1,GTF2E2,PPAPDC1B,GOLGA7,CHCHD7,TRAM1,TPD52,MTDH,ZNF706,EIF3E,LYPD2,LY6E,COMMD5,PLGRKT,PTPLAD2,SIT1,CCDC107,TLN1,DCAF10,ANXA1,OSTF1,HNRNPK,HIATL1,ANP32B,TXN,ATP6V1G1,NDUFA8,ARPC5L,C9orf78,NUP214,FCN1,EGFL7,SNHG7,PHPT1,C9orf142,CLIC3,KLF6,AKR1C3,RBM17,PRKCQ-AS1,GATA3,VIM,NSUN6,DNAJC1,COMMD3,APBB1IP,ABI1,EPC1,HNRNPF,ZNF22,SRGN,PPA1,PRF1,C10orf54,PSAP,ANAPC16,RPS24,ANXA11,HHEX,PDLIM1,PGAM1,NPM3,ADD3,C10orf118,RGS10,TIAL1,FAM175B,ZNF511,FUOM,PSMD13,IFITM2,IFITM1,IFITM3,RNH1,IRF7,TALDO1,CTSD,CARS,ILK,NUCB2,LDHA,CAT,CD82,SPI1,PSMC3,MTCH2,TIMM10,LPXN,MS4A1,CYB561A3,POLR2G,SLC3A2,OTUB1,BAD,CAPN1,NEAT1,KAT5,CTSW,SF3B2,ADRBK1,POLD4,TBC1D10C,PTPRCAP,CORO1B,GSTP1,UNC93B1,NDUFS8,MRPL21,LAMTOR1,MRPL48,SPCS2,TMEM126B,CTSC,CWC15,FDX1,POU2AF1,IL18,AMICA1,CD3E,CD3D,CD3G,FLI1,NINJ2,CD27,CHD4,MLF2,LAG3,CD4,KLRG1,KLRB1,KLRC2,KLRC1,RP11-291B21.2,PRR4,H2AFJ,WBP11,LDHB,FGFR1OP2,FKBP11,TMBIM6,COX14,HNRNPA1,NFE2,CD63,WIBG,CNPY2,ATP5B,RP11-620J15.3,TMBIM4-1,LYZ,ATXN7L3B,NAP1L1,OSBPL8,BTG1,ISCU,HVCN1,PPP1CC,MAPKAPK5-AS1,ERP29,OAS1,COX6A1,TRIAP1,POP5,ACADS,RNF34,AC084018.1,MPHOSPH9,SAP18,POMP,ALOX5AP,WBP4,TSC22D1,ESD,EBPL,UCHL3,TNFSF13B,APEX1,DHRS4L2,PSME2,NEDD8,TINF2,GZMH,GZMB,NFKBIA,PNN,RN7SL1,RPL36AL,ARF6,LGALS3,DAAM1,DHRS7,ERH,COX16,FOS,AHSA1,CALM1,EVL,PPP2R5C,PLD4,CRIP1,AL928768.3,KIAA0125,NDNL2,EMC7,NOP10,SRP14,GCHFR,ZNF106,CEP152,EID1,MYO5A,SLTM,RPS27L,PPIB,SPG21,PKM,CSK,SCAMP2,IMP3,ETFA,CTSH,IL16,ISG20,ZNF710,IDH2,NGRN,SLCO3A1,VIMP,POLR3K,NME4,C16orf13,STUB1,NDUFB10,SRRM2,TCEB2,IL32,CORO7,HMOX2,RSL1D1,TNFRSF17,BFAR,NDUFAB1,LAT,BRD7,TMEM208,DPEP2,PSMD7,GABARAPL2,C16orf74,IRF8,GLOD4,SERPINF1,PSMB6,RNF167,CLEC10A,TMEM256,EIF4A1,LSMD1,TRAPPC1,NCOR1,TNFRSF13B,SNORD3B-2,IFT20,UNC119,NSRP1,CCL5,CCL4,GGNBP2,CWC25,MIEN1,CCR7,NT5C3B,DNAJC7,CCR10,COA3,SLC25A39,ABI3,PHB,SUPT4H1,VMP1,PSMC5,CD79B,DDX5,CD300A,SUMO2,ACOX1,UBALD2,ST6GALNAC1,SRSF2,SEPT9,DCXR,CD7,ANKRD12,PSMG2,TTC39C,RNF138,ACAA2,NOP56,IDH3B,C20orf27,PCNA,DTD1,NAA20,CST3,CST7,APMAP,EIF2S2,DYNLRB1,RBM39,TOP1,YWHAB,STK4,CD40,ZFAS1,BCAS4,PSMA7,ADRM1,PPDPF,RGS19,GZMM,PRSS57,CFD,CNN2,HMHA1,GPX4,C19orf24,ABHD17A,TIMM13,GNG7,SLC39A3,AES,S1PR4,C19orf77,MATK,TMIGD2,SH3GL1,NDUFA11,CLPP,ALKBH7,STXBP2,PRAM1,EIF3G,ICAM4,ICAM3,S1PR5,ILF3-AS1,ILF3,ACP5,C19orf43,JUNB,PRDX2,CALR,LYL1,C19orf53,DDX39A,DNAJB1,NDUFB7,TPM4,BST2,IFI30,LSM4,LRRC25,COPE,UQCRFS1,U2AF1L4,HCST,TYROBP,POLR2I,SPINT2,PPP1R14A,SERTAD3,CD79A,RABAC1,PAFAH1B3,ZNF428,CALM3,AP2S1,FTL,SNRNP70,CD37,FLT3LG,NOSIP,FUZ,SPIB,JOSD2,CD33,NKG7,FPR1,ZNF600,ZNF524,CTD-3138B18.5,ATP6V1E1,BID,MRPL40,UFD1L,COMT,DGCR6L,SDF2L1,IGLL5,IGLL1,CHCHD10,SMARCB1,MIF,ASCC2,PIK3IP1,HMOX1,EIF3D,IL2RB,LGALS2,EIF3L,ADSL,RBX1,TTC38,TYMP,CCT8,SOD1,PAXBP1,ATP5O,MRPS6,TTC3,U2AF1,CSTB,SUMO3,ITGB2,S100B,PRMT2,MT-ND3
Dendritische Zelle,1.55,0.0,1.55,0.0,0.0,0.0,1.55,0.0,0.0,0.0,1.55,0.0,2.496,2.763,1.55,0.0,0.0,2.973,1.55,0.0,0.0,0.0,0.0,1.55,0.0,1.55,0.0,1.55,2.131,1.55,0.0,0.0,0.0,0.0,1.55,0.0,0.0,0.0,1.55,0.0,2.131,2.496,0.0,0.0,2.496,0.0,0.0,1.55,0.0,3.424,0.0,2.131,2.131,0.0,3.147,4.458,0.0,0.0,1.55,0.0,0.0,0.0,0.0,0.0,1.55,0.0,1.55,0.0,4.037,0.0,2.973,0.0,0.0,0.0,1.55,0.0,0.0,1.55,0.0,0.0,2.763,0.0,0.0,0.0,0.0,0.0,1.55,0.0,0.0,0.0,0.0,1.55,0.0,2.131,0.0,1.55,0.0,1.55,0.0,0.0,0.0,0.0,0.0,0.0,0.0,0.0,0.0,0.0,0.0,0.0,0.0,0.0,2.131,0.0,0.0,0.0,2.131,0.0,0.0,1.55,0.0,0.0,0.0,0.0,0.0,0.0,0.0,0.0,0.0,0.0,0.0,0.0,0.0,0.0,0.0,0.0,0.0,2.131,0.0,2.131,1.55,0.0,0.0,2.131,1.55,0.0,0.0,0.0,0.0,2.131,0.0,0.0,2.131,0.0,1.55,0.0,0.0,0.0,0.0,0.0,0.0,0.0,0.0,0.0,0.0,0.0,1.55,0.0,0.0,0.0,0.0,0.0,0.0,0.0,0.0,0.0,0.0,0.0,0.0,0.0,1.55,1.55,0.0,0.0,0.0,1.55,2.131,0.0,2.131,0.0,1.55,0.0,0.0,0.0,0.0,2.131,0.0,0.0,0.0,0.0,0.0,1.55,1.55,0.0,1.55,0.0,0.0,0.0,0.0,4.27,0.0,0.0,0.0,0.0,0.0,0.0,0.0,0.0,0.0,0.0,1.55,0.0,1.55,0.0,0.0,0.0,2.131,0.0,2.131,0.0,1.55,4.5,3.818,0.0,3.147,0.0,3.64,3.64,4.037,2.496,1.55,2.496,1.55,1.55,3.733,3.295,0.0,0.0,0.0,0.0,0.0,0.0,0.0,1.55,0.0,0.0,0.0,1.55,0.0,1.55,1.55,0.0,1.55,0.0,0.0,1.55,2.973,0.0,1.55,1.55,0.0,0.0,2.496,0.0,1.55,0.0,2.131,0.0,0.0,0.0,1.55,0.0,0.0,0.0,0.0,0.0,0.0,0.0,0.0,0.0,0.0,0.0,0.0,0.0,0.0,0.0,0.0,2.496,2.131,1.55,0.0,0.0,0.0,0.0,0.0,0.0,0.0,0.0,0.0,2.496,1.55,0.0,2.496,2.131,0.0,0.0,2.763,2.763,0.0,0.0,0.0,0.0,2.131,0.0,0.0,0.0,0.0,0.0,0.0,0.0,1.55,0.0,0.0,0.0,0.0,0.0,0.0,0.0,0.0,0.0,0.0,0.0,0.0,1.55,0.0,2.131,0.0,0.0,2.131,0.0,0.0,0.0,0.0,0.0,1.55,0.0,0.0,0.0,2.131,2.496,0.0,0.0,0.0,0.0,0.0,0.0,1.55,0.0,2.496,0.0,0.0,0.0,0.0,0.0,2.496,0.0,1.55,0.0,0.0,3.147,0.0,0.0,0.0,0.0,0.0,0.0,0.0,0.0,1.55,1.55,0.0,2.496,2.496,0.0,2.496,0.0,0.0,0.0,1.55,0.0,0.0,0.0,0.0,0.0,0.0,1.55,0.0,0.0,2.131,0.0,0.0,2.763,0.0,1.55,1.55,0.0,0.0,0.0,2.496,0.0,0.0,2.763,1.55,0.0,0.0,0.0,0.0,0.0,0.0,1.55,1.55,1.55,1.55,0.0,0.0,0.0,0.0,0.0,0.0,0.0,0.0,0.0,2.763,0.0,0.0,1.55,0.0,0.0,0.0,0.0,2.131,0.0,0.0,0.0,0.0,0.0,0.0,0.0,0.0,0.0,0.0,0.0,0.0,1.55,0.0,0.0,0.0,0.0,0.0,0.0,0.0,0.0,0.0,0.0,1.55,0.0,0.0,2.763,0.0,0.0,0.0,0.0,0.0,1.55,0.0,0.0,0.0,1.55,0.0,2.973,1.55,1.55,0.0,0.0,1.55,0.0,0.0,0.0,1.55,0.0,0.0,0.0,0.0,0.0,0.0,1.55,1.55,0.0,0.0,0.0,0.0,0.0,0.0,0.0,0.0,1.55,2.496,0.0,1.55,0.0,0.0,1.55,1.55,0.0,1.55,0.0,1.55,0.0,1.55,0.0,0.0,2.496,0.0,2.496,1.55,0.0,2.131,0.0,0.0,0.0,0.0,0.0,1.55,2.496,2.131,1.55,0.0,0.0,0.0,0.0,1.55,0.0,0.0,2.496,0.0,0.0,1.55,0.0,2.496,1.55,0.0,0.0,1.55,0.0,0.0,0.0,0.0,0.0,1.55,0.0,2.496,0.0,1.55,0.0,0.0,0.0,1.55,0.0,0.0,1.55,0.0,0.0,0.0,0.0,0.0,0.0,0.0,0.0,0.0,0.0,1.55,1.55,0.0,0.0,2.496,1.55,0.0,0.0,0.0,0.0,0.0,0.0,0.0,0.0,0.0,1.55,0.0,0.0,0.0,0.0,0.0,0.0,0.0,2.131,2.496,0.0,0.0,1.55,1.55,2.496,2.131,2.763,1.55,0.0,0.0,0.0,1.55,1.55,0.0,0.0,0.0,0.0,0.0,1.55,0.0,0.0,0.0,0.0,0.0,0.0,0.0,3.424,0.0,0.0,0.0,0.0,0.0,0.0,0.0,0.0,0.0,0.0,0.0,1.55,0.0,1.55,1.55,0.0,0.0,2.131,1.55,0.0,2.131,0.0,0.0,0.0,0.0,0.0,0.0,0.0,0.0,0.0,0.0,0.0,1.55,0.0,0.0,2.763,1.55,1.55,0.0,1.55,0.0,0.0,0.0,0.0,2.496,3.424,0.0,1.55,1.55,0.0,1.55,0.0,0.0,0.0,0.0,1.55,0.0,2.763,1.55,0.0,0.0,2.496,3.818,0.0,1.55,0.0,0.0,1.55,0.0,0.0,0.0,2.496,1.55,4.982,0.0,2.496,0.0,0.0,0.0,0.0,0.0,2.131,0.0,0.0,0.0,0.0,0.0,0.0,2.763,1.55,0.0,1.55,0.0,1.55,0.0,0.0,0.0,0.0,1.55,0.0,0.0,0.0,2.131,0.0,0.0,2.131,0.0,0.0,0.0,2.496,0.0,1.55,0.0,0.0,0.0,0.0,0.0,2.973,0.0,2.496,0.0,2.131,0.0
NK-Zelle,0.0,0.0,1.374,0.0,0.0,0.0,0.0,1.374,0.0,1.932,0.0,1.374,0.0,0.0,0.0,0.0,0.0,2.288,1.932,0.0,0.0,1.374,0.0,0.0,0.0,1.374,0.0,0.0,1.374,0.0,0.0,0.0,0.0,1.374,1.932,1.932,0.0,1.374,1.374,1.374,2.288,2.55,1.932,0.0,3.075,1.374,0.0,1.374,0.0,1.374,0.0,1.374,0.0,0.0,0.0,2.929,0.0,1.932,1.374,1.374,0.0,0.0,0.0,0.0,0.0,0.0,1.374,0.0,1.932,0.0,0.0,0.0,2.929,0.0,0.0,1.374,0.0,1.374,0.0,0.0,1.374,1.374,0.0,0.0,1.932,1.374,1.374,0.0,0.0,0.0,0.0,0.0,0.0,0.0,1.932,1.374,1.932,1.374,1.374,0.0,0.0,1.374,4.188,0.0,0.0,1.374,0.0,0.0,0.0,0.0,0.0,1.932,1.932,0.0,0.0,1.374,0.0,0.0,0.0,0.0,1.374,0.0,0.0,0.0,0.0,0.0,0.0,0.0,0.0,0.0,0.0,1.374,0.0,0.0,0.0,0.0,0.0,1.374,0.0,0.0,0.0,0.0,0.0,0.0,1.932,0.0,0.0,0.0,0.0,0.0,0.0,0.0,0.0,1.374,1.374,0.0,0.0,0.0,0.0,0.0,0.0,1.374,0.0,0.0,0.0,2.929,0.0,0.0,0.0,0.0,0.0,0.0,0.0,0.0,0.0,0.0,0.0,2.288,0.0,1.374,1.932,2.757,0.0,0.0,0.0,0.0,1.374,1.374,0.0,0.0,0.0,1.374,0.0,1.932,1.374,1.932,0.0,0.0,0.0,1.374,0.0,0.0,1.932,0.0,0.0,0.0,0.0,0.0,1.374,1.374,0.0,2.929,0.0,1.374,0.0,0.0,0.0,1.374,1.374,0.0,1.932,0.0,0.0,0.0,0.0,0.0,0.0,0.0,0.0,1.374,1.932,0.0,0.0,0.0,2.288,1.932,0.0,1.374,1.374,0.0,0.0,0.0,0.0,0.0,0.0,0.0,0.0,0.0,1.374,1.374,0.0,0.0,0.0,0.0,0.0,0.0,0.0,0.0,0.0,1.932,0.0,0.0,0.0,1.932,0.0,0.0,0.0,0.0,0.0,1.374,0.0,1.374,0.0,0.0,0.0,0.0,1.374,0.0,1.932,0.0,1.932,1.374,0.0,0.0,0.0,1.374,1.374,1.374,0.0,0.0,0.0,0.0,0.0,0.0,0.0,1.374,0.0,1.932,0.0,2.288,0.0,0.0,1.374,0.0,0.0,0.0,0.0,0.0,0.0,2.288,1.374,1.374,0.0,0.0,1.374,1.374,0.0,0.0,0.0,0.0,0.0,0.0,0.0,0.0,2.288,0.0,0.0,1.374,0.0,0.0,1.374,0.0,1.932,0.0,0.0,1.374,0.0,0.0,0.0,0.0,0.0,1.374,0.0,0.0,0.0,1.932,0.0,0.0,0.0,2.288,0.0,0.0,0.0,0.0,0.0,0.0,0.0,1.932,1.374,0.0,0.0,0.0,0.0,1.374,1.374,1.374,0.0,0.0,0.0,0.0,0.0,1.374,0.0,3.673,0.0,0.0,0.0,0.0,1.374,2.757,0.0,1.374,0.0,1.374,0.0,0.0,0.0,0.0,3.075,0.0,1.932,0.0,1.374,1.374,2.55,0.0,0.0,1.374,0.0,0.0,0.0,0.0,0.0,0.0,0.0,0.0,0.0,2.288,2.55,2.288,0.0,0.0,0.0,0.0,1.374,0.0,0.0,0.0,1.374,0.0,1.374,0.0,1.374,0.0,0.0,0.0,0.0,0.0,1.374,0.0,0.0,0.0,0.0,1.374,0.0,2.929,1.374,0.0,1.374,0.0,2.757,0.0,3.203,1.374,1.374,0.0,1.374,1.932,1.374,0.0,1.374,0.0,1.374,0.0,0.0,0.0,1.932,1.374,0.0,1.374,0.0,1.374,0.0,0.0,0.0,0.0,0.0,1.932,1.932,0.0,0.0,0.0,0.0,0.0,2.288,0.0,1.374,1.932,0.0,3.203,0.0,2.288,0.0,1.374,0.0,0.0,0.0,0.0,0.0,0.0,0.0,1.932,1.374,0.0,1.374,0.0,1.374,0.0,1.932,0.0,0.0,0.0,0.0,0.0,0.0,0.0,0.0,1.932,0.0,0.0,0.0,0.0,0.0,0.0,1.374,0.0,1.932,0.0,0.0,1.932,2.288,0.0,2.288,0.0,2.929,1.374,0.0,0.0,1.932,1.932,1.932,1.374,0.0,3.075,1.374,1.374,0.0,0.0,0.0,0.0,0.0,1.374,1.374,0.0,1.932,0.0,0.0,1.932,0.0,1.932,1.932,1.932,0.0,0.0,1.374,0.0,0.0,1.374,0.0,0.0,0.0,0.0,2.55,0.0,0.0,0.0,0.0,0.0,1.374,0.0,1.374,0.0,2.55,3.595,0.0,1.374,1.932,0.0,0.0,0.0,1.932,0.0,1.932,0.0,1.374,2.288,0.0,0.0,0.0,0.0,0.0,0.0,0.0,0.0,3.075,1.374,1.374,1.374,0.0,1.374,0.0,0.0,1.374,3.418,2.288,0.0,0.0,1.932,0.0,0.0,0.0,0.0,1.374,0.0,1.932,2.55,0.0,0.0,1.374,0.0,0.0,0.0,2.288,0.0,0.0,0.0,0.0,0.0,1.374,3.316,0.0,0.0,0.0,0.0,0.0,0.0,0.0,0.0,0.0,0.0,1.374,0.0,2.288,0.0,0.0,0.0,1.374,0.0,0.0,0.0,0.0,1.932,1.374,0.0,0.0,2.288,1.374,2.757,0.0,0.0,0.0,0.0,1.374,0.0,1.374,1.374,0.0,0.0,1.374,1.374,0.0,1.374,1.374,1.374,2.288,0.0,1.374,0.0,0.0,0.0,0.0,0.0,1.374,1.374,0.0,0.0,2.55,1.932,0.0,0.0,0.0,1.932,0.0,1.374,1.374,0.0,0.0,0.0,0.0,0.0,0.0,0.0,0.0,1.932,2.288,0.0,0.0,0.0,0.0,0.0,0.0,1.374,0.0,1.374,1.374,3.51,0.0,0.0,0.0,0.0,0.0,0.0,1.374,0.0,4.353,0.0,0.0,0.0,0.0,0.0,0.0,0.0,0.0,0.0,0.0,0.0,0.0,0.0,0.0,0.0,0.0,0.0,0.0,0.0,1.374,1.932,0.0,1.932,1.374,0.0,0.0,0.0,1.932,1.932,0.0,0.0,1.932,0.0,0.0,1.374,0.0,2.288,0.0,1.374,0.0
Dendritische Zelle,0.0,0.0,0.0,1.489,0.0,2.062,0.0,1.489,1.489,0.0,0.0,1.489,0.0,0.0,0.0,0.0,0.0,2.424,0.0,0.0,0.0,0.0,2.062,2.062,0.0,0.0,0.0,0.0,0.0,0.0,0.0,0.0,0.0,0.0,0.0,0.0,0.0,0.0,2.062,0.0,1.489,2.69,0.0,0.0,1.489,0.0,0.0,0.0,2.424,2.062,0.0,0.0,0.0,0.0,2.69,3.22,0.0,2.062,0.0,0.0,0.0,0.0,1.489,0.0,0.0,0.0,0.0,0.0,3.742,0.0,3.348,0.0,1.489,0.0,2.062,0.0,0.0,2.062,0.0,0.0,1.489,0.0,0.0,0.0,0.0,0.0,0.0,0.0,0.0,0.0,0.0,0.0,1.489,0.0,2.062,1.489,0.0,0.0,0.0,0.0,0.0,0.0,0.0,0.0,0.0,0.0,0.0,0.0,0.0,0.0,0.0,0.0,2.062,0.0,0.0,0.0,0.0,0.0,1.489,0.0,0.0,1.489,0.0,0.0,0.0,0.0,0.0,0.0,0.0,0.0,0.0,0.0,0.0,1.489,0.0,0.0,0.0,0.0,0.0,2.424,0.0,1.489,0.0,1.489,1.489,0.0,1.489,0.0,0.0,1.489,0.0,0.0,0.0,0.0,1.489,0.0,0.0,0.0,1.489,0.0,0.0,1.489,0.0,0.0,0.0,0.0,0.0,0.0,0.0,0.0,0.0,0.0,1.489,1.489,0.0,0.0,0.0,0.0,0.0,0.0,1.489,0.0,1.489,0.0,1.489,1.489,2.062,0.0,0.0,0.0,0.0,0.0,0.0,0.0,0.0,1.489,1.489,0.0,0.0,0.0,0.0,0.0,1.489,0.0,0.0,0.0,0.0,0.0,0.0,4.193,0.0,2.424,2.69,2.062,0.0,0.0,0.0,0.0,0.0,1.489,0.0,1.489,1.489,0.0,0.0,0.0,0.0,0.0,0.0,0.0,3.462,4.024,4.024,1.489,0.0,0.0,3.462,2.424,2.424,2.062,0.0,2.062,1.489,0.0,2.899,2.062,0.0,0.0,0.0,1.489,0.0,0.0,0.0,0.0,0.0,0.0,0.0,0.0,0.0,0.0,0.0,0.0,0.0,0.0,0.0,2.062,0.0,1.489,2.062,0.0,0.0,0.0,0.0,1.489,0.0,0.0,0.0,1.489,0.0,0.0,0.0,2.062,0.0,0.0,0.0,1.489,0.0,0.0,0.0,0.0,0.0,0.0,0.0,1.489,0.0,1.489,0.0,1.489,1.489,0.0,0.0,0.0,0.0,0.0,0.0,0.0,0.0,0.0,0.0,2.69,0.0,2.062,2.062,0.0,0.0,1.489,2.69,0.0,0.0,0.0,0.0,1.489,1.489,0.0,0.0,0.0,1.489,0.0,0.0,1.489,0.0,0.0,0.0,0.0,0.0,0.0,0.0,0.0,1.489,0.0,0.0,0.0,0.0,0.0,0.0,0.0,1.489,0.0,0.0,2.69,1.489,1.489,0.0,0.0,0.0,0.0,0.0,1.489,0.0,1.489,0.0,1.489,0.0,1.489,0.0,0.0,1.489,0.0,2.424,0.0,1.489,0.0,0.0,0.0,2.424,0.0,0.0,0.0,0.0,1.489,0.0,0.0,1.489,1.489,0.0,0.0,1.489,0.0,2.062,0.0,0.0,1.489,2.424,1.489,3.462,0.0,0.0,0.0,0.0,0.0,0.0,0.0,2.062,0.0,0.0,1.489,0.0,0.0,3.657,0.0,0.0,2.062,0.0,2.424,2.062,0.0,1.489,1.489,2.062,1.489,0.0,2.424,0.0,0.0,0.0,0.0,0.0,0.0,2.424,0.0,0.0,0.0,0.0,1.489,0.0,0.0,0.0,1.489,1.489,0.0,0.0,2.69,3.22,0.0,0.0,2.062,0.0,1.489,0.0,0.0,2.424,0.0,1.489,0.0,0.0,2.062,0.0,1.489,0.0,0.0,0.0,1.489,0.0,1.489,0.0,0.0,0.0,0.0,0.0,0.0,0.0,0.0,2.062,0.0,1.489,0.0,0.0,0.0,0.0,0.0,0.0,0.0,1.489,0.0,1.489,0.0,0.0,3.348,0.0,1.489,0.0,3.22,0.0,0.0,0.0,0.0,2.424,1.489,2.69,0.0,0.0,0.0,0.0,0.0,0.0,2.062,1.489,0.0,0.0,0.0,0.0,0.0,0.0,1.489,0.0,0.0,0.0,0.0,2.062,0.0,0.0,2.062,0.0,0.0,0.0,0.0,1.489,0.0,1.489,0.0,0.0,2.062,0.0,2.424,0.0,0.0,1.489,0.0,0.0,0.0,0.0,0.0,0.0,2.062,0.0,0.0,0.0,1.489,0.0,0.0,0.0,0.0,0.0,0.0,1.489,0.0,0.0,0.0,2.062,2.062,1.489,0.0,0.0,0.0,0.0,1.489,0.0,0.0,0.0,0.0,0.0,1.489,1.489,0.0,0.0,0.0,0.0,0.0,0.0,0.0,1.489,0.0,0.0,1.489,0.0,0.0,0.0,0.0,1.489,0.0,1.489,0.0,0.0,0.0,0.0,0.0,1.489,0.0,0.0,0.0,0.0,0.0,0.0,0.0,0.0,0.0,0.0,0.0,1.489,0.0,1.489,0.0,0.0,0.0,1.489,0.0,0.0,1.489,0.0,0.0,2.062,1.489,0.0,0.0,0.0,0.0,0.0,2.424,0.0,0.0,0.0,0.0,0.0,0.0,0.0,2.062,0.0,0.0,0.0,0.0,0.0,3.072,0.0,0.0,0.0,1.489,0.0,0.0,0.0,0.0,0.0,1.489,0.0,2.424,2.062,2.69,1.489,0.0,0.0,2.69,0.0,0.0,0.0,0.0,0.0,0.0,0.0,0.0,0.0,0.0,0.0,0.0,0.0,0.0,0.0,0.0,0.0,0.0,0.0,2.062,0.0,1.489,0.0,0.0,0.0,0.0,2.424,3.348,0.0,0.0,1.489,0.0,0.0,0.0,0.0,0.0,2.062,1.489,0.0,1.489,2.062,0.0,0.0,1.489,3.462,0.0,1.489,0.0,0.0,0.0,1.489,0.0,0.0,1.489,2.69,5.316,2.062,2.424,0.0,2.062,0.0,0.0,0.0,1.489,0.0,1.489,0.0,0.0,0.0,0.0,2.899,0.0,0.0,0.0,1.489,0.0,0.0,0.0,0.0,0.0,1.489,0.0,0.0,0.0,0.0,0.0,0.0,1.489,0.0,2.69,0.0,1.489,0.0,0.0,0.0,0.0,1.489,0.0,0.0,0.0,1.489,2.062,0.0,0.0,0.0
Dendritische Zelle,0.0,0.0,0.0,1.831,0.0,1.831,0.0,0.0,0.0,0.0,0.0,0.0,0.0,0.0,0.0,0.0,0.0,0.0,1.286,1.286,0.0,0.0,0.0,1.286,2.181,0.0,0.0,1.831,1.831,0.0,0.0,2.181,0.0,0.0,0.0,0.0,0.0,0.0,1.286,0.0,1.831,2.181,0.0,0.0,1.286,0.0,0.0,1.286,1.286,1.286,0.0,1.831,1.286,0.0,3.202,3.819,0.0,1.286,0.0,0.0,0.0,0.0,1.286,0.0,0.0,3.303,2.817,0.0,1.831,1.286,0.0,0.0,0.0,0.0,0.0,0.0,0.0,1.831,0.0,0.0,0.0,0.0,0.0,0.0,1.286,0.0,0.0,0.0,1.286,0.0,0.0,0.0,0.0,0.0,2.441,0.0,0.0,1.286,2.181,0.0,0.0,1.286,0.0,0.0,0.0,0.0,0.0,0.0,0.0,0.0,0.0,1.831,1.286,0.0,0.0,0.0,0.0,0.0,0.0,0.0,1.286,0.0,0.0,0.0,0.0,0.0,0.0,0.0,1.286,1.831,0.0,0.0,0.0,1.831,0.0,0.0,1.286,1.286,1.286,3.479,0.0,0.0,0.0,0.0,1.286,0.0,0.0,0.0,0.0,1.286,0.0,0.0,1.831,0.0,0.0,0.0,0.0,0.0,1.831,0.0,0.0,1.286,0.0,0.0,1.831,0.0,0.0,0.0,0.0,1.286,0.0,0.0,0.0,0.0,0.0,0.0,0.0,1.286,0.0,0.0,0.0,0.0,0.0,0.0,1.286,0.0,1.286,0.0,1.286,0.0,0.0,0.0,0.0,0.0,0.0,0.0,1.286,0.0,0.0,1.831,0.0,0.0,1.286,0.0,1.831,0.0,0.0,2.181,1.286,5.217,0.0,1.831,0.0,0.0,0.0,0.0,0.0,2.646,0.0,1.286,1.286,0.0,1.286,0.0,1.286,0.0,0.0,0.0,1.286,0.0,0.0,3.089,3.089,0.0,2.646,0.0,5.08,4.273,4.8,4.157,3.202,3.819,2.817,3.089,4.501,4.842,0.0,0.0,1.286,0.0,0.0,0.0,0.0,0.0,0.0,0.0,1.831,0.0,0.0,1.831,0.0,0.0,0.0,0.0,0.0,0.0,0.0,0.0,2.441,0.0,0.0,0.0,2.181,1.831,2.441,0.0,0.0,0.0,0.0,0.0,2.181,1.286,0.0,0.0,0.0,0.0,0.0,1.286,0.0,0.0,0.0,0.0,0.0,1.286,1.286,2.646,0.0,1.831,1.286,0.0,0.0,0.0,0.0,0.0,0.0,0.0,0.0,1.831,0.0,1.831,0.0,1.286,0.0,0.0,0.0,0.0,2.181,2.181,0.0,0.0,1.286,0.0,0.0,0.0,1.286,0.0,0.0,0.0,0.0,0.0,1.831,0.0,2.646,0.0,0.0,0.0,0.0,0.0,0.0,0.0,0.0,1.286,0.0,0.0,0.0,1.286,0.0,0.0,0.0,2.441,0.0,1.286,0.0,0.0,1.286,1.286,0.0,1.831,1.286,0.0,0.0,1.831,1.286,1.831,0.0,1.831,0.0,0.0,2.817,0.0,1.831,0.0,0.0,0.0,0.0,0.0,0.0,0.0,0.0,2.817,0.0,0.0,0.0,0.0,0.0,0.0,0.0,0.0,1.831,0.0,0.0,1.286,1.286,0.0,3.303,0.0,0.0,0.0,0.0,1.286,0.0,0.0,1.286,0.0,0.0,0.0,0.0,0.0,1.831,0.0,2.181,2.181,0.0,0.0,1.831,0.0,0.0,0.0,2.441,0.0,0.0,2.181,0.0,1.286,1.286,0.0,0.0,0.0,0.0,0.0,0.0,0.0,0.0,1.286,0.0,0.0,2.441,0.0,0.0,0.0,0.0,0.0,3.202,0.0,0.0,0.0,2.646,0.0,0.0,1.286,1.286,1.286,0.0,0.0,1.286,0.0,0.0,0.0,0.0,0.0,0.0,0.0,0.0,0.0,0.0,0.0,0.0,0.0,0.0,0.0,0.0,0.0,1.831,0.0,1.286,0.0,0.0,1.286,1.286,2.181,0.0,1.831,0.0,0.0,0.0,0.0,1.286,4.686,1.286,1.286,1.286,0.0,0.0,1.286,0.0,0.0,1.831,0.0,1.286,1.286,0.0,0.0,0.0,0.0,0.0,1.286,0.0,0.0,0.0,0.0,0.0,0.0,0.0,1.286,0.0,2.181,1.831,2.646,0.0,0.0,0.0,1.286,0.0,0.0,2.441,1.286,1.831,0.0,0.0,2.181,1.286,2.646,0.0,1.286,0.0,1.286,0.0,0.0,0.0,0.0,0.0,0.0,0.0,0.0,1.286,0.0,0.0,0.0,0.0,0.0,0.0,1.286,0.0,1.286,0.0,0.0,1.286,1.286,0.0,0.0,0.0,0.0,0.0,0.0,0.0,0.0,0.0,0.0,1.286,1.286,0.0,1.286,2.181,0.0,0.0,1.286,1.286,0.0,0.0,1.286,0.0,0.0,0.0,1.286,0.0,1.286,0.0,0.0,1.286,1.286,1.286,0.0,0.0,1.286,2.646,1.286,2.646,1.286,0.0,0.0,0.0,0.0,0.0,0.0,0.0,0.0,0.0,1.286,0.0,0.0,0.0,0.0,0.0,1.286,0.0,1.286,1.286,0.0,0.0,0.0,1.286,0.0,1.286,0.0,0.0,0.0,0.0,1.286,1.286,0.0,0.0,0.0,0.0,0.0,0.0,0.0,0.0,0.0,0.0,0.0,1.286,4.842,0.0,0.0,1.831,0.0,0.0,1.286,1.831,0.0,1.286,1.286,0.0,2.181,0.0,1.831,0.0,0.0,0.0,1.286,0.0,0.0,2.441,1.286,0.0,1.831,0.0,0.0,1.286,0.0,0.0,0.0,0.0,0.0,1.286,0.0,1.286,0.0,0.0,1.831,0.0,1.831,0.0,0.0,0.0,0.0,1.831,2.962,0.0,2.441,1.286,1.831,1.831,0.0,1.286,1.286,2.181,0.0,1.286,0.0,1.286,1.831,0.0,1.286,2.962,0.0,1.286,0.0,0.0,0.0,1.286,0.0,0.0,0.0,1.831,4.584,1.286,0.0,0.0,0.0,0.0,0.0,0.0,1.286,1.286,1.286,0.0,1.831,0.0,0.0,1.831,0.0,0.0,0.0,0.0,2.181,0.0,0.0,1.831,1.286,0.0,0.0,0.0,0.0,0.0,0.0,2.962,1.286,0.0,0.0,0.0,3.303,0.0,0.0,0.0,1.286,1.286,0.0,1.286,2.962,0.0,2.817,0.0,1.286,0.0
B-Zelle,0.0,0.0,0.0,0.0,0.0,0.0,0.0,0.0,0.0,0.0,0.0,0.0,0.0,0.0,1.526,0.0,0.0,3.395,0.0,1.526,0.0,0.0,1.526,0.0,0.0,0.0,0.0,1.526,1.526,1.526,0.0,1.526,0.0,0.0,0.0,2.104,0.0,1.526,0.0,0.0,1.526,1.526,0.0,0.0,0.0,0.0,0.0,1.526,0.0,1.526,0.0,2.468,0.0,0.0,2.945,3.395,0.0,2.468,0.0,0.0,0.0,0.0,1.526,0.0,0.0,0.0,2.735,0.0,0.0,1.526,0.0,0.0,1.526,0.0,1.526,0.0,0.0,0.0,0.0,0.0,0.0,0.0,0.0,0.0,1.526,2.104,0.0,0.0,0.0,0.0,0.0,0.0,0.0,0.0,0.0,1.526,0.0,0.0,0.0,0.0,0.0,0.0,1.526,0.0,0.0,0.0,0.0,0.0,0.0,0.0,0.0,3.118,2.468,2.468,1.526,1.526,0.0,0.0,0.0,0.0,0.0,0.0,2.104,2.735,0.0,1.526,1.526,0.0,0.0,0.0,0.0,0.0,0.0,0.0,0.0,0.0,0.0,1.526,0.0,1.526,0.0,1.526,1.526,0.0,1.526,0.0,0.0,1.526,1.526,0.0,0.0,0.0,0.0,0.0,1.526,0.0,1.526,0.0,0.0,0.0,0.0,2.104,0.0,0.0,2.104,0.0,0.0,0.0,0.0,0.0,0.0,0.0,0.0,0.0,0.0,0.0,0.0,0.0,0.0,0.0,0.0,0.0,1.526,1.526,0.0,0.0,1.526,2.104,1.526,0.0,2.735,0.0,0.0,0.0,1.526,1.526,1.526,0.0,0.0,1.526,1.526,1.526,0.0,0.0,1.526,0.0,0.0,0.0,0.0,4.692,1.526,2.468,1.526,1.526,0.0,0.0,0.0,0.0,0.0,0.0,1.526,0.0,0.0,0.0,0.0,0.0,1.526,0.0,0.0,0.0,3.118,1.526,0.0,0.0,2.104,2.104,3.266,2.735,3.395,0.0,3.266,1.526,2.104,1.526,3.266,3.266,0.0,0.0,0.0,2.468,0.0,1.526,0.0,0.0,1.526,0.0,1.526,0.0,0.0,0.0,1.526,0.0,0.0,0.0,0.0,0.0,0.0,0.0,2.735,0.0,0.0,0.0,0.0,2.735,0.0,0.0,1.526,0.0,0.0,0.0,2.468,0.0,0.0,1.526,0.0,0.0,2.468,0.0,0.0,0.0,0.0,0.0,0.0,0.0,0.0,1.526,0.0,1.526,0.0,0.0,0.0,0.0,1.526,0.0,0.0,0.0,0.0,0.0,2.104,2.104,0.0,0.0,0.0,0.0,0.0,0.0,0.0,0.0,0.0,0.0,1.526,1.526,0.0,0.0,0.0,1.526,1.526,0.0,0.0,1.526,0.0,0.0,2.104,0.0,0.0,0.0,0.0,0.0,0.0,0.0,0.0,0.0,0.0,0.0,0.0,0.0,0.0,0.0,0.0,2.104,0.0,2.104,0.0,0.0,0.0,0.0,0.0,0.0,0.0,2.468,0.0,2.104,1.526,0.0,0.0,1.526,1.526,0.0,0.0,0.0,0.0,1.526,1.526,0.0,2.104,0.0,0.0,0.0,0.0,2.104,0.0,0.0,0.0,0.0,1.526,0.0,0.0,0.0,0.0,0.0,0.0,0.0,0.0,1.526,3.266,0.0,0.0,0.0,1.526,0.0,0.0,0.0,2.104,0.0,0.0,0.0,0.0,0.0,1.526,0.0,0.0,1.526,0.0,2.104,0.0,0.0,0.0,0.0,2.104,0.0,0.0,0.0,0.0,0.0,0.0,0.0,0.0,0.0,0.0,0.0,0.0,0.0,0.0,0.0,0.0,0.0,0.0,0.0,1.526,0.0,2.945,0.0,2.945,0.0,0.0,0.0,1.526,0.0,1.526,0.0,1.526,2.104,1.526,0.0,0.0,0.0,2.468,0.0,0.0,0.0,0.0,0.0,0.0,1.526,0.0,0.0,0.0,0.0,0.0,0.0,0.0,0.0,0.0,0.0,3.118,0.0,0.0,0.0,0.0,2.735,0.0,0.0,1.526,0.0,0.0,0.0,0.0,0.0,0.0,0.0,2.104,3.118,1.526,2.104,0.0,0.0,2.468,1.526,2.104,0.0,0.0,0.0,0.0,0.0,0.0,0.0,0.0,0.0,0.0,0.0,0.0,0.0,0.0,0.0,0.0,0.0,1.526,1.526,1.526,0.0,0.0,1.526,0.0,0.0,2.735,0.0,0.0,0.0,0.0,2.104,0.0,1.526,0.0,2.104,1.526,0.0,1.526,2.468,0.0,0.0,0.0,1.526,0.0,2.468,0.0,0.0,0.0,0.0,0.0,1.526,0.0,1.526,0.0,0.0,0.0,1.526,1.526,0.0,0.0,0.0,1.526,0.0,0.0,1.526,0.0,0.0,0.0,0.0,0.0,0.0,0.0,2.104,0.0,4.008,0.0,0.0,1.526,0.0,0.0,0.0,2.104,0.0,1.526,0.0,0.0,1.526,1.526,0.0,0.0,0.0,0.0,2.104,0.0,0.0,1.526,0.0,1.526,0.0,0.0,0.0,0.0,0.0,0.0,0.0,0.0,0.0,0.0,0.0,0.0,0.0,1.526,0.0,1.526,0.0,0.0,0.0,0.0,0.0,0.0,2.945,2.945,0.0,0.0,0.0,0.0,0.0,0.0,0.0,2.104,0.0,0.0,0.0,1.526,0.0,0.0,0.0,1.526,2.104,0.0,1.526,0.0,0.0,0.0,0.0,2.104,0.0,1.526,0.0,1.526,0.0,0.0,2.468,0.0,1.526,0.0,2.468,0.0,0.0,0.0,0.0,0.0,1.526,2.468,0.0,0.0,1.526,1.526,0.0,2.735,1.526,0.0,0.0,0.0,0.0,0.0,0.0,1.526,1.526,0.0,2.104,0.0,0.0,0.0,0.0,1.526,0.0,2.468,2.945,0.0,0.0,0.0,0.0,1.526,1.526,2.104,0.0,0.0,0.0,0.0,0.0,0.0,0.0,0.0,0.0,0.0,0.0,1.526,0.0,0.0,2.735,0.0,0.0,0.0,0.0,2.735,4.187,0.0,2.735,0.0,2.104,0.0,1.526,0.0,0.0,0.0,0.0,0.0,2.104,0.0,0.0,0.0,0.0,0.0,0.0,0.0,1.526,0.0,0.0,1.526,2.104,0.0,0.0,1.526,0.0,0.0,1.526,0.0,2.104,1.526,1.526,0.0,0.0,0.0,2.104,0.0,1.526,1.526,0.0,1.526,0.0,0.0,0.0,0.0,2.104,0.0
Monozyt,1.535,0.0,0.0,2.479,0.0,0.0,0.0,1.535,0.0,0.0,0.0,0.0,2.745,2.115,0.0,0.0,0.0,2.115,2.115,0.0,0.0,1.535,0.0,1.535,0.0,0.0,0.0,0.0,2.115,1.535,0.0,1.535,0.0,0.0,0.0,1.535,0.0,0.0,1.535,0.0,2.745,2.745,0.0,0.0,0.0,0.0,0.0,0.0,0.0,3.129,0.0,1.535,0.0,0.0,3.406,3.52,0.0,2.115,0.0,1.535,0.0,0.0,0.0,0.0,0.0,0.0,1.535,0.0,4.082,0.0,3.52,0.0,0.0,0.0,0.0,0.0,0.0,0.0,0.0,0.0,1.535,0.0,0.0,2.479,0.0,0.0,0.0,0.0,0.0,0.0,0.0,2.479,0.0,0.0,0.0,0.0,0.0,0.0,0.0,0.0,0.0,2.115,0.0,0.0,0.0,0.0,0.0,0.0,2.115,0.0,0.0,0.0,1.535,0.0,0.0,0.0,0.0,0.0,0.0,0.0,0.0,1.535,0.0,0.0,0.0,0.0,0.0,0.0,1.535,0.0,0.0,0.0,0.0,0.0,0.0,1.535,2.115,0.0,0.0,2.115,2.115,0.0,0.0,0.0,2.115,0.0,0.0,0.0,0.0,0.0,1.535,0.0,0.0,0.0,0.0,1.535,0.0,1.535,0.0,0.0,1.535,2.115,0.0,0.0,0.0,0.0,0.0,0.0,1.535,0.0,1.535,0.0,0.0,0.0,0.0,0.0,0.0,0.0,0.0,1.535,1.535,1.535,1.535,0.0,0.0,0.0,1.535,1.535,0.0,1.535,2.479,0.0,0.0,0.0,0.0,0.0,1.535,0.0,1.535,2.479,0.0,0.0,2.479,0.0,1.535,0.0,0.0,0.0,0.0,4.396,0.0,0.0,2.115,0.0,1.535,0.0,0.0,0.0,0.0,0.0,0.0,0.0,1.535,0.0,2.745,0.0,0.0,0.0,0.0,0.0,1.535,4.082,3.951,0.0,3.129,1.535,2.956,2.745,3.277,2.745,0.0,2.479,0.0,0.0,2.745,3.277,0.0,1.535,0.0,1.535,0.0,0.0,2.115,2.115,1.535,0.0,0.0,0.0,0.0,0.0,0.0,0.0,0.0,0.0,2.479,0.0,0.0,0.0,2.479,0.0,0.0,0.0,2.956,1.535,1.535,0.0,0.0,0.0,1.535,0.0,0.0,0.0,0.0,0.0,0.0,0.0,2.115,0.0,0.0,0.0,0.0,0.0,0.0,0.0,0.0,2.479,0.0,1.535,2.479,0.0,0.0,0.0,0.0,0.0,0.0,0.0,0.0,3.406,0.0,1.535,1.535,2.115,2.479,0.0,0.0,0.0,2.956,1.535,0.0,0.0,0.0,0.0,0.0,2.115,1.535,0.0,0.0,0.0,0.0,0.0,0.0,0.0,2.115,0.0,0.0,0.0,0.0,0.0,1.535,0.0,0.0,0.0,0.0,0.0,0.0,1.535,0.0,0.0,0.0,2.745,0.0,0.0,0.0,0.0,0.0,1.535,0.0,0.0,0.0,0.0,0.0,0.0,0.0,0.0,2.745,0.0,0.0,0.0,2.115,0.0,1.535,1.535,1.535,0.0,0.0,0.0,0.0,0.0,0.0,3.129,0.0,0.0,0.0,0.0,0.0,0.0,0.0,0.0,1.535,0.0,0.0,1.535,3.277,1.535,3.129,0.0,1.535,0.0,0.0,0.0,0.0,0.0,2.115,0.0,0.0,0.0,0.0,0.0,2.479,0.0,1.535,2.479,0.0,0.0,1.535,1.535,0.0,0.0,1.535,0.0,0.0,2.115,1.535,0.0,0.0,0.0,0.0,0.0,0.0,0.0,0.0,0.0,0.0,1.535,1.535,0.0,0.0,0.0,0.0,0.0,0.0,1.535,2.956,0.0,1.535,0.0,0.0,1.535,0.0,0.0,2.115,0.0,0.0,0.0,0.0,1.535,0.0,0.0,0.0,0.0,1.535,0.0,0.0,0.0,0.0,0.0,0.0,0.0,0.0,0.0,0.0,0.0,0.0,1.535,0.0,0.0,0.0,1.535,0.0,1.535,0.0,0.0,0.0,0.0,0.0,0.0,2.115,3.129,0.0,2.745,1.535,3.52,1.535,0.0,0.0,0.0,2.115,2.745,2.479,0.0,0.0,0.0,0.0,0.0,0.0,2.479,1.535,0.0,0.0,0.0,0.0,0.0,0.0,1.535,0.0,1.535,2.745,1.535,0.0,0.0,0.0,0.0,1.535,0.0,2.115,1.535,2.479,0.0,1.535,1.535,0.0,2.956,0.0,0.0,0.0,0.0,1.535,1.535,0.0,0.0,0.0,0.0,0.0,2.479,0.0,0.0,0.0,1.535,0.0,0.0,0.0,2.115,0.0,2.745,1.535,1.535,0.0,0.0,0.0,0.0,0.0,0.0,1.535,0.0,0.0,0.0,0.0,0.0,0.0,1.535,1.535,0.0,2.479,0.0,0.0,0.0,0.0,0.0,0.0,2.745,0.0,0.0,0.0,1.535,0.0,0.0,0.0,1.535,0.0,0.0,0.0,0.0,0.0,0.0,2.115,2.115,1.535,1.535,0.0,1.535,0.0,2.115,1.535,0.0,0.0,0.0,0.0,0.0,0.0,0.0,0.0,0.0,0.0,0.0,2.115,0.0,1.535,0.0,1.535,0.0,2.745,0.0,2.479,0.0,0.0,0.0,1.535,2.115,0.0,0.0,0.0,0.0,0.0,0.0,0.0,0.0,0.0,2.745,0.0,0.0,0.0,3.715,0.0,0.0,0.0,1.535,0.0,0.0,0.0,0.0,0.0,0.0,0.0,2.956,0.0,2.115,1.535,0.0,0.0,2.115,0.0,0.0,2.115,0.0,0.0,0.0,0.0,0.0,0.0,0.0,0.0,0.0,0.0,0.0,1.535,0.0,0.0,2.115,0.0,1.535,0.0,1.535,0.0,0.0,0.0,0.0,2.479,2.956,0.0,1.535,2.115,1.535,0.0,0.0,1.535,0.0,1.535,2.115,0.0,0.0,0.0,0.0,0.0,0.0,4.019,0.0,0.0,0.0,0.0,0.0,0.0,0.0,1.535,1.535,0.0,5.653,0.0,2.956,0.0,1.535,0.0,0.0,1.535,0.0,0.0,0.0,0.0,0.0,0.0,0.0,2.115,0.0,0.0,2.115,0.0,0.0,0.0,0.0,1.535,0.0,0.0,0.0,0.0,0.0,1.535,0.0,0.0,2.115,0.0,0.0,0.0,2.115,1.535,1.535,0.0,0.0,0.0,0.0,0.0,0.0,0.0,2.745,0.0,2.479,0.0
T-Zelle,0.0,0.0,0.0,2.153,0.0,1.264,0.0,0.0,0.0,1.804,0.0,0.0,0.0,0.0,0.0,0.0,0.0,3.526,0.0,1.264,0.0,0.0,1.804,0.0,0.0,1.804,0.0,1.804,1.264,0.0,0.0,0.0,0.0,0.0,0.0,0.0,0.0,1.264,2.153,0.0,0.0,0.0,2.153,0.0,0.0,0.0,0.0,1.264,1.804,1.804,0.0,2.787,0.0,0.0,2.153,4.04,0.0,2.412,1.264,1.264,0.0,1.264,0.0,0.0,0.0,0.0,1.264,0.0,0.0,0.0,0.0,0.0,0.0,0.0,0.0,0.0,0.0,1.264,0.0,0.0,1.264,0.0,1.264,0.0,1.804,0.0,0.0,0.0,0.0,0.0,1.264,0.0,1.804,0.0,0.0,0.0,1.804,0.0,1.264,0.0,0.0,1.264,0.0,0.0,0.0,0.0,0.0,1.264,2.153,0.0,0.0,2.153,1.804,0.0,0.0,0.0,0.0,0.0,1.264,0.0,1.264,1.804,0.0,0.0,0.0,0.0,0.0,0.0,0.0,1.264,0.0,0.0,0.0,1.264,1.264,0.0,1.264,2.412,0.0,2.787,0.0,1.264,1.264,0.0,1.264,0.0,0.0,1.264,0.0,0.0,0.0,0.0,0.0,1.264,1.264,0.0,0.0,0.0,0.0,0.0,0.0,1.264,0.0,0.0,0.0,0.0,0.0,0.0,1.264,1.264,0.0,0.0,0.0,1.264,0.0,0.0,0.0,0.0,0.0,0.0,1.264,0.0,0.0,0.0,0.0,1.264,1.804,0.0,1.264,0.0,0.0,0.0,0.0,1.264,1.264,1.804,2.153,0.0,0.0,1.264,2.153,0.0,1.804,0.0,0.0,0.0,0.0,2.153,1.264,2.617,1.264,3.059,1.804,1.804,0.0,0.0,1.264,1.264,0.0,0.0,1.804,0.0,0.0,0.0,0.0,0.0,1.264,1.264,0.0,1.264,3.598,0.0,0.0,0.0,2.153,1.804,0.0,0.0,0.0,0.0,1.264,0.0,0.0,0.0,0.0,0.0,0.0,1.264,0.0,2.153,0.0,0.0,1.264,0.0,0.0,0.0,0.0,1.264,0.0,0.0,1.264,1.804,0.0,0.0,0.0,0.0,1.804,1.264,1.804,0.0,0.0,0.0,2.153,0.0,0.0,0.0,2.412,0.0,1.804,0.0,2.932,0.0,0.0,0.0,0.0,0.0,0.0,0.0,0.0,0.0,0.0,0.0,0.0,1.264,0.0,1.264,0.0,2.617,0.0,1.804,0.0,0.0,0.0,0.0,0.0,0.0,0.0,1.264,0.0,2.412,1.264,2.153,0.0,0.0,0.0,2.153,0.0,0.0,0.0,0.0,1.804,1.804,0.0,1.264,0.0,0.0,2.617,1.264,1.264,1.264,0.0,0.0,0.0,0.0,0.0,0.0,0.0,0.0,0.0,1.264,0.0,0.0,0.0,1.264,0.0,0.0,2.153,1.804,0.0,1.264,0.0,0.0,1.264,0.0,0.0,0.0,0.0,0.0,0.0,1.804,0.0,1.804,0.0,1.804,0.0,1.264,2.412,0.0,0.0,0.0,1.264,0.0,0.0,0.0,0.0,0.0,1.264,1.264,0.0,2.412,0.0,0.0,1.804,0.0,1.264,0.0,0.0,0.0,1.264,0.0,0.0,0.0,0.0,1.804,3.449,0.0,0.0,0.0,0.0,0.0,0.0,0.0,0.0,1.264,0.0,0.0,0.0,1.264,0.0,0.0,0.0,1.264,0.0,1.804,1.264,0.0,0.0,1.264,1.804,0.0,0.0,0.0,0.0,0.0,0.0,1.264,0.0,0.0,0.0,0.0,1.264,1.264,0.0,0.0,0.0,0.0,0.0,0.0,1.804,1.804,2.617,1.264,1.264,0.0,1.264,0.0,0.0,0.0,1.264,0.0,1.264,0.0,1.264,0.0,0.0,0.0,2.412,3.171,1.264,0.0,0.0,2.153,0.0,1.264,0.0,1.264,0.0,0.0,0.0,0.0,0.0,0.0,0.0,0.0,2.932,0.0,0.0,2.153,0.0,2.932,0.0,0.0,1.264,0.0,2.153,0.0,1.264,0.0,0.0,1.804,0.0,1.264,0.0,0.0,1.804,0.0,2.153,1.264,1.264,0.0,0.0,0.0,0.0,0.0,0.0,2.153,1.264,2.412,0.0,0.0,0.0,0.0,0.0,0.0,1.804,0.0,1.264,2.617,0.0,0.0,0.0,0.0,0.0,0.0,2.412,1.264,1.264,0.0,1.264,1.264,0.0,0.0,0.0,2.932,2.412,2.153,0.0,2.153,0.0,0.0,0.0,0.0,1.264,2.412,0.0,0.0,0.0,1.804,0.0,1.264,1.804,1.264,1.264,0.0,0.0,1.804,0.0,0.0,1.264,0.0,2.617,0.0,1.264,0.0,0.0,0.0,0.0,0.0,0.0,0.0,1.264,0.0,1.264,4.242,0.0,1.264,0.0,0.0,0.0,1.264,2.932,1.264,1.264,1.264,1.264,1.264,0.0,0.0,0.0,0.0,1.804,0.0,0.0,0.0,3.273,1.264,2.617,1.264,0.0,0.0,0.0,0.0,0.0,0.0,0.0,0.0,0.0,1.264,0.0,0.0,1.264,0.0,0.0,0.0,0.0,0.0,1.804,0.0,1.804,1.804,1.804,0.0,1.264,0.0,1.264,0.0,0.0,0.0,0.0,0.0,1.264,1.264,2.617,0.0,0.0,0.0,1.804,0.0,0.0,0.0,0.0,0.0,0.0,0.0,0.0,0.0,1.264,0.0,2.787,1.264,0.0,2.412,0.0,1.804,0.0,0.0,0.0,1.804,0.0,0.0,2.153,0.0,1.804,0.0,0.0,1.804,0.0,0.0,2.153,2.153,0.0,0.0,1.264,0.0,2.153,1.804,0.0,1.264,0.0,1.264,0.0,1.264,0.0,1.264,1.264,0.0,0.0,2.932,1.804,2.153,0.0,0.0,0.0,0.0,1.264,1.804,1.804,0.0,2.153,0.0,2.153,1.264,0.0,1.804,0.0,0.0,0.0,0.0,0.0,0.0,0.0,0.0,1.264,2.412,0.0,2.617,0.0,2.153,0.0,2.617,0.0,0.0,0.0,0.0,1.264,0.0,0.0,0.0,0.0,0.0,0.0,0.0,1.264,1.804,1.264,0.0,0.0,0.0,1.264,0.0,1.804,0.0,0.0,0.0,0.0,0.0,0.0,1.804,1.264,1.264,0.0,0.0,0.0,1.264,0.0,2.617,0.0,0.0,1.264,2.932,1.264,0.0,0.0,0.0,0.0
Monozyt,1.305,0.0,1.852,2.204,0.0,0.0,0.0,0.0,2.463,0.0,1.305,0.0,2.84,1.852,0.0,0.0,0.0,2.669,0.0,0.0,0.0,0.0,0.0,0.0,1.305,0.0,0.0,1.305,2.463,0.0,0.0,0.0,0.0,1.305,1.305,0.0,0.0,0.0,2.669,0.0,1.852,1.305,1.305,0.0,1.852,0.0,0.0,1.305,0.0,2.986,0.0,2.463,2.204,0.0,2.84,3.721,0.0,1.852,0.0,1.305,0.0,1.305,0.0,0.0,0.0,0.0,0.0,0.0,3.504,0.0,1.852,0.0,1.305,0.0,1.305,0.0,1.305,0.0,0.0,0.0,0.0,0.0,0.0,0.0,1.305,0.0,0.0,0.0,1.305,0.0,0.0,0.0,0.0,1.305,1.305,0.0,0.0,1.305,0.0,0.0,0.0,2.204,1.852,0.0,0.0,0.0,0.0,0.0,0.0,0.0,0.0,1.852,2.204,0.0,0.0,0.0,0.0,0.0,0.0,0.0,0.0,1.305,0.0,0.0,0.0,1.305,0.0,0.0,1.852,0.0,1.852,0.0,0.0,0.0,0.0,1.852,1.305,1.305,0.0,0.0,1.305,0.0,0.0,1.852,2.204,0.0,0.0,0.0,0.0,1.305,0.0,0.0,1.305,0.0,0.0,0.0,0.0,0.0,1.305,0.0,0.0,1.305,0.0,0.0,0.0,0.0,1.852,0.0,1.305,0.0,0.0,0.0,0.0,0.0,0.0,0.0,0.0,0.0,0.0,2.204,1.305,0.0,0.0,0.0,0.0,0.0,0.0,0.0,1.305,0.0,0.0,0.0,1.305,1.852,1.305,1.852,2.204,1.305,0.0,0.0,1.305,1.305,0.0,1.305,0.0,0.0,0.0,1.305,1.305,3.784,0.0,2.204,2.463,1.305,0.0,0.0,0.0,0.0,0.0,1.852,0.0,0.0,0.0,0.0,0.0,0.0,1.305,0.0,0.0,1.852,1.852,3.419,4.14,0.0,0.0,1.305,2.84,3.113,3.113,0.0,1.305,0.0,0.0,0.0,1.852,2.669,0.0,0.0,0.0,1.305,0.0,1.305,1.305,0.0,1.305,0.0,0.0,0.0,0.0,0.0,0.0,0.0,0.0,1.305,1.305,1.852,0.0,0.0,2.669,0.0,0.0,0.0,1.852,1.305,0.0,1.305,1.305,1.305,0.0,0.0,0.0,0.0,0.0,0.0,0.0,0.0,0.0,0.0,0.0,0.0,0.0,1.305,0.0,2.669,0.0,1.852,0.0,1.852,2.204,0.0,0.0,0.0,0.0,0.0,0.0,1.305,1.305,1.305,1.305,1.305,0.0,2.669,2.463,1.305,0.0,0.0,2.463,2.463,0.0,0.0,1.305,0.0,0.0,0.0,1.305,1.305,0.0,0.0,0.0,1.852,1.305,0.0,1.305,1.305,0.0,0.0,0.0,0.0,0.0,0.0,0.0,0.0,0.0,0.0,0.0,0.0,1.305,2.204,0.0,2.463,0.0,0.0,0.0,0.0,0.0,0.0,0.0,1.305,1.305,1.852,0.0,0.0,1.305,0.0,0.0,1.852,1.305,0.0,2.463,0.0,1.305,1.852,0.0,0.0,2.463,0.0,0.0,0.0,0.0,2.669,0.0,0.0,0.0,1.305,0.0,0.0,0.0,0.0,2.463,0.0,0.0,1.305,3.504,1.852,3.226,1.305,1.305,0.0,0.0,0.0,0.0,0.0,0.0,0.0,0.0,0.0,0.0,0.0,3.419,0.0,2.463,2.463,0.0,1.305,2.463,0.0,0.0,0.0,0.0,1.305,0.0,2.463,0.0,0.0,0.0,0.0,0.0,0.0,0.0,0.0,0.0,0.0,0.0,1.852,0.0,1.305,1.305,0.0,0.0,1.305,1.305,1.305,2.84,1.305,1.852,0.0,1.305,0.0,1.852,0.0,0.0,0.0,0.0,0.0,0.0,1.305,0.0,1.852,1.305,0.0,0.0,0.0,0.0,1.305,0.0,0.0,0.0,0.0,0.0,1.852,0.0,0.0,0.0,0.0,1.305,0.0,0.0,1.305,1.305,1.852,0.0,1.852,0.0,1.305,1.852,0.0,0.0,1.852,0.0,2.463,2.204,1.305,2.669,0.0,0.0,1.305,0.0,1.852,2.463,0.0,0.0,0.0,0.0,0.0,0.0,1.305,0.0,1.305,1.305,0.0,1.305,0.0,0.0,0.0,0.0,0.0,1.305,1.305,0.0,0.0,0.0,1.852,0.0,0.0,3.653,1.305,0.0,0.0,1.852,0.0,1.305,0.0,1.305,2.463,2.204,1.305,0.0,0.0,0.0,0.0,0.0,0.0,0.0,2.84,0.0,0.0,0.0,2.204,0.0,1.852,0.0,0.0,0.0,0.0,1.305,0.0,0.0,1.305,0.0,1.305,0.0,0.0,0.0,0.0,0.0,1.305,0.0,0.0,0.0,0.0,1.852,0.0,1.305,2.986,0.0,0.0,0.0,0.0,0.0,0.0,0.0,0.0,0.0,1.305,0.0,1.852,0.0,0.0,0.0,0.0,1.305,1.305,0.0,0.0,2.669,0.0,2.204,0.0,0.0,0.0,0.0,0.0,1.305,1.852,0.0,0.0,0.0,0.0,0.0,0.0,0.0,0.0,2.204,0.0,2.669,0.0,1.305,0.0,0.0,1.305,0.0,2.463,1.305,0.0,0.0,0.0,1.852,1.852,1.305,1.305,0.0,0.0,0.0,0.0,0.0,0.0,1.305,1.305,0.0,0.0,1.305,3.899,1.852,0.0,0.0,1.305,0.0,1.305,2.463,0.0,0.0,0.0,0.0,1.852,0.0,1.852,0.0,0.0,0.0,1.852,1.852,0.0,1.305,0.0,0.0,1.305,0.0,0.0,0.0,0.0,0.0,1.305,0.0,0.0,2.204,0.0,1.852,1.852,1.305,0.0,0.0,1.852,0.0,0.0,1.305,0.0,2.204,2.204,1.852,0.0,1.852,1.852,0.0,0.0,1.852,0.0,2.463,1.305,0.0,1.305,1.305,0.0,1.305,2.669,2.986,1.305,0.0,0.0,0.0,0.0,1.305,0.0,0.0,0.0,0.0,5.481,1.852,2.84,0.0,0.0,0.0,0.0,0.0,0.0,2.204,0.0,0.0,0.0,0.0,1.852,1.852,1.852,0.0,0.0,1.305,0.0,0.0,0.0,1.305,0.0,1.852,0.0,0.0,3.721,0.0,0.0,0.0,0.0,0.0,1.305,0.0,0.0,0.0,2.463,0.0,1.852,1.305,0.0,0.0,2.204,0.0,1.305,0.0,0.0,0.0
T-Zelle,0.0,0.0,0.0,1.658,0.0,0.0,1.139,0.0,0.0,1.139,0.0,0.0,0.0,0.0,1.658,0.0,2.765,3.773,0.0,1.139,0.0,0.0,2.251,0.0,0.0,1.658,0.0,0.0,1.658,0.0,0.0,2.251,0.0,1.139,1.139,0.0,0.0,1.139,2.453,0.0,0.0,0.0,1.139,0.0,1.139,0.0,0.0,0.0,1.139,0.0,2.251,2.453,0.0,0.0,2.89,3.354,0.0,1.658,0.0,0.0,1.139,0.0,1.658,0.0,0.0,0.0,2.765,0.0,0.0,0.0,0.0,0.0,0.0,0.0,0.0,0.0,0.0,0.0,0.0,0.0,0.0,1.139,1.139,0.0,1.139,1.139,1.658,0.0,1.139,0.0,0.0,1.139,0.0,1.139,1.658,0.0,0.0,1.139,2.251,1.139,0.0,1.139,1.139,0.0,0.0,0.0,1.658,0.0,1.658,0.0,0.0,2.251,3.002,0.0,0.0,2.251,0.0,1.658,1.139,1.139,0.0,1.139,0.0,0.0,0.0,0.0,1.139,1.658,1.658,1.139,1.139,0.0,0.0,0.0,0.0,0.0,1.139,0.0,0.0,0.0,1.139,0.0,0.0,0.0,1.998,0.0,0.0,1.139,0.0,0.0,0.0,0.0,0.0,1.139,1.658,0.0,0.0,0.0,0.0,0.0,0.0,1.139,0.0,0.0,0.0,0.0,1.658,0.0,1.139,0.0,0.0,0.0,0.0,0.0,0.0,0.0,0.0,0.0,0.0,0.0,1.139,0.0,0.0,0.0,1.139,0.0,0.0,3.194,1.998,0.0,0.0,1.139,0.0,0.0,0.0,1.139,0.0,0.0,0.0,1.139,0.0,1.139,1.139,0.0,1.658,0.0,0.0,0.0,1.139,2.251,0.0,3.354,0.0,1.998,0.0,0.0,0.0,1.139,0.0,0.0,0.0,0.0,0.0,0.0,1.658,0.0,0.0,2.89,0.0,1.658,1.139,0.0,0.0,0.0,1.658,0.0,0.0,1.139,1.139,0.0,0.0,0.0,0.0,1.139,1.139,0.0,0.0,1.658,0.0,1.139,2.251,0.0,0.0,1.139,0.0,0.0,0.0,0.0,0.0,0.0,1.139,1.139,0.0,0.0,1.658,0.0,0.0,1.139,1.139,1.658,0.0,0.0,0.0,1.139,0.0,0.0,1.658,0.0,1.998,1.139,3.194,0.0,0.0,1.139,0.0,0.0,0.0,0.0,0.0,1.139,0.0,0.0,0.0,0.0,0.0,1.139,1.658,0.0,0.0,1.139,0.0,0.0,0.0,0.0,0.0,0.0,0.0,1.139,1.139,3.002,1.139,2.453,0.0,0.0,0.0,1.658,0.0,0.0,1.139,1.658,0.0,1.139,1.658,0.0,1.658,0.0,0.0,1.139,0.0,1.139,2.251,0.0,1.139,0.0,0.0,0.0,0.0,0.0,1.658,0.0,0.0,1.139,0.0,1.139,1.139,1.998,1.139,1.658,0.0,0.0,0.0,1.139,1.139,1.139,1.139,0.0,0.0,3.354,1.658,1.139,0.0,2.621,1.658,1.998,0.0,1.139,1.139,0.0,0.0,0.0,1.658,1.139,1.139,0.0,0.0,0.0,1.139,0.0,0.0,1.139,0.0,0.0,1.658,1.139,0.0,0.0,1.139,1.139,1.998,2.251,1.139,1.658,1.139,1.139,3.002,1.139,0.0,0.0,0.0,1.139,1.139,0.0,1.139,0.0,0.0,1.998,0.0,1.658,0.0,0.0,0.0,1.658,0.0,1.998,0.0,0.0,0.0,0.0,3.102,1.139,0.0,0.0,1.139,0.0,1.998,0.0,0.0,0.0,0.0,1.139,0.0,1.139,1.658,0.0,0.0,0.0,1.139,0.0,0.0,1.139,2.765,2.765,2.251,0.0,0.0,0.0,1.139,1.139,1.658,0.0,0.0,0.0,0.0,0.0,0.0,0.0,1.139,2.621,1.139,0.0,0.0,1.139,0.0,1.139,0.0,0.0,0.0,0.0,0.0,0.0,0.0,0.0,0.0,0.0,3.354,1.139,0.0,1.658,0.0,3.194,0.0,1.658,1.139,0.0,0.0,0.0,0.0,0.0,0.0,2.251,0.0,1.998,0.0,0.0,0.0,0.0,2.621,0.0,2.765,0.0,0.0,0.0,0.0,0.0,0.0,1.658,1.139,0.0,0.0,0.0,0.0,0.0,0.0,0.0,1.139,0.0,2.251,1.998,0.0,0.0,0.0,0.0,1.139,0.0,1.139,0.0,0.0,0.0,1.139,0.0,1.658,0.0,0.0,3.102,1.658,2.453,0.0,2.621,0.0,0.0,0.0,1.139,1.658,2.453,0.0,0.0,0.0,2.765,0.0,1.139,0.0,1.139,0.0,1.658,1.139,0.0,1.139,0.0,0.0,0.0,1.998,0.0,1.998,0.0,0.0,0.0,1.139,0.0,1.658,0.0,1.658,0.0,1.998,3.426,0.0,1.139,0.0,0.0,0.0,2.453,0.0,0.0,0.0,0.0,1.139,0.0,0.0,0.0,0.0,0.0,1.658,0.0,0.0,2.251,2.89,1.139,2.621,1.658,0.0,0.0,0.0,0.0,0.0,2.453,0.0,1.139,0.0,0.0,0.0,0.0,0.0,0.0,1.139,1.998,0.0,1.139,1.139,0.0,0.0,0.0,1.139,0.0,1.658,0.0,0.0,0.0,2.453,1.139,1.658,1.139,0.0,0.0,1.658,0.0,1.139,1.139,0.0,0.0,2.251,0.0,0.0,0.0,0.0,0.0,2.453,0.0,0.0,0.0,1.998,0.0,0.0,1.658,0.0,2.251,1.139,2.453,0.0,0.0,0.0,0.0,1.139,0.0,1.139,0.0,0.0,0.0,0.0,0.0,2.251,1.139,0.0,0.0,0.0,0.0,1.658,0.0,1.658,0.0,0.0,0.0,0.0,0.0,0.0,0.0,0.0,0.0,1.658,1.139,1.998,1.139,0.0,1.998,1.139,0.0,1.139,1.139,1.139,0.0,2.453,0.0,2.765,2.453,0.0,0.0,0.0,0.0,0.0,0.0,0.0,0.0,1.139,0.0,0.0,2.251,2.251,3.354,1.139,0.0,0.0,1.998,0.0,0.0,0.0,0.0,0.0,0.0,0.0,1.139,0.0,0.0,1.658,0.0,1.998,0.0,1.139,0.0,0.0,0.0,0.0,1.139,1.998,1.139,1.139,0.0,0.0,0.0,0.0,1.658,0.0,1.139,0.0,0.0,1.139,1.998,0.0,2.453,0.0,0.0,1.658,1.139,0.0,2.453,0.0,0.0,0.0
T-Zelle,0.0,0.0,0.0,1.52,0.0,0.0,0.0,0.0,0.0,0.0,0.0,0.0,0.0,0.0,2.097,0.0,0.0,3.696,0.0,0.0,0.0,0.0,2.937,0.0,0.0,2.097,0.0,2.461,1.52,0.0,0.0,1.52,0.0,0.0,0.0,2.461,0.0,2.097,1.52,0.0,0.0,0.0,2.097,0.0,1.52,0.0,0.0,0.0,0.0,0.0,1.52,3.258,0.0,0.0,1.52,2.461,0.0,1.52,0.0,0.0,0.0,1.52,1.52,0.0,0.0,0.0,0.0,0.0,0.0,0.0,0.0,0.0,0.0,0.0,0.0,0.0,0.0,0.0,0.0,0.0,0.0,0.0,0.0,0.0,1.52,0.0,0.0,1.52,0.0,0.0,0.0,0.0,0.0,0.0,2.461,0.0,2.461,1.52,0.0,1.52,0.0,1.52,0.0,0.0,0.0,0.0,0.0,0.0,2.097,0.0,0.0,3.501,0.0,0.0,1.52,2.461,0.0,0.0,0.0,0.0,0.0,0.0,0.0,0.0,0.0,0.0,0.0,0.0,1.52,0.0,0.0,0.0,0.0,0.0,0.0,1.52,0.0,1.52,0.0,2.461,0.0,1.52,0.0,0.0,1.52,0.0,0.0,1.52,0.0,1.52,0.0,0.0,0.0,0.0,0.0,0.0,0.0,0.0,0.0,0.0,0.0,2.727,0.0,0.0,1.52,0.0,0.0,0.0,0.0,0.0,0.0,0.0,0.0,0.0,0.0,0.0,0.0,0.0,0.0,0.0,0.0,0.0,1.52,0.0,0.0,0.0,1.52,1.52,1.52,0.0,0.0,0.0,0.0,0.0,0.0,1.52,1.52,0.0,0.0,1.52,0.0,0.0,0.0,0.0,0.0,0.0,0.0,0.0,2.097,1.52,0.0,3.11,2.461,2.461,0.0,0.0,1.52,0.0,1.52,0.0,0.0,0.0,0.0,0.0,0.0,0.0,1.52,0.0,0.0,0.0,4.579,0.0,0.0,0.0,2.461,0.0,0.0,0.0,0.0,0.0,0.0,0.0,0.0,0.0,0.0,0.0,0.0,0.0,0.0,2.461,2.097,2.097,0.0,1.52,0.0,0.0,0.0,1.52,0.0,0.0,0.0,1.52,0.0,0.0,0.0,1.52,1.52,0.0,1.52,0.0,1.52,0.0,0.0,1.52,0.0,2.097,2.097,0.0,1.52,0.0,2.097,0.0,0.0,0.0,0.0,0.0,0.0,0.0,1.52,0.0,0.0,0.0,0.0,0.0,0.0,3.11,0.0,0.0,0.0,0.0,0.0,0.0,0.0,0.0,0.0,0.0,0.0,0.0,0.0,1.52,1.52,3.258,0.0,0.0,0.0,2.727,1.52,0.0,0.0,0.0,0.0,0.0,2.097,2.461,2.097,0.0,1.52,0.0,0.0,2.097,0.0,0.0,0.0,0.0,0.0,0.0,0.0,0.0,2.097,0.0,0.0,1.52,0.0,0.0,0.0,1.52,0.0,1.52,0.0,3.258,1.52,1.52,0.0,2.097,0.0,0.0,0.0,2.461,0.0,2.097,0.0,1.52,0.0,0.0,1.52,0.0,1.52,0.0,0.0,0.0,1.52,1.52,0.0,0.0,2.097,0.0,1.52,0.0,0.0,2.727,0.0,0.0,0.0,1.52,0.0,0.0,1.52,0.0,2.097,1.52,1.52,0.0,0.0,0.0,3.387,0.0,0.0,0.0,1.52,0.0,0.0,0.0,0.0,0.0,0.0,0.0,0.0,1.52,0.0,0.0,0.0,0.0,1.52,0.0,0.0,0.0,1.52,0.0,1.52,0.0,0.0,0.0,0.0,0.0,1.52,0.0,0.0,0.0,0.0,0.0,0.0,0.0,0.0,0.0,0.0,0.0,0.0,0.0,2.097,1.52,3.11,1.52,1.52,0.0,1.52,0.0,1.52,0.0,2.097,0.0,2.097,2.937,0.0,1.52,0.0,0.0,2.097,2.937,0.0,1.52,0.0,2.461,0.0,1.52,0.0,1.52,0.0,0.0,0.0,0.0,0.0,0.0,1.52,0.0,2.937,0.0,0.0,1.52,0.0,2.727,0.0,1.52,1.52,0.0,1.52,0.0,0.0,0.0,0.0,1.52,0.0,2.727,0.0,0.0,1.52,0.0,1.52,1.52,2.097,1.52,0.0,0.0,0.0,0.0,0.0,0.0,0.0,0.0,0.0,0.0,0.0,0.0,0.0,0.0,0.0,0.0,2.097,2.097,0.0,0.0,0.0,0.0,0.0,0.0,3.11,1.52,0.0,0.0,0.0,0.0,0.0,2.097,0.0,2.097,2.097,0.0,0.0,2.461,0.0,0.0,1.52,0.0,0.0,2.097,0.0,0.0,0.0,0.0,0.0,0.0,0.0,1.52,1.52,0.0,1.52,0.0,1.52,0.0,0.0,0.0,2.461,0.0,0.0,0.0,0.0,1.52,0.0,0.0,0.0,0.0,2.461,0.0,1.52,2.727,0.0,1.52,0.0,0.0,1.52,0.0,0.0,0.0,0.0,0.0,0.0,1.52,0.0,0.0,0.0,0.0,0.0,0.0,0.0,0.0,2.097,0.0,2.727,1.52,0.0,0.0,1.52,0.0,0.0,0.0,0.0,1.52,1.52,0.0,1.52,0.0,0.0,0.0,2.097,1.52,0.0,0.0,2.097,0.0,1.52,0.0,0.0,0.0,1.52,0.0,0.0,0.0,2.097,1.52,0.0,0.0,0.0,1.52,0.0,0.0,1.52,0.0,0.0,0.0,0.0,0.0,0.0,0.0,0.0,0.0,0.0,1.52,1.52,0.0,0.0,0.0,0.0,2.097,0.0,1.52,0.0,2.461,1.52,0.0,0.0,0.0,1.52,1.52,1.52,0.0,0.0,1.52,0.0,0.0,2.727,1.52,0.0,0.0,0.0,1.52,1.52,0.0,0.0,0.0,0.0,1.52,0.0,0.0,0.0,0.0,0.0,1.52,2.461,2.461,2.097,0.0,0.0,1.52,1.52,0.0,1.52,0.0,2.461,0.0,0.0,1.52,0.0,0.0,0.0,0.0,0.0,0.0,0.0,0.0,0.0,0.0,1.52,0.0,0.0,2.097,0.0,2.727,0.0,1.52,2.097,1.52,0.0,0.0,0.0,0.0,0.0,0.0,0.0,1.52,0.0,0.0,0.0,0.0,0.0,0.0,1.52,0.0,0.0,0.0,0.0,1.52,0.0,0.0,0.0,0.0,0.0,0.0,0.0,2.461,0.0,2.097,0.0,0.0,0.0,2.097,0.0,0.0,1.52,0.0,0.0,1.52,0.0,1.52,0.0,0.0,0.0
Monozyt,0.0,0.0,0.0,1.398,0.0,0.0,0.0,0.0,0.0,0.0,0.0,0.0,0.0,0.0,0.0,0.0,0.0,1.96,0.0,0.0,0.0,0.0,0.0,0.0,1.398,0.0,0.0,1.398,1.398,0.0,0.0,0.0,0.0,0.0,0.0,1.398,0.0,0.0,1.96,0.0,0.0,0.0,0.0,0.0,1.398,0.0,0.0,1.398,0.0,0.0,1.398,2.96,2.58,1.96,3.627,4.023,0.0,1.398,1.398,0.0,0.0,0.0,0.0,0.0,0.0,1.398,1.96,0.0,2.317,0.0,0.0,0.0,0.0,1.398,0.0,0.0,0.0,1.96,0.0,0.0,1.398,0.0,0.0,0.0,1.96,0.0,0.0,1.398,0.0,0.0,0.0,1.96,0.0,1.398,1.398,0.0,0.0,1.398,0.0,0.0,1.398,1.398,0.0,0.0,0.0,1.398,0.0,0.0,0.0,0.0,0.0,0.0,1.96,1.398,0.0,0.0,0.0,0.0,1.398,0.0,1.398,0.0,0.0,0.0,0.0,0.0,0.0,0.0,0.0,0.0,0.0,1.398,1.398,0.0,0.0,0.0,0.0,1.398,0.0,2.317,1.96,0.0,0.0,1.398,2.317,0.0,0.0,0.0,0.0,1.96,0.0,0.0,0.0,1.398,1.398,1.398,0.0,0.0,0.0,0.0,0.0,0.0,0.0,0.0,1.398,0.0,0.0,0.0,0.0,0.0,0.0,0.0,0.0,1.96,0.0,0.0,0.0,0.0,0.0,2.317,1.96,0.0,1.398,0.0,0.0,1.398,1.398,1.398,0.0,0.0,0.0,0.0,0.0,0.0,0.0,0.0,0.0,0.0,1.96,1.398,0.0,0.0,1.398,0.0,1.96,0.0,0.0,2.317,1.398,4.836,0.0,1.398,0.0,1.96,1.398,0.0,1.398,1.398,0.0,0.0,0.0,0.0,0.0,0.0,0.0,0.0,0.0,1.398,1.96,1.398,1.96,1.398,1.96,0.0,1.398,1.398,4.347,3.542,4.221,3.348,2.58,2.788,1.96,2.788,3.542,3.45,0.0,0.0,0.0,1.96,0.0,0.0,0.0,0.0,1.398,0.0,0.0,0.0,0.0,0.0,0.0,0.0,0.0,0.0,0.0,0.0,1.398,0.0,2.317,0.0,0.0,0.0,1.96,2.317,0.0,0.0,0.0,0.0,0.0,1.398,2.96,0.0,0.0,0.0,0.0,0.0,0.0,1.398,0.0,0.0,0.0,0.0,0.0,0.0,0.0,1.398,0.0,1.96,0.0,1.398,0.0,0.0,0.0,0.0,0.0,0.0,0.0,1.398,0.0,0.0,1.398,1.96,2.317,0.0,0.0,2.317,0.0,1.96,0.0,1.398,0.0,1.398,0.0,0.0,1.398,0.0,0.0,0.0,0.0,0.0,0.0,0.0,2.317,0.0,0.0,0.0,0.0,0.0,0.0,0.0,0.0,0.0,0.0,0.0,0.0,1.398,0.0,0.0,0.0,1.398,0.0,0.0,0.0,0.0,0.0,0.0,0.0,0.0,0.0,1.398,0.0,0.0,1.398,1.398,0.0,0.0,1.398,1.96,2.58,0.0,0.0,2.58,0.0,0.0,1.96,0.0,0.0,0.0,0.0,3.348,0.0,0.0,0.0,0.0,0.0,0.0,0.0,0.0,2.317,0.0,0.0,1.398,2.96,0.0,2.58,0.0,1.96,0.0,1.398,0.0,0.0,0.0,2.317,0.0,0.0,1.398,1.398,0.0,1.398,0.0,0.0,2.58,0.0,1.398,1.398,1.398,0.0,2.317,0.0,0.0,0.0,1.96,1.398,0.0,0.0,0.0,0.0,0.0,1.398,0.0,0.0,0.0,0.0,1.398,0.0,0.0,1.398,0.0,2.317,0.0,1.398,0.0,2.58,1.398,1.96,0.0,0.0,0.0,0.0,0.0,0.0,1.398,0.0,0.0,0.0,1.96,1.398,1.398,1.398,0.0,0.0,0.0,0.0,0.0,0.0,1.398,0.0,0.0,0.0,0.0,0.0,0.0,0.0,0.0,1.398,0.0,1.398,1.398,1.96,1.96,0.0,1.398,0.0,0.0,2.317,0.0,0.0,4.385,0.0,1.398,0.0,1.96,1.398,1.398,0.0,0.0,1.398,0.0,1.398,1.398,0.0,0.0,0.0,0.0,0.0,1.398,0.0,0.0,0.0,0.0,0.0,1.398,0.0,0.0,0.0,1.398,2.317,2.317,0.0,0.0,0.0,0.0,1.398,0.0,2.96,1.398,1.398,0.0,0.0,1.96,0.0,1.398,0.0,1.398,1.398,0.0,0.0,1.398,0.0,0.0,1.398,1.398,1.398,1.96,0.0,0.0,0.0,1.96,0.0,0.0,0.0,0.0,0.0,1.398,0.0,0.0,1.398,0.0,1.96,0.0,0.0,0.0,1.398,0.0,0.0,0.0,0.0,0.0,1.96,0.0,1.96,0.0,0.0,0.0,0.0,0.0,2.317,0.0,0.0,0.0,0.0,1.96,0.0,0.0,0.0,0.0,1.398,0.0,0.0,0.0,1.398,0.0,2.58,0.0,2.317,0.0,0.0,0.0,0.0,0.0,0.0,1.398,0.0,0.0,0.0,0.0,0.0,0.0,0.0,0.0,1.398,0.0,0.0,0.0,0.0,0.0,0.0,0.0,0.0,0.0,1.96,0.0,1.398,0.0,0.0,0.0,1.398,0.0,1.398,0.0,0.0,0.0,0.0,0.0,0.0,0.0,1.398,0.0,0.0,0.0,0.0,3.967,0.0,0.0,1.398,1.398,0.0,0.0,0.0,0.0,0.0,1.398,0.0,2.58,1.398,2.317,1.398,0.0,0.0,1.398,0.0,1.398,2.788,0.0,0.0,0.0,0.0,0.0,1.398,0.0,0.0,0.0,0.0,0.0,2.58,0.0,1.398,2.317,0.0,1.398,0.0,0.0,0.0,1.398,0.0,0.0,0.0,3.908,0.0,1.398,0.0,1.96,0.0,0.0,1.398,0.0,1.398,0.0,0.0,1.96,1.398,0.0,1.398,0.0,2.317,0.0,1.398,0.0,0.0,0.0,1.398,0.0,0.0,0.0,3.234,4.221,0.0,2.58,0.0,2.317,0.0,0.0,0.0,0.0,0.0,0.0,0.0,1.398,0.0,0.0,1.96,0.0,0.0,1.398,1.398,1.398,0.0,0.0,0.0,0.0,0.0,0.0,1.96,1.398,1.398,0.0,1.96,0.0,0.0,0.0,0.0,2.317,0.0,1.398,0.0,1.96,0.0,1.398,2.317,1.398,2.317,1.398,0.0,1.96,1.398
T-Zelle,0.0,0.0,1.947,1.387,0.0,0.0,1.387,0.0,0.0,0.0,0.0,1.387,0.0,0.0,0.0,0.0,1.387,3.22,0.0,1.387,0.0,0.0,1.947,0.0,0.0,0.0,0.0,1.947,2.303,1.947,0.0,1.387,0.0,1.387,0.0,0.0,0.0,1.387,2.303,1.387,0.0,0.0,0.0,0.0,2.303,0.0,0.0,0.0,0.0,1.947,0.0,2.566,0.0,0.0,2.945,2.566,0.0,2.566,0.0,0.0,0.0,0.0,0.0,0.0,0.0,0.0,0.0,1.387,0.0,0.0,0.0,0.0,0.0,0.0,0.0,2.303,0.0,1.387,0.0,1.387,0.0,0.0,0.0,0.0,1.387,0.0,0.0,0.0,0.0,0.0,0.0,1.387,0.0,0.0,1.947,0.0,0.0,1.387,1.947,1.387,0.0,0.0,0.0,0.0,0.0,0.0,0.0,0.0,0.0,0.0,0.0,1.387,0.0,1.947,0.0,0.0,0.0,0.0,0.0,0.0,0.0,1.387,1.387,0.0,0.0,0.0,0.0,1.387,0.0,1.387,0.0,0.0,0.0,0.0,0.0,0.0,0.0,0.0,1.947,1.387,0.0,0.0,0.0,0.0,1.387,0.0,0.0,0.0,0.0,0.0,0.0,0.0,0.0,0.0,0.0,0.0,0.0,0.0,0.0,0.0,1.947,2.303,0.0,0.0,0.0,0.0,1.387,0.0,1.947,0.0,0.0,0.0,1.387,0.0,0.0,0.0,0.0,0.0,0.0,1.947,1.387,0.0,0.0,0.0,0.0,1.387,1.947,1.387,0.0,2.566,1.387,0.0,2.303,1.947,1.387,2.774,0.0,0.0,0.0,0.0,0.0,0.0,1.387,0.0,1.947,0.0,0.0,0.0,0.0,1.387,0.0,2.774,1.947,2.566,0.0,0.0,0.0,1.387,0.0,0.0,0.0,0.0,0.0,0.0,1.387,0.0,0.0,0.0,0.0,1.387,2.566,0.0,1.387,0.0,2.303,1.947,1.387,0.0,0.0,0.0,0.0,0.0,0.0,0.0,1.387,0.0,0.0,0.0,0.0,1.387,1.387,0.0,0.0,1.387,0.0,0.0,0.0,1.387,0.0,1.387,0.0,0.0,0.0,0.0,0.0,0.0,0.0,1.947,1.387,0.0,1.387,0.0,1.947,2.303,0.0,0.0,0.0,0.0,0.0,0.0,2.303,0.0,1.387,0.0,0.0,0.0,1.387,0.0,0.0,0.0,0.0,0.0,0.0,0.0,0.0,0.0,0.0,2.303,0.0,1.947,0.0,0.0,0.0,0.0,0.0,0.0,1.387,0.0,0.0,1.387,0.0,2.303,0.0,0.0,0.0,1.947,1.387,0.0,0.0,0.0,0.0,1.387,1.387,0.0,1.387,0.0,0.0,1.387,0.0,0.0,1.387,1.387,1.387,0.0,0.0,0.0,0.0,0.0,0.0,0.0,0.0,0.0,1.387,0.0,0.0,0.0,1.947,2.945,0.0,2.303,1.387,1.387,0.0,0.0,1.387,0.0,0.0,1.387,0.0,1.387,0.0,1.387,0.0,2.303,0.0,0.0,0.0,0.0,0.0,0.0,0.0,1.387,1.387,0.0,0.0,0.0,0.0,1.387,0.0,2.945,0.0,1.387,0.0,0.0,0.0,0.0,1.387,0.0,0.0,1.387,0.0,0.0,0.0,0.0,3.333,0.0,0.0,0.0,0.0,0.0,1.387,0.0,1.387,0.0,0.0,0.0,0.0,0.0,1.387,0.0,0.0,0.0,0.0,0.0,0.0,0.0,0.0,1.387,0.0,0.0,0.0,0.0,0.0,0.0,1.387,0.0,0.0,0.0,1.947,0.0,0.0,0.0,0.0,0.0,0.0,1.387,1.387,0.0,0.0,0.0,1.947,2.774,1.387,0.0,0.0,0.0,1.387,0.0,0.0,0.0,0.0,0.0,0.0,0.0,0.0,0.0,1.387,1.947,1.387,0.0,0.0,1.947,0.0,0.0,0.0,0.0,0.0,0.0,0.0,0.0,0.0,0.0,0.0,0.0,2.303,0.0,0.0,1.387,1.387,1.387,0.0,0.0,0.0,0.0,1.387,0.0,0.0,0.0,0.0,1.387,0.0,3.22,0.0,0.0,0.0,0.0,1.387,0.0,0.0,0.0,0.0,0.0,0.0,0.0,0.0,0.0,0.0,1.387,0.0,0.0,0.0,0.0,0.0,0.0,0.0,0.0,1.387,0.0,0.0,0.0,0.0,1.947,0.0,0.0,2.774,1.387,0.0,0.0,0.0,1.387,0.0,1.387,0.0,1.947,1.387,0.0,0.0,1.947,0.0,0.0,0.0,0.0,1.387,2.303,0.0,0.0,0.0,1.387,0.0,1.387,1.387,1.387,0.0,0.0,0.0,0.0,0.0,0.0,0.0,0.0,0.0,0.0,0.0,0.0,0.0,0.0,0.0,0.0,0.0,2.303,0.0,0.0,0.0,2.945,0.0,1.947,0.0,0.0,0.0,1.387,1.387,1.947,0.0,0.0,0.0,2.303,0.0,0.0,1.387,0.0,0.0,0.0,0.0,1.387,1.387,0.0,0.0,0.0,0.0,0.0,0.0,0.0,0.0,2.566,0.0,0.0,0.0,0.0,1.387,0.0,1.387,0.0,0.0,0.0,0.0,0.0,1.387,0.0,0.0,0.0,1.947,1.387,1.947,0.0,1.387,0.0,1.387,0.0,0.0,1.947,1.387,0.0,1.947,0.0,0.0,0.0,1.387,0.0,0.0,0.0,0.0,0.0,1.947,0.0,0.0,1.387,1.387,0.0,0.0,0.0,0.0,1.387,0.0,0.0,0.0,2.303,0.0,2.303,0.0,0.0,1.387,0.0,2.774,0.0,0.0,0.0,0.0,0.0,2.566,0.0,0.0,0.0,1.387,0.0,0.0,0.0,1.387,0.0,0.0,0.0,0.0,0.0,0.0,1.387,0.0,0.0,0.0,3.612,2.303,0.0,0.0,0.0,0.0,1.387,1.387,0.0,0.0,0.0,0.0,0.0,2.303,0.0,1.387,1.387,0.0,1.387,0.0,0.0,0.0,1.387,0.0,0.0,0.0,2.303,0.0,3.333,0.0,2.774,0.0,2.566,0.0,0.0,0.0,0.0,1.947,0.0,0.0,0.0,0.0,1.387,0.0,0.0,0.0,0.0,0.0,0.0,0.0,0.0,0.0,0.0,0.0,1.387,1.387,0.0,0.0,0.0,0.0,1.947,1.387,0.0,0.0,0.0,0.0,1.947,0.0,1.387,0.0,0.0,0.0,0.0,0.0,1.387,0.0,1.947,0.0
T-Zelle,0.0,0.0,0.0,2.232,1.328,1.328,0.0,1.878,1.878,1.328,1.328,1.328,0.0,0.0,1.328,0.0,0.0,2.232,1.328,0.0,0.0,1.328,1.328,2.232,1.328,1.328,0.0,2.232,0.0,0.0,0.0,1.878,0.0,0.0,0.0,1.328,0.0,0.0,1.878,0.0,2.232,2.232,0.0,0.0,1.328,0.0,0.0,0.0,0.0,2.87,0.0,2.492,3.016,0.0,3.016,2.87,0.0,1.328,1.328,0.0,0.0,0.0,1.878,1.328,1.878,0.0,0.0,0.0,3.612,0.0,3.256,0.0,1.878,0.0,1.878,0.0,0.0,0.0,0.0,0.0,0.0,0.0,0.0,0.0,1.328,0.0,0.0,1.328,0.0,0.0,0.0,0.0,0.0,1.878,2.492,0.0,1.328,0.0,1.878,1.328,0.0,0.0,1.328,0.0,0.0,0.0,1.878,0.0,0.0,0.0,0.0,1.878,0.0,1.328,0.0,0.0,1.328,0.0,0.0,0.0,0.0,0.0,1.328,0.0,0.0,1.328,0.0,1.328,0.0,1.878,0.0,1.878,2.232,0.0,0.0,0.0,1.328,0.0,1.328,1.328,0.0,0.0,1.328,1.878,1.878,0.0,0.0,0.0,0.0,1.328,0.0,0.0,1.328,1.328,1.328,0.0,0.0,0.0,0.0,0.0,0.0,1.878,0.0,0.0,1.878,0.0,0.0,0.0,1.328,0.0,0.0,0.0,0.0,1.328,0.0,2.232,0.0,0.0,0.0,0.0,2.232,2.232,1.328,0.0,0.0,1.878,0.0,1.878,2.232,1.878,0.0,0.0,1.878,0.0,0.0,2.232,2.232,0.0,1.328,1.328,1.328,1.328,1.878,0.0,0.0,0.0,0.0,0.0,1.328,3.684,0.0,1.328,1.878,2.87,1.328,0.0,0.0,0.0,1.328,1.328,0.0,0.0,0.0,0.0,1.328,0.0,1.328,0.0,1.878,0.0,3.256,3.357,3.612,0.0,2.87,2.492,3.016,2.492,2.492,0.0,1.328,0.0,0.0,1.328,1.328,2.699,0.0,1.328,0.0,1.878,0.0,0.0,0.0,0.0,1.328,0.0,0.0,0.0,0.0,0.0,0.0,1.328,0.0,0.0,1.328,1.878,0.0,0.0,0.0,0.0,0.0,1.328,1.878,2.232,0.0,1.328,2.232,1.328,0.0,0.0,2.492,0.0,0.0,0.0,1.328,1.328,3.143,1.328,0.0,0.0,0.0,0.0,0.0,1.328,0.0,1.328,0.0,1.878,1.328,1.328,0.0,0.0,0.0,0.0,0.0,1.328,0.0,1.878,0.0,2.492,1.328,1.878,3.016,0.0,0.0,1.328,1.328,2.232,0.0,0.0,0.0,0.0,0.0,0.0,1.328,1.328,0.0,0.0,0.0,1.878,1.878,1.328,1.878,0.0,0.0,0.0,0.0,0.0,0.0,0.0,0.0,0.0,0.0,0.0,0.0,0.0,1.878,1.878,0.0,1.878,0.0,0.0,0.0,1.328,1.328,0.0,0.0,1.878,1.878,1.878,0.0,0.0,1.328,0.0,1.878,0.0,0.0,1.878,3.016,0.0,1.328,1.878,2.232,1.878,0.0,0.0,0.0,0.0,0.0,2.232,0.0,1.328,0.0,0.0,0.0,0.0,1.878,0.0,3.016,1.878,1.878,2.232,2.232,2.232,2.87,1.878,0.0,0.0,0.0,0.0,0.0,0.0,0.0,0.0,0.0,0.0,0.0,0.0,3.256,0.0,1.328,0.0,0.0,0.0,1.328,0.0,0.0,1.878,1.878,0.0,0.0,1.878,0.0,0.0,0.0,1.328,0.0,0.0,1.878,0.0,0.0,0.0,0.0,2.492,0.0,1.328,0.0,1.878,1.328,0.0,2.492,1.328,2.232,0.0,0.0,0.0,0.0,1.328,1.878,0.0,1.878,0.0,0.0,0.0,0.0,1.878,0.0,1.878,0.0,1.328,1.328,0.0,0.0,0.0,1.878,0.0,0.0,2.232,0.0,0.0,0.0,0.0,0.0,0.0,2.232,0.0,1.328,0.0,0.0,2.492,0.0,0.0,1.328,0.0,1.328,0.0,1.328,1.328,0.0,1.328,0.0,2.699,0.0,0.0,1.328,0.0,2.232,2.232,2.232,0.0,0.0,0.0,0.0,0.0,0.0,1.328,0.0,0.0,0.0,0.0,0.0,0.0,0.0,0.0,1.878,0.0,2.232,2.232,0.0,2.232,0.0,2.232,0.0,0.0,2.492,0.0,1.328,0.0,1.328,1.328,0.0,2.232,0.0,3.016,1.328,1.328,0.0,1.328,0.0,0.0,0.0,1.328,0.0,2.699,0.0,0.0,0.0,1.328,0.0,0.0,0.0,1.878,0.0,2.87,0.0,0.0,0.0,0.0,0.0,0.0,0.0,0.0,0.0,0.0,0.0,0.0,0.0,0.0,1.328,0.0,1.328,1.328,2.492,2.232,0.0,0.0,0.0,0.0,0.0,0.0,0.0,0.0,0.0,0.0,1.328,0.0,0.0,0.0,0.0,0.0,0.0,0.0,0.0,0.0,2.232,1.328,1.328,1.878,0.0,0.0,1.328,1.878,0.0,3.016,0.0,0.0,0.0,0.0,0.0,0.0,1.328,0.0,0.0,0.0,1.878,0.0,1.878,0.0,1.328,1.328,2.492,0.0,1.328,0.0,2.232,0.0,0.0,0.0,0.0,1.878,1.878,0.0,1.328,0.0,0.0,0.0,0.0,1.328,0.0,0.0,0.0,3.45,2.492,0.0,1.328,0.0,1.328,0.0,0.0,1.328,0.0,1.878,0.0,1.878,0.0,1.328,0.0,1.328,0.0,1.328,0.0,1.328,1.328,1.328,0.0,0.0,0.0,0.0,0.0,1.878,0.0,0.0,0.0,0.0,0.0,0.0,1.328,1.328,0.0,2.232,0.0,1.328,1.328,0.0,0.0,0.0,1.328,3.357,0.0,0.0,0.0,2.232,1.878,1.878,1.328,0.0,0.0,2.232,1.328,0.0,1.328,0.0,0.0,1.328,3.534,0.0,0.0,0.0,0.0,0.0,1.328,0.0,0.0,1.328,0.0,5.033,0.0,1.328,0.0,0.0,0.0,0.0,0.0,0.0,2.87,0.0,0.0,0.0,0.0,0.0,1.328,0.0,0.0,0.0,0.0,1.328,0.0,0.0,1.328,1.328,1.328,0.0,1.328,1.878,1.878,0.0,0.0,1.328,1.328,1.328,0.0,2.232,0.0,0.0,0.0,0.0,0.0,0.0,1.878,0.0,0.0,2.492,0.0,1.328,0.0
T-Zelle,0.0,0.0,0.0,1.979,0.0,0.0,0.0,0.0,0.0,0.0,1.979,0.0,0.0,0.0,0.0,0.0,0.0,3.369,0.0,0.0,0.0,0.0,1.415,0.0,1.979,1.415,0.0,1.415,1.415,0.0,0.0,1.415,0.0,0.0,0.0,1.979,0.0,0.0,0.0,0.0,0.0,0.0,1.415,0.0,1.979,0.0,0.0,0.0,1.415,0.0,1.415,2.6,0.0,0.0,0.0,3.726,0.0,0.0,0.0,0.0,0.0,0.0,0.0,0.0,0.0,0.0,1.415,0.0,0.0,0.0,0.0,0.0,0.0,0.0,0.0,0.0,0.0,0.0,0.0,0.0,0.0,0.0,1.415,0.0,1.979,1.415,1.415,0.0,0.0,0.0,1.415,1.415,0.0,0.0,1.979,0.0,0.0,0.0,0.0,0.0,0.0,0.0,0.0,0.0,0.0,1.979,1.415,0.0,0.0,0.0,0.0,1.415,1.415,0.0,0.0,0.0,1.415,0.0,0.0,1.415,0.0,1.415,0.0,0.0,0.0,0.0,0.0,0.0,0.0,0.0,0.0,0.0,0.0,0.0,0.0,0.0,0.0,0.0,0.0,0.0,0.0,1.415,0.0,0.0,1.415,0.0,0.0,0.0,0.0,0.0,0.0,0.0,1.979,0.0,0.0,0.0,0.0,0.0,0.0,1.415,1.415,2.337,0.0,0.0,0.0,0.0,0.0,0.0,0.0,0.0,0.0,0.0,0.0,0.0,0.0,0.0,0.0,0.0,0.0,0.0,0.0,0.0,0.0,0.0,1.979,0.0,1.415,0.0,0.0,2.337,1.415,0.0,0.0,1.415,0.0,1.979,1.979,0.0,0.0,1.415,0.0,1.415,2.337,0.0,1.415,0.0,0.0,0.0,1.979,1.979,0.0,2.98,0.0,1.415,1.415,0.0,0.0,0.0,0.0,0.0,0.0,0.0,0.0,0.0,0.0,0.0,0.0,1.979,0.0,0.0,3.369,1.415,0.0,0.0,2.337,0.0,0.0,0.0,0.0,0.0,0.0,0.0,0.0,0.0,0.0,0.0,0.0,1.415,0.0,0.0,0.0,0.0,1.415,0.0,1.415,0.0,0.0,0.0,0.0,0.0,0.0,0.0,0.0,0.0,0.0,0.0,1.415,1.979,1.979,0.0,0.0,0.0,0.0,2.337,0.0,0.0,1.415,0.0,0.0,1.415,1.415,0.0,1.415,1.415,0.0,0.0,0.0,0.0,0.0,0.0,0.0,0.0,0.0,0.0,0.0,0.0,0.0,1.415,0.0,0.0,0.0,0.0,0.0,0.0,0.0,0.0,0.0,0.0,0.0,1.415,0.0,1.415,0.0,0.0,0.0,1.415,1.415,0.0,0.0,0.0,0.0,1.415,0.0,1.415,2.6,0.0,0.0,0.0,0.0,1.415,0.0,1.979,2.98,0.0,0.0,0.0,0.0,0.0,0.0,0.0,0.0,0.0,0.0,0.0,0.0,1.415,0.0,1.979,0.0,1.979,0.0,0.0,0.0,0.0,1.415,0.0,0.0,0.0,0.0,1.979,0.0,1.415,1.979,1.415,0.0,0.0,1.415,0.0,0.0,0.0,1.415,1.415,0.0,0.0,1.979,0.0,0.0,0.0,0.0,2.98,0.0,0.0,0.0,1.415,0.0,0.0,1.979,0.0,1.415,0.0,0.0,1.979,1.415,1.979,3.127,1.415,0.0,0.0,0.0,0.0,1.415,0.0,0.0,0.0,0.0,0.0,0.0,0.0,2.6,1.415,0.0,0.0,0.0,1.415,0.0,0.0,0.0,1.415,0.0,0.0,0.0,0.0,1.415,0.0,0.0,0.0,0.0,0.0,0.0,2.337,0.0,0.0,0.0,1.415,0.0,1.415,0.0,0.0,1.415,1.415,1.415,1.415,1.415,0.0,0.0,0.0,0.0,0.0,0.0,0.0,0.0,1.415,0.0,0.0,0.0,0.0,1.979,2.337,0.0,1.979,0.0,1.415,0.0,0.0,0.0,0.0,0.0,0.0,0.0,0.0,0.0,0.0,0.0,0.0,1.979,0.0,1.979,1.415,1.979,2.808,0.0,0.0,0.0,0.0,0.0,0.0,0.0,0.0,0.0,1.415,0.0,3.369,0.0,0.0,0.0,0.0,1.415,0.0,1.415,0.0,0.0,0.0,0.0,0.0,0.0,0.0,0.0,1.979,0.0,0.0,0.0,0.0,0.0,0.0,1.979,0.0,0.0,2.337,0.0,0.0,0.0,0.0,0.0,0.0,2.808,0.0,0.0,0.0,0.0,1.415,1.415,2.337,1.979,2.6,1.979,1.415,0.0,1.415,0.0,0.0,0.0,0.0,1.415,1.979,0.0,0.0,0.0,1.415,0.0,0.0,1.415,1.415,0.0,1.415,0.0,0.0,0.0,0.0,1.979,0.0,0.0,0.0,1.415,0.0,0.0,1.415,0.0,0.0,1.415,1.415,0.0,1.415,0.0,1.979,0.0,0.0,0.0,0.0,0.0,1.415,1.415,0.0,1.415,0.0,0.0,1.979,0.0,0.0,1.415,0.0,0.0,1.979,0.0,0.0,1.415,0.0,1.979,0.0,0.0,0.0,0.0,0.0,0.0,0.0,0.0,0.0,0.0,0.0,1.415,0.0,0.0,0.0,1.415,0.0,0.0,1.415,1.415,0.0,0.0,0.0,2.6,1.415,0.0,0.0,0.0,0.0,0.0,0.0,2.337,1.979,1.415,0.0,0.0,0.0,0.0,0.0,0.0,0.0,0.0,0.0,0.0,0.0,0.0,0.0,0.0,1.415,1.415,0.0,1.415,0.0,0.0,1.979,0.0,2.98,1.415,1.415,1.415,1.415,0.0,0.0,0.0,1.415,1.415,1.979,0.0,1.415,0.0,0.0,1.979,0.0,0.0,0.0,0.0,0.0,1.979,0.0,0.0,0.0,0.0,1.415,0.0,1.415,0.0,0.0,0.0,0.0,1.979,3.563,0.0,0.0,0.0,0.0,0.0,0.0,0.0,0.0,0.0,0.0,1.979,0.0,0.0,0.0,0.0,1.415,0.0,0.0,0.0,0.0,0.0,0.0,0.0,1.979,0.0,1.415,0.0,3.127,1.415,2.6,0.0,2.6,0.0,0.0,0.0,0.0,0.0,0.0,0.0,0.0,0.0,0.0,0.0,0.0,0.0,1.415,0.0,0.0,0.0,0.0,0.0,0.0,1.979,0.0,0.0,0.0,2.337,0.0,0.0,2.337,1.415,0.0,0.0,0.0,0.0,1.979,0.0,0.0,0.0,0.0,0.0,0.0,0.0,1.979,0.0,0.0,0.0
B-Zelle,0.0,0.0,0.829,2.009,0.0,1.818,0.829,0.0,0.0,0.0,0.0,0.0,0.0,0.0,0.829,0.829,1.276,3.013,0.0,0.829,0.0,1.276,1.276,0.0,0.0,1.583,0.0,1.276,0.829,0.0,0.0,2.306,0.0,1.583,0.829,1.276,0.0,0.0,1.818,0.0,0.0,0.0,0.0,0.0,0.0,0.0,0.0,1.583,2.009,0.829,0.829,2.878,0.0,0.0,1.276,0.829,0.0,2.168,0.0,1.583,0.0,0.829,1.276,0.0,0.0,0.0,2.721,0.0,0.0,1.276,0.0,0.0,0.0,0.0,0.0,0.0,0.0,1.583,0.0,1.276,0.0,0.829,1.276,0.0,1.583,0.829,0.0,0.0,0.0,0.0,0.829,0.0,0.0,0.0,1.818,0.829,0.0,0.829,0.0,1.583,0.0,0.829,0.0,0.0,0.0,0.0,0.0,0.0,0.0,0.0,0.0,1.276,2.632,0.0,0.0,0.0,1.276,0.0,1.276,2.721,1.276,1.276,0.0,0.0,0.0,0.829,0.829,0.0,1.818,0.0,0.0,0.0,0.0,0.0,0.0,0.0,2.009,1.276,0.829,0.829,1.818,2.168,0.829,1.818,0.0,0.829,0.0,1.583,0.0,0.829,1.583,0.0,0.0,0.0,2.009,0.0,0.0,0.0,1.276,0.0,0.829,1.276,1.276,0.0,2.009,0.0,1.276,0.0,0.0,0.829,0.0,0.0,0.829,0.0,0.0,0.0,0.0,0.0,2.535,0.829,1.276,0.0,0.829,0.0,0.829,0.0,0.829,3.075,2.632,0.0,0.0,0.0,0.0,0.0,0.829,2.168,0.829,0.0,0.0,2.427,0.829,0.0,2.009,1.276,0.0,0.0,3.133,1.276,0.829,3.013,0.0,3.239,1.818,2.009,1.276,0.0,0.829,1.276,1.818,0.0,0.829,0.0,0.0,0.0,0.0,0.0,0.0,3.336,2.009,0.0,0.0,0.0,0.0,0.829,3.133,0.829,1.583,1.276,2.009,1.276,0.829,0.0,0.0,0.0,1.583,1.276,0.0,1.276,0.0,2.009,2.632,1.583,1.818,0.829,1.583,0.0,1.583,0.829,0.0,1.276,0.829,0.0,0.0,0.0,0.0,1.276,0.829,0.829,0.0,0.0,0.829,0.829,2.306,0.829,0.0,0.829,1.583,0.0,0.829,0.829,3.188,0.829,0.0,1.818,0.0,0.829,1.276,0.0,0.0,0.0,0.0,0.0,0.0,0.0,0.829,2.427,0.829,1.276,0.0,1.583,0.0,0.0,0.0,0.0,0.0,0.0,0.0,0.829,0.0,0.0,0.0,0.0,0.0,0.0,0.0,2.306,0.0,0.0,1.818,0.0,0.0,2.306,0.0,0.829,0.829,1.276,0.0,1.276,0.0,0.0,1.583,0.0,2.168,0.0,0.0,0.829,0.829,0.0,0.0,0.0,0.0,0.0,0.829,1.818,1.583,2.009,1.818,0.829,0.0,1.583,0.829,0.829,0.829,0.829,0.0,0.0,0.0,0.0,0.0,2.009,0.0,2.168,2.306,0.829,0.829,1.276,1.583,0.0,0.0,0.0,1.276,0.0,0.0,0.0,0.0,0.0,1.276,0.0,0.0,2.803,0.0,1.276,0.0,0.0,0.0,0.0,0.829,0.0,2.535,2.535,0.0,0.829,0.829,0.829,2.306,1.276,0.0,1.276,1.276,0.0,0.0,0.0,0.0,1.276,0.0,0.0,0.0,0.0,0.0,0.0,0.0,0.829,0.0,2.168,0.0,0.0,1.276,0.0,3.424,1.276,0.0,0.0,0.829,0.0,1.276,0.0,0.0,0.829,0.829,0.0,1.276,0.0,0.0,0.829,0.0,0.0,1.276,0.0,0.0,0.0,2.009,0.0,3.075,0.829,1.818,0.0,0.0,0.0,1.818,0.829,1.583,0.829,0.829,0.0,0.0,0.0,0.0,0.0,0.0,0.0,0.0,0.0,0.0,0.0,0.0,0.0,0.0,0.0,0.0,0.0,0.0,0.0,0.0,0.0,2.427,0.0,2.427,2.306,0.0,2.427,0.0,1.276,0.829,1.818,2.009,0.0,0.829,0.0,0.0,2.168,0.0,0.0,0.829,0.0,1.276,1.583,2.535,1.818,2.427,0.829,0.0,0.0,0.0,0.0,0.0,1.583,1.583,0.0,0.0,0.0,0.0,0.829,1.276,0.0,1.583,0.0,3.075,2.168,0.0,0.0,0.0,1.276,0.829,0.0,2.427,0.0,0.829,0.0,0.0,2.009,0.0,0.0,1.583,2.427,0.829,0.0,0.0,2.535,2.009,0.0,0.0,1.276,1.818,2.306,0.0,0.829,1.276,1.276,0.829,1.583,0.829,3.504,0.0,2.632,0.0,1.583,0.829,0.0,1.583,0.0,2.009,0.0,0.0,0.829,0.0,1.583,0.0,0.0,1.276,1.276,2.009,1.276,2.009,0.0,0.0,0.829,0.0,1.583,0.0,1.276,0.829,0.829,1.818,0.0,2.009,0.829,0.829,0.0,0.0,0.0,2.427,0.0,0.0,2.009,3.133,1.583,1.583,0.0,0.829,0.0,0.0,0.0,0.829,0.0,0.0,0.829,1.583,0.829,0.0,0.0,0.829,0.0,0.0,1.583,0.0,2.009,1.276,0.0,0.0,0.0,1.276,0.0,2.306,0.0,0.0,0.0,2.632,2.168,0.0,0.0,0.0,0.0,0.0,0.0,0.829,0.829,0.0,1.276,2.306,1.276,0.829,0.0,0.0,0.829,1.818,1.276,1.276,1.583,1.818,0.0,0.0,0.0,0.0,2.721,1.583,1.583,0.0,0.0,0.0,0.0,0.0,0.829,2.427,1.583,0.0,0.829,0.829,0.829,1.276,1.818,0.0,0.0,0.829,0.0,1.276,0.829,0.829,0.829,0.0,0.0,0.0,1.583,0.0,0.0,0.829,1.583,2.306,0.0,0.829,2.009,0.0,2.168,0.829,0.0,2.009,0.829,0.829,0.0,1.583,0.0,2.306,0.829,0.0,1.818,0.0,0.829,1.276,0.0,0.0,2.168,2.168,0.0,1.583,2.427,2.009,3.887,0.829,0.0,0.0,1.276,0.0,0.0,0.829,0.0,0.0,0.0,0.0,0.829,0.0,0.0,0.0,0.0,1.583,0.829,0.0,2.168,0.829,0.0,0.0,1.276,2.878,0.0,0.0,0.0,0.829,0.0,0.0,0.0,0.829,2.168,0.829,1.583,2.168,2.306,0.0,1.818,0.829,0.0,1.276,1.276,1.818,0.0,0.0,0.0,0.0
Dendritische Zelle,0.0,0.0,1.87,0.0,0.0,0.0,1.32,0.0,0.0,0.0,0.0,1.32,0.0,0.0,1.32,0.0,0.0,1.32,1.32,1.87,0.0,1.32,0.0,0.0,0.0,0.0,0.0,2.223,1.87,0.0,0.0,1.32,0.0,0.0,0.0,1.32,0.0,0.0,1.32,1.32,3.348,1.87,1.87,0.0,1.32,0.0,0.0,0.0,1.32,2.223,1.32,2.483,0.0,0.0,2.86,3.602,0.0,0.0,0.0,0.0,0.0,1.87,0.0,0.0,1.32,1.32,2.86,0.0,3.006,0.0,0.0,0.0,0.0,0.0,1.32,0.0,0.0,0.0,0.0,0.0,0.0,0.0,1.32,0.0,1.32,0.0,0.0,0.0,0.0,0.0,0.0,1.32,0.0,0.0,0.0,0.0,0.0,1.32,1.87,0.0,1.87,1.32,0.0,0.0,0.0,0.0,0.0,0.0,0.0,2.483,0.0,1.87,1.87,0.0,1.32,1.32,1.32,0.0,0.0,1.32,1.32,1.32,0.0,0.0,0.0,0.0,0.0,1.32,1.32,2.483,0.0,0.0,0.0,1.32,0.0,0.0,1.32,1.32,0.0,2.483,1.32,0.0,0.0,0.0,0.0,0.0,1.32,1.87,0.0,1.32,0.0,0.0,1.87,1.32,1.32,0.0,0.0,0.0,1.32,0.0,2.223,1.32,0.0,0.0,0.0,1.32,0.0,0.0,1.32,1.32,0.0,0.0,0.0,0.0,0.0,0.0,0.0,0.0,0.0,0.0,1.32,2.223,0.0,0.0,0.0,0.0,2.483,0.0,0.0,1.32,1.32,0.0,0.0,0.0,0.0,2.689,1.32,0.0,0.0,1.32,0.0,0.0,0.0,1.32,0.0,0.0,0.0,1.32,1.32,5.059,0.0,2.223,2.223,2.223,1.32,0.0,0.0,0.0,0.0,1.87,1.32,0.0,1.87,0.0,0.0,0.0,1.32,0.0,0.0,0.0,1.32,3.246,1.32,0.0,3.006,1.32,4.756,2.483,3.864,3.246,3.006,3.348,2.689,1.87,4.117,4.455,0.0,0.0,0.0,0.0,0.0,1.32,1.32,0.0,1.32,0.0,0.0,1.32,0.0,0.0,0.0,1.87,0.0,0.0,0.0,0.0,0.0,0.0,0.0,0.0,0.0,0.0,1.87,0.0,0.0,0.0,0.0,0.0,0.0,0.0,2.689,0.0,0.0,0.0,0.0,1.87,1.32,0.0,0.0,0.0,0.0,0.0,0.0,0.0,0.0,2.223,0.0,1.87,0.0,1.87,0.0,0.0,0.0,0.0,0.0,0.0,0.0,2.223,1.32,0.0,0.0,0.0,0.0,0.0,0.0,0.0,2.689,2.86,0.0,0.0,0.0,1.32,1.32,1.87,0.0,0.0,0.0,0.0,0.0,0.0,1.87,0.0,1.32,1.87,0.0,0.0,0.0,0.0,1.32,0.0,0.0,0.0,1.32,1.32,0.0,1.87,1.32,0.0,0.0,1.32,1.32,0.0,1.32,0.0,0.0,1.32,0.0,2.223,1.32,0.0,0.0,0.0,0.0,1.32,0.0,0.0,0.0,1.32,0.0,0.0,0.0,0.0,1.32,0.0,0.0,0.0,0.0,0.0,0.0,3.864,0.0,0.0,0.0,0.0,0.0,0.0,0.0,0.0,3.006,1.32,0.0,1.32,1.32,0.0,3.133,0.0,1.32,0.0,0.0,1.32,0.0,0.0,1.32,0.0,0.0,0.0,0.0,0.0,1.32,0.0,0.0,2.483,0.0,1.87,0.0,0.0,0.0,0.0,2.86,0.0,0.0,2.223,0.0,0.0,1.32,0.0,0.0,0.0,1.32,0.0,0.0,0.0,1.32,0.0,0.0,0.0,0.0,0.0,0.0,0.0,0.0,0.0,3.246,0.0,0.0,0.0,1.32,0.0,0.0,0.0,1.32,1.32,0.0,0.0,0.0,3.133,0.0,0.0,0.0,0.0,0.0,0.0,0.0,0.0,0.0,0.0,0.0,0.0,0.0,0.0,0.0,0.0,0.0,0.0,0.0,0.0,0.0,2.483,1.32,1.32,0.0,0.0,0.0,0.0,0.0,0.0,0.0,4.824,0.0,0.0,1.32,0.0,0.0,1.32,1.32,0.0,2.483,0.0,2.223,1.32,0.0,0.0,0.0,0.0,0.0,0.0,0.0,0.0,0.0,0.0,0.0,0.0,0.0,1.32,2.223,1.32,2.223,1.87,0.0,0.0,0.0,0.0,0.0,0.0,2.223,1.32,1.87,0.0,0.0,0.0,0.0,1.87,1.32,0.0,1.32,0.0,0.0,0.0,0.0,0.0,0.0,0.0,0.0,1.32,0.0,0.0,0.0,0.0,0.0,0.0,0.0,1.32,0.0,0.0,0.0,0.0,0.0,1.32,0.0,0.0,0.0,0.0,0.0,0.0,0.0,0.0,0.0,0.0,0.0,0.0,2.483,0.0,1.32,0.0,0.0,0.0,0.0,0.0,0.0,0.0,0.0,0.0,1.32,0.0,2.483,1.87,1.32,0.0,0.0,0.0,0.0,0.0,0.0,0.0,2.689,2.223,1.87,0.0,0.0,0.0,0.0,0.0,0.0,0.0,0.0,0.0,0.0,0.0,0.0,0.0,1.87,0.0,0.0,1.32,2.223,1.87,0.0,0.0,1.87,0.0,2.483,1.32,1.32,0.0,0.0,0.0,1.87,1.87,1.32,0.0,1.32,0.0,0.0,0.0,0.0,0.0,0.0,0.0,0.0,0.0,0.0,4.517,0.0,0.0,1.32,0.0,0.0,1.32,2.689,0.0,0.0,1.32,0.0,1.32,0.0,1.87,1.32,0.0,0.0,0.0,1.32,0.0,1.32,0.0,0.0,0.0,0.0,0.0,1.32,0.0,0.0,0.0,0.0,0.0,2.223,0.0,1.32,0.0,0.0,1.87,0.0,0.0,0.0,0.0,1.32,0.0,2.483,2.223,0.0,1.32,1.32,1.87,1.32,1.32,1.32,0.0,0.0,2.483,1.32,0.0,0.0,2.223,1.32,0.0,2.86,0.0,0.0,1.32,0.0,0.0,0.0,0.0,0.0,0.0,2.223,3.92,0.0,2.223,0.0,1.32,0.0,0.0,0.0,1.32,0.0,0.0,0.0,0.0,0.0,0.0,0.0,1.32,1.32,1.32,0.0,1.32,0.0,0.0,0.0,0.0,0.0,0.0,0.0,0.0,1.32,0.0,0.0,1.87,1.32,0.0,0.0,2.483,0.0,0.0,0.0,2.483,0.0,1.32,1.32,2.223,1.32,2.223,0.0,0.0,0.0
Monozyt,1.837,0.0,1.837,1.291,1.291,0.0,0.0,0.0,1.291,1.837,1.291,0.0,3.564,3.208,0.0,0.0,0.0,2.969,0.0,0.0,0.0,1.291,0.0,0.0,0.0,0.0,0.0,1.291,1.291,0.0,0.0,0.0,0.0,1.291,0.0,0.0,0.0,0.0,1.291,0.0,2.188,0.0,1.291,0.0,2.188,0.0,0.0,1.291,0.0,2.652,0.0,2.188,1.291,0.0,2.823,3.636,0.0,1.291,1.291,1.291,0.0,1.291,0.0,0.0,0.0,0.0,0.0,0.0,3.096,0.0,1.291,0.0,0.0,1.291,0.0,0.0,0.0,1.291,0.0,0.0,0.0,0.0,0.0,0.0,0.0,0.0,0.0,0.0,0.0,0.0,0.0,0.0,1.291,1.291,0.0,0.0,1.291,0.0,1.291,0.0,0.0,2.188,0.0,0.0,0.0,0.0,0.0,0.0,0.0,0.0,0.0,1.837,1.837,1.291,0.0,0.0,0.0,0.0,1.291,0.0,1.837,2.188,0.0,0.0,0.0,0.0,0.0,1.291,0.0,0.0,0.0,0.0,1.291,0.0,0.0,0.0,1.291,0.0,1.291,3.096,1.837,0.0,0.0,0.0,0.0,1.291,0.0,0.0,0.0,0.0,0.0,0.0,1.291,0.0,0.0,0.0,1.291,0.0,0.0,0.0,1.291,0.0,0.0,0.0,1.291,0.0,0.0,0.0,0.0,0.0,0.0,0.0,0.0,1.291,0.0,0.0,0.0,0.0,0.0,1.291,0.0,2.188,0.0,0.0,0.0,0.0,1.837,1.291,1.291,0.0,0.0,0.0,0.0,0.0,0.0,1.291,2.188,0.0,0.0,1.291,1.291,0.0,1.291,0.0,1.291,0.0,0.0,0.0,1.837,4.384,0.0,1.837,0.0,2.188,1.291,0.0,0.0,0.0,0.0,1.291,0.0,1.291,0.0,0.0,1.291,0.0,1.291,0.0,1.837,0.0,3.208,2.823,3.934,1.291,1.837,1.291,4.032,3.208,3.703,2.823,1.837,1.837,0.0,0.0,3.934,4.164,0.0,0.0,0.0,0.0,0.0,0.0,1.291,0.0,0.0,0.0,0.0,0.0,0.0,0.0,1.291,1.291,0.0,0.0,0.0,0.0,0.0,0.0,1.837,0.0,0.0,0.0,2.447,2.652,1.291,0.0,1.291,0.0,0.0,1.291,2.823,0.0,0.0,1.291,0.0,0.0,1.291,1.291,0.0,0.0,0.0,0.0,0.0,1.291,0.0,1.837,0.0,2.447,0.0,0.0,0.0,0.0,1.291,0.0,0.0,0.0,1.291,1.291,1.291,2.188,0.0,1.837,1.291,0.0,0.0,2.188,1.291,2.188,0.0,0.0,2.188,0.0,0.0,0.0,2.188,0.0,0.0,0.0,0.0,0.0,1.291,0.0,0.0,1.291,0.0,0.0,0.0,1.291,0.0,0.0,0.0,1.291,0.0,0.0,0.0,1.291,0.0,1.291,0.0,2.823,0.0,0.0,0.0,0.0,0.0,1.291,0.0,1.291,0.0,0.0,0.0,1.291,1.837,1.291,1.837,0.0,1.291,0.0,0.0,0.0,1.837,0.0,1.291,0.0,0.0,0.0,0.0,0.0,0.0,2.447,0.0,0.0,0.0,0.0,0.0,0.0,0.0,0.0,2.188,1.837,0.0,2.188,2.188,0.0,2.823,0.0,0.0,0.0,0.0,0.0,0.0,0.0,0.0,0.0,0.0,0.0,1.291,1.291,2.447,1.291,3.096,0.0,0.0,1.291,0.0,0.0,0.0,0.0,0.0,0.0,1.291,2.188,0.0,0.0,0.0,0.0,0.0,0.0,1.291,0.0,0.0,0.0,0.0,0.0,0.0,0.0,0.0,1.291,0.0,1.291,2.447,1.837,1.291,1.291,0.0,1.291,1.837,1.291,1.291,0.0,1.291,0.0,0.0,0.0,0.0,0.0,2.188,1.291,0.0,0.0,0.0,0.0,0.0,0.0,0.0,0.0,0.0,0.0,0.0,0.0,0.0,0.0,0.0,0.0,2.188,0.0,0.0,0.0,1.837,2.652,0.0,1.837,1.291,0.0,0.0,0.0,0.0,2.823,0.0,2.188,1.837,2.188,0.0,0.0,1.291,0.0,1.837,1.291,2.447,0.0,0.0,0.0,0.0,0.0,1.291,1.291,0.0,0.0,0.0,0.0,0.0,0.0,0.0,0.0,0.0,0.0,2.447,0.0,0.0,0.0,0.0,1.291,1.291,0.0,2.188,1.837,0.0,0.0,0.0,1.837,0.0,2.823,0.0,1.837,1.837,0.0,0.0,0.0,0.0,0.0,0.0,0.0,0.0,0.0,0.0,0.0,0.0,1.291,0.0,1.291,0.0,2.188,0.0,1.291,0.0,0.0,1.837,0.0,1.291,0.0,1.291,0.0,1.837,0.0,0.0,0.0,1.291,0.0,0.0,1.291,0.0,0.0,2.447,1.291,0.0,0.0,1.291,0.0,0.0,1.837,1.291,0.0,0.0,0.0,0.0,1.291,0.0,0.0,0.0,0.0,1.291,0.0,0.0,0.0,2.969,1.291,0.0,0.0,0.0,0.0,0.0,0.0,1.291,0.0,0.0,0.0,1.291,0.0,0.0,0.0,0.0,0.0,0.0,0.0,0.0,0.0,1.291,0.0,0.0,1.291,1.291,1.291,1.837,0.0,0.0,0.0,0.0,0.0,0.0,0.0,0.0,0.0,0.0,0.0,0.0,0.0,1.837,1.291,0.0,0.0,0.0,4.164,0.0,0.0,0.0,0.0,1.291,0.0,1.291,1.291,1.291,2.447,0.0,2.447,1.291,0.0,0.0,1.291,0.0,2.188,1.837,1.291,0.0,0.0,0.0,1.291,0.0,1.291,1.291,1.837,0.0,0.0,0.0,0.0,0.0,0.0,0.0,0.0,1.291,2.188,0.0,1.837,0.0,0.0,0.0,0.0,1.837,2.823,0.0,0.0,1.291,2.188,0.0,0.0,0.0,0.0,1.291,2.447,1.291,1.291,1.837,1.291,1.837,1.291,3.564,1.291,0.0,0.0,1.291,0.0,1.291,0.0,0.0,1.837,1.837,5.569,0.0,1.837,1.291,1.291,0.0,0.0,0.0,0.0,0.0,0.0,0.0,0.0,0.0,0.0,1.837,0.0,1.291,1.291,0.0,0.0,0.0,0.0,1.837,0.0,1.291,0.0,0.0,1.291,0.0,0.0,1.291,1.837,1.291,0.0,0.0,2.969,1.291,0.0,0.0,1.291,0.0,0.0,1.291,1.291,1.291,2.188,0.0,0.0,1.837
NK-Zelle,0.0,0.0,0.0,0.0,0.0,0.0,1.417,0.0,0.0,0.0,0.0,0.0,0.0,0.0,0.0,0.0,0.0,2.811,0.0,1.417,0.0,1.417,2.339,0.0,0.0,0.0,0.0,1.417,1.417,0.0,0.0,1.981,0.0,0.0,1.417,0.0,0.0,0.0,1.981,0.0,1.417,1.981,0.0,0.0,1.981,0.0,0.0,0.0,1.417,1.417,0.0,2.339,0.0,0.0,2.603,1.981,0.0,1.417,0.0,0.0,0.0,1.417,1.417,1.417,0.0,0.0,0.0,0.0,0.0,1.417,0.0,0.0,1.981,0.0,0.0,0.0,1.417,1.417,1.417,1.417,1.417,0.0,0.0,0.0,2.339,1.417,1.417,1.417,0.0,0.0,0.0,1.417,0.0,0.0,1.981,0.0,0.0,1.417,1.417,0.0,0.0,1.417,3.869,0.0,0.0,0.0,0.0,1.417,0.0,0.0,0.0,1.417,1.417,0.0,1.417,0.0,0.0,1.417,0.0,0.0,0.0,0.0,0.0,0.0,0.0,1.417,0.0,0.0,0.0,0.0,0.0,0.0,0.0,0.0,0.0,1.417,0.0,0.0,0.0,0.0,0.0,0.0,0.0,0.0,0.0,0.0,1.981,1.981,0.0,0.0,0.0,0.0,0.0,1.417,1.417,0.0,1.417,0.0,0.0,0.0,0.0,1.417,0.0,0.0,0.0,2.339,0.0,0.0,0.0,0.0,0.0,1.417,0.0,0.0,0.0,1.417,0.0,0.0,0.0,0.0,1.417,1.417,0.0,0.0,1.417,1.417,0.0,0.0,0.0,0.0,1.417,0.0,1.417,1.981,1.417,0.0,1.417,1.417,1.417,0.0,0.0,0.0,1.417,0.0,1.417,0.0,0.0,1.417,0.0,1.981,0.0,2.603,0.0,0.0,1.981,0.0,0.0,0.0,0.0,0.0,1.981,0.0,0.0,0.0,0.0,0.0,0.0,1.417,0.0,0.0,1.417,0.0,0.0,0.0,1.417,0.0,0.0,0.0,0.0,0.0,0.0,0.0,0.0,0.0,0.0,0.0,1.417,0.0,0.0,1.417,0.0,0.0,0.0,1.417,1.417,0.0,0.0,0.0,0.0,1.417,0.0,1.417,0.0,1.417,1.417,0.0,0.0,1.981,1.417,0.0,0.0,0.0,1.417,1.417,0.0,1.417,1.981,1.417,0.0,0.0,1.981,0.0,0.0,0.0,0.0,0.0,1.417,0.0,0.0,1.417,0.0,0.0,0.0,0.0,1.417,0.0,1.417,1.417,0.0,1.417,0.0,0.0,0.0,0.0,0.0,0.0,1.417,1.981,0.0,1.981,0.0,1.417,0.0,0.0,0.0,1.417,0.0,0.0,0.0,0.0,1.417,0.0,0.0,1.417,0.0,0.0,2.339,0.0,0.0,0.0,1.981,1.417,0.0,0.0,0.0,0.0,0.0,0.0,0.0,0.0,0.0,0.0,0.0,2.339,0.0,0.0,0.0,2.339,0.0,1.981,0.0,0.0,0.0,0.0,0.0,0.0,0.0,2.983,0.0,0.0,0.0,0.0,0.0,1.981,1.417,0.0,1.417,0.0,0.0,0.0,0.0,0.0,0.0,2.603,0.0,0.0,0.0,0.0,0.0,0.0,0.0,0.0,1.417,0.0,1.417,0.0,1.417,0.0,2.603,0.0,0.0,0.0,1.417,1.417,3.932,1.417,0.0,0.0,1.417,0.0,1.417,0.0,0.0,0.0,0.0,0.0,0.0,0.0,2.983,0.0,1.417,0.0,0.0,0.0,0.0,0.0,0.0,2.603,0.0,0.0,0.0,0.0,0.0,0.0,0.0,0.0,0.0,0.0,1.417,0.0,0.0,0.0,0.0,0.0,0.0,2.603,1.981,0.0,0.0,1.417,1.981,2.339,2.339,0.0,1.981,0.0,1.981,0.0,0.0,0.0,0.0,0.0,0.0,0.0,0.0,0.0,1.981,1.417,1.417,0.0,0.0,1.417,0.0,0.0,0.0,0.0,0.0,1.417,0.0,0.0,0.0,0.0,0.0,0.0,3.13,0.0,1.981,0.0,0.0,2.339,0.0,0.0,0.0,0.0,0.0,0.0,0.0,0.0,0.0,1.417,1.417,2.603,1.417,0.0,0.0,0.0,1.417,0.0,1.417,0.0,1.417,0.0,0.0,0.0,0.0,0.0,0.0,0.0,0.0,0.0,0.0,0.0,0.0,0.0,1.417,0.0,1.417,1.417,0.0,2.603,3.651,0.0,0.0,0.0,2.983,0.0,0.0,0.0,0.0,0.0,0.0,1.417,0.0,1.981,1.417,0.0,0.0,1.981,0.0,0.0,0.0,0.0,1.981,1.417,0.0,1.981,0.0,0.0,0.0,0.0,0.0,0.0,0.0,0.0,0.0,0.0,0.0,0.0,0.0,1.417,2.339,0.0,1.417,0.0,0.0,1.417,0.0,0.0,1.417,0.0,0.0,0.0,0.0,1.417,0.0,0.0,1.417,0.0,0.0,0.0,0.0,1.417,0.0,0.0,1.417,0.0,0.0,0.0,0.0,0.0,1.417,0.0,0.0,0.0,3.13,0.0,1.981,1.417,0.0,0.0,1.417,0.0,0.0,0.0,0.0,0.0,0.0,2.339,0.0,0.0,1.417,0.0,1.417,0.0,1.981,1.981,0.0,0.0,0.0,0.0,0.0,0.0,1.981,0.0,0.0,0.0,0.0,1.981,1.417,3.372,1.417,0.0,0.0,0.0,1.417,0.0,0.0,1.417,0.0,0.0,0.0,0.0,1.417,1.417,1.417,1.417,0.0,0.0,0.0,0.0,0.0,0.0,0.0,0.0,1.417,2.339,2.339,2.983,0.0,0.0,0.0,0.0,1.417,1.981,1.417,0.0,0.0,0.0,1.981,0.0,0.0,1.981,1.417,0.0,1.417,0.0,0.0,0.0,0.0,2.339,0.0,2.339,0.0,0.0,0.0,0.0,1.981,2.339,1.417,0.0,0.0,1.417,0.0,1.417,1.981,0.0,1.417,0.0,0.0,1.417,1.417,2.339,0.0,2.983,1.981,0.0,0.0,0.0,0.0,0.0,1.417,0.0,1.417,0.0,0.0,2.811,1.417,0.0,0.0,2.983,0.0,0.0,0.0,0.0,3.801,0.0,0.0,1.417,0.0,0.0,0.0,0.0,0.0,0.0,1.417,1.417,0.0,0.0,0.0,1.417,0.0,1.417,0.0,0.0,1.417,0.0,0.0,2.339,0.0,0.0,0.0,0.0,0.0,1.981,0.0,0.0,0.0,0.0,1.417,1.981,0.0,2.983,0.0,1.417,0.0
T-Zelle,0.0,0.0,0.0,2.462,0.0,0.0,0.0,0.0,0.0,0.0,2.462,0.0,0.0,0.0,0.0,0.0,1.851,3.112,0.0,0.0,0.0,1.851,0.0,0.0,2.202,1.851,0.0,1.304,1.304,0.0,1.304,0.0,0.0,0.0,1.304,2.462,0.0,0.0,2.202,0.0,0.0,0.0,1.304,0.0,1.304,0.0,0.0,0.0,1.304,0.0,1.851,2.462,0.0,0.0,2.985,2.839,0.0,1.851,0.0,1.304,0.0,0.0,1.304,0.0,0.0,0.0,1.304,0.0,0.0,0.0,0.0,0.0,1.304,0.0,0.0,0.0,0.0,1.851,0.0,2.668,1.304,0.0,0.0,0.0,1.304,1.851,0.0,0.0,0.0,0.0,0.0,1.304,0.0,0.0,1.304,1.304,1.304,0.0,0.0,0.0,0.0,1.304,0.0,0.0,2.668,0.0,2.462,0.0,0.0,0.0,0.0,1.851,2.668,0.0,0.0,1.304,1.304,0.0,1.304,1.851,0.0,1.304,0.0,0.0,0.0,0.0,1.304,0.0,1.304,0.0,0.0,0.0,0.0,0.0,0.0,0.0,0.0,1.851,1.304,0.0,1.304,1.304,0.0,1.304,1.851,1.304,0.0,1.304,2.202,0.0,1.304,0.0,0.0,0.0,0.0,0.0,0.0,0.0,0.0,0.0,0.0,1.304,0.0,0.0,0.0,1.304,0.0,0.0,1.304,0.0,0.0,0.0,1.304,0.0,0.0,0.0,0.0,0.0,0.0,1.851,2.202,0.0,0.0,0.0,1.851,2.668,2.202,2.202,0.0,0.0,2.202,1.304,3.112,0.0,1.851,1.851,1.851,0.0,0.0,0.0,0.0,0.0,2.462,0.0,0.0,1.304,0.0,1.304,0.0,3.326,0.0,2.839,0.0,2.668,1.851,1.304,0.0,1.304,0.0,0.0,1.304,0.0,0.0,0.0,1.851,0.0,0.0,0.0,1.851,1.304,2.202,1.304,1.304,0.0,1.851,1.304,2.668,0.0,0.0,0.0,0.0,0.0,0.0,0.0,0.0,0.0,0.0,0.0,0.0,0.0,0.0,1.304,0.0,1.851,1.304,0.0,0.0,0.0,0.0,0.0,1.851,0.0,0.0,0.0,0.0,0.0,0.0,0.0,1.304,1.304,0.0,1.304,2.462,2.202,0.0,1.304,1.304,0.0,0.0,0.0,2.668,0.0,1.304,0.0,0.0,0.0,1.304,0.0,0.0,1.304,0.0,0.0,0.0,0.0,1.304,1.851,0.0,0.0,0.0,1.851,0.0,0.0,0.0,0.0,1.304,0.0,0.0,1.851,0.0,1.851,0.0,1.851,0.0,0.0,0.0,1.304,0.0,0.0,1.304,1.304,0.0,2.202,0.0,1.304,1.851,0.0,0.0,0.0,1.304,0.0,2.462,0.0,0.0,0.0,0.0,0.0,0.0,0.0,1.304,1.304,0.0,0.0,1.304,1.304,0.0,0.0,0.0,1.304,0.0,1.851,0.0,0.0,0.0,0.0,0.0,0.0,0.0,2.202,0.0,2.202,0.0,2.462,1.304,1.851,0.0,0.0,2.202,0.0,0.0,0.0,1.304,0.0,1.304,0.0,0.0,0.0,1.851,0.0,0.0,2.839,0.0,0.0,1.851,1.851,1.304,0.0,1.304,0.0,1.851,0.0,0.0,0.0,0.0,2.202,3.418,1.304,0.0,0.0,0.0,0.0,0.0,0.0,2.202,0.0,0.0,0.0,0.0,1.304,2.202,0.0,0.0,0.0,0.0,0.0,0.0,0.0,0.0,1.304,1.851,0.0,0.0,0.0,0.0,1.304,1.304,0.0,0.0,0.0,0.0,1.304,1.304,0.0,0.0,0.0,0.0,0.0,0.0,0.0,1.304,2.462,2.839,0.0,1.304,0.0,0.0,1.304,1.304,0.0,1.304,0.0,1.304,1.304,0.0,0.0,0.0,0.0,1.304,2.462,1.851,1.304,0.0,2.202,0.0,0.0,0.0,0.0,0.0,0.0,0.0,0.0,0.0,0.0,0.0,0.0,3.112,0.0,1.304,0.0,1.304,3.225,0.0,0.0,0.0,0.0,1.851,0.0,0.0,0.0,0.0,2.462,1.304,2.202,2.202,0.0,0.0,0.0,0.0,0.0,2.462,0.0,1.304,0.0,0.0,1.304,0.0,1.304,1.851,0.0,0.0,0.0,0.0,0.0,0.0,0.0,0.0,0.0,1.304,1.304,0.0,0.0,0.0,0.0,0.0,0.0,2.839,1.851,0.0,0.0,0.0,0.0,1.851,0.0,1.304,1.304,0.0,1.304,0.0,1.304,0.0,0.0,1.851,1.304,1.304,2.462,0.0,0.0,0.0,2.202,0.0,1.304,1.851,1.304,0.0,1.304,0.0,0.0,1.304,1.304,0.0,0.0,1.851,0.0,1.851,0.0,0.0,0.0,0.0,0.0,0.0,1.304,1.304,1.304,2.202,0.0,0.0,0.0,1.304,0.0,1.851,2.202,1.304,1.304,1.304,0.0,1.851,1.851,0.0,0.0,0.0,0.0,1.851,0.0,0.0,2.202,2.202,0.0,1.304,0.0,0.0,0.0,1.851,0.0,1.304,3.326,0.0,1.851,0.0,0.0,0.0,0.0,1.304,0.0,0.0,1.851,0.0,0.0,0.0,0.0,2.462,0.0,2.462,0.0,1.851,0.0,0.0,0.0,1.851,0.0,0.0,1.851,0.0,1.304,0.0,0.0,0.0,0.0,1.304,0.0,0.0,1.304,0.0,0.0,0.0,1.304,0.0,2.202,0.0,0.0,0.0,0.0,0.0,1.304,1.851,2.462,1.304,1.304,0.0,2.668,0.0,0.0,0.0,0.0,0.0,0.0,0.0,1.304,0.0,0.0,1.304,1.851,0.0,0.0,0.0,0.0,0.0,1.304,1.304,0.0,0.0,2.668,1.304,0.0,0.0,0.0,1.304,0.0,1.851,1.304,0.0,0.0,0.0,1.851,1.304,1.304,2.462,0.0,0.0,0.0,2.202,0.0,2.202,1.851,0.0,1.304,0.0,0.0,0.0,0.0,0.0,0.0,1.304,0.0,0.0,1.851,2.202,2.985,0.0,1.304,0.0,3.112,0.0,0.0,0.0,0.0,2.839,0.0,0.0,0.0,0.0,0.0,0.0,0.0,0.0,1.304,1.304,0.0,0.0,0.0,0.0,0.0,1.851,0.0,0.0,0.0,1.304,1.304,0.0,1.851,1.304,1.304,0.0,0.0,1.304,2.202,0.0,2.668,1.304,0.0,0.0,1.304,0.0,1.304,0.0,1.851,0.0
T-Zelle,0.0,0.0,1.426,0.0,0.0,0.0,0.0,0.0,0.0,0.0,0.0,0.0,0.0,0.0,0.0,0.0,0.0,2.614,0.0,1.992,0.0,0.0,1.426,1.426,1.426,0.0,1.426,1.992,1.426,0.0,0.0,0.0,0.0,0.0,0.0,1.426,0.0,0.0,0.0,1.426,1.426,0.0,1.992,0.0,1.426,0.0,0.0,1.426,0.0,0.0,0.0,1.992,0.0,0.0,2.822,2.35,0.0,1.426,1.426,0.0,1.426,1.426,1.426,0.0,0.0,0.0,2.35,1.426,0.0,1.426,0.0,0.0,0.0,0.0,0.0,0.0,0.0,1.426,0.0,1.426,1.992,0.0,1.426,0.0,1.426,0.0,0.0,0.0,0.0,0.0,0.0,1.426,0.0,0.0,1.992,0.0,0.0,0.0,2.35,0.0,0.0,0.0,0.0,0.0,0.0,1.992,1.992,1.426,0.0,0.0,1.992,2.614,0.0,0.0,2.822,0.0,1.992,1.426,1.426,0.0,1.426,0.0,1.992,0.0,0.0,0.0,0.0,1.426,1.426,1.426,0.0,0.0,0.0,1.426,0.0,1.426,1.426,0.0,0.0,0.0,0.0,1.426,0.0,0.0,0.0,0.0,0.0,0.0,0.0,0.0,0.0,0.0,1.426,1.426,0.0,1.426,1.426,0.0,1.992,0.0,0.0,1.992,0.0,0.0,0.0,0.0,0.0,0.0,1.992,0.0,0.0,0.0,0.0,0.0,0.0,1.426,0.0,0.0,0.0,1.426,1.992,1.992,0.0,0.0,0.0,1.426,1.426,0.0,1.426,0.0,2.35,0.0,0.0,0.0,0.0,1.992,1.426,0.0,0.0,1.426,0.0,0.0,0.0,0.0,0.0,0.0,0.0,0.0,1.426,1.426,0.0,2.995,2.614,2.822,0.0,0.0,0.0,0.0,0.0,0.0,1.426,0.0,0.0,1.426,1.992,0.0,0.0,1.992,0.0,0.0,3.881,1.426,1.426,0.0,1.992,2.35,0.0,0.0,0.0,0.0,0.0,0.0,0.0,0.0,0.0,0.0,0.0,0.0,0.0,2.35,0.0,1.992,0.0,1.426,1.992,0.0,0.0,1.992,0.0,1.426,0.0,0.0,0.0,0.0,0.0,0.0,1.426,1.426,1.426,0.0,0.0,1.426,0.0,3.142,0.0,0.0,0.0,0.0,1.426,0.0,1.426,0.0,0.0,0.0,0.0,0.0,0.0,0.0,0.0,0.0,0.0,0.0,0.0,0.0,1.992,0.0,0.0,1.992,0.0,0.0,0.0,0.0,1.992,0.0,0.0,0.0,0.0,0.0,0.0,2.35,0.0,2.822,0.0,0.0,1.426,1.426,1.426,0.0,0.0,0.0,1.426,1.426,0.0,1.992,0.0,0.0,0.0,1.426,0.0,0.0,1.426,0.0,1.426,0.0,0.0,0.0,0.0,0.0,0.0,0.0,0.0,0.0,0.0,0.0,1.426,0.0,2.35,0.0,0.0,0.0,0.0,1.426,0.0,1.426,0.0,0.0,0.0,0.0,0.0,0.0,0.0,2.35,0.0,0.0,1.426,1.426,1.426,0.0,0.0,0.0,2.35,0.0,0.0,0.0,1.426,0.0,1.426,1.426,0.0,2.995,0.0,0.0,1.426,0.0,0.0,1.426,0.0,0.0,0.0,0.0,0.0,0.0,0.0,0.0,3.142,0.0,0.0,0.0,1.426,0.0,0.0,0.0,0.0,0.0,0.0,0.0,0.0,1.426,2.35,1.426,0.0,1.992,0.0,0.0,0.0,0.0,0.0,0.0,0.0,0.0,0.0,0.0,1.426,1.426,0.0,0.0,0.0,0.0,0.0,0.0,1.426,1.426,0.0,0.0,0.0,0.0,1.426,0.0,1.426,1.992,2.35,0.0,0.0,0.0,1.426,1.426,0.0,0.0,1.426,0.0,1.426,0.0,0.0,0.0,0.0,0.0,1.992,2.35,1.992,0.0,0.0,2.35,0.0,1.426,0.0,0.0,1.426,0.0,0.0,0.0,0.0,0.0,0.0,0.0,2.614,0.0,0.0,1.426,0.0,2.614,0.0,0.0,0.0,0.0,0.0,0.0,1.992,0.0,0.0,1.426,0.0,3.485,0.0,0.0,1.426,1.426,2.35,0.0,0.0,1.426,1.426,0.0,0.0,0.0,0.0,1.992,0.0,1.426,0.0,0.0,0.0,0.0,0.0,0.0,1.426,0.0,1.426,1.426,0.0,0.0,0.0,1.426,0.0,0.0,1.992,0.0,0.0,0.0,0.0,1.992,0.0,0.0,1.426,1.992,2.35,0.0,0.0,1.992,0.0,0.0,0.0,0.0,1.426,2.614,0.0,0.0,0.0,0.0,0.0,0.0,2.35,0.0,0.0,1.426,0.0,0.0,0.0,0.0,0.0,1.426,1.426,0.0,0.0,0.0,0.0,0.0,0.0,0.0,0.0,1.992,1.426,0.0,1.426,2.614,0.0,0.0,1.992,0.0,0.0,1.426,0.0,0.0,0.0,0.0,1.992,0.0,0.0,0.0,1.426,0.0,0.0,0.0,0.0,0.0,1.992,1.426,1.426,0.0,0.0,0.0,0.0,0.0,0.0,0.0,0.0,1.426,0.0,0.0,1.426,0.0,0.0,0.0,0.0,0.0,0.0,0.0,0.0,0.0,1.426,0.0,2.995,0.0,1.426,0.0,0.0,0.0,0.0,0.0,1.426,1.992,0.0,0.0,0.0,0.0,0.0,0.0,0.0,0.0,0.0,0.0,1.426,0.0,0.0,0.0,0.0,1.426,0.0,0.0,0.0,0.0,0.0,1.426,0.0,1.426,0.0,2.35,1.426,1.426,0.0,0.0,1.992,1.426,0.0,0.0,0.0,0.0,0.0,0.0,1.426,0.0,0.0,0.0,0.0,0.0,1.426,1.426,0.0,0.0,0.0,1.426,0.0,0.0,0.0,1.426,0.0,0.0,0.0,3.27,0.0,0.0,0.0,1.426,0.0,1.992,1.426,0.0,0.0,0.0,0.0,0.0,1.426,0.0,0.0,0.0,0.0,0.0,1.426,0.0,0.0,0.0,0.0,0.0,1.426,0.0,0.0,3.663,0.0,2.822,1.992,1.992,0.0,0.0,0.0,0.0,0.0,0.0,0.0,1.426,0.0,0.0,0.0,0.0,0.0,0.0,0.0,0.0,0.0,0.0,0.0,0.0,1.426,0.0,1.992,0.0,0.0,1.426,0.0,1.426,0.0,1.426,0.0,1.426,0.0,1.992,0.0,1.992,0.0,0.0,0.0,0.0,0.0,1.426,0.0,1.426,1.992
Monozyt,0.0,0.0,0.0,1.635,0.0,0.0,0.0,0.0,2.594,0.0,2.225,0.0,0.0,0.0,0.0,0.0,0.0,1.635,2.594,0.0,0.0,0.0,0.0,1.635,1.635,0.0,0.0,0.0,2.594,0.0,0.0,2.225,0.0,0.0,2.225,0.0,0.0,1.635,0.0,0.0,3.074,1.635,0.0,0.0,0.0,0.0,0.0,1.635,0.0,3.074,0.0,0.0,2.594,0.0,3.641,4.321,0.0,2.863,0.0,0.0,0.0,0.0,0.0,0.0,1.635,0.0,1.635,0.0,3.837,0.0,3.074,0.0,0.0,0.0,1.635,0.0,0.0,1.635,0.0,1.635,0.0,0.0,0.0,0.0,0.0,1.635,0.0,0.0,0.0,0.0,0.0,3.074,0.0,1.635,1.635,1.635,0.0,1.635,0.0,0.0,0.0,1.635,0.0,0.0,0.0,0.0,0.0,0.0,0.0,0.0,1.635,0.0,0.0,2.225,0.0,1.635,0.0,1.635,0.0,0.0,1.635,0.0,0.0,0.0,2.225,2.225,0.0,0.0,0.0,0.0,0.0,0.0,0.0,2.225,0.0,0.0,1.635,0.0,0.0,0.0,1.635,0.0,1.635,2.863,2.863,0.0,0.0,2.225,0.0,2.225,0.0,0.0,1.635,0.0,2.225,1.635,0.0,0.0,0.0,0.0,1.635,2.594,0.0,0.0,0.0,0.0,0.0,0.0,0.0,0.0,0.0,0.0,0.0,0.0,0.0,0.0,0.0,0.0,0.0,1.635,0.0,1.635,2.225,0.0,0.0,0.0,1.635,0.0,0.0,0.0,0.0,0.0,0.0,0.0,0.0,2.225,1.635,0.0,0.0,2.225,2.225,2.594,1.635,0.0,0.0,0.0,0.0,0.0,0.0,3.074,0.0,1.635,0.0,1.635,2.225,0.0,0.0,0.0,0.0,0.0,0.0,1.635,0.0,0.0,0.0,0.0,0.0,0.0,0.0,0.0,2.863,4.52,4.074,0.0,2.863,0.0,2.225,3.074,3.074,0.0,0.0,0.0,0.0,0.0,2.594,2.863,1.635,0.0,0.0,0.0,0.0,0.0,0.0,0.0,0.0,0.0,0.0,0.0,0.0,0.0,1.635,0.0,0.0,0.0,0.0,2.225,0.0,0.0,2.863,0.0,0.0,0.0,2.594,1.635,2.225,1.635,0.0,0.0,0.0,1.635,0.0,0.0,0.0,0.0,0.0,0.0,1.635,0.0,0.0,0.0,0.0,0.0,0.0,2.225,0.0,1.635,0.0,2.594,3.074,2.225,0.0,0.0,0.0,0.0,0.0,1.635,0.0,3.074,0.0,1.635,0.0,2.225,2.225,0.0,0.0,0.0,2.594,2.225,1.635,0.0,0.0,0.0,0.0,0.0,0.0,0.0,0.0,0.0,0.0,0.0,1.635,0.0,1.635,1.635,0.0,0.0,0.0,0.0,0.0,0.0,0.0,0.0,0.0,1.635,0.0,1.635,2.225,0.0,2.225,2.225,0.0,0.0,0.0,0.0,0.0,2.225,0.0,2.594,0.0,1.635,0.0,0.0,0.0,2.225,0.0,1.635,0.0,2.594,2.863,0.0,0.0,0.0,0.0,0.0,2.594,0.0,0.0,0.0,0.0,3.074,0.0,0.0,1.635,0.0,0.0,0.0,1.635,1.635,3.074,0.0,0.0,2.594,3.398,0.0,2.594,0.0,0.0,0.0,0.0,0.0,0.0,0.0,0.0,1.635,0.0,0.0,0.0,0.0,3.398,0.0,2.594,1.635,0.0,3.074,0.0,0.0,0.0,1.635,2.225,1.635,0.0,3.074,0.0,0.0,0.0,0.0,0.0,0.0,0.0,0.0,0.0,0.0,0.0,2.225,0.0,0.0,0.0,1.635,1.635,0.0,0.0,0.0,2.863,2.225,0.0,0.0,0.0,1.635,1.635,0.0,2.225,0.0,0.0,0.0,0.0,2.225,0.0,0.0,0.0,0.0,0.0,0.0,0.0,0.0,0.0,1.635,0.0,0.0,0.0,0.0,0.0,0.0,1.635,0.0,0.0,0.0,0.0,0.0,0.0,0.0,0.0,0.0,0.0,0.0,0.0,0.0,1.635,1.635,1.635,2.225,0.0,1.635,1.635,0.0,0.0,1.635,2.225,1.635,0.0,0.0,0.0,0.0,0.0,1.635,0.0,1.635,0.0,0.0,0.0,0.0,0.0,0.0,1.635,0.0,0.0,0.0,1.635,0.0,0.0,0.0,0.0,0.0,0.0,0.0,1.635,1.635,2.863,0.0,1.635,0.0,2.225,0.0,0.0,0.0,0.0,0.0,0.0,0.0,0.0,0.0,0.0,0.0,1.635,1.635,0.0,0.0,0.0,0.0,0.0,0.0,0.0,1.635,2.225,0.0,0.0,0.0,0.0,0.0,1.635,0.0,0.0,0.0,0.0,0.0,0.0,0.0,0.0,0.0,0.0,0.0,1.635,0.0,0.0,0.0,0.0,2.225,0.0,0.0,0.0,0.0,0.0,0.0,0.0,1.635,0.0,0.0,0.0,0.0,0.0,0.0,0.0,2.225,0.0,0.0,2.594,0.0,0.0,1.635,0.0,0.0,0.0,2.225,0.0,0.0,0.0,0.0,0.0,1.635,0.0,0.0,0.0,0.0,0.0,0.0,2.225,1.635,0.0,0.0,1.635,0.0,2.594,2.863,2.225,0.0,0.0,0.0,0.0,1.635,0.0,0.0,0.0,0.0,0.0,0.0,0.0,0.0,0.0,0.0,0.0,0.0,0.0,3.641,0.0,0.0,1.635,0.0,0.0,0.0,2.594,0.0,1.635,0.0,0.0,2.225,0.0,0.0,2.225,0.0,0.0,3.398,0.0,1.635,2.225,0.0,0.0,0.0,0.0,0.0,0.0,1.635,0.0,0.0,0.0,0.0,2.225,0.0,0.0,2.594,0.0,1.635,2.594,2.863,0.0,3.249,0.0,0.0,2.594,3.074,0.0,0.0,0.0,0.0,0.0,0.0,1.635,0.0,0.0,1.635,0.0,2.225,0.0,0.0,1.635,0.0,3.527,0.0,0.0,0.0,0.0,0.0,0.0,0.0,0.0,1.635,2.594,5.251,0.0,2.225,0.0,0.0,0.0,0.0,0.0,1.635,1.635,1.635,0.0,0.0,0.0,1.635,3.074,0.0,0.0,0.0,0.0,0.0,0.0,0.0,1.635,2.225,0.0,0.0,0.0,2.594,2.225,0.0,0.0,0.0,0.0,2.225,0.0,2.225,1.635,2.594,0.0,1.635,0.0,0.0,0.0,3.249,1.635,2.594,0.0,0.0,0.0
Dendritische Zelle,0.0,0.0,0.0,1.987,0.0,0.0,0.0,0.0,0.0,0.0,0.0,1.422,0.0,0.0,0.0,0.0,0.0,0.0,0.0,0.0,0.0,0.0,0.0,0.0,1.422,1.422,0.0,1.422,1.422,1.422,0.0,1.422,0.0,1.987,0.0,0.0,0.0,1.422,1.422,0.0,1.422,1.422,1.422,0.0,0.0,0.0,0.0,1.422,1.422,2.609,0.0,2.817,3.735,3.378,3.657,3.572,0.0,1.422,0.0,0.0,0.0,1.422,0.0,0.0,1.422,3.136,1.987,0.0,2.817,0.0,0.0,0.0,0.0,1.422,0.0,0.0,0.0,1.422,0.0,0.0,1.422,0.0,0.0,0.0,0.0,1.422,1.422,0.0,0.0,0.0,0.0,1.422,0.0,0.0,1.987,0.0,0.0,0.0,3.264,0.0,1.987,1.422,0.0,0.0,0.0,0.0,0.0,0.0,0.0,1.987,0.0,0.0,1.422,1.422,1.422,1.422,2.345,0.0,0.0,0.0,0.0,1.422,0.0,0.0,1.422,0.0,0.0,1.422,2.345,0.0,1.422,0.0,0.0,0.0,1.422,0.0,0.0,0.0,0.0,3.264,1.422,0.0,0.0,0.0,1.422,0.0,0.0,1.422,0.0,0.0,1.422,0.0,0.0,1.422,0.0,0.0,0.0,0.0,0.0,0.0,0.0,0.0,0.0,0.0,0.0,0.0,0.0,0.0,1.422,0.0,1.422,0.0,0.0,0.0,0.0,0.0,0.0,0.0,0.0,0.0,0.0,1.422,0.0,0.0,1.422,0.0,1.422,0.0,0.0,0.0,0.0,0.0,0.0,0.0,1.422,1.987,0.0,0.0,0.0,1.422,1.422,0.0,0.0,0.0,1.987,0.0,0.0,1.422,1.422,4.843,0.0,2.989,1.422,1.422,0.0,0.0,0.0,1.422,0.0,0.0,1.422,0.0,2.345,0.0,0.0,0.0,0.0,1.422,0.0,0.0,0.0,2.817,3.136,1.422,3.264,1.422,4.416,3.572,3.998,3.572,2.609,2.817,0.0,2.817,4.054,3.998,0.0,0.0,0.0,0.0,0.0,0.0,0.0,0.0,1.422,1.422,0.0,1.987,0.0,0.0,0.0,0.0,0.0,0.0,0.0,0.0,0.0,0.0,1.422,0.0,1.422,0.0,1.987,0.0,0.0,0.0,0.0,0.0,0.0,1.422,0.0,0.0,0.0,0.0,0.0,1.422,0.0,0.0,0.0,0.0,0.0,0.0,0.0,0.0,0.0,1.422,0.0,1.987,0.0,1.422,0.0,0.0,0.0,0.0,0.0,1.422,0.0,1.422,0.0,1.422,1.422,0.0,1.987,0.0,0.0,0.0,1.422,2.345,0.0,0.0,1.422,0.0,0.0,0.0,1.422,0.0,0.0,0.0,0.0,1.422,0.0,0.0,0.0,0.0,0.0,0.0,0.0,0.0,0.0,0.0,0.0,0.0,0.0,0.0,0.0,0.0,0.0,1.422,0.0,1.422,1.422,0.0,1.422,0.0,0.0,1.422,0.0,2.345,1.987,1.422,0.0,1.987,1.987,1.422,0.0,0.0,1.422,0.0,2.345,0.0,1.422,1.422,0.0,0.0,0.0,0.0,0.0,0.0,0.0,3.808,0.0,0.0,0.0,0.0,0.0,0.0,1.422,0.0,2.609,2.817,0.0,0.0,1.987,0.0,2.989,1.422,0.0,0.0,1.422,1.422,0.0,0.0,1.422,0.0,0.0,0.0,0.0,0.0,1.987,0.0,0.0,2.609,0.0,1.987,0.0,0.0,0.0,0.0,1.422,0.0,0.0,1.987,0.0,0.0,1.422,0.0,0.0,0.0,0.0,0.0,1.422,0.0,0.0,1.422,0.0,0.0,1.422,0.0,1.422,0.0,0.0,0.0,3.48,1.422,0.0,0.0,0.0,0.0,0.0,0.0,0.0,0.0,0.0,0.0,0.0,1.987,0.0,0.0,0.0,0.0,0.0,0.0,1.422,1.422,0.0,0.0,0.0,0.0,0.0,0.0,0.0,0.0,0.0,0.0,1.987,0.0,0.0,1.422,0.0,1.422,0.0,1.987,0.0,0.0,1.422,0.0,1.987,4.891,0.0,2.609,1.422,0.0,1.422,0.0,0.0,0.0,1.422,0.0,1.422,1.422,0.0,1.987,0.0,1.422,0.0,1.987,1.422,0.0,0.0,0.0,0.0,0.0,0.0,0.0,0.0,0.0,1.422,0.0,0.0,0.0,0.0,1.987,0.0,0.0,3.136,0.0,2.609,0.0,0.0,1.987,0.0,2.817,0.0,1.422,1.422,0.0,1.422,1.422,0.0,0.0,0.0,1.422,0.0,1.422,0.0,0.0,0.0,0.0,0.0,0.0,0.0,0.0,1.422,0.0,0.0,1.422,0.0,1.987,1.422,0.0,0.0,0.0,1.422,0.0,0.0,1.422,0.0,0.0,0.0,0.0,0.0,0.0,1.422,0.0,0.0,0.0,1.422,0.0,0.0,0.0,0.0,0.0,1.422,1.422,1.987,0.0,0.0,0.0,0.0,1.422,1.422,1.422,0.0,1.422,3.136,0.0,1.422,0.0,0.0,0.0,0.0,1.422,0.0,0.0,0.0,0.0,0.0,0.0,0.0,0.0,0.0,0.0,0.0,0.0,1.422,0.0,0.0,0.0,1.422,0.0,1.422,0.0,1.987,0.0,0.0,0.0,1.422,1.422,0.0,0.0,0.0,0.0,0.0,0.0,0.0,0.0,0.0,1.987,0.0,0.0,0.0,3.998,0.0,0.0,1.422,1.422,1.987,1.422,0.0,0.0,0.0,2.609,0.0,0.0,1.422,1.422,2.345,0.0,0.0,1.422,0.0,0.0,2.609,1.422,0.0,1.987,0.0,0.0,0.0,0.0,0.0,0.0,0.0,0.0,1.987,0.0,1.987,1.422,0.0,2.609,0.0,1.987,0.0,0.0,0.0,0.0,2.345,2.609,1.422,0.0,0.0,1.422,0.0,0.0,1.987,1.422,0.0,0.0,0.0,2.345,1.422,1.987,0.0,0.0,3.572,0.0,0.0,0.0,0.0,0.0,0.0,0.0,0.0,1.422,1.422,4.454,0.0,0.0,0.0,0.0,0.0,0.0,0.0,0.0,2.817,0.0,0.0,0.0,0.0,0.0,1.987,0.0,0.0,0.0,0.0,0.0,0.0,0.0,0.0,0.0,1.422,0.0,0.0,0.0,0.0,0.0,2.345,1.987,0.0,1.422,0.0,2.345,0.0,0.0,0.0,1.422,0.0,0.0,0.0,1.422,0.0,0.0,0.0,0.0,1.422
Monozyt,0.0,0.0,1.344,0.0,2.512,1.344,0.0,1.344,2.251,1.344,0.0,1.344,3.633,2.89,0.0,0.0,1.344,1.897,1.897,0.0,0.0,0.0,0.0,0.0,1.344,1.344,0.0,1.897,0.0,0.0,0.0,1.897,0.0,1.344,1.344,1.344,0.0,0.0,0.0,0.0,2.512,2.719,0.0,0.0,1.897,0.0,0.0,1.344,0.0,2.719,0.0,1.897,2.251,0.0,3.555,3.773,0.0,2.251,0.0,1.344,0.0,1.344,0.0,0.0,0.0,0.0,1.897,0.0,3.471,0.0,2.512,0.0,1.897,1.344,1.344,0.0,0.0,0.0,0.0,1.344,1.344,0.0,1.897,0.0,0.0,0.0,0.0,0.0,0.0,0.0,0.0,2.512,0.0,0.0,0.0,0.0,0.0,0.0,1.344,0.0,0.0,1.344,0.0,0.0,0.0,0.0,1.897,0.0,0.0,1.344,0.0,1.344,2.251,0.0,0.0,0.0,0.0,0.0,0.0,1.344,0.0,1.344,0.0,0.0,0.0,1.344,0.0,0.0,1.897,0.0,0.0,0.0,0.0,0.0,0.0,0.0,0.0,0.0,0.0,0.0,1.897,0.0,0.0,1.897,0.0,0.0,0.0,1.344,0.0,1.344,1.344,0.0,0.0,0.0,1.897,0.0,0.0,0.0,0.0,0.0,0.0,0.0,0.0,0.0,1.344,0.0,1.344,0.0,0.0,1.897,0.0,0.0,0.0,1.344,0.0,0.0,0.0,0.0,0.0,1.897,0.0,0.0,1.344,0.0,2.251,0.0,1.344,0.0,1.344,2.251,0.0,0.0,0.0,0.0,0.0,1.344,0.0,1.344,0.0,0.0,0.0,1.344,0.0,0.0,1.344,0.0,0.0,0.0,1.897,4.234,0.0,1.897,1.344,1.897,0.0,0.0,0.0,0.0,0.0,1.897,0.0,0.0,0.0,0.0,0.0,0.0,1.344,0.0,0.0,0.0,2.719,3.706,3.471,0.0,2.719,1.344,4.103,3.037,3.895,2.89,2.719,2.251,1.344,0.0,3.773,3.555,0.0,0.0,0.0,1.344,0.0,0.0,1.344,0.0,0.0,0.0,0.0,1.897,0.0,1.897,0.0,1.344,0.0,0.0,0.0,1.897,0.0,0.0,1.897,1.344,0.0,0.0,2.251,0.0,1.897,0.0,1.344,0.0,0.0,0.0,2.719,0.0,0.0,0.0,0.0,0.0,0.0,0.0,1.344,0.0,0.0,0.0,0.0,0.0,0.0,1.344,0.0,1.897,2.251,0.0,0.0,0.0,0.0,0.0,0.0,0.0,1.344,1.344,0.0,1.344,0.0,2.512,2.719,1.344,0.0,0.0,2.89,1.344,0.0,0.0,0.0,1.344,1.344,0.0,0.0,2.251,1.344,0.0,0.0,0.0,1.344,0.0,1.897,0.0,0.0,0.0,0.0,0.0,0.0,0.0,0.0,1.344,0.0,1.344,0.0,1.897,1.344,0.0,0.0,2.719,0.0,0.0,0.0,0.0,1.344,0.0,0.0,1.344,1.344,0.0,1.344,1.344,0.0,0.0,0.0,0.0,0.0,0.0,3.164,0.0,0.0,1.344,0.0,0.0,1.344,0.0,0.0,0.0,1.344,2.89,0.0,0.0,0.0,1.344,0.0,0.0,0.0,0.0,2.251,0.0,0.0,1.897,2.512,1.344,3.164,0.0,0.0,0.0,0.0,0.0,0.0,0.0,1.344,0.0,0.0,0.0,0.0,0.0,2.512,0.0,2.251,1.897,1.344,0.0,1.344,0.0,0.0,0.0,1.344,1.344,0.0,3.037,1.344,1.344,1.897,0.0,0.0,0.0,1.344,0.0,0.0,0.0,0.0,1.344,0.0,0.0,1.897,0.0,0.0,0.0,0.0,1.897,2.512,0.0,0.0,1.344,0.0,0.0,0.0,0.0,1.344,0.0,0.0,0.0,0.0,0.0,0.0,1.897,0.0,0.0,1.344,1.344,0.0,0.0,0.0,0.0,0.0,0.0,0.0,0.0,0.0,0.0,0.0,0.0,1.897,0.0,0.0,2.251,1.897,2.251,0.0,2.251,1.344,0.0,1.344,0.0,1.344,2.512,1.344,1.344,0.0,2.512,1.897,0.0,0.0,1.344,1.344,0.0,2.251,0.0,0.0,0.0,0.0,0.0,0.0,1.344,0.0,0.0,0.0,0.0,0.0,0.0,0.0,0.0,1.344,1.344,2.512,1.344,0.0,0.0,0.0,0.0,1.344,0.0,2.512,2.251,1.344,0.0,0.0,1.344,0.0,2.251,0.0,1.344,1.344,0.0,0.0,1.897,0.0,0.0,0.0,1.344,1.897,1.344,0.0,0.0,0.0,1.344,0.0,0.0,1.344,1.897,1.344,0.0,0.0,0.0,0.0,0.0,1.344,0.0,0.0,1.344,0.0,0.0,0.0,0.0,1.344,0.0,0.0,0.0,1.897,0.0,2.251,0.0,0.0,1.344,0.0,0.0,0.0,0.0,0.0,0.0,1.344,0.0,0.0,0.0,0.0,1.344,0.0,0.0,1.344,0.0,0.0,0.0,2.719,0.0,1.344,0.0,0.0,0.0,0.0,2.251,0.0,0.0,0.0,0.0,0.0,0.0,1.344,0.0,0.0,0.0,0.0,0.0,1.897,0.0,1.344,0.0,0.0,1.344,0.0,1.344,1.344,0.0,0.0,0.0,0.0,0.0,1.344,1.344,0.0,0.0,0.0,0.0,1.344,0.0,0.0,1.344,0.0,0.0,0.0,4.055,0.0,0.0,1.344,0.0,0.0,0.0,2.251,1.344,0.0,1.897,0.0,1.344,0.0,1.344,2.251,0.0,0.0,2.251,0.0,0.0,1.344,0.0,0.0,1.344,0.0,0.0,1.897,1.897,0.0,0.0,0.0,0.0,1.897,0.0,0.0,0.0,1.344,0.0,0.0,0.0,0.0,0.0,0.0,0.0,0.0,3.037,1.897,0.0,1.897,1.344,0.0,0.0,0.0,0.0,1.344,2.719,1.897,0.0,0.0,1.344,0.0,0.0,3.633,1.344,0.0,0.0,0.0,0.0,1.344,0.0,0.0,1.897,1.344,5.39,0.0,3.379,0.0,1.344,0.0,0.0,0.0,0.0,0.0,0.0,0.0,0.0,1.344,0.0,1.344,0.0,0.0,1.897,0.0,1.897,0.0,0.0,0.0,1.344,1.897,0.0,0.0,1.344,0.0,0.0,0.0,0.0,1.344,0.0,0.0,0.0,0.0,1.344,0.0,1.897,0.0,0.0,1.897,2.719,1.344,1.897,0.0,0.0,0.0
Dendritische Zelle,0.0,0.0,1.383,2.561,0.0,0.0,0.0,0.0,1.383,1.383,1.383,0.0,1.383,0.0,0.0,0.0,0.0,1.943,0.0,0.0,0.0,1.383,0.0,1.383,0.0,0.0,0.0,0.0,1.383,0.0,0.0,0.0,0.0,1.383,0.0,0.0,0.0,0.0,1.383,0.0,0.0,0.0,1.383,0.0,2.561,0.0,0.0,0.0,0.0,1.943,0.0,2.561,1.383,0.0,1.943,3.43,0.0,0.0,1.383,0.0,0.0,0.0,0.0,0.0,1.383,3.215,1.943,0.0,3.215,1.943,0.0,0.0,0.0,1.383,0.0,0.0,0.0,1.943,0.0,0.0,0.0,0.0,0.0,0.0,1.383,0.0,0.0,0.0,0.0,0.0,0.0,1.383,0.0,1.383,0.0,0.0,0.0,2.561,2.299,0.0,1.383,0.0,0.0,0.0,0.0,0.0,0.0,0.0,0.0,0.0,1.383,1.383,1.383,1.383,0.0,0.0,1.383,0.0,0.0,1.383,0.0,0.0,0.0,0.0,0.0,1.383,0.0,0.0,0.0,1.383,1.383,0.0,0.0,0.0,0.0,0.0,0.0,1.383,1.383,2.941,1.383,0.0,0.0,1.383,0.0,0.0,1.943,0.0,0.0,1.383,0.0,0.0,0.0,0.0,0.0,0.0,0.0,0.0,0.0,0.0,0.0,0.0,0.0,0.0,0.0,0.0,1.383,0.0,0.0,0.0,0.0,0.0,0.0,1.383,0.0,0.0,0.0,0.0,0.0,1.383,1.383,0.0,1.383,0.0,0.0,0.0,2.299,0.0,0.0,0.0,0.0,0.0,0.0,0.0,0.0,0.0,0.0,0.0,0.0,1.383,0.0,0.0,0.0,0.0,0.0,0.0,0.0,1.383,0.0,5.43,0.0,1.943,1.383,2.769,0.0,0.0,0.0,1.943,1.383,1.383,1.943,0.0,1.383,0.0,0.0,0.0,0.0,0.0,1.383,0.0,2.299,2.299,3.087,0.0,1.943,1.383,4.931,4.107,4.792,3.825,3.215,3.607,2.299,2.299,4.004,4.287,0.0,0.0,0.0,0.0,0.0,0.0,2.299,0.0,1.383,0.0,0.0,0.0,0.0,1.383,1.943,0.0,0.0,0.0,0.0,0.0,1.383,0.0,1.943,0.0,0.0,0.0,1.943,0.0,2.299,0.0,0.0,1.383,0.0,0.0,2.299,0.0,0.0,0.0,0.0,1.383,1.943,1.383,1.383,1.383,0.0,0.0,0.0,1.383,0.0,0.0,1.383,1.943,1.383,2.561,0.0,0.0,0.0,0.0,0.0,0.0,0.0,2.561,0.0,1.383,1.383,0.0,0.0,0.0,0.0,1.943,1.943,2.561,0.0,0.0,1.383,0.0,0.0,2.299,1.383,0.0,1.383,0.0,0.0,1.383,0.0,0.0,2.299,0.0,0.0,0.0,0.0,0.0,0.0,0.0,0.0,0.0,1.383,1.383,0.0,2.299,0.0,0.0,0.0,0.0,0.0,0.0,0.0,0.0,0.0,1.383,0.0,1.383,1.943,0.0,0.0,0.0,1.383,0.0,0.0,0.0,0.0,0.0,2.561,0.0,1.383,2.561,0.0,0.0,0.0,0.0,0.0,0.0,0.0,3.087,0.0,0.0,1.383,0.0,0.0,0.0,1.383,0.0,2.299,0.0,0.0,1.383,1.383,0.0,3.43,0.0,0.0,0.0,1.383,1.383,0.0,0.0,0.0,0.0,0.0,0.0,1.943,0.0,1.383,0.0,3.329,2.299,0.0,0.0,0.0,1.383,0.0,0.0,1.383,0.0,0.0,2.561,1.383,1.383,1.383,0.0,0.0,0.0,0.0,1.383,1.383,1.383,0.0,1.383,0.0,0.0,0.0,0.0,0.0,0.0,0.0,0.0,3.685,0.0,1.943,1.383,2.299,0.0,1.383,0.0,0.0,0.0,0.0,0.0,1.383,2.299,0.0,0.0,0.0,0.0,0.0,0.0,0.0,0.0,0.0,0.0,0.0,0.0,0.0,0.0,0.0,0.0,1.943,0.0,1.383,0.0,0.0,0.0,1.383,3.087,0.0,2.299,1.943,1.383,1.383,0.0,1.943,4.931,0.0,0.0,0.0,0.0,0.0,0.0,0.0,0.0,0.0,0.0,1.943,0.0,0.0,0.0,0.0,0.0,0.0,0.0,0.0,0.0,1.383,0.0,0.0,0.0,0.0,0.0,1.383,1.943,2.561,0.0,0.0,0.0,0.0,2.299,0.0,0.0,1.943,0.0,0.0,0.0,0.0,0.0,1.383,2.941,0.0,1.383,1.383,0.0,1.943,0.0,0.0,0.0,1.943,0.0,1.383,1.943,0.0,0.0,0.0,0.0,0.0,0.0,0.0,1.383,1.943,1.943,1.383,0.0,1.383,1.383,1.943,0.0,0.0,0.0,1.943,0.0,0.0,0.0,0.0,0.0,1.943,1.383,1.383,1.383,0.0,0.0,0.0,0.0,1.383,0.0,0.0,1.383,0.0,0.0,2.299,0.0,1.943,1.943,0.0,0.0,0.0,1.383,1.383,0.0,0.0,0.0,1.943,0.0,1.383,0.0,0.0,0.0,0.0,0.0,0.0,1.383,0.0,1.943,0.0,0.0,0.0,0.0,1.383,0.0,1.383,1.383,1.383,0.0,0.0,0.0,0.0,0.0,2.299,0.0,0.0,0.0,1.383,0.0,1.383,0.0,1.383,0.0,0.0,0.0,0.0,0.0,0.0,0.0,0.0,1.943,0.0,1.383,0.0,4.792,0.0,0.0,0.0,1.383,1.383,0.0,2.299,0.0,0.0,1.383,0.0,2.941,0.0,2.941,0.0,0.0,0.0,0.0,1.383,0.0,1.943,1.383,0.0,1.943,0.0,0.0,0.0,0.0,0.0,0.0,0.0,0.0,0.0,0.0,1.383,0.0,0.0,1.383,0.0,1.383,0.0,0.0,0.0,0.0,2.299,3.087,1.383,2.299,0.0,1.383,0.0,0.0,1.383,0.0,2.299,1.943,1.383,1.383,1.943,1.383,0.0,0.0,3.43,0.0,1.383,0.0,0.0,0.0,1.943,0.0,0.0,1.943,2.561,4.507,0.0,1.383,0.0,0.0,0.0,0.0,0.0,1.383,0.0,0.0,0.0,0.0,0.0,0.0,1.383,1.383,0.0,0.0,0.0,1.383,0.0,0.0,0.0,0.0,1.383,0.0,0.0,0.0,1.943,0.0,1.383,0.0,0.0,0.0,0.0,2.941,0.0,1.383,0.0,1.943,0.0,0.0,1.383,1.383,1.383,1.943,0.0,0.0,0.0
Dendritische Zelle,0.0,0.0,1.564,1.564,0.0,0.0,0.0,0.0,0.0,1.564,0.0,0.0,2.991,0.0,1.564,0.0,0.0,3.313,3.164,0.0,0.0,2.78,0.0,2.147,0.0,0.0,0.0,0.0,2.147,1.564,0.0,0.0,0.0,0.0,0.0,1.564,0.0,0.0,2.147,0.0,1.564,2.513,0.0,0.0,2.147,0.0,0.0,0.0,1.564,3.313,0.0,1.564,2.513,1.564,3.442,4.119,0.0,1.564,1.564,0.0,0.0,0.0,0.0,0.0,2.513,0.0,0.0,0.0,3.556,0.0,3.313,0.0,0.0,0.0,0.0,0.0,0.0,0.0,0.0,0.0,2.147,0.0,0.0,0.0,0.0,1.564,0.0,1.564,0.0,0.0,0.0,0.0,0.0,0.0,1.564,1.564,0.0,1.564,0.0,0.0,0.0,0.0,0.0,0.0,0.0,0.0,1.564,0.0,1.564,0.0,0.0,0.0,0.0,0.0,0.0,0.0,1.564,0.0,0.0,0.0,0.0,0.0,0.0,0.0,0.0,0.0,0.0,0.0,0.0,0.0,0.0,0.0,0.0,0.0,0.0,2.147,0.0,0.0,1.564,0.0,1.564,0.0,0.0,2.513,2.147,1.564,1.564,1.564,0.0,1.564,0.0,0.0,0.0,0.0,0.0,0.0,0.0,1.564,0.0,0.0,1.564,0.0,0.0,0.0,0.0,0.0,0.0,0.0,0.0,0.0,0.0,0.0,0.0,1.564,0.0,0.0,0.0,0.0,0.0,0.0,0.0,0.0,0.0,0.0,0.0,0.0,1.564,0.0,0.0,0.0,0.0,0.0,0.0,0.0,1.564,0.0,0.0,0.0,0.0,1.564,2.147,0.0,1.564,0.0,0.0,0.0,0.0,0.0,0.0,4.387,0.0,2.147,1.564,1.564,2.513,0.0,0.0,0.0,0.0,0.0,2.147,1.564,2.147,0.0,1.564,0.0,0.0,0.0,0.0,0.0,2.147,4.119,3.987,2.147,0.0,0.0,3.313,2.513,3.556,0.0,2.147,0.0,0.0,0.0,4.055,3.164,0.0,0.0,0.0,0.0,0.0,0.0,0.0,0.0,0.0,0.0,0.0,1.564,0.0,0.0,0.0,2.147,0.0,0.0,0.0,1.564,1.564,0.0,1.564,0.0,0.0,0.0,2.991,0.0,0.0,0.0,0.0,0.0,0.0,0.0,2.513,0.0,0.0,2.513,0.0,0.0,1.564,0.0,0.0,2.147,0.0,0.0,0.0,1.564,0.0,1.564,0.0,2.147,2.147,0.0,0.0,0.0,0.0,0.0,0.0,0.0,0.0,0.0,0.0,1.564,0.0,1.564,3.751,0.0,0.0,0.0,2.147,2.513,0.0,0.0,1.564,0.0,2.147,0.0,0.0,1.564,0.0,0.0,0.0,0.0,0.0,0.0,2.147,0.0,0.0,0.0,0.0,0.0,0.0,0.0,0.0,0.0,0.0,1.564,0.0,1.564,2.147,0.0,2.991,2.147,0.0,0.0,2.147,0.0,0.0,0.0,0.0,2.147,0.0,1.564,0.0,1.564,0.0,2.147,0.0,0.0,0.0,0.0,3.164,0.0,0.0,1.564,0.0,0.0,1.564,0.0,0.0,0.0,0.0,1.564,0.0,0.0,0.0,0.0,0.0,0.0,1.564,0.0,1.564,0.0,0.0,1.564,3.556,1.564,3.164,0.0,0.0,1.564,0.0,0.0,0.0,0.0,1.564,0.0,0.0,0.0,0.0,0.0,3.164,0.0,3.658,3.313,1.564,1.564,0.0,0.0,1.564,0.0,1.564,0.0,0.0,2.991,1.564,0.0,0.0,0.0,0.0,0.0,0.0,1.564,0.0,0.0,1.564,2.147,1.564,0.0,0.0,0.0,2.78,0.0,0.0,0.0,3.313,0.0,0.0,0.0,2.147,0.0,0.0,0.0,0.0,0.0,0.0,0.0,0.0,0.0,0.0,0.0,0.0,1.564,0.0,0.0,0.0,0.0,0.0,0.0,0.0,0.0,0.0,0.0,0.0,0.0,0.0,0.0,0.0,0.0,0.0,0.0,0.0,2.513,0.0,0.0,0.0,0.0,1.564,0.0,0.0,3.164,0.0,2.991,0.0,0.0,0.0,0.0,0.0,1.564,0.0,0.0,0.0,0.0,0.0,0.0,0.0,0.0,0.0,2.147,0.0,0.0,0.0,0.0,1.564,0.0,0.0,0.0,1.564,0.0,2.147,1.564,0.0,0.0,0.0,2.513,0.0,0.0,1.564,2.147,1.564,0.0,0.0,0.0,0.0,1.564,0.0,0.0,0.0,0.0,0.0,1.564,0.0,0.0,0.0,0.0,0.0,2.147,0.0,0.0,0.0,2.147,0.0,0.0,0.0,1.564,0.0,2.513,1.564,0.0,0.0,1.564,0.0,0.0,1.564,0.0,0.0,0.0,0.0,2.147,0.0,0.0,0.0,1.564,0.0,0.0,2.513,0.0,0.0,0.0,0.0,0.0,1.564,2.147,0.0,0.0,0.0,0.0,0.0,0.0,0.0,0.0,0.0,0.0,2.147,0.0,0.0,0.0,2.147,0.0,0.0,0.0,0.0,0.0,0.0,2.147,0.0,0.0,0.0,0.0,0.0,2.147,0.0,0.0,0.0,0.0,2.147,0.0,0.0,0.0,2.513,0.0,0.0,0.0,1.564,2.513,2.147,0.0,0.0,0.0,0.0,0.0,0.0,0.0,0.0,0.0,0.0,0.0,0.0,0.0,0.0,0.0,0.0,0.0,0.0,3.915,0.0,0.0,2.147,2.147,0.0,0.0,0.0,0.0,0.0,0.0,0.0,2.147,1.564,2.513,2.147,0.0,0.0,3.658,0.0,0.0,2.147,0.0,0.0,0.0,0.0,0.0,0.0,0.0,0.0,0.0,0.0,0.0,0.0,0.0,0.0,2.991,2.147,0.0,1.564,0.0,0.0,1.564,0.0,0.0,2.513,2.513,0.0,0.0,0.0,0.0,0.0,0.0,0.0,0.0,0.0,0.0,0.0,0.0,2.513,0.0,0.0,1.564,3.556,0.0,0.0,0.0,0.0,0.0,1.564,0.0,1.564,0.0,1.564,5.323,0.0,2.78,0.0,1.564,0.0,0.0,0.0,0.0,0.0,0.0,0.0,0.0,0.0,1.564,2.147,0.0,2.147,0.0,1.564,0.0,0.0,0.0,0.0,0.0,0.0,1.564,0.0,2.513,0.0,0.0,0.0,2.147,0.0,0.0,0.0,3.442,0.0,2.147,0.0,0.0,0.0,0.0,1.564,2.513,0.0,2.513,0.0,0.0,0.0
Dendritische Zelle,1.561,0.0,1.561,0.0,0.0,0.0,0.0,1.561,1.561,1.561,1.561,0.0,0.0,0.0,1.561,0.0,0.0,2.986,1.561,0.0,0.0,0.0,0.0,1.561,0.0,0.0,0.0,0.0,2.776,0.0,0.0,2.143,0.0,0.0,0.0,0.0,0.0,0.0,1.561,0.0,0.0,2.509,0.0,0.0,2.143,0.0,0.0,1.561,0.0,2.509,0.0,0.0,2.986,1.561,3.437,3.983,0.0,1.561,0.0,2.143,0.0,0.0,0.0,0.0,2.143,0.0,3.16,0.0,3.747,0.0,3.654,0.0,0.0,0.0,1.561,0.0,0.0,0.0,0.0,0.0,2.509,0.0,0.0,0.0,0.0,0.0,0.0,1.561,0.0,0.0,0.0,0.0,0.0,0.0,0.0,1.561,0.0,0.0,0.0,0.0,0.0,0.0,0.0,0.0,0.0,0.0,2.143,0.0,0.0,0.0,0.0,0.0,0.0,1.561,0.0,0.0,0.0,0.0,1.561,2.143,0.0,0.0,0.0,0.0,0.0,1.561,0.0,0.0,0.0,0.0,0.0,0.0,0.0,0.0,0.0,0.0,1.561,0.0,0.0,0.0,1.561,0.0,0.0,1.561,2.143,0.0,0.0,0.0,0.0,0.0,0.0,0.0,1.561,0.0,0.0,0.0,0.0,0.0,0.0,0.0,0.0,1.561,0.0,0.0,1.561,0.0,0.0,0.0,1.561,0.0,0.0,0.0,0.0,0.0,0.0,0.0,0.0,0.0,0.0,1.561,1.561,0.0,1.561,0.0,0.0,1.561,2.143,1.561,2.143,0.0,0.0,0.0,0.0,0.0,0.0,1.561,1.561,0.0,0.0,0.0,2.143,1.561,2.509,0.0,2.509,0.0,0.0,0.0,0.0,3.308,0.0,2.509,1.561,0.0,0.0,0.0,0.0,0.0,0.0,2.143,0.0,1.561,1.561,0.0,1.561,0.0,0.0,0.0,1.561,1.561,1.561,4.174,4.334,0.0,1.561,0.0,2.143,2.143,2.509,0.0,0.0,0.0,0.0,0.0,2.776,1.561,0.0,0.0,0.0,0.0,1.561,0.0,1.561,0.0,0.0,0.0,0.0,2.143,0.0,0.0,1.561,1.561,0.0,0.0,0.0,0.0,0.0,0.0,0.0,1.561,0.0,0.0,0.0,1.561,0.0,0.0,2.143,1.561,0.0,0.0,2.143,1.561,0.0,0.0,0.0,0.0,0.0,0.0,0.0,0.0,0.0,0.0,0.0,0.0,0.0,1.561,0.0,2.143,0.0,2.143,0.0,0.0,0.0,0.0,0.0,0.0,0.0,1.561,0.0,2.509,1.561,0.0,2.143,0.0,0.0,1.561,2.143,2.776,0.0,0.0,2.143,0.0,0.0,0.0,0.0,0.0,0.0,0.0,0.0,1.561,1.561,0.0,0.0,1.561,0.0,1.561,0.0,0.0,0.0,0.0,0.0,0.0,0.0,0.0,0.0,0.0,0.0,0.0,0.0,2.776,0.0,0.0,0.0,0.0,0.0,0.0,0.0,2.986,0.0,1.561,0.0,0.0,0.0,2.509,0.0,0.0,0.0,0.0,2.143,0.0,0.0,0.0,0.0,0.0,2.143,0.0,1.561,0.0,0.0,3.308,0.0,0.0,1.561,0.0,0.0,0.0,0.0,0.0,3.16,0.0,0.0,2.509,3.654,0.0,3.983,0.0,0.0,0.0,1.561,0.0,0.0,0.0,1.561,0.0,0.0,0.0,0.0,1.561,4.051,2.143,2.986,3.308,0.0,1.561,0.0,0.0,0.0,0.0,0.0,2.509,0.0,3.16,0.0,0.0,0.0,0.0,0.0,0.0,2.143,1.561,0.0,0.0,0.0,0.0,0.0,0.0,0.0,0.0,1.561,0.0,0.0,0.0,0.0,0.0,0.0,0.0,0.0,0.0,0.0,1.561,1.561,0.0,0.0,0.0,0.0,1.561,0.0,0.0,0.0,0.0,0.0,0.0,0.0,0.0,0.0,0.0,0.0,0.0,0.0,0.0,0.0,0.0,0.0,0.0,0.0,0.0,0.0,0.0,0.0,1.561,0.0,0.0,0.0,0.0,0.0,0.0,1.561,3.747,0.0,2.509,2.143,2.143,1.561,0.0,0.0,0.0,1.561,0.0,2.509,0.0,0.0,0.0,0.0,0.0,0.0,0.0,0.0,0.0,0.0,0.0,1.561,0.0,0.0,0.0,0.0,0.0,2.776,2.143,0.0,0.0,0.0,1.561,1.561,0.0,1.561,2.143,0.0,0.0,0.0,0.0,0.0,3.654,0.0,2.143,0.0,0.0,0.0,0.0,0.0,0.0,0.0,0.0,1.561,0.0,0.0,0.0,0.0,1.561,0.0,0.0,2.143,1.561,0.0,1.561,0.0,0.0,0.0,0.0,0.0,0.0,0.0,0.0,2.143,0.0,0.0,0.0,0.0,0.0,0.0,1.561,0.0,1.561,1.561,0.0,1.561,1.561,0.0,0.0,0.0,0.0,0.0,0.0,0.0,1.561,0.0,0.0,0.0,0.0,0.0,0.0,0.0,0.0,0.0,0.0,2.509,0.0,1.561,1.561,0.0,0.0,1.561,2.776,0.0,0.0,0.0,0.0,0.0,0.0,0.0,0.0,0.0,0.0,1.561,0.0,1.561,0.0,0.0,0.0,0.0,0.0,2.776,0.0,1.561,0.0,0.0,0.0,0.0,1.561,0.0,0.0,0.0,0.0,0.0,0.0,1.561,0.0,0.0,0.0,0.0,0.0,1.561,3.308,0.0,0.0,1.561,0.0,0.0,0.0,0.0,1.561,0.0,1.561,0.0,2.143,2.143,1.561,1.561,0.0,0.0,2.509,0.0,0.0,1.561,0.0,0.0,1.561,0.0,0.0,0.0,0.0,0.0,0.0,0.0,0.0,2.143,0.0,0.0,3.16,0.0,0.0,0.0,0.0,0.0,0.0,0.0,0.0,2.143,3.16,0.0,0.0,0.0,0.0,0.0,0.0,1.561,0.0,0.0,2.776,2.143,2.143,0.0,2.143,0.0,1.561,3.437,0.0,0.0,0.0,0.0,0.0,0.0,0.0,0.0,2.143,1.561,5.44,0.0,2.143,0.0,0.0,0.0,0.0,0.0,0.0,0.0,0.0,0.0,0.0,0.0,2.143,3.16,0.0,0.0,1.561,0.0,2.143,0.0,0.0,1.561,0.0,1.561,0.0,0.0,1.561,0.0,0.0,0.0,1.561,0.0,2.509,0.0,2.986,0.0,1.561,0.0,1.561,0.0,0.0,1.561,1.561,0.0,2.509,0.0,0.0,0.0
Dendritische Zelle,0.0,0.0,0.0,1.343,0.0,0.0,1.343,0.0,1.343,1.343,1.343,1.343,0.0,0.0,0.0,0.0,0.0,1.343,0.0,1.897,0.0,0.0,0.0,1.343,0.0,2.251,0.0,1.897,1.343,1.343,0.0,0.0,0.0,0.0,1.343,0.0,0.0,0.0,0.0,0.0,1.897,0.0,0.0,0.0,2.251,0.0,0.0,1.343,0.0,2.719,0.0,0.0,0.0,0.0,1.343,1.343,0.0,1.343,0.0,1.343,0.0,1.343,1.343,0.0,1.897,1.897,0.0,0.0,2.512,1.343,0.0,0.0,0.0,0.0,0.0,0.0,0.0,1.343,0.0,1.343,0.0,0.0,0.0,1.343,1.343,1.343,0.0,0.0,0.0,0.0,0.0,0.0,0.0,0.0,1.343,0.0,0.0,1.343,1.343,0.0,0.0,0.0,0.0,0.0,0.0,0.0,0.0,0.0,1.343,0.0,0.0,1.343,1.343,0.0,1.343,0.0,0.0,1.343,0.0,1.897,0.0,0.0,0.0,0.0,0.0,1.343,0.0,0.0,0.0,0.0,0.0,0.0,0.0,0.0,1.343,0.0,1.343,1.343,0.0,2.89,1.897,0.0,1.897,1.343,0.0,0.0,1.897,0.0,0.0,0.0,0.0,0.0,0.0,1.343,0.0,0.0,0.0,0.0,0.0,0.0,1.343,0.0,0.0,0.0,0.0,0.0,0.0,0.0,1.343,0.0,0.0,0.0,0.0,0.0,1.343,0.0,0.0,0.0,0.0,0.0,0.0,1.897,0.0,0.0,0.0,0.0,0.0,0.0,0.0,0.0,0.0,0.0,0.0,0.0,0.0,1.897,1.343,0.0,0.0,0.0,0.0,0.0,0.0,0.0,1.343,0.0,0.0,1.343,0.0,5.336,0.0,2.512,1.343,2.512,1.343,0.0,0.0,0.0,1.343,1.897,0.0,1.343,2.251,0.0,0.0,0.0,0.0,0.0,0.0,0.0,0.0,2.89,3.277,0.0,1.897,1.343,5.141,4.102,4.81,4.234,3.705,3.47,2.251,3.378,4.454,4.98,0.0,0.0,1.343,0.0,1.343,0.0,1.897,1.343,0.0,0.0,0.0,1.897,0.0,0.0,1.343,0.0,0.0,0.0,0.0,0.0,1.897,0.0,2.251,0.0,0.0,0.0,2.251,1.343,3.164,0.0,1.343,0.0,0.0,0.0,1.343,0.0,0.0,0.0,0.0,0.0,0.0,1.343,1.343,0.0,0.0,0.0,0.0,0.0,0.0,2.512,0.0,1.897,1.897,0.0,0.0,0.0,0.0,0.0,0.0,1.343,0.0,1.897,0.0,0.0,1.343,0.0,0.0,0.0,0.0,1.897,1.343,2.512,0.0,0.0,0.0,0.0,0.0,0.0,1.343,0.0,0.0,0.0,0.0,0.0,2.512,0.0,1.343,0.0,0.0,0.0,0.0,0.0,0.0,0.0,0.0,0.0,0.0,0.0,0.0,1.343,1.343,0.0,0.0,1.343,0.0,0.0,1.343,0.0,0.0,1.343,0.0,0.0,1.343,0.0,0.0,0.0,0.0,1.897,0.0,1.343,1.343,0.0,0.0,0.0,1.343,0.0,1.343,0.0,1.897,0.0,0.0,0.0,0.0,2.251,0.0,0.0,0.0,1.343,0.0,0.0,0.0,0.0,3.277,2.251,0.0,1.897,0.0,0.0,3.164,0.0,0.0,0.0,0.0,0.0,0.0,1.343,0.0,0.0,0.0,1.343,0.0,0.0,0.0,0.0,0.0,2.251,0.0,1.897,0.0,0.0,1.343,0.0,1.343,0.0,0.0,3.036,0.0,1.343,0.0,0.0,0.0,0.0,0.0,0.0,0.0,0.0,0.0,0.0,0.0,0.0,1.897,0.0,2.512,0.0,0.0,0.0,3.47,0.0,1.897,1.343,2.251,0.0,1.343,0.0,0.0,0.0,0.0,0.0,0.0,1.897,0.0,0.0,0.0,0.0,0.0,0.0,0.0,0.0,0.0,0.0,0.0,0.0,0.0,0.0,0.0,0.0,1.897,0.0,0.0,0.0,0.0,0.0,1.343,2.89,0.0,0.0,0.0,0.0,0.0,0.0,1.343,4.763,0.0,1.343,1.343,1.343,1.897,0.0,1.343,0.0,1.897,1.343,1.343,0.0,0.0,0.0,0.0,0.0,0.0,1.343,0.0,0.0,0.0,0.0,1.343,0.0,1.343,0.0,1.343,1.343,3.036,0.0,1.343,0.0,0.0,0.0,0.0,0.0,2.251,2.251,1.343,0.0,0.0,0.0,0.0,2.719,0.0,0.0,0.0,0.0,1.897,0.0,0.0,0.0,1.343,0.0,0.0,1.897,0.0,1.343,0.0,0.0,0.0,0.0,0.0,2.512,1.343,0.0,0.0,0.0,2.251,0.0,2.251,0.0,0.0,0.0,1.343,0.0,0.0,0.0,0.0,0.0,0.0,1.343,1.343,0.0,2.512,0.0,1.343,0.0,1.343,0.0,0.0,1.343,0.0,0.0,0.0,0.0,0.0,1.343,1.343,0.0,0.0,0.0,1.897,1.343,2.251,0.0,2.512,0.0,1.343,0.0,0.0,0.0,0.0,1.343,0.0,0.0,0.0,0.0,0.0,0.0,0.0,0.0,0.0,0.0,1.343,1.343,1.343,1.343,2.512,1.343,1.897,0.0,1.343,1.343,1.343,0.0,0.0,0.0,0.0,0.0,2.251,0.0,0.0,0.0,0.0,0.0,0.0,0.0,0.0,1.343,1.897,0.0,0.0,4.578,0.0,0.0,0.0,1.343,0.0,1.343,1.897,0.0,0.0,0.0,0.0,3.036,1.343,0.0,1.897,0.0,0.0,0.0,0.0,1.343,1.343,0.0,0.0,0.0,0.0,1.343,1.343,0.0,0.0,0.0,0.0,0.0,2.512,0.0,0.0,0.0,0.0,1.897,0.0,1.343,0.0,0.0,0.0,0.0,1.897,3.277,1.897,1.897,0.0,1.343,1.343,0.0,1.343,1.343,3.164,0.0,0.0,0.0,1.897,0.0,0.0,1.343,2.89,0.0,0.0,0.0,0.0,0.0,1.343,1.343,0.0,1.343,1.343,4.004,0.0,1.897,0.0,1.897,0.0,0.0,0.0,1.897,1.343,0.0,0.0,0.0,0.0,0.0,1.343,0.0,1.897,1.897,0.0,1.343,0.0,0.0,0.0,1.343,0.0,1.343,0.0,0.0,1.343,0.0,3.47,1.343,0.0,1.343,0.0,0.0,0.0,1.343,1.343,1.343,0.0,0.0,1.343,1.343,0.0,0.0,0.0,0.0,0.0
Dendritische Zelle,1.939,0.0,0.0,1.939,0.0,0.0,0.0,0.0,1.38,1.38,0.0,0.0,0.0,0.0,0.0,0.0,0.0,0.0,1.939,1.38,0.0,1.939,0.0,2.295,1.38,0.0,0.0,2.295,1.939,0.0,0.0,1.939,0.0,1.38,0.0,1.939,0.0,0.0,2.295,0.0,2.765,2.765,0.0,0.0,1.38,0.0,0.0,0.0,0.0,3.603,0.0,2.295,2.765,0.0,3.211,3.82,0.0,1.38,1.38,0.0,0.0,0.0,0.0,0.0,0.0,0.0,0.0,0.0,4.15,0.0,4.24,0.0,0.0,0.0,2.295,0.0,0.0,1.38,0.0,0.0,1.939,0.0,1.38,0.0,0.0,1.38,1.38,0.0,0.0,0.0,0.0,0.0,0.0,0.0,1.38,1.38,0.0,1.38,0.0,0.0,0.0,0.0,0.0,0.0,0.0,0.0,0.0,0.0,0.0,0.0,0.0,0.0,0.0,0.0,0.0,0.0,0.0,0.0,0.0,0.0,0.0,0.0,0.0,0.0,0.0,0.0,1.38,0.0,0.0,0.0,0.0,0.0,0.0,0.0,0.0,1.38,1.38,1.939,0.0,0.0,0.0,0.0,0.0,1.939,1.38,0.0,0.0,1.38,0.0,1.38,0.0,0.0,1.38,0.0,0.0,0.0,0.0,1.38,1.38,1.38,0.0,1.38,0.0,0.0,0.0,0.0,0.0,0.0,0.0,1.38,0.0,0.0,0.0,0.0,0.0,0.0,0.0,0.0,0.0,1.38,1.38,2.295,1.38,0.0,0.0,1.38,1.939,0.0,1.38,0.0,0.0,0.0,0.0,0.0,1.38,2.295,0.0,0.0,0.0,1.38,1.939,0.0,1.939,0.0,0.0,0.0,0.0,0.0,0.0,4.15,0.0,0.0,2.557,0.0,1.38,0.0,0.0,0.0,0.0,1.38,1.38,1.38,1.38,0.0,0.0,0.0,1.38,0.0,1.38,0.0,1.939,4.15,4.469,0.0,1.38,0.0,2.557,2.295,2.765,0.0,1.939,0.0,0.0,0.0,1.939,2.557,0.0,0.0,0.0,0.0,0.0,0.0,2.295,0.0,1.38,0.0,1.38,1.38,0.0,0.0,0.0,0.0,0.0,0.0,1.38,1.38,0.0,0.0,1.38,0.0,0.0,0.0,1.38,1.939,0.0,1.38,0.0,0.0,0.0,0.0,2.295,0.0,0.0,1.38,0.0,0.0,0.0,0.0,0.0,1.939,0.0,0.0,0.0,1.939,0.0,0.0,0.0,2.295,2.295,0.0,0.0,0.0,0.0,0.0,0.0,0.0,1.38,1.38,0.0,1.38,0.0,0.0,2.295,1.38,0.0,1.38,0.0,1.38,0.0,1.38,0.0,0.0,1.939,2.295,0.0,1.939,0.0,0.0,0.0,0.0,1.38,0.0,0.0,1.38,0.0,0.0,0.0,0.0,1.939,0.0,0.0,1.38,0.0,0.0,0.0,1.38,1.38,1.939,1.939,2.295,0.0,0.0,0.0,0.0,0.0,1.939,0.0,1.38,0.0,1.38,0.0,0.0,0.0,2.557,0.0,0.0,1.939,0.0,3.083,0.0,0.0,0.0,0.0,0.0,0.0,0.0,0.0,0.0,0.0,3.211,0.0,0.0,0.0,1.38,0.0,0.0,0.0,0.0,1.939,1.38,0.0,2.295,3.518,0.0,3.518,0.0,1.38,0.0,1.38,0.0,0.0,0.0,0.0,0.0,0.0,1.939,0.0,1.38,3.324,0.0,2.557,1.38,1.38,1.38,0.0,0.0,1.939,0.0,1.38,0.0,0.0,2.765,0.0,1.38,0.0,0.0,0.0,0.0,0.0,1.38,1.38,0.0,0.0,0.0,0.0,0.0,0.0,0.0,1.38,0.0,0.0,1.38,0.0,0.0,0.0,0.0,1.939,0.0,1.38,0.0,3.083,0.0,0.0,0.0,0.0,0.0,0.0,0.0,0.0,1.38,0.0,0.0,0.0,0.0,0.0,0.0,0.0,0.0,0.0,0.0,0.0,0.0,0.0,0.0,0.0,0.0,0.0,1.38,0.0,2.295,0.0,0.0,0.0,0.0,1.38,0.0,1.939,2.765,0.0,2.557,0.0,1.38,1.939,0.0,1.38,0.0,1.38,1.939,2.295,0.0,1.38,0.0,0.0,0.0,0.0,1.38,0.0,0.0,0.0,0.0,1.38,0.0,0.0,0.0,0.0,0.0,2.557,1.38,0.0,0.0,0.0,1.38,0.0,0.0,1.939,0.0,2.295,0.0,0.0,1.38,0.0,1.38,1.38,1.38,1.38,0.0,1.38,1.38,0.0,0.0,0.0,2.765,0.0,2.557,0.0,0.0,0.0,0.0,0.0,0.0,2.557,1.939,0.0,0.0,0.0,0.0,0.0,1.38,0.0,0.0,0.0,0.0,0.0,0.0,0.0,0.0,0.0,0.0,1.939,0.0,0.0,1.38,2.295,0.0,0.0,0.0,1.38,0.0,0.0,0.0,0.0,0.0,0.0,0.0,0.0,1.38,0.0,0.0,0.0,0.0,1.38,0.0,0.0,1.38,2.557,0.0,2.295,0.0,0.0,0.0,0.0,1.38,0.0,0.0,0.0,0.0,0.0,0.0,0.0,0.0,0.0,0.0,0.0,0.0,1.939,0.0,1.38,1.38,0.0,0.0,2.295,1.939,0.0,0.0,0.0,0.0,1.939,0.0,0.0,0.0,0.0,1.38,0.0,0.0,0.0,0.0,0.0,0.0,0.0,0.0,1.38,3.603,0.0,0.0,1.38,0.0,0.0,0.0,1.939,0.0,0.0,0.0,0.0,2.295,0.0,2.936,2.295,0.0,0.0,2.936,0.0,0.0,2.295,0.0,0.0,0.0,0.0,1.38,1.38,0.0,0.0,0.0,0.0,0.0,0.0,0.0,1.38,2.765,0.0,0.0,0.0,1.38,0.0,1.38,0.0,0.0,2.557,2.557,0.0,1.939,0.0,0.0,0.0,1.38,0.0,0.0,0.0,1.939,1.939,2.295,2.295,0.0,0.0,1.38,3.426,1.38,0.0,0.0,1.38,0.0,2.295,0.0,0.0,1.939,1.939,5.399,0.0,2.557,0.0,1.38,0.0,0.0,0.0,1.38,1.38,0.0,0.0,0.0,0.0,2.295,2.557,0.0,0.0,0.0,0.0,1.38,0.0,0.0,0.0,0.0,0.0,0.0,0.0,2.557,1.38,0.0,0.0,2.295,0.0,1.38,0.0,2.557,0.0,1.38,0.0,1.38,0.0,0.0,0.0,2.936,0.0,2.557,0.0,0.0,1.38
Dendritische Zelle,0.0,0.0,1.135,1.653,0.0,0.0,0.0,0.0,0.0,0.0,0.0,0.0,0.0,0.0,0.0,0.0,0.0,1.653,0.0,1.993,0.0,1.653,0.0,0.0,0.0,1.135,1.135,1.135,1.993,0.0,0.0,1.135,0.0,0.0,0.0,1.135,0.0,0.0,0.0,0.0,0.0,1.993,0.0,0.0,1.653,0.0,0.0,1.135,1.135,1.135,1.653,3.348,1.653,0.0,2.884,0.0,0.0,1.135,0.0,0.0,0.0,1.135,0.0,0.0,0.0,0.0,2.246,0.0,1.653,0.0,0.0,0.0,1.135,0.0,1.135,0.0,0.0,0.0,0.0,1.135,2.246,0.0,0.0,0.0,0.0,1.135,0.0,1.135,0.0,0.0,0.0,1.653,0.0,0.0,1.653,0.0,0.0,0.0,0.0,0.0,1.135,0.0,0.0,0.0,0.0,0.0,1.653,0.0,1.653,0.0,0.0,1.653,0.0,1.135,0.0,1.135,1.135,1.135,0.0,1.135,0.0,0.0,0.0,0.0,0.0,1.135,0.0,1.135,0.0,0.0,0.0,0.0,0.0,1.135,0.0,0.0,1.653,1.135,1.135,2.759,1.135,0.0,0.0,1.135,0.0,1.135,0.0,0.0,0.0,0.0,0.0,0.0,1.135,0.0,0.0,0.0,0.0,0.0,1.135,0.0,1.653,0.0,0.0,0.0,0.0,0.0,0.0,0.0,0.0,1.135,0.0,0.0,0.0,0.0,0.0,0.0,0.0,0.0,0.0,1.653,1.135,0.0,1.135,0.0,0.0,1.135,1.135,0.0,2.246,0.0,0.0,1.135,0.0,0.0,1.135,1.993,0.0,0.0,1.135,1.135,0.0,0.0,2.884,0.0,2.447,0.0,0.0,1.135,1.135,5.296,0.0,2.759,1.993,2.884,0.0,0.0,0.0,0.0,0.0,0.0,0.0,1.135,1.135,0.0,0.0,0.0,1.135,0.0,0.0,1.135,2.246,1.135,2.447,0.0,2.447,1.653,5.148,3.903,4.542,3.767,3.716,2.884,2.246,3.096,4.929,4.929,0.0,0.0,1.135,1.135,1.993,0.0,1.653,1.135,1.993,0.0,0.0,1.135,0.0,0.0,1.135,1.653,0.0,0.0,0.0,0.0,1.135,1.135,2.447,0.0,0.0,1.135,1.993,0.0,3.42,0.0,1.135,0.0,0.0,0.0,2.246,0.0,0.0,0.0,0.0,1.653,1.135,0.0,1.135,0.0,0.0,0.0,0.0,0.0,1.135,1.993,0.0,1.135,0.0,1.135,0.0,0.0,0.0,0.0,0.0,0.0,1.135,1.135,0.0,1.135,1.993,0.0,0.0,0.0,0.0,1.135,0.0,1.993,1.135,2.246,1.653,1.135,0.0,0.0,0.0,0.0,0.0,0.0,0.0,0.0,1.993,0.0,1.135,0.0,0.0,0.0,0.0,0.0,0.0,0.0,0.0,0.0,0.0,1.135,0.0,0.0,1.993,0.0,0.0,1.135,0.0,0.0,0.0,1.135,0.0,0.0,0.0,1.135,0.0,0.0,0.0,0.0,0.0,1.993,1.135,1.135,1.135,0.0,0.0,0.0,0.0,1.135,1.653,0.0,1.135,0.0,1.653,0.0,0.0,3.487,0.0,0.0,1.135,0.0,0.0,0.0,0.0,0.0,1.993,1.993,0.0,0.0,1.135,1.135,3.86,1.135,0.0,1.135,0.0,0.0,0.0,1.135,2.246,0.0,0.0,0.0,1.135,0.0,1.135,0.0,0.0,1.135,1.135,1.993,0.0,0.0,0.0,0.0,1.135,0.0,0.0,2.615,0.0,0.0,0.0,0.0,0.0,0.0,0.0,0.0,1.653,0.0,0.0,0.0,0.0,0.0,1.993,0.0,1.653,1.135,0.0,0.0,3.42,0.0,1.653,1.135,1.993,0.0,0.0,0.0,0.0,0.0,0.0,0.0,0.0,0.0,0.0,0.0,0.0,0.0,0.0,0.0,0.0,1.135,0.0,0.0,0.0,0.0,0.0,0.0,0.0,0.0,0.0,0.0,2.615,1.135,0.0,1.135,1.135,2.615,0.0,1.653,0.0,0.0,2.246,0.0,0.0,4.586,0.0,1.653,1.653,2.246,1.993,0.0,1.135,0.0,1.993,0.0,2.246,0.0,0.0,0.0,0.0,0.0,0.0,1.135,1.135,0.0,1.135,0.0,1.135,1.135,0.0,0.0,1.653,1.653,2.246,1.653,0.0,0.0,0.0,0.0,0.0,0.0,1.993,0.0,0.0,0.0,0.0,1.135,0.0,1.135,0.0,1.135,1.135,0.0,0.0,0.0,0.0,0.0,0.0,1.653,1.135,2.447,0.0,0.0,0.0,1.653,0.0,0.0,1.653,1.135,0.0,1.135,1.135,0.0,0.0,1.135,1.135,0.0,1.653,0.0,0.0,0.0,0.0,0.0,0.0,0.0,1.135,1.135,1.135,0.0,0.0,0.0,0.0,1.135,1.135,0.0,0.0,1.135,0.0,0.0,0.0,0.0,1.135,0.0,0.0,1.993,0.0,1.135,1.993,0.0,0.0,0.0,2.884,0.0,1.653,1.653,0.0,0.0,1.135,1.135,0.0,0.0,0.0,1.993,0.0,1.993,0.0,0.0,0.0,0.0,0.0,1.135,1.653,1.653,0.0,0.0,1.135,1.135,1.993,0.0,1.135,0.0,0.0,0.0,1.135,1.135,0.0,0.0,0.0,0.0,0.0,0.0,0.0,0.0,0.0,1.135,0.0,0.0,0.0,4.608,0.0,0.0,0.0,0.0,1.135,0.0,1.653,0.0,0.0,1.993,0.0,2.246,1.135,1.653,0.0,0.0,0.0,0.0,1.135,0.0,1.135,0.0,0.0,0.0,1.135,1.135,0.0,1.993,0.0,0.0,0.0,0.0,1.135,0.0,1.993,0.0,1.135,1.135,0.0,0.0,0.0,0.0,1.135,0.0,1.653,2.615,1.135,0.0,1.135,0.0,1.135,0.0,1.135,0.0,1.135,0.0,1.135,1.135,1.653,1.135,0.0,0.0,0.0,0.0,0.0,0.0,0.0,1.993,1.135,0.0,0.0,0.0,2.759,3.096,1.135,2.246,0.0,0.0,0.0,0.0,1.653,1.135,0.0,0.0,0.0,0.0,0.0,0.0,0.0,1.135,0.0,1.653,1.135,0.0,0.0,0.0,0.0,1.135,0.0,1.135,0.0,0.0,0.0,0.0,2.759,1.135,0.0,1.653,0.0,2.246,1.135,1.135,0.0,0.0,1.135,0.0,1.135,1.993,0.0,1.135,0.0,0.0,1.135
Dendritische Zelle,0.0,0.0,1.502,0.0,0.0,0.0,0.0,0.0,1.502,2.077,0.0,0.0,2.44,0.0,0.0,0.0,0.0,2.916,2.077,0.0,0.0,0.0,0.0,0.0,0.0,1.502,0.0,1.502,2.077,0.0,0.0,2.077,0.0,0.0,1.502,0.0,1.502,0.0,2.44,0.0,3.365,1.502,0.0,0.0,0.0,0.0,0.0,1.502,0.0,2.44,0.0,2.44,1.502,0.0,2.44,3.674,0.0,2.44,0.0,0.0,0.0,0.0,0.0,0.0,1.502,0.0,0.0,0.0,3.479,0.0,3.236,0.0,0.0,0.0,0.0,0.0,0.0,0.0,0.0,0.0,1.502,0.0,0.0,0.0,1.502,1.502,1.502,0.0,1.502,0.0,0.0,0.0,0.0,0.0,0.0,0.0,0.0,0.0,0.0,0.0,0.0,0.0,0.0,0.0,0.0,0.0,0.0,0.0,0.0,0.0,1.502,2.077,0.0,0.0,0.0,0.0,0.0,0.0,0.0,0.0,1.502,0.0,0.0,0.0,1.502,2.44,0.0,0.0,0.0,0.0,0.0,0.0,0.0,0.0,0.0,0.0,0.0,0.0,0.0,2.44,1.502,0.0,0.0,2.44,1.502,0.0,0.0,1.502,0.0,0.0,0.0,0.0,0.0,2.077,0.0,0.0,0.0,1.502,0.0,0.0,0.0,1.502,0.0,0.0,0.0,0.0,0.0,0.0,1.502,0.0,0.0,0.0,0.0,0.0,0.0,0.0,0.0,0.0,0.0,1.502,1.502,0.0,1.502,0.0,0.0,0.0,2.44,1.502,0.0,0.0,1.502,0.0,0.0,0.0,0.0,2.44,0.0,0.0,0.0,1.502,0.0,1.502,2.44,1.502,1.502,0.0,0.0,1.502,0.0,4.308,0.0,2.077,2.44,0.0,0.0,0.0,0.0,0.0,0.0,0.0,0.0,0.0,0.0,0.0,0.0,0.0,0.0,0.0,1.502,0.0,1.502,3.977,4.21,0.0,2.44,1.502,3.759,2.077,2.706,2.916,1.502,2.44,0.0,1.502,3.365,3.236,0.0,0.0,0.0,1.502,0.0,0.0,0.0,0.0,0.0,0.0,1.502,2.44,0.0,1.502,0.0,2.077,0.0,0.0,0.0,0.0,0.0,0.0,2.077,0.0,0.0,0.0,1.502,1.502,1.502,1.502,2.077,1.502,0.0,0.0,2.077,0.0,0.0,0.0,0.0,0.0,0.0,1.502,0.0,1.502,0.0,0.0,0.0,1.502,0.0,2.077,0.0,0.0,1.502,2.077,0.0,0.0,0.0,0.0,0.0,0.0,0.0,1.502,0.0,0.0,0.0,2.706,2.077,0.0,0.0,1.502,2.706,2.077,0.0,0.0,0.0,0.0,1.502,0.0,1.502,0.0,0.0,0.0,0.0,0.0,1.502,0.0,0.0,1.502,0.0,0.0,0.0,0.0,0.0,0.0,0.0,0.0,0.0,0.0,0.0,1.502,1.502,1.502,0.0,0.0,0.0,0.0,0.0,0.0,1.502,0.0,0.0,2.077,0.0,1.502,0.0,0.0,0.0,2.44,0.0,2.077,1.502,1.502,0.0,0.0,1.502,0.0,2.44,0.0,0.0,0.0,0.0,0.0,0.0,2.077,0.0,0.0,0.0,0.0,0.0,1.502,0.0,0.0,2.706,0.0,1.502,2.706,1.502,1.502,2.44,1.502,0.0,0.0,0.0,0.0,0.0,0.0,0.0,1.502,0.0,0.0,0.0,0.0,3.365,0.0,2.706,1.502,1.502,1.502,0.0,0.0,0.0,0.0,1.502,1.502,0.0,2.44,0.0,0.0,0.0,0.0,0.0,0.0,2.077,0.0,1.502,0.0,1.502,0.0,0.0,0.0,0.0,0.0,0.0,1.502,2.706,0.0,2.44,0.0,0.0,0.0,2.077,0.0,0.0,1.502,2.077,0.0,0.0,0.0,0.0,0.0,1.502,2.077,1.502,0.0,0.0,0.0,0.0,0.0,0.0,0.0,0.0,0.0,0.0,0.0,0.0,0.0,1.502,0.0,2.44,0.0,0.0,1.502,0.0,1.502,0.0,1.502,0.0,1.502,1.502,0.0,0.0,2.077,0.0,2.706,1.502,2.706,1.502,0.0,0.0,0.0,2.077,0.0,1.502,0.0,0.0,0.0,0.0,0.0,0.0,0.0,0.0,0.0,0.0,0.0,0.0,0.0,0.0,0.0,0.0,0.0,1.502,2.706,0.0,0.0,0.0,0.0,2.077,0.0,2.077,0.0,0.0,0.0,0.0,0.0,1.502,1.502,0.0,2.706,2.44,0.0,0.0,0.0,0.0,0.0,0.0,0.0,1.502,2.077,1.502,0.0,0.0,0.0,0.0,0.0,1.502,1.502,0.0,0.0,1.502,0.0,0.0,2.077,0.0,2.077,0.0,0.0,0.0,0.0,0.0,0.0,0.0,0.0,0.0,0.0,0.0,0.0,1.502,3.479,0.0,0.0,2.077,0.0,0.0,0.0,1.502,0.0,0.0,1.502,0.0,1.502,0.0,0.0,0.0,0.0,0.0,0.0,0.0,0.0,1.502,0.0,0.0,0.0,0.0,0.0,0.0,0.0,0.0,0.0,0.0,0.0,0.0,0.0,0.0,0.0,1.502,0.0,1.502,0.0,0.0,0.0,0.0,1.502,1.502,0.0,2.44,1.502,1.502,0.0,0.0,0.0,0.0,1.502,0.0,0.0,0.0,0.0,0.0,0.0,0.0,0.0,0.0,0.0,0.0,0.0,0.0,3.089,1.502,0.0,0.0,0.0,0.0,1.502,0.0,0.0,0.0,0.0,0.0,2.44,0.0,3.089,0.0,0.0,0.0,2.706,0.0,0.0,2.077,0.0,0.0,0.0,0.0,0.0,2.077,2.077,0.0,0.0,0.0,0.0,0.0,0.0,0.0,0.0,1.502,1.502,0.0,2.44,0.0,0.0,0.0,0.0,2.44,3.479,0.0,0.0,0.0,1.502,0.0,0.0,0.0,2.077,2.077,1.502,0.0,0.0,2.706,1.502,0.0,2.077,3.837,0.0,0.0,0.0,0.0,0.0,1.502,0.0,0.0,0.0,1.502,4.895,0.0,3.236,0.0,0.0,0.0,0.0,0.0,0.0,0.0,0.0,0.0,0.0,0.0,0.0,1.502,0.0,0.0,1.502,1.502,0.0,0.0,0.0,1.502,0.0,1.502,0.0,0.0,2.077,0.0,0.0,0.0,2.44,1.502,1.502,0.0,2.077,0.0,1.502,0.0,2.44,0.0,0.0,0.0,2.077,0.0,2.077,0.0,0.0,0.0
T-Zelle,0.0,0.0,0.0,2.108,0.0,0.0,0.0,0.0,0.0,0.0,0.0,0.0,0.0,0.0,0.0,1.227,0.0,3.616,0.0,2.569,0.0,0.0,0.0,0.0,0.0,1.762,0.0,1.227,1.227,1.762,1.227,0.0,0.0,0.0,0.0,0.0,0.0,0.0,0.0,1.227,1.762,0.0,2.108,0.0,1.762,0.0,0.0,0.0,2.365,0.0,0.0,1.227,0.0,0.0,2.108,2.365,0.0,1.227,1.227,1.227,1.227,0.0,0.0,1.227,0.0,0.0,0.0,0.0,0.0,1.227,0.0,0.0,0.0,0.0,0.0,0.0,0.0,1.227,0.0,1.227,0.0,0.0,0.0,0.0,1.227,2.108,0.0,0.0,0.0,0.0,0.0,0.0,0.0,1.762,1.227,0.0,2.108,1.227,1.227,0.0,0.0,0.0,0.0,0.0,2.108,1.762,1.227,0.0,0.0,0.0,1.227,2.884,2.365,1.227,0.0,1.227,0.0,0.0,0.0,0.0,0.0,1.762,0.0,0.0,0.0,0.0,0.0,1.762,0.0,1.227,0.0,0.0,0.0,0.0,0.0,0.0,0.0,1.227,1.762,0.0,0.0,1.227,1.227,0.0,0.0,0.0,0.0,1.227,0.0,0.0,0.0,0.0,0.0,0.0,0.0,0.0,0.0,0.0,0.0,0.0,0.0,1.762,0.0,0.0,0.0,0.0,0.0,0.0,1.227,0.0,0.0,0.0,0.0,0.0,0.0,0.0,0.0,0.0,0.0,1.227,1.227,2.569,1.762,0.0,1.762,0.0,0.0,1.227,0.0,0.0,2.365,0.0,0.0,0.0,0.0,2.108,1.227,0.0,0.0,0.0,0.0,1.227,1.762,0.0,1.762,0.0,0.0,1.227,1.227,1.227,0.0,3.122,1.762,1.762,1.762,0.0,0.0,1.227,0.0,0.0,1.762,0.0,0.0,0.0,1.227,0.0,0.0,0.0,0.0,0.0,2.569,0.0,0.0,1.227,2.569,3.122,0.0,0.0,0.0,0.0,0.0,0.0,0.0,0.0,0.0,0.0,0.0,1.227,0.0,1.762,2.108,0.0,0.0,0.0,1.227,0.0,0.0,0.0,0.0,1.227,0.0,1.227,0.0,0.0,0.0,0.0,0.0,0.0,1.227,1.227,0.0,0.0,2.108,0.0,0.0,0.0,0.0,0.0,0.0,0.0,2.365,1.762,0.0,0.0,0.0,0.0,0.0,0.0,0.0,0.0,0.0,0.0,0.0,0.0,0.0,1.762,0.0,1.227,0.0,0.0,0.0,0.0,0.0,0.0,0.0,0.0,1.227,1.227,1.227,1.762,1.762,2.365,0.0,0.0,1.227,1.227,0.0,0.0,1.227,0.0,0.0,1.227,1.227,1.762,1.762,0.0,1.227,0.0,1.227,0.0,1.227,0.0,1.227,0.0,0.0,0.0,0.0,0.0,0.0,1.227,0.0,0.0,0.0,1.227,0.0,1.227,0.0,1.227,0.0,1.762,0.0,0.0,1.227,0.0,1.227,0.0,0.0,0.0,2.108,1.227,1.227,1.762,0.0,0.0,0.0,1.227,0.0,0.0,0.0,0.0,2.108,0.0,0.0,0.0,0.0,0.0,0.0,1.227,0.0,2.108,0.0,0.0,0.0,1.227,0.0,0.0,1.227,0.0,2.365,1.227,0.0,0.0,0.0,1.227,3.477,0.0,0.0,0.0,0.0,0.0,0.0,0.0,2.569,0.0,0.0,0.0,0.0,1.227,2.365,0.0,0.0,1.227,0.0,1.227,0.0,1.227,1.762,1.227,0.0,1.227,0.0,0.0,1.227,0.0,0.0,0.0,0.0,0.0,1.762,1.227,0.0,1.762,0.0,0.0,0.0,1.227,1.762,0.0,2.108,1.227,3.399,1.227,1.227,0.0,2.365,0.0,1.227,0.0,0.0,1.227,1.762,1.227,0.0,0.0,0.0,0.0,2.108,2.569,0.0,0.0,0.0,3.122,0.0,1.227,1.227,0.0,0.0,0.0,0.0,0.0,1.762,0.0,0.0,0.0,3.399,0.0,0.0,0.0,0.0,3.223,0.0,0.0,0.0,0.0,0.0,1.227,0.0,0.0,0.0,0.0,0.0,2.365,1.227,0.0,0.0,1.227,1.762,0.0,2.108,1.227,1.227,0.0,0.0,0.0,0.0,1.227,0.0,0.0,0.0,0.0,0.0,0.0,1.227,0.0,2.108,0.0,2.365,0.0,0.0,0.0,0.0,1.227,1.227,0.0,2.739,0.0,0.0,0.0,0.0,1.762,0.0,0.0,0.0,2.365,1.227,1.227,0.0,1.227,0.0,0.0,0.0,0.0,0.0,2.884,1.227,0.0,0.0,1.227,0.0,0.0,0.0,1.227,0.0,0.0,1.227,1.227,0.0,0.0,0.0,1.227,1.227,0.0,0.0,0.0,0.0,0.0,0.0,0.0,0.0,0.0,2.108,0.0,1.227,3.399,0.0,0.0,1.762,0.0,0.0,1.227,1.762,0.0,0.0,0.0,0.0,1.227,0.0,0.0,0.0,0.0,1.227,0.0,0.0,1.227,3.01,0.0,2.108,1.762,0.0,0.0,1.227,0.0,0.0,0.0,0.0,0.0,0.0,0.0,2.884,0.0,1.227,0.0,0.0,0.0,0.0,0.0,0.0,0.0,1.762,0.0,2.108,0.0,2.108,0.0,0.0,0.0,1.227,2.108,0.0,2.569,0.0,0.0,0.0,0.0,0.0,1.227,1.762,0.0,0.0,0.0,1.227,0.0,0.0,1.227,0.0,1.227,0.0,0.0,1.227,0.0,0.0,1.227,0.0,2.108,0.0,1.227,0.0,1.227,0.0,0.0,2.365,0.0,1.762,0.0,0.0,0.0,0.0,0.0,2.569,0.0,0.0,0.0,0.0,0.0,1.762,0.0,0.0,0.0,0.0,2.108,0.0,1.227,0.0,0.0,1.227,1.227,1.227,3.01,0.0,0.0,0.0,0.0,0.0,0.0,0.0,0.0,0.0,0.0,1.762,0.0,1.227,0.0,1.227,1.762,0.0,1.762,0.0,0.0,0.0,0.0,1.227,1.227,1.227,2.108,1.227,3.223,0.0,2.108,0.0,2.569,0.0,0.0,1.227,0.0,1.227,0.0,0.0,0.0,0.0,0.0,1.227,1.762,0.0,0.0,0.0,1.227,0.0,0.0,1.762,0.0,1.227,0.0,0.0,0.0,0.0,0.0,0.0,2.569,1.762,0.0,0.0,0.0,1.227,1.762,0.0,2.365,0.0,0.0,1.227,1.762,0.0,1.762,0.0,0.0,0.0
NK-Zelle,0.0,0.0,0.0,2.311,0.0,1.394,0.0,0.0,0.0,1.954,0.0,0.0,0.0,0.0,0.0,0.0,0.0,1.394,0.0,0.0,0.0,0.0,2.574,1.394,0.0,0.0,0.0,0.0,1.954,0.0,0.0,1.394,0.0,1.394,1.954,1.394,0.0,0.0,0.0,0.0,1.394,2.311,1.394,0.0,2.574,1.954,0.0,0.0,0.0,1.394,0.0,1.394,0.0,0.0,1.394,2.954,0.0,1.954,0.0,1.394,0.0,1.394,1.394,0.0,0.0,0.0,2.311,0.0,2.574,0.0,0.0,0.0,1.394,0.0,0.0,0.0,1.954,1.394,0.0,0.0,0.0,0.0,0.0,0.0,0.0,0.0,0.0,0.0,0.0,1.394,1.394,1.394,0.0,0.0,0.0,0.0,0.0,0.0,1.954,0.0,1.394,0.0,3.838,0.0,0.0,0.0,0.0,0.0,0.0,0.0,0.0,0.0,2.574,0.0,0.0,0.0,0.0,0.0,1.394,1.394,1.394,1.394,0.0,0.0,0.0,1.394,0.0,1.394,0.0,1.394,0.0,0.0,0.0,1.394,0.0,0.0,0.0,1.394,0.0,0.0,0.0,1.394,0.0,1.394,1.394,0.0,0.0,2.574,0.0,0.0,0.0,0.0,1.394,1.394,0.0,0.0,0.0,0.0,0.0,0.0,0.0,1.954,0.0,0.0,1.394,1.394,0.0,0.0,0.0,0.0,0.0,0.0,0.0,0.0,0.0,2.954,0.0,0.0,0.0,1.394,2.954,1.394,0.0,0.0,0.0,0.0,0.0,0.0,0.0,1.394,1.394,0.0,1.954,2.574,1.394,1.394,1.394,0.0,1.394,0.0,0.0,0.0,1.394,1.394,0.0,0.0,0.0,0.0,0.0,1.394,0.0,1.954,0.0,1.954,1.394,0.0,0.0,1.954,0.0,0.0,0.0,0.0,0.0,0.0,0.0,0.0,0.0,1.394,1.954,1.394,2.782,0.0,0.0,0.0,1.394,1.954,0.0,0.0,0.0,0.0,0.0,0.0,0.0,0.0,0.0,0.0,0.0,0.0,0.0,1.954,0.0,0.0,0.0,1.394,1.394,0.0,0.0,1.954,0.0,0.0,0.0,0.0,1.394,0.0,0.0,0.0,0.0,0.0,1.394,0.0,1.394,0.0,1.394,1.394,0.0,0.0,0.0,2.311,1.394,0.0,2.954,0.0,1.394,0.0,0.0,0.0,0.0,0.0,0.0,0.0,0.0,0.0,0.0,0.0,1.394,1.394,0.0,1.394,0.0,1.394,0.0,0.0,0.0,0.0,0.0,0.0,0.0,1.954,0.0,0.0,0.0,2.311,0.0,0.0,0.0,0.0,1.394,0.0,0.0,0.0,0.0,0.0,0.0,0.0,1.954,0.0,0.0,1.394,0.0,0.0,1.394,1.394,2.311,0.0,0.0,0.0,0.0,0.0,0.0,0.0,1.394,1.394,0.0,0.0,0.0,1.954,0.0,0.0,0.0,2.311,0.0,0.0,0.0,0.0,0.0,0.0,0.0,2.311,1.394,2.574,0.0,1.394,0.0,0.0,0.0,2.311,1.394,0.0,0.0,0.0,1.394,0.0,0.0,1.954,1.394,0.0,0.0,1.394,0.0,0.0,0.0,0.0,0.0,0.0,0.0,0.0,0.0,0.0,2.782,0.0,2.782,0.0,0.0,1.954,2.954,0.0,0.0,0.0,0.0,0.0,0.0,0.0,0.0,1.394,0.0,0.0,0.0,0.0,2.954,1.954,0.0,0.0,0.0,1.954,2.311,0.0,0.0,0.0,1.394,0.0,0.0,0.0,0.0,0.0,0.0,0.0,0.0,0.0,0.0,1.394,0.0,0.0,0.0,1.394,0.0,1.954,1.394,0.0,0.0,0.0,3.228,0.0,2.574,0.0,0.0,0.0,0.0,0.0,1.394,0.0,1.954,0.0,1.394,0.0,0.0,1.954,2.311,1.394,1.394,1.394,1.394,0.0,0.0,0.0,0.0,0.0,0.0,0.0,0.0,0.0,0.0,0.0,0.0,0.0,1.954,0.0,1.394,0.0,1.394,2.574,0.0,2.311,0.0,0.0,1.394,0.0,0.0,0.0,0.0,0.0,0.0,1.954,0.0,0.0,0.0,0.0,2.311,0.0,1.394,1.394,0.0,0.0,1.394,0.0,0.0,1.394,1.394,0.0,0.0,0.0,0.0,1.394,0.0,0.0,1.394,0.0,1.394,1.394,0.0,1.394,1.954,1.394,0.0,0.0,1.394,0.0,0.0,0.0,1.954,1.394,0.0,1.954,0.0,2.574,1.954,1.394,0.0,2.574,0.0,0.0,0.0,0.0,0.0,2.782,1.954,0.0,0.0,1.394,0.0,1.394,0.0,1.394,0.0,0.0,0.0,0.0,1.394,0.0,0.0,0.0,0.0,0.0,1.394,0.0,0.0,0.0,0.0,0.0,0.0,0.0,0.0,0.0,2.311,2.574,0.0,1.394,0.0,0.0,0.0,0.0,0.0,0.0,0.0,0.0,1.954,0.0,0.0,0.0,0.0,0.0,1.954,1.394,0.0,0.0,1.394,0.0,2.311,1.394,0.0,0.0,0.0,1.394,0.0,0.0,0.0,1.394,0.0,1.394,0.0,0.0,0.0,0.0,0.0,0.0,2.311,0.0,1.394,0.0,1.954,0.0,2.311,0.0,1.954,0.0,0.0,0.0,0.0,0.0,0.0,3.62,1.954,1.394,0.0,0.0,0.0,0.0,0.0,1.954,0.0,0.0,0.0,0.0,2.782,0.0,0.0,0.0,1.954,1.394,2.574,1.394,0.0,2.782,0.0,1.954,1.394,1.954,1.394,2.782,0.0,0.0,2.311,1.954,0.0,0.0,0.0,1.394,0.0,0.0,1.954,0.0,0.0,1.394,1.394,0.0,1.394,0.0,0.0,0.0,0.0,0.0,0.0,0.0,0.0,0.0,0.0,1.394,2.954,2.311,1.954,1.394,0.0,1.954,0.0,0.0,1.394,0.0,2.311,0.0,1.394,0.0,1.394,0.0,0.0,1.954,2.782,1.394,0.0,0.0,0.0,0.0,1.954,0.0,0.0,0.0,1.954,3.536,0.0,1.954,1.954,0.0,0.0,0.0,0.0,0.0,4.07,0.0,0.0,0.0,0.0,0.0,0.0,0.0,0.0,0.0,1.394,0.0,0.0,0.0,0.0,0.0,1.954,0.0,0.0,0.0,0.0,0.0,0.0,1.394,0.0,0.0,0.0,1.394,1.394,2.311,0.0,2.574,1.954,0.0,1.954,0.0,0.0,2.954,0.0,1.394,0.0
T-Zelle,0.0,0.0,1.525,2.103,0.0,0.0,0.0,0.0,0.0,0.0,0.0,0.0,0.0,0.0,0.0,0.0,1.525,3.788,0.0,0.0,0.0,0.0,0.0,0.0,0.0,0.0,0.0,1.525,2.103,0.0,0.0,2.467,0.0,0.0,1.525,0.0,0.0,1.525,3.117,0.0,0.0,0.0,2.103,0.0,1.525,0.0,0.0,1.525,0.0,0.0,1.525,2.733,0.0,0.0,3.117,4.51,0.0,2.733,0.0,1.525,1.525,0.0,0.0,0.0,0.0,0.0,1.525,0.0,0.0,0.0,0.0,0.0,0.0,0.0,0.0,0.0,0.0,0.0,0.0,1.525,1.525,0.0,0.0,0.0,2.467,1.525,0.0,1.525,0.0,0.0,0.0,2.103,0.0,0.0,2.467,0.0,0.0,1.525,1.525,0.0,0.0,0.0,3.117,0.0,1.525,0.0,0.0,0.0,0.0,0.0,0.0,0.0,2.103,0.0,0.0,1.525,1.525,0.0,0.0,0.0,0.0,2.103,0.0,0.0,0.0,0.0,0.0,0.0,0.0,1.525,0.0,0.0,0.0,0.0,0.0,2.733,0.0,1.525,1.525,2.103,1.525,0.0,0.0,1.525,1.525,0.0,1.525,0.0,0.0,2.103,0.0,0.0,0.0,0.0,1.525,0.0,0.0,0.0,0.0,0.0,0.0,2.103,0.0,0.0,0.0,2.467,0.0,0.0,3.117,0.0,0.0,1.525,0.0,0.0,0.0,2.103,0.0,0.0,0.0,0.0,0.0,0.0,0.0,0.0,0.0,0.0,1.525,2.943,1.525,0.0,1.525,0.0,0.0,0.0,0.0,2.467,2.103,0.0,0.0,0.0,0.0,0.0,1.525,0.0,0.0,0.0,0.0,2.103,0.0,1.525,0.0,2.467,0.0,2.103,2.103,0.0,0.0,0.0,1.525,0.0,0.0,0.0,0.0,0.0,0.0,0.0,0.0,0.0,0.0,0.0,0.0,0.0,0.0,0.0,2.733,2.467,0.0,0.0,1.525,0.0,0.0,0.0,0.0,0.0,0.0,0.0,1.525,0.0,0.0,1.525,0.0,2.103,0.0,0.0,0.0,0.0,0.0,1.525,0.0,0.0,2.103,1.525,0.0,0.0,0.0,0.0,0.0,1.525,1.525,0.0,0.0,0.0,0.0,2.103,0.0,1.525,1.525,0.0,0.0,1.525,1.525,0.0,0.0,1.525,0.0,0.0,0.0,0.0,0.0,0.0,0.0,0.0,0.0,0.0,0.0,1.525,0.0,2.103,0.0,1.525,0.0,0.0,0.0,0.0,0.0,2.103,0.0,1.525,0.0,2.103,0.0,2.103,0.0,0.0,0.0,0.0,0.0,0.0,0.0,0.0,0.0,0.0,0.0,2.103,2.467,0.0,2.733,0.0,0.0,0.0,1.525,0.0,2.103,0.0,0.0,1.525,0.0,0.0,0.0,0.0,0.0,1.525,0.0,0.0,0.0,0.0,1.525,0.0,0.0,2.467,1.525,0.0,0.0,1.525,2.103,2.103,0.0,1.525,2.467,0.0,0.0,2.733,0.0,2.733,1.525,0.0,0.0,0.0,0.0,0.0,1.525,0.0,0.0,1.525,0.0,0.0,0.0,0.0,0.0,3.393,0.0,0.0,0.0,0.0,1.525,1.525,1.525,0.0,2.103,2.103,2.103,1.525,0.0,2.103,3.117,0.0,0.0,0.0,0.0,1.525,0.0,0.0,0.0,0.0,0.0,0.0,0.0,1.525,2.943,0.0,0.0,0.0,0.0,0.0,0.0,0.0,0.0,0.0,0.0,1.525,0.0,0.0,0.0,0.0,0.0,0.0,0.0,0.0,2.103,1.525,2.103,0.0,0.0,1.525,0.0,2.733,1.525,0.0,0.0,0.0,3.393,2.103,2.103,0.0,0.0,0.0,1.525,0.0,0.0,0.0,0.0,1.525,1.525,0.0,0.0,0.0,2.733,3.117,2.103,0.0,0.0,2.103,0.0,1.525,0.0,0.0,0.0,0.0,0.0,0.0,0.0,0.0,0.0,0.0,2.103,0.0,0.0,0.0,0.0,2.467,0.0,1.525,1.525,0.0,2.103,0.0,0.0,0.0,0.0,2.467,0.0,1.525,0.0,0.0,0.0,1.525,0.0,1.525,2.733,0.0,0.0,1.525,0.0,1.525,0.0,2.733,1.525,1.525,0.0,0.0,0.0,0.0,0.0,0.0,0.0,1.525,0.0,1.525,0.0,2.103,2.733,0.0,0.0,0.0,2.103,0.0,0.0,0.0,1.525,0.0,0.0,0.0,0.0,3.393,1.525,1.525,0.0,2.103,0.0,0.0,0.0,0.0,2.467,2.467,0.0,0.0,0.0,2.103,0.0,2.103,0.0,2.467,0.0,2.733,0.0,0.0,0.0,0.0,0.0,0.0,2.733,0.0,1.525,0.0,0.0,1.525,0.0,0.0,2.103,0.0,0.0,0.0,3.117,3.939,2.103,1.525,0.0,0.0,0.0,1.525,1.525,0.0,2.467,0.0,2.103,2.467,0.0,0.0,0.0,0.0,0.0,0.0,0.0,0.0,0.0,0.0,1.525,0.0,0.0,0.0,0.0,0.0,0.0,3.265,0.0,0.0,0.0,0.0,0.0,1.525,1.525,0.0,0.0,0.0,0.0,0.0,0.0,0.0,1.525,0.0,0.0,0.0,0.0,0.0,0.0,0.0,0.0,0.0,2.103,2.103,0.0,0.0,0.0,1.525,0.0,0.0,1.525,0.0,0.0,1.525,1.525,0.0,1.525,0.0,0.0,1.525,0.0,0.0,2.733,0.0,0.0,1.525,0.0,2.103,1.525,1.525,1.525,1.525,0.0,0.0,2.103,0.0,0.0,1.525,0.0,0.0,0.0,0.0,1.525,1.525,0.0,0.0,0.0,0.0,1.525,0.0,1.525,0.0,0.0,2.467,0.0,2.103,0.0,0.0,0.0,0.0,2.467,0.0,0.0,1.525,0.0,1.525,0.0,2.103,2.103,2.103,2.467,0.0,1.525,0.0,1.525,1.525,0.0,0.0,0.0,2.103,0.0,0.0,0.0,0.0,1.525,0.0,1.525,3.507,2.467,3.117,0.0,2.103,0.0,2.733,0.0,0.0,0.0,0.0,3.507,0.0,0.0,0.0,1.525,0.0,0.0,0.0,1.525,1.525,0.0,0.0,0.0,0.0,0.0,0.0,2.103,0.0,0.0,0.0,0.0,0.0,0.0,1.525,0.0,0.0,0.0,0.0,0.0,2.103,0.0,0.0,1.525,0.0,2.103,2.103,0.0,0.0,0.0,1.525,0.0
Dendritische Zelle,2.429,0.0,0.0,2.066,0.0,0.0,0.0,2.066,2.066,0.0,0.0,0.0,0.0,0.0,0.0,0.0,0.0,1.493,2.066,0.0,0.0,0.0,0.0,2.429,0.0,0.0,0.0,1.493,0.0,0.0,0.0,0.0,1.493,0.0,0.0,0.0,1.493,0.0,2.694,0.0,2.066,0.0,0.0,0.0,1.493,0.0,0.0,0.0,0.0,3.662,1.493,2.066,1.493,0.0,3.224,3.965,0.0,1.493,1.493,0.0,0.0,0.0,0.0,0.0,0.0,0.0,1.493,0.0,4.028,0.0,3.569,0.0,0.0,0.0,1.493,0.0,0.0,0.0,0.0,0.0,2.066,0.0,0.0,0.0,1.493,0.0,0.0,0.0,0.0,0.0,0.0,2.429,0.0,1.493,1.493,0.0,0.0,1.493,1.493,0.0,0.0,2.429,0.0,0.0,0.0,0.0,0.0,0.0,1.493,0.0,0.0,0.0,2.066,2.066,0.0,1.493,1.493,0.0,1.493,0.0,0.0,1.493,0.0,0.0,0.0,0.0,0.0,0.0,2.429,0.0,0.0,0.0,0.0,0.0,0.0,0.0,0.0,0.0,0.0,0.0,1.493,0.0,1.493,0.0,2.694,1.493,1.493,0.0,0.0,1.493,1.493,0.0,1.493,1.493,0.0,0.0,0.0,0.0,0.0,0.0,0.0,0.0,0.0,0.0,2.066,0.0,1.493,0.0,0.0,0.0,1.493,0.0,0.0,1.493,0.0,0.0,0.0,0.0,0.0,2.066,0.0,0.0,0.0,0.0,0.0,1.493,2.066,1.493,0.0,2.429,1.493,0.0,0.0,0.0,0.0,1.493,0.0,0.0,0.0,0.0,1.493,0.0,1.493,0.0,1.493,0.0,0.0,2.066,1.493,3.353,0.0,2.066,2.694,1.493,2.429,0.0,0.0,0.0,0.0,0.0,0.0,0.0,0.0,0.0,0.0,0.0,0.0,0.0,1.493,0.0,1.493,3.897,3.965,0.0,2.694,0.0,3.353,2.694,3.467,0.0,0.0,0.0,1.493,0.0,2.694,2.066,0.0,0.0,1.493,1.493,0.0,0.0,0.0,1.493,1.493,1.493,2.066,0.0,0.0,0.0,0.0,1.493,1.493,0.0,0.0,1.493,0.0,0.0,1.493,0.0,0.0,0.0,0.0,2.429,1.493,1.493,2.066,0.0,0.0,0.0,1.493,0.0,1.493,0.0,0.0,0.0,1.493,0.0,0.0,2.694,0.0,0.0,0.0,0.0,0.0,0.0,0.0,2.066,2.429,2.066,0.0,0.0,0.0,0.0,0.0,0.0,0.0,2.694,0.0,2.066,0.0,1.493,1.493,0.0,0.0,1.493,2.066,2.066,0.0,0.0,0.0,1.493,1.493,1.493,0.0,0.0,0.0,1.493,0.0,0.0,0.0,0.0,0.0,0.0,0.0,0.0,0.0,0.0,1.493,0.0,0.0,0.0,0.0,0.0,0.0,0.0,0.0,1.493,2.066,3.077,0.0,0.0,0.0,1.493,0.0,0.0,0.0,1.493,1.493,0.0,0.0,1.493,0.0,2.429,0.0,0.0,0.0,0.0,2.904,0.0,0.0,0.0,0.0,0.0,1.493,0.0,0.0,0.0,0.0,2.694,0.0,0.0,1.493,0.0,0.0,0.0,1.493,0.0,2.066,1.493,0.0,1.493,3.662,1.493,2.429,2.066,1.493,0.0,0.0,0.0,0.0,0.0,1.493,0.0,0.0,1.493,0.0,1.493,1.493,0.0,0.0,0.0,0.0,0.0,0.0,0.0,1.493,0.0,0.0,0.0,0.0,2.904,1.493,0.0,0.0,0.0,0.0,0.0,0.0,0.0,0.0,1.493,0.0,1.493,0.0,0.0,1.493,0.0,0.0,2.066,1.493,0.0,2.429,0.0,0.0,0.0,0.0,0.0,0.0,0.0,2.429,0.0,0.0,0.0,0.0,1.493,0.0,1.493,1.493,0.0,0.0,0.0,0.0,0.0,0.0,0.0,0.0,0.0,0.0,0.0,0.0,0.0,1.493,1.493,2.066,0.0,0.0,1.493,0.0,2.066,0.0,1.493,0.0,0.0,0.0,0.0,0.0,0.0,0.0,2.429,0.0,2.066,0.0,1.493,0.0,0.0,0.0,1.493,1.493,0.0,0.0,1.493,0.0,0.0,0.0,2.066,0.0,0.0,1.493,0.0,1.493,0.0,0.0,0.0,0.0,0.0,2.066,1.493,0.0,0.0,0.0,2.904,0.0,0.0,3.077,1.493,2.429,0.0,1.493,0.0,1.493,0.0,0.0,2.066,2.429,0.0,0.0,0.0,0.0,0.0,0.0,0.0,1.493,1.493,0.0,0.0,0.0,1.493,0.0,0.0,0.0,2.066,2.066,0.0,2.066,0.0,0.0,1.493,0.0,0.0,0.0,0.0,2.066,0.0,0.0,0.0,0.0,0.0,0.0,1.493,0.0,1.493,1.493,1.493,0.0,0.0,0.0,0.0,0.0,1.493,0.0,0.0,0.0,1.493,1.493,0.0,0.0,0.0,1.493,0.0,0.0,2.066,0.0,0.0,2.066,0.0,1.493,0.0,0.0,0.0,0.0,1.493,0.0,0.0,0.0,0.0,0.0,1.493,1.493,0.0,0.0,0.0,0.0,1.493,0.0,0.0,2.066,0.0,0.0,1.493,2.429,0.0,1.493,0.0,1.493,0.0,0.0,2.066,0.0,0.0,1.493,0.0,0.0,0.0,0.0,0.0,0.0,1.493,0.0,0.0,0.0,3.467,0.0,0.0,0.0,1.493,0.0,0.0,2.066,0.0,1.493,1.493,0.0,2.066,1.493,2.066,1.493,0.0,0.0,3.353,1.493,1.493,1.493,0.0,0.0,0.0,0.0,0.0,1.493,0.0,0.0,0.0,0.0,0.0,1.493,1.493,2.066,0.0,0.0,0.0,1.493,0.0,0.0,1.493,0.0,0.0,1.493,4.428,1.493,1.493,2.066,2.429,0.0,0.0,0.0,0.0,1.493,1.493,0.0,0.0,2.429,1.493,0.0,1.493,4.386,0.0,0.0,0.0,0.0,0.0,0.0,0.0,0.0,0.0,0.0,5.32,0.0,2.429,0.0,0.0,0.0,0.0,1.493,0.0,1.493,0.0,0.0,0.0,0.0,0.0,2.429,1.493,0.0,1.493,0.0,1.493,0.0,0.0,2.694,1.493,1.493,0.0,1.493,0.0,2.066,0.0,0.0,2.066,0.0,0.0,0.0,2.429,0.0,2.066,0.0,0.0,0.0,0.0,1.493,1.493,1.493,2.066,0.0,0.0,0.0
Dendritische Zelle,0.0,0.0,0.0,1.419,0.0,0.0,0.0,1.419,0.0,0.0,0.0,0.0,1.419,0.0,0.0,0.0,0.0,1.983,1.419,0.0,0.0,0.0,0.0,0.0,0.0,0.0,0.0,1.419,2.605,0.0,0.0,2.605,0.0,0.0,0.0,1.419,0.0,1.419,1.983,0.0,2.342,1.983,0.0,0.0,1.419,0.0,0.0,0.0,0.0,3.569,0.0,2.605,0.0,1.419,3.653,4.248,0.0,2.342,0.0,0.0,0.0,0.0,0.0,0.0,2.605,0.0,1.419,0.0,3.871,1.419,3.476,0.0,0.0,0.0,0.0,0.0,0.0,1.419,0.0,0.0,3.133,0.0,0.0,0.0,0.0,0.0,0.0,0.0,0.0,0.0,0.0,2.605,0.0,0.0,1.983,0.0,0.0,1.419,0.0,0.0,0.0,0.0,0.0,0.0,0.0,0.0,0.0,0.0,0.0,0.0,0.0,0.0,0.0,0.0,0.0,0.0,0.0,0.0,1.419,1.419,1.419,1.419,0.0,0.0,0.0,1.983,0.0,1.419,0.0,0.0,0.0,0.0,0.0,0.0,0.0,1.419,0.0,0.0,0.0,0.0,1.419,1.419,0.0,0.0,1.419,0.0,0.0,1.419,0.0,0.0,1.419,0.0,1.419,1.419,1.419,0.0,0.0,0.0,0.0,0.0,1.983,0.0,0.0,1.419,1.419,0.0,0.0,0.0,1.419,0.0,0.0,0.0,1.419,1.419,0.0,0.0,0.0,1.419,0.0,1.983,0.0,1.419,1.983,0.0,0.0,1.419,1.983,0.0,0.0,0.0,0.0,0.0,0.0,1.419,0.0,1.983,2.605,0.0,0.0,0.0,1.419,0.0,1.983,1.419,1.983,0.0,0.0,0.0,1.983,4.334,0.0,1.419,2.814,0.0,0.0,0.0,0.0,1.983,0.0,1.983,0.0,1.419,2.342,0.0,0.0,1.419,0.0,0.0,0.0,0.0,2.605,4.154,3.871,0.0,2.605,1.419,4.103,3.133,3.935,2.605,2.342,1.983,1.419,0.0,3.569,3.261,0.0,0.0,0.0,1.419,1.419,0.0,1.419,0.0,0.0,0.0,0.0,0.0,0.0,0.0,1.419,1.419,0.0,0.0,1.419,1.419,1.983,0.0,2.814,1.983,0.0,0.0,1.983,0.0,0.0,0.0,0.0,0.0,0.0,0.0,2.342,0.0,1.419,1.419,0.0,0.0,0.0,0.0,0.0,0.0,0.0,0.0,0.0,1.419,0.0,1.983,0.0,1.983,2.605,1.419,0.0,0.0,0.0,0.0,0.0,0.0,0.0,0.0,1.419,0.0,1.419,1.419,1.419,0.0,0.0,0.0,2.342,2.605,0.0,0.0,0.0,1.983,0.0,1.419,0.0,0.0,0.0,0.0,0.0,1.419,1.983,0.0,0.0,0.0,0.0,0.0,0.0,0.0,0.0,0.0,0.0,0.0,0.0,0.0,0.0,0.0,0.0,0.0,0.0,2.814,0.0,0.0,0.0,0.0,0.0,0.0,0.0,2.342,0.0,0.0,0.0,0.0,0.0,0.0,0.0,0.0,1.419,0.0,3.261,0.0,0.0,0.0,0.0,0.0,0.0,0.0,0.0,0.0,0.0,3.476,0.0,0.0,0.0,1.419,0.0,1.419,0.0,0.0,2.342,0.0,0.0,1.983,3.804,1.419,2.814,2.605,1.983,0.0,0.0,1.419,0.0,0.0,0.0,1.419,0.0,0.0,0.0,1.419,3.804,0.0,3.994,2.342,2.814,1.419,0.0,0.0,1.419,0.0,1.983,1.419,0.0,3.374,0.0,1.983,0.0,0.0,0.0,0.0,0.0,0.0,0.0,0.0,0.0,1.419,0.0,1.419,0.0,0.0,2.342,2.342,0.0,1.419,0.0,1.419,0.0,1.983,0.0,0.0,0.0,0.0,2.986,0.0,0.0,0.0,0.0,0.0,0.0,0.0,0.0,0.0,0.0,1.419,0.0,0.0,0.0,0.0,0.0,0.0,0.0,0.0,0.0,0.0,1.419,0.0,0.0,1.419,0.0,0.0,0.0,0.0,0.0,0.0,0.0,1.419,0.0,0.0,1.419,2.986,0.0,0.0,0.0,1.983,2.342,0.0,1.419,1.419,0.0,1.983,1.419,0.0,0.0,0.0,0.0,0.0,0.0,2.814,1.419,0.0,0.0,0.0,0.0,0.0,0.0,0.0,0.0,0.0,1.983,1.983,0.0,0.0,0.0,0.0,0.0,0.0,1.419,0.0,1.419,0.0,0.0,1.419,0.0,2.605,0.0,1.419,0.0,0.0,1.419,1.983,0.0,0.0,0.0,0.0,0.0,0.0,0.0,0.0,0.0,0.0,0.0,0.0,2.342,0.0,1.419,1.419,0.0,0.0,0.0,1.983,0.0,0.0,0.0,0.0,0.0,0.0,0.0,0.0,1.419,0.0,0.0,0.0,1.983,0.0,1.419,0.0,0.0,0.0,1.419,0.0,0.0,0.0,0.0,0.0,0.0,0.0,0.0,0.0,0.0,0.0,1.419,0.0,1.419,0.0,0.0,0.0,2.605,1.419,0.0,0.0,0.0,0.0,1.419,0.0,0.0,0.0,0.0,0.0,0.0,1.419,0.0,0.0,0.0,0.0,0.0,1.419,2.342,0.0,1.419,0.0,0.0,0.0,2.605,1.419,1.419,0.0,0.0,0.0,0.0,0.0,1.419,0.0,1.419,0.0,0.0,0.0,0.0,0.0,0.0,1.983,0.0,0.0,0.0,3.476,0.0,0.0,0.0,0.0,0.0,0.0,1.419,0.0,0.0,1.419,0.0,1.983,1.419,2.814,2.605,0.0,0.0,3.569,0.0,0.0,0.0,0.0,0.0,0.0,0.0,0.0,0.0,1.419,0.0,0.0,0.0,0.0,2.605,0.0,0.0,2.605,1.419,0.0,1.419,2.814,0.0,0.0,0.0,0.0,1.419,3.374,0.0,0.0,0.0,0.0,1.419,0.0,1.419,0.0,1.983,0.0,1.419,2.814,2.342,0.0,0.0,1.419,3.476,0.0,0.0,0.0,0.0,0.0,0.0,0.0,0.0,1.419,1.983,5.275,0.0,1.419,0.0,0.0,0.0,0.0,0.0,0.0,1.419,0.0,0.0,0.0,0.0,0.0,3.133,0.0,1.419,0.0,0.0,0.0,0.0,0.0,1.983,0.0,0.0,0.0,0.0,1.983,1.419,0.0,0.0,1.419,0.0,1.983,0.0,2.986,1.419,1.419,0.0,2.342,0.0,0.0,0.0,2.342,0.0,1.983,0.0,0.0,0.0
T-Zelle,0.0,0.0,1.11,2.723,0.0,0.0,0.0,0.0,0.0,0.0,0.0,0.0,0.0,0.0,1.11,0.0,0.0,3.513,0.0,2.413,0.0,1.11,2.413,0.0,0.0,1.11,0.0,1.623,1.11,0.0,0.0,0.0,0.0,1.11,1.11,1.11,1.11,0.0,2.212,1.96,0.0,0.0,2.413,0.0,1.623,0.0,0.0,1.11,0.0,0.0,0.0,1.623,0.0,0.0,3.06,3.06,0.0,1.11,0.0,0.0,1.11,0.0,0.0,0.0,0.0,0.0,1.623,0.0,0.0,1.11,1.11,0.0,1.623,0.0,0.0,0.0,0.0,1.11,0.0,0.0,1.11,0.0,0.0,0.0,1.623,0.0,0.0,0.0,0.0,0.0,0.0,1.11,0.0,0.0,1.96,0.0,1.11,1.11,0.0,0.0,0.0,1.11,1.96,0.0,0.0,1.11,1.96,0.0,1.623,0.0,0.0,1.11,1.623,0.0,1.623,0.0,1.623,0.0,0.0,0.0,0.0,0.0,0.0,0.0,0.0,0.0,0.0,1.11,0.0,1.11,0.0,0.0,0.0,0.0,1.11,1.11,0.0,1.623,0.0,1.11,0.0,1.11,1.11,1.11,2.413,0.0,0.0,1.11,0.0,0.0,0.0,0.0,1.96,0.0,0.0,0.0,0.0,0.0,0.0,0.0,0.0,1.96,0.0,0.0,1.11,1.11,0.0,0.0,0.0,1.623,0.0,0.0,0.0,1.11,0.0,0.0,0.0,0.0,0.0,1.623,1.11,1.623,1.11,0.0,1.11,0.0,1.96,0.0,1.623,1.623,1.11,1.11,1.623,1.11,0.0,2.212,1.11,0.0,0.0,0.0,0.0,0.0,1.11,0.0,1.623,0.0,1.11,1.623,0.0,1.96,0.0,2.58,1.623,2.96,1.623,0.0,0.0,0.0,1.11,0.0,0.0,0.0,0.0,0.0,1.11,0.0,1.11,0.0,1.11,1.11,3.312,1.11,0.0,0.0,2.212,1.11,0.0,0.0,1.11,0.0,0.0,0.0,0.0,0.0,0.0,2.212,0.0,0.0,0.0,0.0,0.0,0.0,1.11,0.0,1.11,0.0,0.0,1.11,0.0,0.0,0.0,0.0,1.11,0.0,0.0,0.0,0.0,0.0,1.11,1.11,1.11,0.0,1.623,1.11,0.0,0.0,1.11,0.0,1.11,0.0,2.58,1.623,1.623,0.0,0.0,0.0,1.11,0.0,1.623,1.11,0.0,0.0,0.0,0.0,0.0,1.623,0.0,1.11,0.0,0.0,0.0,0.0,0.0,0.0,0.0,1.11,0.0,1.623,0.0,1.96,0.0,2.413,0.0,0.0,0.0,2.212,0.0,0.0,0.0,0.0,1.11,0.0,0.0,1.11,1.623,1.11,0.0,0.0,0.0,1.96,1.11,0.0,2.212,0.0,0.0,1.11,0.0,0.0,0.0,0.0,0.0,1.11,0.0,1.11,0.0,1.11,1.11,1.11,0.0,0.0,0.0,1.11,0.0,1.11,1.11,1.623,0.0,1.623,1.11,1.11,0.0,0.0,1.11,1.96,0.0,1.11,0.0,0.0,0.0,0.0,0.0,1.623,1.96,0.0,1.623,0.0,1.11,1.11,0.0,1.11,0.0,0.0,0.0,0.0,1.11,0.0,1.11,0.0,2.212,1.11,0.0,1.96,1.11,1.96,3.06,0.0,0.0,0.0,0.0,0.0,0.0,1.11,1.623,0.0,0.0,0.0,1.11,1.11,2.413,0.0,0.0,1.623,0.0,1.623,0.0,0.0,0.0,0.0,1.11,1.11,1.623,0.0,1.11,0.0,0.0,1.11,0.0,0.0,1.11,1.96,1.11,0.0,0.0,1.11,1.11,1.623,1.623,0.0,1.623,1.96,2.96,0.0,0.0,0.0,1.11,0.0,1.623,1.11,1.623,0.0,1.623,0.0,1.11,0.0,0.0,0.0,1.96,1.96,1.623,0.0,0.0,2.212,0.0,0.0,1.623,0.0,1.623,1.96,1.11,0.0,0.0,0.0,0.0,0.0,1.623,0.0,1.96,2.212,0.0,1.11,0.0,0.0,1.11,1.11,1.11,0.0,1.11,0.0,0.0,1.11,0.0,2.413,1.96,0.0,0.0,0.0,0.0,0.0,0.0,0.0,1.623,0.0,0.0,0.0,0.0,0.0,0.0,1.11,0.0,0.0,1.11,1.11,0.0,0.0,0.0,0.0,2.212,1.96,0.0,1.11,0.0,1.11,0.0,0.0,2.96,1.11,0.0,0.0,0.0,0.0,1.623,2.849,0.0,2.413,1.11,1.623,0.0,1.623,0.0,0.0,1.11,0.0,0.0,1.96,0.0,0.0,0.0,1.11,1.11,0.0,1.11,2.212,1.11,1.11,1.11,0.0,1.11,0.0,0.0,1.11,1.623,0.0,1.11,0.0,0.0,0.0,0.0,0.0,1.11,0.0,1.11,0.0,1.11,3.45,0.0,1.11,1.623,0.0,1.11,0.0,1.96,0.0,0.0,0.0,0.0,1.623,0.0,0.0,0.0,0.0,0.0,0.0,0.0,0.0,2.723,1.11,1.11,0.0,0.0,1.11,0.0,0.0,0.0,2.413,0.0,0.0,0.0,1.11,0.0,0.0,0.0,1.11,0.0,0.0,0.0,1.623,0.0,0.0,1.11,0.0,2.58,1.11,1.623,0.0,0.0,0.0,1.11,0.0,1.11,1.96,1.11,0.0,1.623,0.0,0.0,0.0,0.0,0.0,0.0,1.11,1.11,0.0,1.11,0.0,1.11,0.0,0.0,0.0,1.623,1.11,0.0,0.0,0.0,2.413,1.623,2.96,0.0,0.0,0.0,0.0,0.0,0.0,1.11,1.11,1.11,0.0,0.0,0.0,2.58,0.0,0.0,1.11,0.0,1.11,1.11,0.0,1.96,0.0,0.0,2.413,0.0,1.11,0.0,0.0,0.0,0.0,1.96,3.571,1.96,0.0,0.0,1.11,0.0,1.96,1.96,0.0,1.11,0.0,0.0,0.0,1.11,1.11,0.0,2.212,0.0,0.0,1.623,0.0,0.0,0.0,2.212,0.0,0.0,1.11,1.96,3.73,0.0,2.413,1.11,1.96,0.0,0.0,1.11,0.0,2.413,0.0,0.0,1.11,0.0,1.11,0.0,0.0,0.0,1.11,0.0,1.11,0.0,0.0,1.623,0.0,1.11,0.0,1.11,0.0,1.96,1.11,0.0,2.413,0.0,0.0,0.0,0.0,1.96,1.96,0.0,1.11,0.0,0.0,1.96,1.11,0.0,1.623,0.0,1.11,0.0
B-Zelle,0.0,0.0,0.0,0.0,0.0,1.599,1.599,0.0,0.0,1.599,1.599,0.0,0.0,0.0,0.0,0.0,0.0,3.794,0.0,1.599,0.0,1.599,0.0,1.599,0.0,1.599,1.599,1.599,1.599,1.599,0.0,2.553,0.0,0.0,0.0,0.0,0.0,0.0,2.186,0.0,0.0,0.0,0.0,0.0,0.0,0.0,0.0,0.0,1.599,1.599,0.0,2.553,0.0,0.0,3.032,2.186,0.0,0.0,0.0,0.0,0.0,2.186,0.0,0.0,0.0,0.0,3.598,0.0,0.0,0.0,0.0,0.0,0.0,0.0,1.599,0.0,0.0,1.599,0.0,1.599,1.599,0.0,0.0,0.0,0.0,1.599,1.599,0.0,0.0,0.0,1.599,0.0,1.599,0.0,0.0,0.0,0.0,1.599,2.186,0.0,1.599,1.599,0.0,0.0,0.0,0.0,0.0,0.0,0.0,0.0,0.0,2.553,0.0,0.0,0.0,1.599,0.0,0.0,0.0,0.0,0.0,0.0,0.0,0.0,0.0,1.599,1.599,0.0,0.0,0.0,0.0,0.0,0.0,1.599,0.0,0.0,0.0,0.0,0.0,1.599,0.0,1.599,0.0,1.599,2.553,0.0,0.0,0.0,0.0,0.0,0.0,0.0,0.0,0.0,1.599,0.0,0.0,0.0,0.0,0.0,2.186,0.0,0.0,0.0,0.0,0.0,0.0,0.0,0.0,0.0,0.0,0.0,0.0,0.0,0.0,0.0,0.0,0.0,3.355,1.599,1.599,0.0,0.0,2.553,1.599,0.0,0.0,0.0,2.553,0.0,0.0,0.0,0.0,0.0,0.0,2.186,0.0,0.0,0.0,0.0,2.186,1.599,2.186,0.0,0.0,0.0,0.0,0.0,0.0,5.043,0.0,2.821,0.0,1.599,0.0,0.0,0.0,0.0,0.0,0.0,0.0,0.0,0.0,0.0,0.0,0.0,1.599,0.0,0.0,0.0,3.794,0.0,1.599,1.599,3.355,0.0,4.877,3.598,4.098,3.206,2.553,2.186,1.599,2.186,3.879,4.221,0.0,0.0,0.0,2.186,2.821,0.0,1.599,0.0,0.0,0.0,2.186,2.186,0.0,1.599,0.0,0.0,0.0,0.0,0.0,0.0,0.0,0.0,2.553,0.0,0.0,0.0,1.599,2.186,0.0,0.0,2.186,0.0,0.0,0.0,2.821,0.0,0.0,0.0,0.0,0.0,0.0,0.0,0.0,0.0,0.0,0.0,0.0,0.0,0.0,2.186,0.0,1.599,0.0,0.0,0.0,0.0,0.0,0.0,0.0,1.599,0.0,0.0,1.599,1.599,0.0,0.0,0.0,0.0,0.0,2.186,0.0,0.0,0.0,1.599,0.0,0.0,1.599,0.0,0.0,0.0,0.0,0.0,0.0,1.599,0.0,0.0,1.599,0.0,2.186,0.0,3.032,0.0,0.0,0.0,0.0,0.0,0.0,0.0,0.0,1.599,1.599,1.599,0.0,1.599,0.0,0.0,0.0,0.0,1.599,0.0,0.0,0.0,0.0,1.599,0.0,1.599,0.0,1.599,1.599,1.599,1.599,0.0,0.0,0.0,0.0,0.0,1.599,0.0,1.599,0.0,0.0,0.0,0.0,2.186,0.0,1.599,1.599,0.0,1.599,0.0,0.0,0.0,0.0,0.0,0.0,1.599,2.186,0.0,2.553,0.0,0.0,2.553,1.599,0.0,0.0,2.186,0.0,0.0,0.0,0.0,0.0,0.0,0.0,0.0,0.0,0.0,1.599,1.599,0.0,1.599,0.0,0.0,0.0,0.0,2.186,0.0,0.0,0.0,1.599,0.0,1.599,0.0,0.0,0.0,0.0,0.0,0.0,1.599,0.0,0.0,0.0,0.0,0.0,2.553,3.355,0.0,0.0,0.0,0.0,0.0,0.0,0.0,1.599,0.0,2.553,0.0,1.599,0.0,0.0,0.0,0.0,0.0,0.0,0.0,0.0,0.0,0.0,0.0,0.0,0.0,0.0,0.0,0.0,0.0,0.0,0.0,0.0,0.0,0.0,0.0,0.0,0.0,1.599,0.0,0.0,0.0,0.0,1.599,0.0,0.0,1.599,0.0,0.0,0.0,0.0,2.553,2.553,2.821,0.0,0.0,0.0,0.0,2.186,0.0,0.0,0.0,0.0,0.0,0.0,1.599,0.0,0.0,0.0,0.0,0.0,1.599,0.0,0.0,0.0,0.0,1.599,0.0,0.0,0.0,0.0,1.599,0.0,0.0,3.032,0.0,0.0,0.0,0.0,3.032,0.0,0.0,1.599,0.0,0.0,0.0,0.0,2.821,3.701,0.0,0.0,2.186,2.553,2.186,0.0,0.0,0.0,2.186,0.0,1.599,0.0,0.0,0.0,0.0,0.0,0.0,0.0,0.0,2.186,0.0,1.599,0.0,0.0,0.0,0.0,0.0,0.0,0.0,2.821,0.0,0.0,0.0,1.599,0.0,1.599,0.0,1.599,0.0,0.0,0.0,0.0,0.0,0.0,0.0,0.0,0.0,1.599,0.0,0.0,0.0,0.0,0.0,0.0,1.599,0.0,0.0,0.0,0.0,0.0,0.0,0.0,0.0,0.0,0.0,0.0,1.599,0.0,1.599,0.0,0.0,0.0,0.0,1.599,0.0,0.0,0.0,3.206,0.0,0.0,3.032,1.599,0.0,0.0,0.0,0.0,0.0,1.599,0.0,0.0,0.0,0.0,1.599,0.0,0.0,0.0,0.0,0.0,0.0,0.0,0.0,0.0,0.0,0.0,0.0,1.599,1.599,0.0,0.0,0.0,0.0,0.0,0.0,0.0,2.186,0.0,0.0,0.0,0.0,0.0,0.0,2.186,0.0,2.186,0.0,0.0,1.599,0.0,0.0,3.355,2.553,0.0,0.0,0.0,0.0,1.599,0.0,0.0,0.0,0.0,2.186,0.0,1.599,0.0,0.0,0.0,2.186,1.599,1.599,0.0,1.599,0.0,1.599,0.0,0.0,1.599,0.0,0.0,1.599,0.0,0.0,0.0,2.553,0.0,0.0,0.0,0.0,0.0,0.0,0.0,3.484,1.599,0.0,0.0,0.0,0.0,3.701,0.0,3.598,0.0,0.0,0.0,0.0,0.0,0.0,0.0,0.0,0.0,0.0,0.0,0.0,1.599,0.0,0.0,0.0,0.0,0.0,0.0,0.0,1.599,0.0,1.599,0.0,0.0,0.0,0.0,0.0,0.0,0.0,1.599,2.186,0.0,0.0,1.599,2.186,0.0,1.599,1.599,0.0,0.0,0.0,0.0,2.186,0.0,0.0,1.599
B-Zelle,0.0,0.0,0.719,2.125,0.0,1.425,0.0,0.0,0.0,0.0,0.719,0.0,0.0,0.0,0.0,0.719,2.687,3.228,1.133,1.651,0.0,0.0,0.0,0.0,0.0,1.835,0.719,2.445,1.425,0.719,0.0,2.445,0.719,1.425,1.651,0.0,0.0,0.719,1.133,0.0,0.0,0.0,0.0,0.0,1.425,0.0,0.0,1.425,1.425,0.0,0.0,1.651,0.0,0.0,2.349,1.651,0.0,1.133,1.651,0.719,0.0,1.133,1.133,0.0,0.0,0.0,2.445,0.0,0.0,1.133,0.0,0.0,0.0,0.0,1.133,0.0,0.0,1.651,0.0,0.719,0.719,0.719,1.133,0.0,1.425,0.0,0.0,0.719,0.0,0.0,0.719,0.0,0.0,0.0,1.835,1.425,0.0,1.99,0.0,0.0,1.133,1.133,0.719,0.0,0.0,0.0,0.0,0.0,1.133,0.0,0.719,1.425,1.835,0.719,0.0,1.133,1.133,0.0,0.0,1.835,1.133,0.0,0.0,0.0,0.0,0.0,0.0,0.719,1.835,0.0,0.719,0.719,0.0,0.0,0.719,0.0,0.0,1.835,0.0,1.425,0.719,2.532,0.719,1.651,0.0,1.133,0.0,1.425,0.719,1.133,1.425,0.0,0.0,0.0,1.835,0.0,0.0,0.0,2.243,0.0,1.99,0.719,1.133,0.0,1.651,0.0,1.133,0.0,0.719,1.133,0.0,0.0,1.133,0.0,0.0,0.0,0.0,0.0,3.963,1.133,1.425,0.0,0.0,0.0,0.0,0.719,1.133,3.045,3.094,0.0,0.0,0.719,0.0,0.0,0.0,2.349,0.719,0.0,0.0,1.133,0.0,0.0,1.133,0.0,0.719,0.0,3.045,1.425,0.0,3.094,1.133,2.882,1.425,1.133,2.125,0.0,0.0,1.425,0.719,0.0,0.0,0.0,0.0,0.0,0.0,0.0,0.719,3.346,1.133,0.0,0.0,0.0,0.0,0.0,2.613,1.133,2.125,0.719,1.425,1.651,0.0,0.719,0.0,0.0,2.125,1.651,0.0,0.719,0.719,1.99,2.349,1.835,0.719,1.425,2.349,0.0,1.425,1.425,0.0,1.133,1.425,0.719,0.0,0.0,0.719,1.133,0.0,1.651,1.133,0.0,0.719,0.0,1.99,1.425,0.0,1.133,1.651,0.0,0.0,1.425,2.821,1.133,0.0,0.0,1.133,1.133,0.719,0.719,0.0,0.0,0.0,0.0,0.0,0.0,0.0,2.349,0.719,1.651,0.0,1.425,0.0,0.0,0.0,0.0,0.0,0.719,0.719,1.835,1.425,0.719,0.0,0.0,0.0,0.0,0.0,2.349,0.0,0.0,0.0,0.719,0.0,0.0,0.719,1.425,0.0,1.425,0.0,0.719,0.0,0.719,1.425,0.0,1.99,0.0,0.719,0.0,0.719,0.0,0.719,0.0,1.133,0.0,1.425,2.125,0.719,1.99,1.99,1.425,0.0,0.719,0.0,0.719,0.719,1.133,0.719,0.0,0.0,0.0,1.133,1.835,0.0,1.99,1.425,1.133,1.133,0.719,1.133,0.0,0.0,0.0,0.719,1.133,0.0,0.0,0.0,0.0,1.425,0.0,0.0,2.882,0.0,0.719,0.719,0.0,0.0,0.0,1.133,0.0,1.835,2.349,0.0,0.0,0.719,1.425,3.094,0.0,0.0,1.425,0.719,0.0,0.0,0.719,0.719,1.133,0.0,0.0,0.0,0.719,0.0,0.0,0.0,1.651,0.0,1.425,0.719,0.719,1.425,0.719,2.756,0.0,0.0,0.719,0.0,1.133,1.133,1.133,0.0,0.0,1.133,0.719,1.425,0.719,0.0,1.133,0.0,0.0,0.0,0.719,0.0,0.0,2.882,0.0,3.045,1.133,0.719,0.719,0.719,0.719,2.613,0.0,1.425,1.133,1.651,1.425,0.0,0.0,0.0,0.0,0.0,0.0,0.0,1.425,0.719,0.719,0.0,0.0,0.0,0.0,0.0,0.0,0.0,0.0,1.425,1.133,2.993,0.0,2.243,2.349,0.719,2.613,0.0,0.0,0.0,1.133,1.835,0.0,0.0,0.0,0.0,1.835,1.133,1.133,1.425,0.719,1.835,0.0,1.835,1.651,1.651,0.719,1.133,0.0,1.133,0.0,0.0,1.133,0.719,0.0,0.0,0.0,0.0,0.0,1.133,0.0,0.0,0.0,2.243,1.651,0.0,0.0,0.0,0.0,0.719,0.0,2.993,0.0,1.133,0.0,0.719,2.125,0.719,0.0,0.0,2.125,0.0,0.719,0.0,1.133,2.445,0.0,1.133,1.835,1.99,2.687,0.719,0.0,0.719,1.99,0.0,1.133,1.133,3.185,0.719,1.133,1.133,0.0,1.425,1.425,1.133,0.719,2.125,0.0,0.0,0.0,0.0,0.719,0.719,0.0,0.719,1.133,1.133,1.425,2.349,0.0,0.719,0.0,0.719,2.125,0.0,1.425,1.133,0.0,1.425,0.719,1.835,0.0,1.133,0.0,1.133,0.0,1.835,1.425,0.0,1.133,2.349,1.425,1.835,0.0,1.651,0.719,0.719,0.0,0.0,0.0,0.0,0.0,0.719,1.425,0.0,0.0,0.0,0.0,0.0,1.133,0.0,1.651,1.133,0.719,0.719,1.133,1.133,0.0,2.349,0.0,0.0,0.0,2.613,0.0,1.133,0.0,0.719,0.0,0.0,0.0,0.719,0.0,1.133,0.719,2.613,0.0,0.0,0.719,0.0,0.0,0.719,1.651,1.835,0.719,0.719,0.719,0.0,2.349,0.0,2.687,1.133,1.99,0.719,0.0,0.0,0.0,1.133,0.0,1.99,1.425,0.719,1.133,1.835,0.719,0.719,1.651,0.0,0.0,0.0,0.0,2.349,1.133,1.133,0.0,0.0,1.133,0.0,0.719,0.0,0.0,0.719,0.719,2.445,1.651,1.99,2.532,0.0,1.99,1.133,0.0,0.719,1.425,1.133,0.0,1.651,0.0,1.651,1.133,0.0,1.425,0.0,1.133,0.0,1.99,0.0,2.756,2.445,0.719,0.0,1.651,1.835,3.764,0.0,1.133,0.0,1.133,0.0,0.719,0.0,0.0,0.0,0.0,0.0,0.719,0.0,0.719,1.133,0.719,1.651,0.719,0.0,2.882,3.346,0.0,0.719,1.425,2.125,0.0,0.0,0.0,1.425,0.0,0.0,1.651,0.0,1.99,0.0,0.0,1.651,1.133,0.0,1.835,1.425,0.719,1.651,1.133,1.425,0.0,0.0,0.0,0.0
Monozyt,0.0,0.0,0.0,1.932,1.932,0.0,0.0,0.0,1.374,1.374,1.374,0.0,3.745,1.932,1.932,0.0,0.0,2.929,1.932,0.0,0.0,2.55,0.0,1.932,0.0,0.0,0.0,0.0,1.374,0.0,0.0,2.757,0.0,0.0,0.0,0.0,0.0,0.0,1.932,0.0,2.288,2.929,0.0,0.0,1.932,0.0,0.0,1.374,0.0,3.418,0.0,3.076,1.374,0.0,4.189,4.391,0.0,1.932,1.374,0.0,0.0,0.0,0.0,0.0,1.374,0.0,1.374,0.0,3.317,0.0,3.076,0.0,0.0,0.0,1.374,0.0,0.0,0.0,0.0,0.0,0.0,0.0,1.374,0.0,0.0,0.0,0.0,0.0,0.0,0.0,0.0,1.374,0.0,0.0,1.374,1.374,0.0,0.0,0.0,0.0,0.0,1.374,0.0,0.0,0.0,0.0,0.0,0.0,0.0,0.0,0.0,0.0,0.0,1.932,1.374,0.0,0.0,1.374,0.0,0.0,0.0,0.0,0.0,0.0,0.0,1.374,0.0,0.0,0.0,0.0,0.0,0.0,0.0,0.0,0.0,0.0,0.0,1.374,1.374,2.288,0.0,0.0,0.0,2.757,2.288,1.374,0.0,0.0,0.0,0.0,1.374,0.0,0.0,0.0,1.374,0.0,0.0,0.0,0.0,0.0,0.0,2.288,0.0,0.0,0.0,0.0,0.0,0.0,0.0,0.0,0.0,0.0,0.0,0.0,1.374,0.0,0.0,0.0,0.0,1.374,2.288,1.374,0.0,0.0,0.0,0.0,1.374,1.374,1.374,0.0,0.0,0.0,0.0,0.0,0.0,1.932,1.932,0.0,1.374,2.288,0.0,0.0,1.932,0.0,1.374,0.0,0.0,1.932,1.374,3.813,0.0,1.932,1.932,2.55,0.0,0.0,0.0,0.0,1.374,1.374,0.0,0.0,0.0,0.0,0.0,0.0,0.0,0.0,0.0,0.0,2.288,4.232,4.353,1.374,2.288,0.0,3.203,2.929,3.418,0.0,1.374,0.0,0.0,0.0,3.203,2.55,0.0,0.0,0.0,1.374,1.932,0.0,1.374,1.374,0.0,0.0,1.374,0.0,0.0,0.0,0.0,0.0,0.0,0.0,1.932,1.374,0.0,0.0,2.288,0.0,0.0,0.0,2.55,0.0,1.932,1.374,1.374,0.0,0.0,0.0,1.374,0.0,0.0,0.0,0.0,0.0,0.0,0.0,0.0,1.374,0.0,0.0,0.0,1.932,0.0,0.0,0.0,1.932,1.374,0.0,0.0,0.0,0.0,0.0,0.0,0.0,1.374,1.374,0.0,1.374,0.0,0.0,2.757,0.0,0.0,1.374,2.929,2.929,0.0,0.0,1.932,0.0,1.374,0.0,0.0,0.0,0.0,0.0,0.0,0.0,0.0,0.0,0.0,0.0,0.0,0.0,0.0,0.0,0.0,0.0,0.0,0.0,0.0,0.0,0.0,0.0,0.0,0.0,1.932,1.932,0.0,0.0,0.0,0.0,0.0,0.0,0.0,0.0,0.0,0.0,0.0,1.374,0.0,1.374,0.0,0.0,0.0,1.374,3.511,0.0,0.0,1.374,1.374,0.0,0.0,0.0,0.0,0.0,0.0,3.076,0.0,0.0,0.0,0.0,0.0,0.0,0.0,0.0,1.374,0.0,0.0,2.55,3.876,1.932,3.203,1.932,0.0,0.0,1.374,0.0,0.0,0.0,1.932,0.0,0.0,0.0,0.0,0.0,3.317,0.0,2.929,0.0,1.374,1.374,2.288,0.0,0.0,0.0,1.374,0.0,0.0,2.757,0.0,0.0,0.0,0.0,0.0,0.0,0.0,1.374,0.0,0.0,0.0,2.757,0.0,0.0,0.0,1.374,1.932,0.0,0.0,1.374,3.203,1.932,1.932,0.0,1.932,0.0,0.0,1.374,0.0,0.0,0.0,0.0,0.0,1.932,0.0,0.0,0.0,0.0,0.0,0.0,1.374,0.0,0.0,1.374,0.0,0.0,0.0,0.0,0.0,0.0,1.932,0.0,0.0,0.0,0.0,1.374,0.0,2.757,0.0,2.55,0.0,0.0,1.932,0.0,0.0,2.757,0.0,1.374,2.288,1.932,1.374,0.0,0.0,0.0,1.374,1.374,0.0,0.0,0.0,0.0,0.0,0.0,0.0,1.374,0.0,0.0,0.0,0.0,0.0,0.0,1.374,0.0,0.0,0.0,2.929,2.55,0.0,0.0,0.0,1.374,0.0,0.0,1.932,0.0,2.55,0.0,1.932,0.0,0.0,2.929,0.0,2.288,2.288,0.0,0.0,1.374,0.0,0.0,0.0,0.0,1.374,0.0,0.0,0.0,0.0,0.0,0.0,0.0,0.0,0.0,1.374,0.0,0.0,1.374,0.0,0.0,1.932,0.0,0.0,0.0,1.374,0.0,0.0,0.0,0.0,0.0,0.0,0.0,1.932,0.0,1.374,0.0,0.0,0.0,0.0,0.0,0.0,0.0,0.0,0.0,0.0,1.374,0.0,1.374,0.0,0.0,0.0,0.0,0.0,1.932,1.374,0.0,2.55,0.0,0.0,0.0,0.0,0.0,0.0,0.0,0.0,0.0,0.0,0.0,0.0,1.374,0.0,0.0,0.0,0.0,1.374,0.0,2.55,1.374,1.374,1.374,0.0,0.0,0.0,0.0,1.374,0.0,0.0,0.0,1.374,1.374,0.0,0.0,0.0,0.0,0.0,0.0,0.0,0.0,0.0,0.0,0.0,0.0,1.374,4.143,0.0,0.0,1.374,1.374,1.374,0.0,1.374,0.0,0.0,0.0,0.0,1.374,0.0,1.932,1.374,0.0,0.0,2.55,2.288,1.374,0.0,0.0,0.0,0.0,0.0,1.374,0.0,0.0,0.0,0.0,0.0,0.0,1.932,0.0,1.374,1.374,2.55,0.0,1.374,1.932,0.0,0.0,1.374,0.0,2.288,3.317,0.0,0.0,0.0,0.0,0.0,0.0,0.0,1.374,1.374,1.932,1.932,0.0,2.55,1.374,0.0,2.757,3.813,0.0,1.374,0.0,0.0,0.0,1.932,0.0,0.0,1.932,2.288,5.608,0.0,0.0,0.0,1.374,0.0,0.0,1.932,1.374,2.55,1.374,0.0,1.374,0.0,0.0,1.374,1.932,0.0,1.932,1.374,0.0,0.0,0.0,0.0,0.0,0.0,0.0,1.374,1.932,0.0,0.0,1.374,1.932,0.0,1.932,0.0,2.929,0.0,1.374,0.0,1.374,0.0,0.0,1.932,1.932,0.0,1.932,0.0,0.0,0.0
B-Zelle,0.0,0.0,0.0,1.218,0.0,2.097,0.0,0.0,0.0,0.0,0.0,0.0,0.0,0.0,1.218,0.0,2.097,3.11,0.0,2.097,0.0,1.218,0.0,0.0,0.0,2.097,0.0,1.751,1.751,0.0,0.0,2.872,0.0,1.218,1.218,0.0,0.0,0.0,2.097,0.0,0.0,0.0,0.0,0.0,1.218,0.0,0.0,0.0,1.751,0.0,0.0,2.558,0.0,0.0,1.218,1.751,0.0,0.0,1.751,0.0,0.0,1.218,0.0,0.0,0.0,0.0,0.0,0.0,0.0,0.0,0.0,0.0,0.0,0.0,0.0,0.0,0.0,1.218,0.0,1.218,1.218,0.0,0.0,0.0,1.218,2.097,0.0,1.218,0.0,0.0,0.0,0.0,0.0,0.0,1.751,0.0,0.0,0.0,0.0,2.354,0.0,1.751,0.0,0.0,0.0,1.218,0.0,0.0,1.751,0.0,1.218,0.0,2.097,0.0,0.0,1.218,0.0,0.0,0.0,2.354,2.097,0.0,0.0,0.0,0.0,0.0,0.0,1.218,1.751,0.0,0.0,0.0,1.218,0.0,0.0,1.218,0.0,2.354,1.218,1.218,0.0,2.727,1.218,1.218,0.0,0.0,0.0,0.0,0.0,1.751,0.0,0.0,1.218,0.0,2.097,1.751,0.0,0.0,3.387,0.0,1.218,1.751,0.0,0.0,1.218,0.0,1.751,0.0,0.0,0.0,0.0,0.0,1.218,0.0,0.0,0.0,0.0,0.0,5.23,0.0,2.097,0.0,0.0,1.218,0.0,1.218,1.218,2.354,3.603,0.0,0.0,0.0,0.0,0.0,0.0,2.727,2.097,0.0,0.0,1.751,0.0,0.0,1.218,1.218,0.0,0.0,3.932,0.0,0.0,3.211,1.218,2.558,3.303,1.751,2.097,0.0,0.0,1.218,0.0,0.0,0.0,0.0,0.0,0.0,0.0,0.0,0.0,0.0,0.0,0.0,0.0,0.0,0.0,0.0,2.998,1.218,1.218,0.0,2.097,0.0,0.0,0.0,0.0,1.751,2.354,0.0,0.0,0.0,0.0,2.558,1.218,1.751,0.0,0.0,1.218,0.0,2.872,0.0,0.0,0.0,0.0,0.0,0.0,0.0,1.218,0.0,0.0,1.751,0.0,0.0,1.218,1.218,1.218,1.218,0.0,0.0,0.0,0.0,0.0,0.0,2.872,0.0,0.0,0.0,1.751,1.218,0.0,0.0,0.0,0.0,0.0,0.0,0.0,0.0,2.097,1.218,0.0,1.218,0.0,1.751,0.0,0.0,0.0,0.0,0.0,1.751,1.218,1.218,3.11,1.218,0.0,0.0,0.0,0.0,0.0,2.354,0.0,0.0,1.218,0.0,1.218,1.218,0.0,2.097,1.218,1.218,0.0,1.218,0.0,0.0,1.218,0.0,2.354,0.0,0.0,0.0,0.0,0.0,0.0,0.0,2.097,0.0,0.0,1.751,0.0,1.218,2.097,2.097,0.0,1.751,0.0,0.0,0.0,0.0,0.0,0.0,0.0,0.0,1.218,1.751,0.0,0.0,2.354,1.218,1.218,0.0,0.0,0.0,0.0,0.0,0.0,0.0,0.0,0.0,0.0,0.0,0.0,0.0,0.0,3.884,0.0,1.218,1.218,0.0,0.0,1.751,0.0,0.0,2.727,0.0,0.0,0.0,1.751,2.097,2.727,0.0,0.0,0.0,0.0,0.0,0.0,1.218,0.0,0.0,0.0,0.0,0.0,1.751,0.0,0.0,0.0,0.0,0.0,2.097,1.218,0.0,0.0,1.218,2.998,0.0,0.0,0.0,0.0,0.0,1.218,1.218,0.0,0.0,1.218,1.218,0.0,0.0,0.0,0.0,0.0,0.0,2.097,0.0,0.0,1.218,2.097,0.0,1.751,0.0,1.751,0.0,0.0,0.0,3.11,0.0,0.0,1.218,0.0,1.218,0.0,0.0,0.0,0.0,0.0,1.218,0.0,1.218,0.0,0.0,0.0,0.0,0.0,0.0,0.0,0.0,0.0,0.0,1.218,0.0,1.218,1.751,3.464,2.558,0.0,2.558,0.0,2.097,1.751,2.097,0.0,0.0,0.0,0.0,0.0,0.0,0.0,1.751,1.218,0.0,1.751,0.0,2.097,0.0,3.211,0.0,0.0,0.0,1.218,0.0,0.0,1.751,1.218,0.0,0.0,0.0,0.0,0.0,0.0,0.0,0.0,0.0,3.11,2.097,0.0,0.0,0.0,1.751,0.0,0.0,3.11,0.0,0.0,0.0,0.0,1.218,0.0,0.0,0.0,2.097,1.218,0.0,0.0,2.872,3.464,0.0,0.0,1.751,0.0,1.751,0.0,1.218,0.0,0.0,0.0,0.0,1.751,3.977,1.218,0.0,0.0,0.0,1.751,1.218,0.0,1.218,3.464,0.0,1.218,0.0,0.0,2.872,1.218,0.0,0.0,0.0,1.218,0.0,2.354,0.0,0.0,0.0,1.751,0.0,0.0,1.751,0.0,0.0,1.218,0.0,1.218,1.218,0.0,0.0,0.0,0.0,1.751,0.0,0.0,1.218,1.751,0.0,2.097,1.218,0.0,0.0,0.0,0.0,0.0,1.218,0.0,1.218,0.0,0.0,0.0,0.0,1.218,0.0,0.0,0.0,0.0,1.751,0.0,0.0,0.0,1.751,1.218,0.0,0.0,0.0,0.0,0.0,1.218,0.0,0.0,0.0,0.0,0.0,0.0,0.0,0.0,0.0,0.0,0.0,0.0,1.218,0.0,0.0,0.0,0.0,2.097,1.218,1.218,2.097,1.751,0.0,0.0,0.0,0.0,2.097,1.751,0.0,0.0,0.0,0.0,0.0,1.751,0.0,2.097,1.218,0.0,0.0,0.0,0.0,0.0,0.0,0.0,0.0,0.0,0.0,2.558,2.097,2.097,0.0,0.0,1.751,0.0,0.0,0.0,0.0,0.0,0.0,2.097,0.0,0.0,2.558,0.0,2.727,0.0,0.0,2.097,0.0,0.0,0.0,1.218,0.0,3.211,2.097,0.0,1.218,0.0,1.218,0.0,0.0,0.0,2.097,3.303,0.0,0.0,2.097,1.751,3.932,0.0,0.0,0.0,0.0,0.0,0.0,1.218,0.0,0.0,0.0,0.0,0.0,0.0,1.218,1.218,1.218,1.751,1.218,0.0,3.387,2.354,0.0,1.751,2.097,2.354,0.0,0.0,0.0,0.0,0.0,1.218,1.218,1.218,1.751,0.0,1.218,1.218,2.354,0.0,0.0,1.218,0.0,1.218,0.0,0.0,0.0,0.0,0.0,1.751
T-Zelle,0.0,0.0,2.516,0.0,0.0,0.0,0.0,0.0,0.0,0.0,0.0,1.901,0.0,0.0,0.0,0.0,0.0,3.168,0.0,1.347,0.0,1.347,2.516,1.347,0.0,0.0,0.0,1.347,2.255,0.0,1.347,0.0,0.0,2.255,1.901,0.0,0.0,0.0,1.347,0.0,0.0,0.0,0.0,0.0,1.347,0.0,0.0,0.0,1.347,0.0,0.0,1.347,0.0,0.0,1.901,1.347,0.0,1.347,1.347,1.347,0.0,1.347,1.347,0.0,0.0,0.0,0.0,0.0,0.0,1.901,0.0,0.0,0.0,1.347,0.0,0.0,0.0,2.516,0.0,0.0,1.347,1.347,0.0,0.0,1.901,1.901,0.0,0.0,0.0,0.0,1.347,1.347,1.347,0.0,1.347,0.0,1.347,1.347,0.0,0.0,0.0,1.347,0.0,1.347,2.723,0.0,1.347,1.347,0.0,0.0,0.0,1.901,1.347,0.0,0.0,1.347,0.0,0.0,0.0,0.0,0.0,1.347,0.0,0.0,0.0,0.0,0.0,0.0,2.255,0.0,0.0,0.0,0.0,0.0,0.0,1.347,0.0,0.0,0.0,2.255,1.347,0.0,2.255,0.0,0.0,0.0,0.0,0.0,0.0,0.0,0.0,0.0,1.347,1.347,1.347,0.0,0.0,0.0,1.347,0.0,0.0,2.516,0.0,0.0,1.347,0.0,0.0,0.0,0.0,1.347,0.0,1.347,0.0,0.0,0.0,0.0,0.0,0.0,0.0,1.347,1.901,0.0,1.347,0.0,0.0,1.347,0.0,0.0,0.0,1.347,0.0,0.0,0.0,0.0,1.347,1.347,1.347,1.347,0.0,0.0,0.0,0.0,1.901,0.0,0.0,0.0,0.0,0.0,0.0,0.0,1.347,2.895,2.255,0.0,0.0,0.0,1.347,1.901,0.0,0.0,0.0,0.0,0.0,0.0,0.0,0.0,0.0,0.0,0.0,0.0,3.281,0.0,0.0,0.0,1.347,1.901,0.0,0.0,0.0,0.0,0.0,0.0,0.0,0.0,0.0,0.0,0.0,0.0,0.0,0.0,0.0,0.0,0.0,0.0,1.347,0.0,0.0,0.0,0.0,0.0,0.0,1.347,0.0,1.347,0.0,0.0,1.901,1.347,1.347,1.901,0.0,0.0,2.255,3.041,0.0,1.347,1.347,0.0,1.347,0.0,1.901,0.0,1.347,1.347,0.0,1.347,0.0,0.0,0.0,1.901,0.0,0.0,0.0,0.0,0.0,0.0,0.0,1.347,0.0,1.347,0.0,0.0,0.0,0.0,0.0,0.0,0.0,0.0,0.0,0.0,0.0,2.895,0.0,0.0,0.0,1.901,1.901,1.901,1.347,0.0,1.347,0.0,0.0,1.347,1.347,0.0,0.0,0.0,0.0,1.347,0.0,0.0,1.901,0.0,0.0,1.347,0.0,0.0,0.0,0.0,0.0,0.0,1.901,0.0,0.0,0.0,1.901,1.347,0.0,1.347,0.0,0.0,0.0,1.347,0.0,0.0,0.0,0.0,2.516,1.347,0.0,1.901,0.0,1.901,1.347,0.0,1.901,0.0,0.0,0.0,0.0,0.0,0.0,0.0,0.0,0.0,1.347,1.347,0.0,2.723,0.0,0.0,0.0,1.347,0.0,1.347,0.0,0.0,1.901,1.901,0.0,2.255,1.347,2.723,2.895,0.0,0.0,0.0,0.0,1.347,0.0,0.0,1.901,0.0,0.0,0.0,0.0,1.347,1.901,0.0,0.0,1.901,0.0,1.347,1.347,0.0,0.0,1.347,0.0,0.0,0.0,0.0,0.0,0.0,0.0,0.0,0.0,0.0,0.0,0.0,0.0,0.0,0.0,0.0,0.0,0.0,0.0,0.0,1.347,1.347,2.255,0.0,1.347,0.0,0.0,0.0,1.347,0.0,0.0,1.347,0.0,0.0,0.0,0.0,0.0,0.0,2.255,3.041,0.0,0.0,0.0,1.347,0.0,0.0,0.0,0.0,0.0,0.0,0.0,0.0,0.0,0.0,0.0,0.0,3.383,0.0,0.0,0.0,0.0,3.168,0.0,0.0,0.0,2.255,0.0,0.0,1.347,0.0,0.0,2.255,0.0,3.168,1.347,0.0,0.0,0.0,2.255,0.0,1.347,0.0,0.0,0.0,0.0,0.0,0.0,1.901,0.0,1.347,0.0,0.0,1.347,0.0,0.0,0.0,1.901,0.0,0.0,0.0,0.0,0.0,0.0,1.347,0.0,0.0,1.901,0.0,0.0,0.0,1.347,1.347,1.347,2.516,0.0,2.255,1.901,0.0,0.0,0.0,0.0,0.0,1.347,1.347,1.901,1.901,0.0,0.0,0.0,1.347,0.0,0.0,1.347,1.347,0.0,0.0,0.0,0.0,1.347,0.0,0.0,0.0,1.901,0.0,0.0,0.0,0.0,0.0,0.0,0.0,1.901,1.347,1.347,0.0,1.347,2.255,0.0,0.0,2.723,0.0,0.0,0.0,1.901,0.0,0.0,0.0,0.0,0.0,0.0,0.0,0.0,0.0,1.347,0.0,0.0,1.347,1.901,0.0,0.0,0.0,0.0,0.0,0.0,0.0,0.0,0.0,0.0,0.0,0.0,0.0,1.347,0.0,0.0,0.0,0.0,0.0,0.0,0.0,0.0,0.0,0.0,0.0,2.516,0.0,1.347,0.0,0.0,0.0,1.901,1.901,0.0,2.255,0.0,1.347,0.0,0.0,0.0,0.0,1.347,0.0,0.0,0.0,0.0,0.0,0.0,0.0,0.0,0.0,1.347,0.0,0.0,0.0,0.0,1.901,0.0,2.516,0.0,1.901,0.0,1.347,0.0,0.0,0.0,1.901,1.347,0.0,0.0,1.347,0.0,0.0,2.255,1.901,0.0,0.0,1.901,0.0,2.255,0.0,2.516,0.0,0.0,1.347,0.0,1.901,0.0,0.0,0.0,0.0,1.901,2.723,0.0,0.0,0.0,1.347,0.0,0.0,0.0,0.0,0.0,0.0,1.347,0.0,1.347,0.0,0.0,1.901,0.0,0.0,0.0,0.0,0.0,0.0,0.0,0.0,0.0,1.901,0.0,3.56,0.0,0.0,1.347,2.895,0.0,0.0,0.0,0.0,0.0,0.0,0.0,0.0,0.0,0.0,0.0,1.901,0.0,0.0,0.0,0.0,0.0,0.0,0.0,0.0,0.0,0.0,1.347,0.0,1.347,0.0,0.0,0.0,1.347,0.0,0.0,0.0,0.0,1.901,0.0,0.0,1.347,0.0,1.901,0.0,0.0,0.0,1.347,0.0,1.347
Monozyt,0.0,0.0,2.096,0.0,0.0,0.0,0.0,2.726,0.0,0.0,0.0,0.0,2.726,0.0,0.0,0.0,0.0,0.0,1.519,0.0,0.0,0.0,0.0,0.0,0.0,0.0,0.0,0.0,0.0,2.096,0.0,2.096,0.0,0.0,0.0,1.519,0.0,2.726,2.096,0.0,2.46,2.726,0.0,0.0,0.0,0.0,0.0,0.0,0.0,3.695,0.0,1.519,0.0,0.0,2.46,4.178,0.0,1.519,0.0,2.726,0.0,2.096,2.096,0.0,2.096,0.0,1.519,0.0,3.695,2.096,3.386,0.0,0.0,0.0,0.0,0.0,0.0,0.0,0.0,0.0,0.0,0.0,0.0,0.0,0.0,1.519,1.519,0.0,0.0,0.0,1.519,2.096,0.0,0.0,1.519,0.0,0.0,0.0,2.096,0.0,0.0,2.096,1.519,0.0,0.0,0.0,0.0,0.0,0.0,0.0,0.0,0.0,0.0,0.0,0.0,0.0,1.519,0.0,0.0,0.0,0.0,1.519,0.0,0.0,1.519,0.0,0.0,0.0,2.096,0.0,0.0,0.0,0.0,0.0,0.0,0.0,0.0,0.0,0.0,3.257,2.096,0.0,2.46,1.519,0.0,0.0,0.0,1.519,0.0,0.0,0.0,0.0,0.0,0.0,1.519,0.0,0.0,0.0,0.0,0.0,0.0,2.46,0.0,0.0,1.519,0.0,1.519,0.0,0.0,0.0,0.0,0.0,0.0,0.0,0.0,0.0,0.0,0.0,0.0,0.0,1.519,0.0,1.519,0.0,0.0,0.0,2.46,0.0,0.0,0.0,0.0,0.0,0.0,0.0,0.0,1.519,0.0,0.0,2.096,0.0,2.096,0.0,0.0,1.519,0.0,0.0,0.0,1.519,0.0,4.121,1.519,0.0,2.096,2.46,0.0,0.0,0.0,0.0,0.0,0.0,0.0,0.0,0.0,0.0,0.0,0.0,0.0,0.0,0.0,0.0,1.519,3.998,4.42,0.0,2.46,0.0,3.858,2.46,3.5,2.936,2.46,2.46,2.096,1.519,2.46,3.695,0.0,1.519,0.0,0.0,0.0,0.0,0.0,0.0,0.0,0.0,0.0,2.096,0.0,0.0,0.0,0.0,1.519,0.0,0.0,2.096,0.0,0.0,2.46,0.0,0.0,0.0,1.519,0.0,2.096,1.519,0.0,0.0,0.0,0.0,2.46,1.519,0.0,1.519,0.0,0.0,1.519,0.0,0.0,0.0,0.0,0.0,0.0,3.109,0.0,1.519,0.0,2.096,0.0,0.0,0.0,0.0,0.0,0.0,0.0,0.0,0.0,1.519,0.0,1.519,0.0,2.096,0.0,0.0,0.0,1.519,2.096,1.519,0.0,0.0,2.096,0.0,1.519,0.0,1.519,2.726,0.0,0.0,0.0,0.0,1.519,0.0,1.519,0.0,0.0,0.0,0.0,0.0,0.0,0.0,0.0,0.0,0.0,0.0,0.0,0.0,1.519,0.0,1.519,2.726,0.0,0.0,0.0,0.0,0.0,0.0,0.0,2.096,2.726,2.096,0.0,0.0,0.0,1.519,0.0,0.0,0.0,0.0,2.936,0.0,0.0,0.0,0.0,0.0,0.0,0.0,0.0,0.0,0.0,1.519,0.0,0.0,0.0,0.0,0.0,0.0,0.0,0.0,2.096,0.0,0.0,2.46,2.46,1.519,3.5,1.519,0.0,0.0,0.0,0.0,0.0,0.0,2.096,0.0,0.0,0.0,0.0,0.0,2.726,0.0,2.096,2.46,0.0,0.0,0.0,0.0,0.0,0.0,1.519,2.096,0.0,2.936,1.519,0.0,0.0,1.519,0.0,0.0,0.0,0.0,0.0,0.0,0.0,2.096,0.0,0.0,1.519,0.0,1.519,1.519,0.0,0.0,2.936,1.519,0.0,0.0,1.519,0.0,0.0,0.0,3.257,0.0,1.519,0.0,0.0,0.0,0.0,0.0,0.0,0.0,0.0,0.0,0.0,0.0,0.0,0.0,0.0,0.0,0.0,0.0,0.0,0.0,1.519,0.0,0.0,0.0,0.0,2.46,1.519,2.726,1.519,0.0,0.0,0.0,1.519,1.519,0.0,2.46,0.0,2.936,2.096,2.096,1.519,0.0,0.0,0.0,0.0,2.096,2.096,0.0,0.0,0.0,0.0,2.096,0.0,1.519,0.0,0.0,0.0,0.0,0.0,0.0,0.0,0.0,0.0,1.519,2.726,2.096,0.0,0.0,0.0,2.096,0.0,0.0,1.519,0.0,1.519,0.0,0.0,0.0,0.0,0.0,0.0,1.519,1.519,1.519,0.0,1.519,0.0,0.0,0.0,1.519,1.519,2.096,0.0,0.0,0.0,1.519,0.0,0.0,1.519,0.0,0.0,1.519,0.0,0.0,0.0,1.519,0.0,0.0,0.0,0.0,0.0,0.0,0.0,0.0,2.46,0.0,2.096,0.0,0.0,2.096,2.096,0.0,0.0,1.519,0.0,0.0,0.0,1.519,0.0,0.0,0.0,0.0,1.519,1.519,0.0,0.0,0.0,0.0,0.0,0.0,0.0,0.0,2.46,0.0,0.0,1.519,0.0,0.0,0.0,0.0,0.0,0.0,0.0,0.0,1.519,1.519,0.0,0.0,0.0,0.0,1.519,0.0,2.726,0.0,0.0,2.46,0.0,0.0,2.936,1.519,0.0,0.0,0.0,0.0,1.519,0.0,0.0,0.0,0.0,0.0,0.0,0.0,0.0,0.0,0.0,1.519,1.519,0.0,0.0,3.257,0.0,0.0,1.519,1.519,0.0,1.519,0.0,0.0,0.0,1.519,0.0,1.519,0.0,3.257,2.096,0.0,0.0,2.46,0.0,0.0,1.519,0.0,0.0,0.0,0.0,1.519,0.0,0.0,0.0,0.0,0.0,0.0,0.0,0.0,0.0,2.096,1.519,2.096,0.0,1.519,0.0,0.0,0.0,0.0,0.0,2.936,0.0,0.0,2.096,1.519,0.0,0.0,1.519,0.0,1.519,2.096,2.46,0.0,2.726,1.519,0.0,0.0,3.257,0.0,1.519,0.0,0.0,0.0,0.0,0.0,1.519,0.0,2.096,5.435,0.0,2.46,0.0,0.0,0.0,0.0,1.519,0.0,0.0,0.0,0.0,0.0,0.0,1.519,2.096,0.0,0.0,0.0,0.0,0.0,0.0,0.0,0.0,0.0,0.0,0.0,0.0,2.726,0.0,0.0,0.0,2.096,0.0,0.0,0.0,1.519,0.0,1.519,0.0,2.096,0.0,1.519,0.0,2.096,1.519,2.46,0.0,0.0,1.519
Dendritische Zelle,0.0,0.0,1.307,0.0,0.0,1.307,0.0,1.307,0.0,0.0,1.307,0.0,0.0,0.0,0.0,0.0,0.0,2.467,1.307,0.0,0.0,1.307,1.307,1.307,1.307,0.0,0.0,1.307,1.307,0.0,0.0,0.0,0.0,0.0,1.855,0.0,0.0,0.0,1.307,0.0,1.307,0.0,0.0,0.0,1.855,0.0,0.0,0.0,0.0,1.307,1.855,2.673,3.423,2.207,2.673,2.989,0.0,1.855,1.307,0.0,2.207,0.0,1.307,0.0,0.0,2.843,2.207,0.0,2.843,2.207,0.0,0.0,0.0,0.0,0.0,0.0,0.0,2.207,0.0,0.0,1.307,0.0,1.307,0.0,0.0,1.307,0.0,0.0,0.0,0.0,0.0,2.989,0.0,0.0,0.0,0.0,0.0,0.0,1.307,0.0,0.0,0.0,0.0,1.855,2.207,0.0,1.307,0.0,0.0,0.0,0.0,1.307,1.307,0.0,2.207,0.0,1.307,0.0,1.855,0.0,0.0,0.0,1.855,0.0,0.0,0.0,0.0,0.0,1.307,1.307,0.0,0.0,1.307,1.307,0.0,0.0,0.0,1.307,0.0,2.673,0.0,0.0,0.0,2.467,2.467,0.0,0.0,0.0,0.0,0.0,0.0,0.0,0.0,1.855,0.0,0.0,0.0,0.0,1.307,0.0,0.0,2.207,0.0,0.0,0.0,1.307,0.0,0.0,0.0,0.0,0.0,0.0,0.0,0.0,0.0,0.0,0.0,1.855,0.0,0.0,1.307,0.0,1.307,0.0,1.307,1.855,0.0,0.0,0.0,1.307,0.0,0.0,0.0,0.0,1.307,1.855,0.0,0.0,0.0,1.855,0.0,0.0,1.307,0.0,0.0,0.0,0.0,0.0,1.307,4.738,1.307,2.467,2.207,2.207,0.0,0.0,0.0,0.0,1.307,1.855,0.0,0.0,1.307,0.0,0.0,0.0,1.307,1.307,1.307,0.0,2.467,1.307,1.855,0.0,2.673,2.467,4.143,3.787,4.143,2.843,2.207,2.467,0.0,1.307,3.423,3.955,0.0,0.0,0.0,0.0,1.307,0.0,1.307,0.0,0.0,0.0,0.0,0.0,0.0,0.0,0.0,1.307,0.0,0.0,0.0,0.0,1.307,0.0,2.207,1.307,0.0,1.307,0.0,2.207,1.307,0.0,1.307,0.0,0.0,0.0,2.207,0.0,0.0,0.0,0.0,0.0,0.0,0.0,0.0,1.307,0.0,0.0,0.0,0.0,0.0,1.307,0.0,2.207,1.855,1.307,0.0,0.0,0.0,0.0,0.0,0.0,0.0,1.307,0.0,2.467,1.307,2.673,0.0,1.307,0.0,1.307,1.307,2.207,0.0,0.0,1.307,0.0,0.0,1.307,1.855,0.0,0.0,0.0,0.0,0.0,0.0,0.0,1.307,1.307,0.0,0.0,0.0,0.0,1.307,0.0,0.0,0.0,0.0,0.0,0.0,1.307,1.307,0.0,0.0,1.307,0.0,1.307,0.0,0.0,0.0,0.0,0.0,0.0,0.0,1.307,0.0,0.0,0.0,1.307,0.0,1.855,1.855,0.0,2.673,0.0,2.207,1.307,1.855,0.0,0.0,0.0,1.307,0.0,0.0,3.585,0.0,2.207,0.0,0.0,0.0,1.307,1.307,0.0,2.467,0.0,0.0,1.307,2.207,0.0,2.843,0.0,0.0,0.0,0.0,0.0,0.0,0.0,0.0,0.0,0.0,0.0,0.0,0.0,1.307,0.0,0.0,0.0,0.0,2.207,0.0,1.307,0.0,0.0,1.855,1.307,0.0,0.0,1.307,0.0,0.0,1.307,0.0,0.0,1.307,0.0,0.0,0.0,0.0,1.307,0.0,0.0,0.0,1.307,1.855,0.0,1.855,0.0,2.673,0.0,1.307,1.307,0.0,0.0,0.0,0.0,0.0,0.0,0.0,0.0,0.0,1.855,0.0,1.307,0.0,0.0,0.0,2.467,0.0,1.307,0.0,0.0,0.0,0.0,0.0,0.0,1.307,0.0,1.307,0.0,2.207,0.0,0.0,1.855,0.0,2.467,0.0,2.207,0.0,0.0,0.0,0.0,0.0,4.143,0.0,1.307,1.307,2.207,0.0,0.0,0.0,1.307,2.467,0.0,1.307,0.0,1.307,0.0,0.0,0.0,0.0,2.207,0.0,0.0,0.0,0.0,0.0,1.307,0.0,0.0,0.0,1.307,2.207,1.307,0.0,0.0,0.0,1.855,0.0,0.0,1.307,0.0,1.307,0.0,0.0,0.0,0.0,1.855,0.0,1.307,1.855,0.0,0.0,1.307,0.0,0.0,0.0,0.0,1.855,2.467,0.0,1.307,0.0,1.307,0.0,0.0,0.0,1.307,0.0,0.0,0.0,0.0,1.307,0.0,1.307,0.0,1.307,0.0,0.0,0.0,0.0,1.307,0.0,0.0,0.0,2.207,1.307,0.0,1.307,2.207,0.0,0.0,0.0,0.0,1.307,0.0,0.0,0.0,0.0,0.0,0.0,1.307,0.0,0.0,0.0,0.0,1.855,0.0,2.673,0.0,2.207,0.0,1.855,1.307,0.0,0.0,1.307,0.0,1.307,2.989,0.0,0.0,0.0,0.0,0.0,0.0,0.0,0.0,0.0,0.0,1.307,0.0,0.0,0.0,1.307,0.0,2.673,0.0,1.307,0.0,0.0,0.0,0.0,1.855,0.0,0.0,0.0,0.0,0.0,0.0,0.0,0.0,0.0,1.307,1.307,0.0,0.0,3.846,0.0,0.0,1.307,0.0,0.0,0.0,0.0,0.0,0.0,0.0,1.307,2.207,1.307,2.207,0.0,1.307,0.0,2.207,0.0,0.0,1.855,0.0,0.0,1.307,0.0,0.0,0.0,1.307,0.0,0.0,0.0,0.0,0.0,0.0,1.307,1.855,0.0,1.307,0.0,0.0,0.0,0.0,0.0,0.0,1.307,2.673,0.0,0.0,0.0,1.855,0.0,1.307,1.307,0.0,1.307,0.0,0.0,0.0,2.673,0.0,0.0,1.855,2.673,0.0,2.207,0.0,0.0,1.307,1.307,1.307,2.207,1.307,1.855,4.225,0.0,1.855,0.0,1.855,0.0,0.0,0.0,0.0,1.307,0.0,0.0,0.0,0.0,0.0,1.307,1.307,0.0,1.307,1.307,1.307,0.0,0.0,1.307,0.0,0.0,0.0,0.0,0.0,1.855,0.0,2.467,1.307,0.0,0.0,0.0,1.855,0.0,1.307,0.0,1.855,0.0,0.0,1.307,1.307,0.0,2.207,0.0,0.0,0.0
Dendritische Zelle,0.0,0.0,1.457,2.387,0.0,0.0,0.0,0.0,1.457,0.0,0.0,0.0,0.0,0.0,0.0,0.0,0.0,1.457,0.0,1.457,0.0,0.0,0.0,0.0,0.0,1.457,0.0,1.457,0.0,0.0,0.0,0.0,0.0,0.0,1.457,1.457,0.0,0.0,1.457,0.0,1.457,1.457,0.0,0.0,1.457,0.0,0.0,0.0,0.0,1.457,0.0,3.033,3.033,2.861,3.033,3.525,0.0,0.0,0.0,0.0,0.0,1.457,0.0,0.0,1.457,2.387,3.033,0.0,2.027,0.0,0.0,0.0,0.0,0.0,1.457,0.0,0.0,1.457,0.0,0.0,0.0,1.457,0.0,0.0,2.387,1.457,1.457,0.0,0.0,0.0,0.0,0.0,0.0,0.0,1.457,0.0,0.0,1.457,1.457,0.0,1.457,0.0,0.0,0.0,0.0,0.0,0.0,0.0,1.457,1.457,0.0,0.0,2.027,0.0,0.0,0.0,0.0,0.0,1.457,1.457,0.0,2.027,0.0,0.0,0.0,0.0,1.457,0.0,0.0,0.0,0.0,0.0,0.0,1.457,0.0,1.457,1.457,0.0,0.0,0.0,0.0,0.0,0.0,2.027,0.0,0.0,0.0,1.457,0.0,0.0,0.0,0.0,0.0,0.0,0.0,0.0,0.0,0.0,1.457,0.0,0.0,0.0,0.0,0.0,1.457,0.0,0.0,0.0,0.0,0.0,0.0,0.0,0.0,1.457,0.0,0.0,0.0,1.457,0.0,1.457,0.0,0.0,0.0,0.0,0.0,1.457,0.0,0.0,0.0,0.0,0.0,0.0,0.0,0.0,0.0,2.387,0.0,0.0,0.0,2.652,0.0,0.0,1.457,0.0,0.0,0.0,0.0,1.457,0.0,5.09,0.0,2.652,0.0,1.457,0.0,0.0,0.0,0.0,0.0,1.457,0.0,0.0,1.457,0.0,0.0,0.0,0.0,2.027,0.0,0.0,0.0,2.387,2.387,0.0,2.861,1.457,5.205,3.702,4.297,3.423,3.181,2.861,2.027,2.652,4.153,4.499,0.0,0.0,0.0,0.0,2.027,0.0,1.457,0.0,0.0,0.0,0.0,0.0,0.0,0.0,0.0,1.457,0.0,0.0,1.457,0.0,0.0,1.457,1.457,0.0,0.0,2.027,2.027,2.387,2.027,0.0,0.0,2.027,0.0,2.387,1.457,0.0,0.0,1.457,0.0,0.0,0.0,0.0,0.0,0.0,0.0,0.0,0.0,0.0,0.0,1.457,0.0,1.457,0.0,0.0,0.0,0.0,0.0,0.0,0.0,0.0,0.0,0.0,0.0,1.457,0.0,1.457,0.0,0.0,2.027,0.0,1.457,2.652,1.457,0.0,0.0,2.387,0.0,1.457,2.027,0.0,0.0,0.0,1.457,0.0,1.457,0.0,1.457,0.0,0.0,0.0,0.0,0.0,1.457,0.0,0.0,0.0,0.0,0.0,0.0,1.457,1.457,0.0,0.0,1.457,0.0,0.0,1.457,0.0,0.0,0.0,0.0,1.457,0.0,1.457,0.0,0.0,1.457,2.387,1.457,0.0,0.0,0.0,0.0,0.0,2.027,0.0,0.0,0.0,0.0,0.0,0.0,0.0,0.0,3.525,0.0,0.0,0.0,0.0,0.0,0.0,0.0,0.0,0.0,2.027,0.0,1.457,0.0,0.0,3.423,0.0,0.0,0.0,0.0,0.0,0.0,0.0,1.457,0.0,0.0,1.457,0.0,0.0,0.0,0.0,0.0,1.457,0.0,2.027,0.0,0.0,0.0,0.0,1.457,1.457,0.0,2.387,0.0,2.027,0.0,0.0,0.0,0.0,2.652,0.0,1.457,0.0,0.0,1.457,0.0,0.0,0.0,1.457,0.0,0.0,0.0,0.0,3.181,0.0,0.0,0.0,2.027,0.0,0.0,0.0,2.027,0.0,0.0,0.0,0.0,1.457,0.0,0.0,0.0,0.0,0.0,0.0,0.0,0.0,0.0,0.0,0.0,0.0,0.0,0.0,0.0,0.0,0.0,0.0,2.652,0.0,0.0,0.0,0.0,3.033,0.0,0.0,1.457,0.0,0.0,0.0,2.027,4.57,0.0,0.0,0.0,2.027,1.457,0.0,0.0,0.0,2.027,0.0,2.387,0.0,0.0,0.0,0.0,0.0,0.0,1.457,0.0,0.0,1.457,0.0,0.0,1.457,0.0,1.457,1.457,0.0,2.027,0.0,1.457,0.0,0.0,1.457,0.0,0.0,2.387,0.0,0.0,0.0,1.457,0.0,0.0,3.033,0.0,0.0,0.0,0.0,0.0,2.387,0.0,0.0,0.0,0.0,1.457,2.861,0.0,0.0,0.0,0.0,0.0,0.0,0.0,2.027,0.0,2.027,0.0,0.0,1.457,2.027,1.457,0.0,0.0,0.0,1.457,0.0,0.0,0.0,0.0,0.0,0.0,1.457,1.457,1.457,1.457,0.0,1.457,0.0,2.027,0.0,0.0,1.457,0.0,0.0,0.0,0.0,0.0,1.457,1.457,0.0,0.0,0.0,0.0,1.457,0.0,0.0,2.861,0.0,1.457,0.0,0.0,0.0,0.0,1.457,0.0,0.0,0.0,1.457,0.0,0.0,0.0,0.0,0.0,0.0,0.0,0.0,0.0,0.0,0.0,0.0,0.0,0.0,3.181,1.457,2.027,0.0,0.0,0.0,0.0,0.0,2.027,0.0,1.457,0.0,0.0,0.0,1.457,0.0,1.457,0.0,0.0,2.387,0.0,4.341,1.457,0.0,1.457,0.0,1.457,0.0,1.457,0.0,0.0,1.457,0.0,0.0,0.0,2.027,1.457,1.457,0.0,0.0,0.0,0.0,1.457,0.0,0.0,0.0,1.457,0.0,0.0,0.0,0.0,0.0,0.0,0.0,1.457,0.0,1.457,0.0,1.457,0.0,0.0,1.457,0.0,1.457,0.0,0.0,1.457,3.181,0.0,0.0,0.0,0.0,0.0,0.0,2.027,0.0,1.457,1.457,2.027,0.0,1.457,1.457,0.0,0.0,2.861,0.0,2.027,0.0,0.0,0.0,0.0,1.457,0.0,0.0,2.387,3.78,0.0,2.027,0.0,2.027,0.0,0.0,0.0,1.457,0.0,0.0,0.0,0.0,0.0,0.0,1.457,0.0,0.0,0.0,0.0,0.0,0.0,0.0,0.0,0.0,0.0,0.0,0.0,0.0,0.0,0.0,2.387,2.027,0.0,1.457,0.0,2.027,0.0,2.027,0.0,2.027,0.0,1.457,2.027,2.027,1.457,1.457,0.0,0.0,0.0
B-Zelle,0.0,0.0,1.824,1.824,0.0,0.0,0.0,1.28,0.0,0.0,0.0,0.0,0.0,0.0,0.0,0.0,0.0,3.471,0.0,0.0,0.0,1.28,0.0,0.0,1.28,0.0,1.28,1.824,1.28,0.0,1.28,0.0,0.0,0.0,0.0,1.28,0.0,0.0,1.28,1.824,0.0,0.0,0.0,0.0,0.0,0.0,0.0,1.28,1.28,0.0,0.0,1.824,0.0,0.0,1.824,2.638,0.0,1.824,2.174,2.174,0.0,0.0,0.0,0.0,0.0,0.0,2.433,0.0,0.0,0.0,0.0,1.28,0.0,0.0,1.28,0.0,0.0,0.0,0.0,1.28,2.433,0.0,1.28,0.0,0.0,0.0,0.0,0.0,0.0,0.0,1.28,0.0,1.28,1.28,1.28,0.0,0.0,2.174,1.28,0.0,2.174,1.28,0.0,0.0,0.0,0.0,0.0,0.0,0.0,0.0,0.0,0.0,2.433,0.0,0.0,1.28,1.28,0.0,0.0,1.824,0.0,1.824,0.0,0.0,0.0,0.0,1.824,1.28,0.0,0.0,0.0,0.0,0.0,0.0,0.0,1.28,0.0,0.0,0.0,0.0,1.824,0.0,1.28,1.824,1.28,2.433,0.0,1.824,0.0,0.0,0.0,0.0,0.0,0.0,0.0,0.0,0.0,0.0,1.824,0.0,1.28,0.0,1.824,0.0,0.0,0.0,1.28,0.0,0.0,1.28,0.0,0.0,0.0,0.0,0.0,0.0,0.0,0.0,0.0,1.28,0.0,2.638,0.0,1.824,0.0,0.0,0.0,1.28,0.0,0.0,1.824,0.0,0.0,0.0,0.0,1.824,0.0,0.0,1.28,1.28,1.824,0.0,2.174,1.28,0.0,1.28,1.28,1.28,1.28,4.463,0.0,2.174,0.0,2.174,1.28,0.0,0.0,0.0,0.0,0.0,0.0,0.0,0.0,0.0,0.0,0.0,1.824,0.0,0.0,1.28,4.549,0.0,0.0,0.0,2.174,1.28,4.265,3.471,4.148,2.954,1.824,1.824,2.174,2.174,3.081,3.81,0.0,0.0,1.28,2.433,1.28,0.0,1.28,0.0,1.824,1.28,0.0,1.28,0.0,0.0,1.28,0.0,0.0,0.0,0.0,0.0,0.0,0.0,1.824,1.28,0.0,0.0,0.0,1.824,0.0,0.0,1.824,0.0,0.0,0.0,1.28,0.0,0.0,1.28,0.0,1.28,1.28,0.0,1.824,0.0,0.0,0.0,0.0,0.0,0.0,0.0,0.0,1.28,0.0,1.28,0.0,0.0,1.28,0.0,0.0,0.0,0.0,1.28,0.0,0.0,0.0,1.28,0.0,0.0,1.824,1.824,0.0,0.0,0.0,0.0,2.433,1.28,0.0,1.28,0.0,0.0,0.0,0.0,0.0,0.0,0.0,0.0,1.824,0.0,1.28,1.28,0.0,0.0,0.0,1.28,0.0,0.0,0.0,0.0,0.0,0.0,0.0,1.28,0.0,1.28,1.28,0.0,0.0,1.28,0.0,1.28,0.0,0.0,0.0,1.28,0.0,2.174,0.0,1.824,0.0,1.28,1.28,0.0,0.0,0.0,2.174,0.0,0.0,0.0,0.0,0.0,0.0,0.0,0.0,1.28,0.0,0.0,1.28,0.0,0.0,0.0,0.0,0.0,0.0,1.28,0.0,0.0,0.0,1.824,2.638,1.28,0.0,1.824,1.28,0.0,0.0,0.0,0.0,0.0,0.0,0.0,1.28,1.824,0.0,1.28,0.0,1.28,0.0,0.0,0.0,0.0,0.0,1.28,1.824,0.0,1.28,1.28,0.0,0.0,0.0,0.0,3.081,0.0,0.0,0.0,1.28,1.28,1.28,0.0,0.0,0.0,1.824,0.0,0.0,2.433,3.081,1.824,0.0,0.0,1.28,1.28,0.0,0.0,0.0,0.0,0.0,0.0,0.0,1.28,0.0,1.28,1.28,0.0,0.0,0.0,0.0,2.174,0.0,0.0,0.0,0.0,0.0,0.0,0.0,0.0,0.0,0.0,1.28,0.0,1.824,0.0,0.0,0.0,0.0,1.824,0.0,1.28,1.824,1.28,1.824,0.0,1.28,0.0,0.0,2.433,0.0,2.433,1.28,0.0,1.28,0.0,0.0,0.0,2.433,0.0,0.0,0.0,0.0,0.0,0.0,0.0,0.0,0.0,0.0,0.0,0.0,0.0,1.28,0.0,1.28,0.0,1.28,1.28,0.0,0.0,1.28,0.0,0.0,0.0,1.28,2.433,0.0,0.0,0.0,0.0,0.0,1.28,0.0,1.28,0.0,1.28,0.0,2.174,1.28,0.0,0.0,0.0,0.0,1.824,0.0,1.28,0.0,1.824,0.0,1.28,1.28,1.824,0.0,2.174,1.28,0.0,0.0,0.0,0.0,0.0,1.824,0.0,0.0,0.0,0.0,1.28,0.0,0.0,0.0,1.824,1.28,0.0,0.0,1.824,0.0,0.0,1.28,0.0,0.0,0.0,0.0,1.28,0.0,0.0,0.0,0.0,0.0,0.0,0.0,0.0,1.28,0.0,0.0,0.0,0.0,0.0,1.28,0.0,1.824,0.0,0.0,0.0,0.0,0.0,0.0,0.0,0.0,1.824,0.0,0.0,0.0,0.0,0.0,0.0,0.0,2.433,0.0,0.0,1.28,3.295,1.28,0.0,1.28,0.0,0.0,0.0,1.28,1.28,0.0,0.0,0.0,0.0,0.0,0.0,0.0,0.0,1.28,0.0,0.0,0.0,0.0,0.0,0.0,0.0,0.0,1.824,0.0,0.0,1.28,0.0,0.0,2.174,0.0,2.433,1.28,3.081,0.0,0.0,0.0,0.0,0.0,0.0,0.0,0.0,0.0,0.0,1.28,1.28,1.824,1.28,0.0,0.0,0.0,0.0,2.638,0.0,0.0,0.0,0.0,1.28,0.0,1.28,0.0,0.0,1.28,1.824,1.824,2.174,1.28,0.0,0.0,1.824,0.0,1.28,2.174,1.28,0.0,0.0,0.0,0.0,1.824,1.28,1.28,0.0,0.0,0.0,1.28,2.433,0.0,2.954,1.824,0.0,1.28,0.0,0.0,3.549,1.28,3.549,1.824,2.174,0.0,2.174,0.0,0.0,0.0,0.0,0.0,0.0,0.0,0.0,1.28,1.28,0.0,0.0,0.0,0.0,1.28,0.0,1.28,1.824,1.28,0.0,0.0,1.28,1.28,0.0,0.0,2.174,0.0,0.0,1.28,0.0,1.28,0.0,0.0,2.433,1.28,0.0,1.28,2.174,0.0,1.824,0.0,0.0,1.28
NK-Zelle,0.0,0.0,0.0,0.0,0.0,0.0,1.517,1.517,0.0,0.0,0.0,0.0,0.0,0.0,0.0,0.0,3.777,2.934,0.0,0.0,0.0,0.0,0.0,0.0,0.0,0.0,0.0,2.094,2.458,0.0,0.0,0.0,0.0,0.0,0.0,2.724,0.0,0.0,2.094,1.517,0.0,2.094,1.517,0.0,1.517,0.0,0.0,0.0,0.0,0.0,0.0,2.094,0.0,0.0,1.517,2.934,0.0,2.094,0.0,0.0,0.0,1.517,0.0,1.517,0.0,0.0,2.934,0.0,2.458,1.517,0.0,0.0,0.0,0.0,0.0,0.0,0.0,1.517,0.0,0.0,0.0,0.0,2.094,0.0,0.0,2.094,0.0,0.0,0.0,0.0,0.0,0.0,0.0,0.0,2.458,0.0,0.0,1.517,1.517,0.0,0.0,0.0,4.804,0.0,0.0,0.0,0.0,0.0,0.0,0.0,0.0,0.0,1.517,1.517,0.0,0.0,0.0,1.517,0.0,0.0,0.0,1.517,0.0,0.0,0.0,0.0,0.0,0.0,1.517,0.0,1.517,0.0,0.0,0.0,0.0,1.517,0.0,0.0,1.517,1.517,0.0,1.517,0.0,0.0,0.0,1.517,0.0,1.517,0.0,0.0,0.0,0.0,1.517,0.0,0.0,0.0,0.0,0.0,1.517,0.0,0.0,1.517,0.0,0.0,0.0,2.934,0.0,1.517,0.0,0.0,0.0,3.6,1.517,0.0,0.0,2.094,0.0,3.107,0.0,0.0,1.517,2.094,0.0,0.0,1.517,0.0,0.0,2.934,0.0,0.0,0.0,1.517,0.0,2.934,0.0,1.517,0.0,0.0,1.517,0.0,2.458,0.0,0.0,0.0,0.0,0.0,0.0,1.517,1.517,2.094,0.0,2.934,0.0,1.517,0.0,0.0,0.0,3.107,0.0,2.094,0.0,1.517,0.0,0.0,1.517,0.0,1.517,0.0,2.094,0.0,0.0,0.0,0.0,2.458,2.458,0.0,0.0,0.0,0.0,0.0,0.0,0.0,2.094,1.517,1.517,1.517,0.0,0.0,0.0,1.517,2.094,0.0,1.517,0.0,0.0,0.0,0.0,0.0,0.0,0.0,1.517,0.0,0.0,0.0,0.0,0.0,0.0,0.0,0.0,0.0,0.0,0.0,2.094,0.0,0.0,0.0,2.094,0.0,2.094,0.0,2.934,0.0,0.0,0.0,0.0,1.517,0.0,0.0,0.0,0.0,0.0,0.0,0.0,0.0,1.517,0.0,0.0,2.094,0.0,0.0,0.0,0.0,0.0,0.0,0.0,0.0,0.0,1.517,0.0,0.0,0.0,1.517,0.0,0.0,1.517,0.0,2.094,0.0,1.517,0.0,0.0,0.0,1.517,0.0,2.458,0.0,0.0,0.0,0.0,0.0,0.0,0.0,2.094,1.517,0.0,0.0,0.0,0.0,0.0,0.0,0.0,0.0,0.0,0.0,0.0,0.0,1.517,0.0,0.0,2.934,0.0,1.517,0.0,0.0,1.517,0.0,0.0,0.0,1.517,1.517,0.0,2.934,0.0,1.517,0.0,1.517,0.0,0.0,0.0,0.0,0.0,2.458,1.517,2.094,0.0,0.0,1.517,0.0,0.0,1.517,0.0,2.094,0.0,1.517,0.0,0.0,2.458,0.0,2.094,0.0,1.517,0.0,1.517,0.0,2.724,0.0,0.0,0.0,0.0,0.0,0.0,1.517,0.0,0.0,0.0,0.0,0.0,0.0,2.724,2.094,2.094,0.0,0.0,1.517,0.0,0.0,0.0,2.094,2.094,0.0,0.0,0.0,2.094,0.0,0.0,1.517,0.0,1.517,0.0,0.0,0.0,0.0,0.0,0.0,0.0,2.458,1.517,0.0,1.517,0.0,2.094,0.0,3.6,0.0,1.517,0.0,2.094,1.517,1.517,1.517,0.0,0.0,0.0,0.0,0.0,0.0,0.0,0.0,0.0,0.0,0.0,0.0,0.0,1.517,0.0,0.0,0.0,0.0,0.0,0.0,0.0,0.0,2.094,1.517,2.094,0.0,0.0,0.0,0.0,3.383,0.0,2.934,0.0,0.0,0.0,1.517,0.0,0.0,0.0,3.255,1.517,2.724,0.0,0.0,0.0,0.0,1.517,0.0,1.517,0.0,0.0,0.0,0.0,0.0,0.0,1.517,1.517,0.0,0.0,0.0,0.0,0.0,1.517,0.0,2.094,0.0,2.934,2.094,0.0,2.458,3.693,0.0,0.0,0.0,0.0,0.0,0.0,0.0,2.094,1.517,1.517,0.0,2.094,2.458,0.0,1.517,0.0,2.458,0.0,0.0,0.0,0.0,0.0,2.094,2.094,0.0,0.0,1.517,0.0,0.0,0.0,1.517,1.517,2.094,1.517,0.0,0.0,0.0,0.0,0.0,0.0,0.0,2.094,0.0,0.0,1.517,2.094,0.0,0.0,1.517,0.0,1.517,2.094,0.0,0.0,0.0,0.0,0.0,0.0,0.0,0.0,0.0,1.517,0.0,1.517,0.0,0.0,0.0,2.094,0.0,1.517,0.0,0.0,0.0,2.458,0.0,2.094,0.0,0.0,1.517,0.0,0.0,0.0,3.856,0.0,0.0,0.0,1.517,0.0,0.0,0.0,0.0,0.0,0.0,1.517,0.0,0.0,0.0,1.517,0.0,0.0,3.6,2.094,0.0,0.0,0.0,0.0,0.0,0.0,3.255,0.0,0.0,0.0,0.0,1.517,0.0,1.517,0.0,2.724,0.0,2.094,1.517,1.517,2.724,0.0,0.0,0.0,0.0,0.0,2.094,0.0,0.0,0.0,0.0,0.0,3.255,0.0,2.458,2.458,0.0,0.0,1.517,2.724,0.0,2.094,1.517,0.0,1.517,2.458,0.0,0.0,1.517,0.0,0.0,0.0,2.458,0.0,0.0,0.0,2.724,0.0,0.0,0.0,0.0,0.0,0.0,1.517,0.0,2.934,2.724,0.0,0.0,1.517,0.0,0.0,0.0,2.094,0.0,2.094,0.0,2.094,1.517,0.0,1.517,2.094,0.0,0.0,0.0,0.0,0.0,2.458,0.0,0.0,2.094,2.094,2.094,1.517,1.517,0.0,0.0,0.0,0.0,0.0,0.0,4.373,0.0,0.0,0.0,0.0,0.0,0.0,0.0,1.517,0.0,2.094,1.517,0.0,0.0,0.0,0.0,1.517,0.0,0.0,0.0,0.0,0.0,0.0,1.517,0.0,1.517,1.517,0.0,0.0,0.0,0.0,1.517,2.094,0.0,0.0,1.517,0.0,2.458,0.0,0.0,1.517
Monozyt,2.108,0.0,0.0,0.0,0.0,1.53,0.0,0.0,2.108,0.0,0.0,0.0,2.472,0.0,0.0,0.0,0.0,1.53,1.53,0.0,0.0,1.53,0.0,0.0,1.53,2.108,0.0,0.0,2.108,0.0,0.0,1.53,0.0,0.0,0.0,1.53,0.0,0.0,0.0,0.0,2.108,1.53,0.0,0.0,1.53,0.0,0.0,0.0,1.53,3.399,1.53,0.0,2.472,0.0,2.472,3.793,0.0,1.53,1.53,0.0,0.0,0.0,0.0,0.0,0.0,0.0,0.0,0.0,3.872,1.53,3.872,0.0,0.0,0.0,0.0,0.0,0.0,0.0,0.0,2.108,0.0,0.0,0.0,0.0,2.108,0.0,0.0,0.0,0.0,0.0,0.0,1.53,0.0,0.0,0.0,0.0,0.0,1.53,2.108,0.0,1.53,0.0,0.0,0.0,0.0,0.0,0.0,0.0,0.0,0.0,0.0,0.0,2.108,0.0,0.0,0.0,0.0,0.0,0.0,0.0,0.0,1.53,0.0,0.0,0.0,0.0,0.0,0.0,0.0,0.0,0.0,0.0,0.0,0.0,0.0,0.0,0.0,1.53,0.0,0.0,1.53,0.0,0.0,0.0,1.53,0.0,0.0,1.53,0.0,0.0,0.0,0.0,1.53,1.53,0.0,0.0,0.0,0.0,1.53,0.0,0.0,0.0,0.0,0.0,1.53,0.0,0.0,0.0,0.0,0.0,0.0,0.0,0.0,0.0,0.0,0.0,0.0,0.0,0.0,1.53,0.0,2.108,0.0,0.0,0.0,0.0,1.53,0.0,2.108,0.0,0.0,0.0,0.0,0.0,1.53,2.472,0.0,1.53,0.0,1.53,0.0,0.0,0.0,0.0,2.739,0.0,0.0,2.108,1.53,4.075,0.0,2.472,1.53,2.108,0.0,0.0,0.0,0.0,1.53,0.0,0.0,0.0,1.53,0.0,0.0,0.0,0.0,0.0,0.0,0.0,0.0,3.615,3.872,0.0,2.472,1.53,2.739,2.472,2.949,0.0,0.0,0.0,0.0,0.0,3.872,1.53,0.0,0.0,0.0,0.0,0.0,0.0,2.108,0.0,0.0,0.0,0.0,1.53,0.0,0.0,0.0,1.53,0.0,0.0,1.53,2.108,0.0,0.0,2.108,0.0,0.0,0.0,1.53,1.53,1.53,0.0,0.0,0.0,0.0,0.0,2.472,0.0,1.53,0.0,0.0,0.0,0.0,0.0,0.0,0.0,0.0,0.0,0.0,2.108,1.53,1.53,0.0,0.0,3.122,0.0,0.0,0.0,0.0,0.0,0.0,0.0,0.0,1.53,0.0,1.53,2.108,0.0,2.472,0.0,0.0,1.53,2.472,2.108,0.0,0.0,0.0,2.108,0.0,0.0,0.0,0.0,0.0,0.0,0.0,0.0,1.53,0.0,0.0,0.0,0.0,0.0,0.0,0.0,1.53,0.0,0.0,0.0,0.0,0.0,0.0,0.0,0.0,0.0,0.0,1.53,1.53,0.0,0.0,0.0,0.0,1.53,0.0,0.0,0.0,1.53,0.0,2.108,0.0,1.53,2.108,0.0,0.0,0.0,1.53,0.0,1.53,0.0,0.0,0.0,1.53,0.0,0.0,0.0,0.0,2.472,0.0,0.0,0.0,0.0,1.53,0.0,1.53,0.0,2.949,0.0,0.0,2.739,3.399,2.108,2.739,0.0,1.53,0.0,0.0,0.0,0.0,0.0,0.0,0.0,0.0,0.0,0.0,0.0,3.793,0.0,2.739,0.0,0.0,1.53,1.53,0.0,0.0,1.53,2.108,1.53,0.0,2.949,1.53,0.0,0.0,0.0,0.0,0.0,0.0,0.0,0.0,0.0,1.53,1.53,1.53,0.0,0.0,0.0,1.53,0.0,0.0,0.0,0.0,1.53,0.0,0.0,2.108,0.0,1.53,0.0,1.53,0.0,0.0,0.0,0.0,1.53,0.0,0.0,0.0,0.0,0.0,0.0,0.0,1.53,0.0,0.0,0.0,0.0,0.0,0.0,0.0,0.0,0.0,0.0,2.108,0.0,0.0,0.0,1.53,2.108,0.0,0.0,0.0,0.0,0.0,0.0,2.108,2.472,0.0,3.27,0.0,0.0,0.0,0.0,0.0,0.0,2.108,1.53,2.108,0.0,0.0,0.0,0.0,0.0,0.0,1.53,0.0,0.0,0.0,1.53,0.0,0.0,0.0,0.0,0.0,0.0,2.108,2.472,0.0,0.0,0.0,2.472,0.0,0.0,0.0,1.53,0.0,0.0,0.0,0.0,0.0,2.949,0.0,1.53,0.0,0.0,1.53,0.0,0.0,0.0,0.0,0.0,1.53,2.108,0.0,0.0,0.0,1.53,0.0,0.0,1.53,1.53,2.472,1.53,0.0,1.53,0.0,0.0,2.472,0.0,0.0,0.0,0.0,0.0,0.0,0.0,0.0,0.0,0.0,0.0,0.0,0.0,1.53,0.0,0.0,0.0,0.0,0.0,0.0,0.0,0.0,0.0,0.0,0.0,0.0,1.53,0.0,0.0,0.0,0.0,0.0,0.0,0.0,0.0,2.472,0.0,1.53,0.0,0.0,0.0,0.0,1.53,0.0,0.0,0.0,0.0,0.0,1.53,0.0,0.0,1.53,0.0,0.0,0.0,1.53,0.0,1.53,1.53,0.0,0.0,1.53,0.0,1.53,0.0,0.0,0.0,0.0,0.0,1.53,0.0,0.0,0.0,0.0,0.0,0.0,0.0,0.0,1.53,0.0,0.0,0.0,3.513,0.0,0.0,1.53,2.108,1.53,0.0,0.0,0.0,0.0,1.53,0.0,2.108,0.0,0.0,2.472,0.0,0.0,1.53,0.0,0.0,0.0,0.0,0.0,0.0,0.0,0.0,1.53,2.108,0.0,0.0,0.0,0.0,0.0,0.0,0.0,0.0,0.0,0.0,0.0,1.53,0.0,0.0,0.0,0.0,1.53,4.295,0.0,0.0,0.0,0.0,1.53,0.0,0.0,0.0,2.739,2.108,0.0,2.108,2.108,1.53,0.0,1.53,3.27,0.0,0.0,0.0,0.0,0.0,0.0,0.0,0.0,1.53,2.472,5.242,0.0,2.472,0.0,0.0,0.0,0.0,0.0,0.0,0.0,1.53,0.0,0.0,0.0,1.53,1.53,0.0,0.0,0.0,0.0,1.53,0.0,0.0,0.0,0.0,1.53,0.0,0.0,0.0,1.53,0.0,0.0,1.53,0.0,1.53,0.0,2.472,1.53,1.53,0.0,2.108,0.0,0.0,1.53,2.108,0.0,2.739,0.0,0.0,0.0
Monozyt,0.0,0.0,1.404,0.0,0.0,0.0,0.0,0.0,0.0,0.0,0.0,0.0,1.404,0.0,0.0,0.0,0.0,2.967,0.0,0.0,0.0,1.404,0.0,0.0,0.0,0.0,0.0,1.404,1.404,0.0,0.0,1.967,0.0,0.0,0.0,0.0,1.404,0.0,1.404,1.404,2.324,2.587,0.0,0.0,0.0,0.0,0.0,1.404,1.404,1.967,0.0,1.404,2.587,1.404,3.852,4.135,0.0,2.324,0.0,0.0,0.0,1.404,0.0,0.0,0.0,0.0,2.324,0.0,3.457,1.404,2.967,0.0,0.0,0.0,0.0,0.0,0.0,0.0,0.0,0.0,0.0,0.0,2.324,0.0,0.0,0.0,1.404,0.0,0.0,0.0,0.0,2.967,1.404,0.0,0.0,0.0,0.0,0.0,0.0,0.0,0.0,0.0,0.0,0.0,0.0,0.0,1.404,0.0,0.0,0.0,0.0,1.404,1.404,0.0,0.0,1.967,0.0,0.0,0.0,0.0,0.0,1.404,0.0,0.0,0.0,1.404,0.0,0.0,0.0,1.404,0.0,0.0,0.0,0.0,0.0,0.0,0.0,0.0,0.0,0.0,1.404,0.0,0.0,1.967,1.967,0.0,1.967,0.0,0.0,0.0,0.0,0.0,0.0,1.404,1.404,0.0,0.0,0.0,0.0,0.0,1.404,1.404,0.0,0.0,1.404,0.0,0.0,0.0,1.404,0.0,0.0,0.0,1.404,0.0,0.0,0.0,0.0,0.0,0.0,1.404,0.0,0.0,0.0,0.0,1.404,0.0,2.324,1.404,0.0,1.404,1.404,0.0,0.0,0.0,0.0,2.324,1.404,1.404,0.0,0.0,1.404,0.0,0.0,0.0,1.404,0.0,0.0,1.404,0.0,3.114,0.0,1.967,1.404,1.404,0.0,0.0,0.0,1.404,0.0,1.404,0.0,0.0,0.0,0.0,0.0,0.0,0.0,0.0,1.404,0.0,3.114,4.084,3.915,0.0,1.967,0.0,2.967,2.587,3.355,0.0,0.0,1.404,1.404,0.0,2.587,1.967,0.0,1.404,0.0,1.404,1.404,0.0,1.967,0.0,0.0,0.0,0.0,0.0,0.0,1.404,0.0,1.404,0.0,0.0,0.0,0.0,0.0,1.967,1.404,0.0,0.0,0.0,1.404,2.587,0.0,0.0,0.0,0.0,0.0,0.0,1.967,1.404,0.0,0.0,0.0,0.0,0.0,0.0,0.0,1.404,0.0,0.0,0.0,0.0,1.404,1.404,0.0,2.324,1.404,1.967,0.0,0.0,0.0,0.0,0.0,1.404,0.0,1.404,1.404,1.967,0.0,2.324,2.587,0.0,0.0,0.0,0.0,2.324,2.324,0.0,1.967,0.0,1.404,0.0,0.0,0.0,0.0,0.0,0.0,0.0,2.324,0.0,2.324,0.0,0.0,0.0,0.0,0.0,0.0,0.0,0.0,0.0,0.0,1.404,0.0,0.0,1.404,0.0,0.0,2.587,0.0,0.0,0.0,0.0,0.0,0.0,0.0,1.404,0.0,1.967,0.0,2.324,0.0,1.404,0.0,0.0,1.404,0.0,2.587,0.0,0.0,2.324,0.0,0.0,1.967,0.0,1.404,0.0,0.0,2.967,0.0,0.0,0.0,0.0,0.0,0.0,1.404,0.0,1.404,0.0,0.0,2.587,3.915,0.0,1.967,0.0,0.0,0.0,0.0,0.0,0.0,0.0,0.0,0.0,0.0,0.0,0.0,0.0,2.324,1.404,2.587,1.404,0.0,2.587,1.967,0.0,0.0,0.0,0.0,0.0,0.0,2.324,0.0,0.0,0.0,0.0,0.0,0.0,1.404,0.0,0.0,0.0,0.0,0.0,0.0,0.0,0.0,0.0,2.587,0.0,1.404,1.404,2.324,0.0,1.404,1.404,1.404,0.0,0.0,0.0,0.0,0.0,0.0,0.0,0.0,0.0,1.967,1.967,1.404,0.0,0.0,0.0,1.967,1.967,0.0,0.0,0.0,0.0,0.0,0.0,0.0,0.0,0.0,0.0,2.587,0.0,0.0,0.0,1.967,2.324,0.0,0.0,0.0,0.0,1.404,0.0,0.0,0.0,0.0,1.967,0.0,3.55,2.324,0.0,0.0,0.0,1.404,1.404,1.404,1.404,0.0,0.0,0.0,0.0,0.0,1.404,0.0,0.0,0.0,0.0,0.0,0.0,0.0,1.404,0.0,0.0,1.967,0.0,0.0,0.0,0.0,0.0,0.0,0.0,1.404,0.0,0.0,0.0,1.404,0.0,0.0,0.0,0.0,2.324,1.967,0.0,1.404,2.324,0.0,0.0,0.0,0.0,0.0,2.795,0.0,0.0,0.0,1.404,0.0,1.404,0.0,2.324,0.0,1.404,0.0,1.404,0.0,1.404,0.0,0.0,0.0,0.0,1.967,0.0,0.0,0.0,1.967,0.0,1.967,0.0,1.404,1.404,1.404,2.324,0.0,0.0,0.0,0.0,0.0,0.0,0.0,0.0,1.404,0.0,1.967,1.967,0.0,0.0,0.0,0.0,2.324,1.404,0.0,0.0,2.587,1.404,0.0,0.0,0.0,0.0,1.404,1.404,1.404,1.404,0.0,0.0,0.0,0.0,0.0,0.0,1.404,0.0,0.0,1.404,0.0,1.967,0.0,1.404,1.404,0.0,0.0,0.0,0.0,0.0,0.0,0.0,0.0,1.404,0.0,2.587,0.0,0.0,0.0,0.0,0.0,1.404,0.0,1.967,0.0,0.0,0.0,2.795,0.0,0.0,1.404,1.967,1.404,0.0,1.404,1.404,0.0,1.404,0.0,1.967,1.404,1.967,0.0,0.0,0.0,2.587,1.404,0.0,2.587,0.0,0.0,1.404,0.0,0.0,2.324,0.0,0.0,0.0,0.0,0.0,2.795,0.0,0.0,2.587,0.0,1.404,1.404,1.967,0.0,0.0,0.0,0.0,2.587,1.404,1.404,0.0,1.967,2.324,0.0,0.0,1.404,0.0,0.0,2.324,0.0,1.404,1.404,1.967,0.0,1.967,3.355,1.404,0.0,0.0,0.0,0.0,0.0,0.0,0.0,1.967,0.0,5.239,1.404,1.967,0.0,3.114,0.0,0.0,0.0,0.0,1.404,0.0,0.0,0.0,0.0,0.0,0.0,0.0,0.0,2.587,0.0,0.0,0.0,0.0,1.404,0.0,0.0,0.0,0.0,0.0,0.0,0.0,0.0,2.795,0.0,1.404,0.0,1.404,0.0,1.967,0.0,0.0,0.0,0.0,0.0,1.967,0.0,1.404,0.0,1.404,0.0
T-Zelle,0.0,0.0,1.177,2.046,0.0,0.0,2.301,0.0,0.0,0.0,1.177,0.0,0.0,0.0,1.177,0.0,3.054,3.546,0.0,0.0,0.0,2.046,2.504,0.0,1.177,1.703,0.0,2.046,1.703,0.0,0.0,0.0,1.177,1.177,1.703,1.177,0.0,0.0,0.0,0.0,1.177,1.177,2.301,0.0,0.0,0.0,0.0,0.0,2.046,1.177,1.177,2.046,0.0,0.0,2.301,2.301,0.0,1.703,0.0,1.177,0.0,0.0,0.0,0.0,0.0,0.0,2.672,0.0,0.0,0.0,0.0,0.0,1.177,0.0,0.0,0.0,0.0,0.0,0.0,1.177,1.177,0.0,0.0,0.0,2.046,1.703,1.703,0.0,0.0,0.0,0.0,2.046,0.0,0.0,2.046,0.0,0.0,1.703,0.0,0.0,1.703,0.0,0.0,0.0,0.0,1.703,1.177,0.0,0.0,0.0,1.177,2.301,2.301,0.0,0.0,1.703,0.0,0.0,0.0,0.0,0.0,1.703,0.0,0.0,0.0,0.0,0.0,0.0,0.0,1.177,0.0,0.0,0.0,0.0,0.0,0.0,1.177,1.703,1.703,0.0,0.0,0.0,0.0,0.0,1.703,1.177,0.0,0.0,0.0,1.177,0.0,0.0,0.0,0.0,2.046,1.177,0.0,0.0,0.0,0.0,1.177,1.177,0.0,0.0,1.703,0.0,0.0,0.0,2.301,0.0,0.0,0.0,1.177,0.0,0.0,0.0,0.0,0.0,0.0,1.177,1.177,1.703,1.177,0.0,1.177,1.177,0.0,3.33,1.177,0.0,1.177,0.0,0.0,0.0,0.0,2.942,0.0,0.0,0.0,1.177,1.703,0.0,2.816,1.177,0.0,0.0,0.0,1.177,1.703,0.0,0.0,2.301,2.046,2.046,0.0,0.0,0.0,0.0,0.0,0.0,1.703,0.0,0.0,0.0,1.177,0.0,1.177,1.177,1.177,0.0,2.816,0.0,0.0,0.0,2.301,0.0,0.0,0.0,0.0,0.0,0.0,0.0,0.0,0.0,0.0,0.0,0.0,1.177,0.0,1.703,2.301,0.0,0.0,1.177,1.177,0.0,0.0,1.177,0.0,0.0,1.177,0.0,0.0,1.177,0.0,1.177,1.177,0.0,0.0,0.0,0.0,0.0,2.301,1.703,0.0,1.177,1.177,0.0,0.0,0.0,2.504,1.177,0.0,1.177,0.0,0.0,0.0,0.0,1.177,1.177,0.0,0.0,0.0,0.0,0.0,1.703,0.0,1.177,0.0,2.046,0.0,0.0,1.177,0.0,1.177,1.177,0.0,1.703,1.177,0.0,1.177,1.177,0.0,0.0,1.177,0.0,0.0,0.0,1.703,0.0,1.177,0.0,1.177,1.703,2.046,0.0,2.046,0.0,0.0,0.0,2.046,0.0,1.177,0.0,0.0,1.177,0.0,1.177,0.0,0.0,0.0,0.0,0.0,0.0,0.0,0.0,0.0,0.0,0.0,2.046,0.0,1.703,0.0,2.504,0.0,0.0,0.0,1.177,0.0,2.301,0.0,2.672,0.0,2.046,1.177,1.177,0.0,0.0,0.0,0.0,0.0,0.0,0.0,0.0,0.0,0.0,1.177,0.0,0.0,3.479,0.0,0.0,1.177,1.177,0.0,0.0,1.703,0.0,2.504,1.703,1.177,1.177,0.0,1.177,3.246,0.0,0.0,0.0,0.0,1.177,1.177,1.703,1.177,1.177,0.0,0.0,0.0,1.703,2.816,2.301,0.0,0.0,0.0,1.703,0.0,0.0,0.0,1.177,2.046,0.0,0.0,0.0,1.703,0.0,0.0,0.0,0.0,0.0,2.046,0.0,1.177,1.177,0.0,0.0,0.0,0.0,0.0,0.0,1.177,1.177,2.301,1.703,2.504,0.0,1.177,1.177,0.0,1.177,1.177,0.0,0.0,1.703,0.0,0.0,0.0,1.177,1.177,2.504,0.0,0.0,1.177,3.054,0.0,0.0,0.0,0.0,0.0,0.0,0.0,0.0,0.0,0.0,1.703,0.0,2.672,0.0,1.177,2.046,1.177,3.155,0.0,0.0,1.177,1.177,1.177,0.0,0.0,0.0,1.177,2.301,0.0,0.0,2.301,0.0,1.177,0.0,1.703,0.0,2.046,1.177,1.177,0.0,0.0,0.0,0.0,1.703,1.177,1.177,0.0,0.0,0.0,0.0,0.0,0.0,0.0,1.177,0.0,2.046,0.0,0.0,0.0,0.0,1.177,0.0,2.301,0.0,0.0,0.0,0.0,1.177,1.177,0.0,0.0,2.504,1.703,1.177,0.0,2.301,0.0,0.0,0.0,0.0,1.177,2.942,1.177,1.177,0.0,1.177,0.0,2.046,1.177,0.0,0.0,1.177,0.0,0.0,1.177,0.0,0.0,0.0,0.0,0.0,1.177,0.0,0.0,0.0,0.0,0.0,0.0,1.177,0.0,0.0,2.046,0.0,0.0,1.703,0.0,0.0,0.0,1.703,0.0,0.0,1.177,0.0,1.703,1.177,0.0,0.0,0.0,0.0,0.0,0.0,0.0,1.177,2.301,1.703,2.504,1.703,0.0,0.0,0.0,0.0,0.0,0.0,0.0,0.0,0.0,0.0,1.177,0.0,1.177,0.0,1.177,0.0,0.0,0.0,2.046,0.0,0.0,0.0,1.703,0.0,2.046,0.0,0.0,0.0,1.177,1.177,1.177,1.703,0.0,0.0,0.0,0.0,0.0,0.0,0.0,0.0,1.177,0.0,0.0,0.0,0.0,0.0,1.177,1.177,1.703,1.177,2.046,0.0,0.0,1.703,1.703,2.046,1.703,1.703,0.0,0.0,0.0,0.0,1.703,1.703,1.177,1.703,0.0,1.177,0.0,0.0,1.177,0.0,0.0,0.0,0.0,0.0,2.046,1.703,1.177,0.0,0.0,0.0,0.0,0.0,0.0,1.177,0.0,1.177,2.301,1.703,2.301,0.0,0.0,1.177,1.703,0.0,1.703,0.0,2.301,0.0,1.703,0.0,0.0,1.177,0.0,0.0,0.0,0.0,0.0,0.0,0.0,1.177,0.0,1.177,0.0,1.703,2.301,1.703,1.177,0.0,1.177,3.33,0.0,0.0,1.703,0.0,0.0,0.0,0.0,1.177,0.0,1.177,0.0,0.0,0.0,1.177,0.0,0.0,0.0,0.0,1.177,1.177,1.177,0.0,0.0,0.0,0.0,0.0,0.0,2.046,1.177,1.177,0.0,0.0,1.177,2.816,0.0,2.046,0.0,0.0,0.0,0.0,1.177,0.0,0.0,0.0,0.0
B-Zelle,0.0,0.0,1.492,1.492,0.0,1.492,0.0,0.0,0.0,0.0,1.492,0.0,0.0,0.0,0.0,0.0,0.0,3.223,0.0,0.0,0.0,0.0,0.0,0.0,0.0,2.066,0.0,0.0,0.0,0.0,0.0,1.492,0.0,1.492,0.0,0.0,0.0,0.0,1.492,0.0,0.0,0.0,0.0,0.0,0.0,0.0,0.0,0.0,1.492,0.0,1.492,2.693,0.0,0.0,2.693,0.0,0.0,0.0,1.492,0.0,1.492,0.0,0.0,0.0,0.0,0.0,1.492,2.428,0.0,0.0,0.0,2.066,0.0,0.0,2.428,0.0,0.0,0.0,0.0,0.0,0.0,0.0,0.0,0.0,2.066,0.0,0.0,0.0,0.0,0.0,2.066,0.0,0.0,0.0,2.066,0.0,0.0,0.0,0.0,1.492,0.0,1.492,0.0,0.0,0.0,0.0,0.0,0.0,0.0,0.0,0.0,0.0,1.492,0.0,0.0,1.492,0.0,0.0,1.492,0.0,0.0,1.492,0.0,0.0,0.0,0.0,0.0,0.0,1.492,0.0,0.0,0.0,0.0,0.0,0.0,0.0,1.492,1.492,0.0,2.066,0.0,2.428,1.492,0.0,1.492,0.0,1.492,0.0,0.0,0.0,1.492,0.0,2.066,0.0,0.0,0.0,0.0,0.0,1.492,0.0,2.066,1.492,0.0,0.0,0.0,0.0,0.0,0.0,0.0,2.066,0.0,0.0,0.0,0.0,0.0,0.0,0.0,0.0,3.568,0.0,1.492,0.0,0.0,0.0,1.492,0.0,0.0,0.0,2.903,0.0,0.0,1.492,0.0,0.0,0.0,1.492,1.492,0.0,1.492,0.0,0.0,0.0,0.0,0.0,0.0,0.0,3.076,0.0,1.492,3.964,0.0,3.076,1.492,2.066,0.0,0.0,0.0,0.0,0.0,0.0,0.0,0.0,0.0,0.0,0.0,0.0,1.492,0.0,0.0,1.492,0.0,0.0,0.0,1.492,2.428,0.0,2.428,2.066,1.492,0.0,0.0,0.0,0.0,1.492,0.0,0.0,0.0,0.0,1.492,2.693,0.0,0.0,0.0,1.492,2.066,0.0,2.903,0.0,0.0,0.0,0.0,0.0,0.0,0.0,0.0,0.0,0.0,1.492,1.492,0.0,0.0,0.0,2.428,1.492,0.0,1.492,1.492,0.0,0.0,0.0,2.428,0.0,0.0,0.0,0.0,1.492,0.0,2.066,1.492,0.0,0.0,1.492,0.0,0.0,0.0,1.492,1.492,0.0,0.0,0.0,0.0,0.0,0.0,0.0,0.0,0.0,1.492,0.0,0.0,1.492,0.0,0.0,0.0,0.0,0.0,1.492,0.0,0.0,0.0,0.0,0.0,0.0,0.0,0.0,1.492,0.0,0.0,0.0,0.0,0.0,0.0,0.0,2.903,0.0,0.0,0.0,0.0,0.0,0.0,0.0,1.492,0.0,0.0,0.0,2.066,1.492,1.492,0.0,0.0,0.0,0.0,0.0,1.492,0.0,0.0,0.0,0.0,1.492,0.0,0.0,0.0,2.693,2.066,0.0,0.0,0.0,0.0,0.0,0.0,0.0,0.0,0.0,0.0,0.0,1.492,0.0,0.0,0.0,0.0,3.466,0.0,0.0,0.0,0.0,0.0,0.0,0.0,0.0,2.428,0.0,0.0,0.0,0.0,2.066,2.693,1.492,0.0,0.0,0.0,0.0,0.0,0.0,0.0,0.0,0.0,0.0,0.0,1.492,0.0,0.0,0.0,0.0,0.0,1.492,0.0,0.0,0.0,1.492,1.492,0.0,0.0,1.492,0.0,0.0,0.0,0.0,0.0,0.0,1.492,0.0,2.066,0.0,0.0,0.0,0.0,1.492,0.0,0.0,0.0,1.492,2.903,0.0,0.0,0.0,0.0,0.0,1.492,1.492,2.066,0.0,0.0,0.0,2.428,0.0,0.0,0.0,1.492,0.0,0.0,0.0,0.0,2.428,0.0,0.0,0.0,0.0,0.0,0.0,0.0,0.0,0.0,0.0,0.0,0.0,2.693,0.0,2.428,2.693,0.0,2.066,0.0,0.0,2.066,2.428,1.492,0.0,1.492,0.0,0.0,2.066,0.0,2.066,1.492,1.492,1.492,0.0,2.428,0.0,2.066,0.0,0.0,0.0,0.0,0.0,0.0,1.492,0.0,0.0,0.0,0.0,2.066,0.0,0.0,0.0,0.0,1.492,0.0,2.428,0.0,0.0,0.0,0.0,0.0,0.0,3.223,0.0,0.0,0.0,0.0,1.492,0.0,0.0,0.0,0.0,0.0,0.0,0.0,0.0,3.223,0.0,1.492,0.0,1.492,2.428,0.0,0.0,0.0,0.0,0.0,2.066,1.492,3.223,0.0,2.066,1.492,0.0,1.492,0.0,0.0,2.428,3.223,0.0,1.492,0.0,0.0,0.0,0.0,0.0,1.492,0.0,0.0,0.0,1.492,2.066,0.0,0.0,1.492,2.066,1.492,1.492,0.0,0.0,0.0,0.0,0.0,0.0,1.492,0.0,1.492,0.0,1.492,0.0,0.0,0.0,1.492,0.0,0.0,1.492,1.492,0.0,0.0,0.0,0.0,0.0,0.0,0.0,0.0,0.0,0.0,0.0,0.0,2.066,0.0,0.0,0.0,0.0,0.0,0.0,0.0,2.066,2.066,0.0,0.0,0.0,0.0,0.0,1.492,0.0,0.0,0.0,0.0,0.0,0.0,0.0,0.0,0.0,0.0,0.0,0.0,0.0,0.0,0.0,0.0,0.0,1.492,0.0,2.428,1.492,0.0,0.0,0.0,2.693,1.492,0.0,0.0,1.492,0.0,0.0,0.0,0.0,1.492,0.0,2.066,1.492,0.0,2.066,2.066,0.0,1.492,1.492,0.0,0.0,0.0,0.0,0.0,1.492,0.0,0.0,0.0,2.066,0.0,1.492,0.0,0.0,0.0,0.0,2.066,1.492,0.0,1.492,0.0,0.0,0.0,0.0,0.0,1.492,1.492,0.0,1.492,0.0,2.066,0.0,0.0,0.0,0.0,0.0,0.0,0.0,0.0,4.427,0.0,0.0,0.0,0.0,0.0,3.964,0.0,1.492,0.0,0.0,0.0,1.492,0.0,0.0,0.0,0.0,0.0,0.0,0.0,0.0,0.0,0.0,0.0,0.0,0.0,1.492,1.492,0.0,1.492,1.492,2.428,0.0,0.0,0.0,0.0,0.0,0.0,2.428,0.0,0.0,0.0,0.0,1.492,0.0,0.0,2.428,2.066,0.0,0.0,0.0,0.0,0.0,0.0,0.0,0.0
T-Zelle,0.0,0.0,0.0,0.0,0.0,0.0,0.0,0.0,0.0,0.0,1.713,0.0,0.0,0.0,0.0,0.0,0.0,3.62,0.0,1.713,0.0,1.713,1.713,0.0,0.0,0.0,0.0,0.0,1.713,0.0,0.0,3.166,1.713,0.0,1.713,1.713,0.0,0.0,2.311,0.0,0.0,0.0,1.713,0.0,1.713,0.0,0.0,0.0,1.713,2.311,0.0,3.166,0.0,0.0,3.931,4.615,0.0,1.713,0.0,1.713,0.0,0.0,1.713,0.0,0.0,0.0,2.683,0.0,0.0,1.713,0.0,0.0,2.311,0.0,0.0,0.0,0.0,0.0,0.0,1.713,2.311,0.0,2.311,0.0,3.166,0.0,0.0,0.0,2.311,0.0,0.0,0.0,1.713,0.0,1.713,1.713,1.713,0.0,0.0,1.713,0.0,0.0,0.0,1.713,0.0,0.0,0.0,0.0,0.0,0.0,0.0,1.713,1.713,0.0,0.0,0.0,0.0,0.0,0.0,0.0,0.0,0.0,1.713,0.0,0.0,0.0,0.0,1.713,1.713,2.311,0.0,0.0,0.0,0.0,0.0,0.0,0.0,0.0,0.0,1.713,0.0,0.0,0.0,1.713,0.0,0.0,0.0,2.311,0.0,0.0,0.0,0.0,0.0,0.0,0.0,0.0,0.0,0.0,0.0,0.0,1.713,0.0,0.0,0.0,0.0,0.0,1.713,0.0,0.0,1.713,0.0,0.0,0.0,0.0,0.0,0.0,0.0,0.0,0.0,0.0,1.713,0.0,0.0,0.0,1.713,0.0,1.713,1.713,2.683,0.0,0.0,0.0,0.0,1.713,1.713,1.713,1.713,0.0,0.0,1.713,0.0,1.713,1.713,0.0,0.0,0.0,0.0,1.713,2.311,2.954,0.0,2.311,1.713,2.683,1.713,0.0,0.0,0.0,0.0,0.0,1.713,0.0,0.0,0.0,1.713,0.0,0.0,0.0,0.0,1.713,2.311,0.0,0.0,0.0,3.166,0.0,1.713,0.0,1.713,0.0,1.713,0.0,0.0,0.0,0.0,0.0,0.0,0.0,0.0,0.0,0.0,1.713,0.0,0.0,0.0,0.0,0.0,2.311,0.0,0.0,0.0,1.713,0.0,0.0,0.0,0.0,0.0,2.311,1.713,0.0,0.0,0.0,0.0,1.713,0.0,1.713,1.713,0.0,0.0,0.0,0.0,0.0,1.713,0.0,0.0,0.0,0.0,0.0,0.0,0.0,0.0,0.0,0.0,0.0,1.713,0.0,0.0,0.0,0.0,0.0,0.0,0.0,0.0,0.0,1.713,0.0,0.0,0.0,2.311,3.166,0.0,2.311,0.0,0.0,0.0,1.713,0.0,0.0,0.0,0.0,1.713,0.0,2.683,1.713,0.0,1.713,0.0,0.0,0.0,0.0,1.713,1.713,1.713,0.0,0.0,0.0,0.0,0.0,0.0,0.0,0.0,0.0,0.0,0.0,0.0,0.0,0.0,2.311,0.0,2.683,0.0,1.713,1.713,1.713,0.0,0.0,0.0,0.0,0.0,1.713,0.0,0.0,1.713,1.713,0.0,1.713,0.0,0.0,0.0,0.0,0.0,0.0,0.0,0.0,0.0,0.0,0.0,0.0,0.0,2.954,0.0,1.713,0.0,0.0,0.0,0.0,0.0,0.0,3.166,2.683,0.0,0.0,0.0,0.0,2.311,0.0,0.0,0.0,1.713,0.0,0.0,0.0,0.0,0.0,0.0,0.0,0.0,0.0,1.713,2.683,0.0,0.0,0.0,0.0,0.0,0.0,0.0,1.713,0.0,0.0,0.0,0.0,1.713,0.0,0.0,0.0,0.0,0.0,1.713,0.0,0.0,0.0,0.0,2.683,0.0,0.0,1.713,0.0,1.713,0.0,2.311,1.713,0.0,0.0,1.713,1.713,0.0,0.0,0.0,1.713,0.0,0.0,1.713,0.0,0.0,1.713,3.166,1.713,2.311,0.0,0.0,0.0,0.0,2.311,1.713,0.0,0.0,0.0,0.0,0.0,0.0,0.0,0.0,1.713,2.311,1.713,2.311,1.713,0.0,1.713,0.0,1.713,2.683,1.713,2.311,0.0,2.683,0.0,1.713,0.0,2.311,2.311,0.0,0.0,1.713,0.0,2.683,0.0,0.0,0.0,0.0,0.0,0.0,0.0,0.0,1.713,0.0,1.713,0.0,0.0,2.311,1.713,0.0,0.0,0.0,1.713,2.683,2.311,0.0,0.0,0.0,0.0,0.0,0.0,2.311,0.0,2.683,0.0,0.0,0.0,0.0,0.0,1.713,3.341,2.311,0.0,0.0,1.713,0.0,0.0,0.0,0.0,2.311,3.341,0.0,0.0,0.0,2.683,0.0,1.713,0.0,2.311,0.0,0.0,0.0,0.0,0.0,0.0,2.311,0.0,1.713,0.0,0.0,0.0,0.0,0.0,0.0,0.0,0.0,1.713,1.713,2.311,1.713,4.017,0.0,1.713,0.0,0.0,0.0,1.713,2.954,0.0,0.0,0.0,0.0,0.0,0.0,0.0,0.0,0.0,2.311,0.0,0.0,0.0,2.954,0.0,1.713,0.0,0.0,0.0,0.0,0.0,0.0,0.0,0.0,0.0,0.0,0.0,0.0,0.0,0.0,2.683,0.0,1.713,0.0,0.0,2.311,0.0,0.0,0.0,1.713,0.0,0.0,0.0,0.0,0.0,0.0,2.311,0.0,0.0,0.0,1.713,0.0,0.0,0.0,0.0,0.0,0.0,0.0,0.0,0.0,0.0,0.0,0.0,1.713,0.0,1.713,1.713,1.713,0.0,0.0,0.0,0.0,0.0,0.0,2.311,0.0,0.0,0.0,0.0,0.0,0.0,0.0,0.0,0.0,0.0,0.0,0.0,3.735,2.311,0.0,0.0,0.0,0.0,0.0,1.713,0.0,1.713,0.0,0.0,0.0,0.0,0.0,1.713,1.713,0.0,2.683,2.311,1.713,0.0,0.0,0.0,0.0,0.0,0.0,0.0,0.0,0.0,0.0,0.0,2.311,0.0,0.0,0.0,0.0,1.713,0.0,0.0,0.0,0.0,1.713,0.0,1.713,1.713,0.0,2.954,0.0,0.0,0.0,2.311,0.0,0.0,1.713,0.0,0.0,0.0,0.0,0.0,0.0,0.0,0.0,0.0,0.0,0.0,0.0,0.0,0.0,0.0,0.0,0.0,0.0,0.0,0.0,0.0,1.713,0.0,0.0,0.0,0.0,0.0,0.0,0.0,0.0,2.311,0.0,2.311,0.0,0.0,0.0,0.0,0.0,1.713,0.0,0.0,0.0
T-Zelle,0.0,0.0,1.989,2.612,0.0,1.424,0.0,0.0,0.0,0.0,0.0,0.0,0.0,0.0,0.0,0.0,0.0,1.989,0.0,1.424,0.0,1.424,0.0,0.0,1.424,1.424,0.0,0.0,2.348,0.0,0.0,1.424,0.0,0.0,0.0,1.424,0.0,0.0,1.989,0.0,0.0,1.424,0.0,0.0,1.424,2.82,0.0,0.0,1.989,1.424,0.0,2.348,0.0,0.0,2.348,3.267,0.0,1.989,0.0,0.0,0.0,0.0,0.0,1.424,0.0,0.0,2.82,1.989,0.0,0.0,0.0,0.0,1.989,0.0,0.0,0.0,0.0,0.0,0.0,0.0,1.424,0.0,0.0,0.0,2.992,0.0,0.0,1.424,0.0,1.424,1.989,1.989,0.0,1.424,1.989,1.424,0.0,0.0,2.612,0.0,1.424,0.0,2.612,0.0,0.0,1.424,1.424,0.0,0.0,0.0,0.0,2.612,0.0,0.0,0.0,0.0,0.0,0.0,0.0,0.0,0.0,1.989,0.0,0.0,0.0,1.424,0.0,0.0,0.0,0.0,0.0,0.0,0.0,0.0,1.424,0.0,0.0,0.0,1.989,1.424,0.0,1.424,0.0,1.424,1.424,0.0,0.0,0.0,0.0,0.0,0.0,0.0,0.0,0.0,0.0,0.0,0.0,0.0,0.0,0.0,1.424,2.612,0.0,0.0,0.0,0.0,1.424,0.0,0.0,1.989,0.0,0.0,0.0,0.0,1.424,1.424,0.0,0.0,0.0,1.989,2.82,2.612,1.424,0.0,0.0,0.0,1.424,0.0,0.0,2.612,0.0,1.424,1.989,2.348,0.0,0.0,1.989,0.0,0.0,0.0,0.0,1.424,1.989,0.0,0.0,0.0,0.0,1.424,0.0,1.424,0.0,3.381,1.424,2.348,1.424,0.0,0.0,0.0,0.0,0.0,0.0,1.424,0.0,0.0,0.0,0.0,1.424,0.0,0.0,1.424,3.575,1.424,0.0,0.0,2.348,1.424,0.0,1.424,1.424,0.0,0.0,0.0,0.0,0.0,1.989,0.0,0.0,0.0,0.0,0.0,0.0,0.0,0.0,0.0,0.0,1.424,0.0,1.424,0.0,1.424,1.424,0.0,0.0,0.0,0.0,0.0,0.0,0.0,1.424,0.0,0.0,0.0,2.348,2.348,0.0,1.424,0.0,1.424,1.424,0.0,2.82,0.0,0.0,0.0,0.0,0.0,0.0,0.0,0.0,0.0,0.0,0.0,0.0,0.0,1.424,1.424,0.0,0.0,0.0,0.0,0.0,0.0,1.424,0.0,0.0,0.0,0.0,1.424,0.0,2.348,0.0,1.424,0.0,0.0,0.0,1.424,0.0,0.0,0.0,0.0,0.0,1.424,0.0,0.0,1.424,0.0,0.0,1.424,0.0,0.0,0.0,0.0,0.0,0.0,0.0,0.0,0.0,0.0,0.0,0.0,0.0,0.0,1.424,1.424,0.0,1.424,0.0,1.424,0.0,0.0,0.0,0.0,0.0,0.0,1.424,0.0,0.0,2.612,0.0,1.989,0.0,0.0,0.0,0.0,1.424,1.424,1.424,0.0,0.0,0.0,0.0,1.424,1.989,1.424,0.0,0.0,0.0,2.348,1.424,1.989,0.0,0.0,0.0,0.0,0.0,0.0,0.0,0.0,0.0,0.0,0.0,0.0,1.424,1.424,2.82,0.0,0.0,0.0,0.0,0.0,0.0,0.0,1.424,0.0,0.0,0.0,0.0,0.0,0.0,1.424,0.0,0.0,0.0,0.0,1.424,0.0,0.0,0.0,2.612,0.0,0.0,0.0,0.0,0.0,0.0,0.0,0.0,0.0,1.424,0.0,0.0,1.424,0.0,1.424,0.0,1.424,0.0,0.0,1.424,1.424,3.381,0.0,3.139,0.0,0.0,0.0,0.0,0.0,0.0,1.424,1.989,0.0,1.424,0.0,0.0,0.0,1.424,1.989,1.989,0.0,0.0,1.424,0.0,0.0,0.0,0.0,0.0,0.0,0.0,0.0,0.0,0.0,1.424,0.0,2.992,1.989,1.989,1.424,0.0,3.381,0.0,0.0,0.0,1.989,0.0,0.0,0.0,0.0,0.0,0.0,0.0,2.348,2.612,0.0,0.0,0.0,1.424,0.0,2.348,0.0,0.0,0.0,0.0,0.0,0.0,2.348,0.0,0.0,0.0,0.0,0.0,0.0,0.0,0.0,0.0,0.0,1.989,1.424,0.0,0.0,0.0,0.0,0.0,0.0,2.82,1.424,0.0,0.0,1.989,1.424,1.424,1.989,0.0,2.612,1.989,0.0,0.0,1.424,0.0,0.0,1.424,0.0,0.0,2.348,1.424,0.0,0.0,1.989,0.0,0.0,1.424,2.348,0.0,1.989,0.0,0.0,1.424,0.0,0.0,0.0,1.424,0.0,0.0,0.0,0.0,0.0,0.0,0.0,1.424,1.989,1.424,0.0,0.0,3.267,0.0,0.0,0.0,0.0,0.0,0.0,1.424,0.0,1.424,0.0,0.0,0.0,0.0,0.0,0.0,0.0,1.424,0.0,0.0,0.0,2.348,0.0,0.0,2.348,0.0,0.0,0.0,0.0,0.0,3.381,0.0,0.0,0.0,0.0,0.0,0.0,0.0,0.0,0.0,1.424,0.0,1.424,1.989,0.0,0.0,0.0,1.424,0.0,2.82,0.0,0.0,0.0,0.0,0.0,1.424,0.0,1.424,0.0,1.424,0.0,0.0,0.0,1.424,0.0,0.0,0.0,0.0,0.0,1.424,0.0,1.424,0.0,0.0,0.0,1.424,0.0,0.0,1.424,0.0,1.989,0.0,2.82,0.0,1.424,0.0,0.0,0.0,0.0,2.348,0.0,0.0,0.0,0.0,0.0,2.348,2.348,0.0,0.0,0.0,0.0,1.424,0.0,0.0,0.0,0.0,1.424,0.0,1.989,0.0,0.0,0.0,0.0,0.0,2.82,1.424,0.0,0.0,2.348,0.0,0.0,1.424,0.0,1.989,0.0,1.424,0.0,1.989,0.0,0.0,1.989,1.424,0.0,0.0,0.0,0.0,0.0,2.348,0.0,1.989,0.0,0.0,3.139,0.0,1.424,0.0,1.424,0.0,0.0,0.0,0.0,2.992,0.0,0.0,0.0,0.0,0.0,0.0,0.0,0.0,0.0,0.0,1.424,0.0,0.0,0.0,0.0,1.424,1.424,0.0,0.0,1.989,0.0,0.0,2.348,0.0,0.0,0.0,0.0,0.0,2.992,0.0,2.82,1.424,0.0,0.0,1.424,0.0,0.0,0.0,0.0,0.0
T-Zelle,0.0,0.0,1.794,2.142,0.0,0.0,0.0,0.0,0.0,0.0,0.0,0.0,0.0,0.0,0.0,0.0,2.605,3.514,0.0,2.142,0.0,1.255,1.255,1.255,1.255,1.794,0.0,0.0,2.142,0.0,0.0,2.142,0.0,1.794,1.255,0.0,0.0,0.0,2.142,0.0,0.0,0.0,0.0,0.0,0.0,0.0,0.0,0.0,0.0,1.255,0.0,0.0,0.0,0.0,2.775,3.884,0.0,2.142,0.0,2.605,2.142,1.255,1.255,0.0,0.0,0.0,1.794,0.0,0.0,1.794,0.0,0.0,0.0,0.0,0.0,0.0,0.0,2.142,0.0,0.0,2.142,0.0,0.0,0.0,2.4,0.0,0.0,1.794,1.255,0.0,0.0,1.255,0.0,1.255,1.255,1.255,2.142,1.255,1.255,0.0,0.0,1.255,0.0,1.255,2.142,0.0,0.0,0.0,1.255,0.0,1.794,1.255,1.794,0.0,1.794,1.255,0.0,0.0,0.0,1.255,0.0,1.255,0.0,0.0,0.0,0.0,0.0,0.0,0.0,0.0,1.255,0.0,0.0,0.0,0.0,0.0,0.0,0.0,2.142,1.794,1.255,0.0,1.255,0.0,0.0,1.255,0.0,0.0,0.0,0.0,0.0,0.0,0.0,2.142,1.794,0.0,0.0,0.0,1.255,0.0,0.0,1.794,0.0,0.0,1.255,0.0,0.0,0.0,1.794,0.0,0.0,0.0,0.0,0.0,0.0,0.0,0.0,0.0,0.0,1.255,1.255,0.0,0.0,0.0,1.794,1.794,0.0,3.586,2.4,1.255,1.794,0.0,0.0,0.0,1.255,1.794,0.0,0.0,0.0,0.0,0.0,0.0,1.794,1.255,0.0,0.0,0.0,0.0,2.4,1.255,0.0,2.4,1.794,1.255,2.142,0.0,0.0,1.255,1.794,0.0,0.0,1.255,0.0,1.794,1.255,0.0,0.0,0.0,0.0,1.255,2.142,0.0,0.0,0.0,2.4,1.255,0.0,0.0,0.0,0.0,0.0,0.0,0.0,0.0,0.0,0.0,0.0,0.0,0.0,0.0,1.794,2.4,0.0,0.0,1.255,0.0,0.0,1.794,0.0,1.255,1.255,1.794,0.0,0.0,1.794,0.0,0.0,0.0,0.0,0.0,1.255,1.255,2.4,1.255,0.0,1.794,1.794,0.0,0.0,0.0,3.261,1.255,0.0,1.255,0.0,1.794,0.0,0.0,0.0,0.0,0.0,0.0,0.0,0.0,0.0,1.255,1.255,2.4,0.0,0.0,0.0,0.0,0.0,0.0,0.0,0.0,0.0,1.794,1.255,0.0,0.0,2.142,0.0,0.0,0.0,2.4,0.0,0.0,0.0,0.0,0.0,1.794,0.0,1.255,0.0,0.0,1.255,0.0,0.0,0.0,2.4,0.0,1.255,0.0,0.0,0.0,0.0,0.0,0.0,1.255,0.0,1.255,1.255,0.0,0.0,1.794,2.142,0.0,0.0,1.255,1.255,1.255,1.255,1.794,0.0,0.0,0.0,0.0,1.255,2.142,0.0,2.4,1.255,1.794,0.0,0.0,1.255,0.0,0.0,0.0,0.0,1.794,1.794,0.0,0.0,0.0,1.255,1.255,1.255,3.353,0.0,0.0,1.255,0.0,0.0,0.0,1.794,0.0,1.794,1.794,0.0,0.0,1.255,1.255,2.92,0.0,0.0,0.0,1.794,0.0,0.0,0.0,1.255,0.0,0.0,0.0,0.0,0.0,1.255,1.255,0.0,0.0,0.0,2.142,1.255,2.92,1.255,0.0,2.605,0.0,0.0,0.0,0.0,1.255,0.0,0.0,0.0,0.0,0.0,0.0,0.0,0.0,0.0,0.0,0.0,0.0,1.255,0.0,0.0,1.255,0.0,0.0,1.255,1.255,0.0,0.0,1.255,0.0,0.0,0.0,1.255,0.0,0.0,0.0,0.0,0.0,2.4,2.605,1.255,0.0,1.255,2.605,0.0,1.255,1.794,0.0,0.0,0.0,0.0,0.0,0.0,0.0,1.255,0.0,3.047,0.0,0.0,1.255,0.0,3.353,0.0,0.0,0.0,1.794,2.142,0.0,1.794,0.0,0.0,1.255,0.0,2.775,1.794,0.0,1.255,0.0,2.142,0.0,2.142,1.255,0.0,0.0,0.0,0.0,0.0,2.142,1.794,1.255,0.0,0.0,0.0,0.0,0.0,0.0,0.0,0.0,1.794,2.142,0.0,0.0,0.0,0.0,0.0,0.0,3.047,1.255,0.0,0.0,1.255,1.255,0.0,0.0,0.0,2.92,1.255,0.0,0.0,1.255,0.0,0.0,1.794,0.0,1.794,2.4,0.0,0.0,0.0,2.142,0.0,1.794,1.255,1.255,0.0,0.0,0.0,0.0,0.0,1.255,1.255,1.255,2.142,0.0,1.255,0.0,0.0,0.0,0.0,0.0,0.0,1.255,2.142,1.255,0.0,4.457,1.255,1.255,0.0,0.0,0.0,1.255,2.142,0.0,0.0,0.0,2.4,1.255,0.0,0.0,0.0,0.0,0.0,1.255,0.0,1.255,2.142,2.4,1.255,1.794,0.0,0.0,0.0,0.0,0.0,0.0,0.0,0.0,0.0,0.0,2.142,0.0,1.255,0.0,0.0,0.0,0.0,1.255,0.0,0.0,1.255,1.255,2.605,0.0,1.255,0.0,1.255,0.0,1.255,0.0,0.0,1.794,0.0,0.0,0.0,1.255,0.0,0.0,0.0,0.0,0.0,0.0,0.0,0.0,0.0,0.0,1.255,0.0,0.0,1.255,2.142,1.255,0.0,0.0,0.0,2.775,1.255,1.794,0.0,1.255,0.0,0.0,1.794,1.255,1.794,1.794,0.0,1.255,0.0,0.0,2.142,1.794,0.0,0.0,0.0,0.0,0.0,2.142,0.0,0.0,0.0,1.794,0.0,1.255,0.0,1.255,1.255,0.0,1.794,2.142,2.4,1.255,0.0,2.4,0.0,0.0,1.794,0.0,0.0,0.0,1.794,0.0,1.794,1.255,0.0,1.255,0.0,0.0,0.0,0.0,0.0,0.0,0.0,0.0,0.0,1.794,1.794,2.92,1.794,2.142,1.255,2.142,0.0,0.0,0.0,0.0,0.0,0.0,0.0,0.0,0.0,0.0,0.0,0.0,1.255,0.0,0.0,0.0,0.0,0.0,0.0,0.0,2.142,1.255,0.0,0.0,1.255,0.0,0.0,2.142,1.255,1.255,0.0,0.0,1.255,1.255,0.0,1.794,0.0,0.0,2.4,1.255,0.0,0.0,0.0,0.0,0.0
T-Zelle,0.0,1.518,1.518,1.518,0.0,1.518,0.0,0.0,0.0,0.0,1.518,0.0,0.0,0.0,0.0,0.0,0.0,3.256,0.0,0.0,0.0,0.0,2.096,0.0,0.0,2.096,1.518,2.459,1.518,0.0,0.0,0.0,0.0,0.0,0.0,1.518,0.0,0.0,2.096,0.0,0.0,1.518,1.518,0.0,0.0,0.0,0.0,0.0,1.518,0.0,0.0,0.0,0.0,0.0,1.518,3.109,0.0,0.0,0.0,0.0,2.096,0.0,0.0,0.0,0.0,0.0,2.725,0.0,0.0,0.0,0.0,0.0,0.0,0.0,0.0,0.0,0.0,0.0,0.0,0.0,1.518,0.0,0.0,0.0,1.518,0.0,0.0,0.0,1.518,0.0,0.0,2.725,0.0,0.0,2.725,0.0,0.0,1.518,2.935,0.0,0.0,0.0,3.385,2.725,1.518,0.0,2.096,0.0,0.0,0.0,0.0,1.518,2.096,0.0,1.518,1.518,0.0,1.518,0.0,0.0,0.0,0.0,0.0,0.0,0.0,2.096,0.0,2.096,0.0,1.518,0.0,0.0,1.518,0.0,1.518,0.0,1.518,0.0,0.0,1.518,0.0,0.0,0.0,0.0,1.518,1.518,0.0,0.0,0.0,0.0,0.0,0.0,1.518,0.0,0.0,0.0,0.0,0.0,0.0,0.0,1.518,2.459,0.0,0.0,0.0,0.0,0.0,0.0,0.0,0.0,0.0,0.0,0.0,0.0,0.0,2.096,0.0,0.0,0.0,0.0,0.0,0.0,0.0,0.0,0.0,1.518,1.518,1.518,0.0,2.096,0.0,0.0,0.0,1.518,2.459,1.518,2.096,1.518,0.0,0.0,0.0,0.0,1.518,0.0,0.0,0.0,0.0,0.0,0.0,2.459,0.0,2.725,0.0,2.096,0.0,0.0,0.0,1.518,0.0,0.0,1.518,1.518,0.0,0.0,0.0,0.0,1.518,0.0,0.0,0.0,4.121,0.0,0.0,0.0,2.935,0.0,0.0,0.0,0.0,0.0,0.0,0.0,0.0,0.0,0.0,0.0,0.0,0.0,0.0,1.518,0.0,0.0,0.0,0.0,1.518,0.0,0.0,2.096,0.0,0.0,0.0,0.0,0.0,0.0,0.0,0.0,0.0,0.0,0.0,1.518,1.518,0.0,0.0,2.459,0.0,0.0,1.518,0.0,0.0,0.0,1.518,0.0,0.0,0.0,0.0,1.518,1.518,0.0,0.0,2.096,0.0,0.0,0.0,0.0,0.0,0.0,0.0,0.0,0.0,0.0,0.0,0.0,0.0,0.0,0.0,0.0,1.518,1.518,0.0,1.518,0.0,1.518,0.0,0.0,0.0,1.518,0.0,0.0,0.0,0.0,0.0,2.096,1.518,0.0,2.096,0.0,0.0,0.0,0.0,1.518,0.0,1.518,1.518,0.0,0.0,0.0,0.0,0.0,0.0,0.0,0.0,1.518,0.0,1.518,0.0,1.518,1.518,0.0,0.0,1.518,0.0,0.0,0.0,0.0,0.0,0.0,0.0,2.459,2.096,1.518,0.0,0.0,0.0,0.0,0.0,1.518,1.518,0.0,0.0,0.0,0.0,0.0,2.935,0.0,0.0,0.0,0.0,0.0,2.096,2.096,0.0,0.0,0.0,0.0,0.0,1.518,0.0,0.0,0.0,1.518,0.0,0.0,0.0,0.0,3.256,0.0,0.0,0.0,0.0,0.0,1.518,1.518,1.518,0.0,0.0,0.0,0.0,0.0,2.725,0.0,0.0,0.0,0.0,1.518,0.0,0.0,0.0,2.096,1.518,0.0,0.0,0.0,0.0,0.0,0.0,0.0,0.0,0.0,1.518,0.0,1.518,0.0,0.0,0.0,0.0,2.096,0.0,0.0,0.0,0.0,2.725,2.459,0.0,0.0,2.096,1.518,0.0,0.0,0.0,0.0,0.0,0.0,0.0,0.0,0.0,0.0,1.518,3.385,2.725,0.0,0.0,2.459,0.0,0.0,0.0,0.0,0.0,0.0,2.096,0.0,1.518,1.518,0.0,1.518,0.0,0.0,0.0,0.0,0.0,2.459,0.0,1.518,0.0,0.0,1.518,0.0,0.0,0.0,0.0,0.0,0.0,3.694,0.0,1.518,0.0,0.0,1.518,0.0,2.096,0.0,0.0,0.0,0.0,0.0,0.0,0.0,1.518,2.096,0.0,0.0,0.0,1.518,0.0,0.0,0.0,0.0,1.518,0.0,0.0,0.0,0.0,1.518,0.0,0.0,1.518,1.518,0.0,1.518,0.0,0.0,0.0,2.096,0.0,2.096,0.0,2.096,0.0,1.518,0.0,0.0,0.0,0.0,0.0,2.096,1.518,0.0,0.0,0.0,0.0,1.518,0.0,2.096,0.0,1.518,0.0,0.0,1.518,1.518,0.0,1.518,0.0,0.0,0.0,0.0,0.0,1.518,0.0,0.0,0.0,0.0,1.518,0.0,2.725,4.061,0.0,0.0,1.518,0.0,0.0,0.0,1.518,0.0,0.0,0.0,0.0,0.0,0.0,0.0,0.0,0.0,0.0,1.518,0.0,1.518,1.518,0.0,2.096,0.0,0.0,0.0,1.518,0.0,0.0,1.518,0.0,0.0,0.0,1.518,0.0,0.0,0.0,0.0,0.0,0.0,0.0,0.0,0.0,0.0,2.096,0.0,2.725,0.0,0.0,0.0,0.0,0.0,0.0,0.0,2.096,3.385,2.096,1.518,1.518,0.0,0.0,0.0,1.518,0.0,1.518,1.518,0.0,0.0,0.0,1.518,0.0,0.0,0.0,0.0,1.518,0.0,0.0,1.518,0.0,1.518,0.0,2.459,0.0,2.096,0.0,0.0,0.0,1.518,0.0,0.0,0.0,1.518,0.0,0.0,2.096,1.518,0.0,0.0,0.0,0.0,1.518,0.0,0.0,0.0,0.0,1.518,0.0,0.0,0.0,0.0,2.096,0.0,2.725,3.109,2.725,1.518,0.0,1.518,0.0,0.0,0.0,0.0,0.0,0.0,2.096,0.0,1.518,1.518,0.0,1.518,0.0,0.0,0.0,0.0,0.0,0.0,0.0,0.0,1.518,1.518,1.518,3.779,0.0,1.518,1.518,2.096,0.0,0.0,0.0,0.0,1.518,0.0,0.0,0.0,0.0,1.518,0.0,0.0,0.0,0.0,0.0,1.518,0.0,0.0,1.518,1.518,1.518,0.0,1.518,0.0,1.518,0.0,0.0,1.518,0.0,0.0,0.0,0.0,0.0,0.0,0.0,0.0,0.0,0.0,0.0,0.0,0.0,0.0,0.0,2.096,1.518
T-Zelle,0.0,0.0,1.399,2.58,0.0,0.0,0.0,0.0,0.0,0.0,0.0,0.0,0.0,0.0,1.399,1.399,1.399,2.58,0.0,0.0,0.0,1.399,2.317,0.0,0.0,0.0,0.0,1.96,0.0,0.0,0.0,1.399,0.0,0.0,0.0,0.0,0.0,0.0,1.399,0.0,1.399,1.399,1.399,0.0,1.96,0.0,0.0,0.0,1.399,1.399,0.0,1.96,0.0,0.0,3.107,3.107,0.0,1.399,1.399,1.399,0.0,0.0,0.0,0.0,0.0,0.0,1.399,0.0,0.0,1.399,0.0,0.0,1.399,0.0,0.0,0.0,0.0,0.0,0.0,0.0,0.0,0.0,1.399,0.0,0.0,0.0,0.0,0.0,1.399,0.0,0.0,2.317,1.399,0.0,1.399,0.0,0.0,1.399,1.399,1.399,0.0,0.0,2.58,0.0,0.0,0.0,2.788,0.0,0.0,0.0,1.399,1.96,2.58,1.399,2.317,0.0,0.0,1.399,0.0,1.399,0.0,1.399,0.0,0.0,0.0,0.0,0.0,0.0,0.0,0.0,0.0,0.0,0.0,0.0,0.0,0.0,0.0,1.399,1.96,1.399,0.0,0.0,0.0,0.0,1.399,0.0,0.0,1.399,0.0,0.0,0.0,0.0,0.0,0.0,0.0,0.0,0.0,0.0,1.399,0.0,1.399,2.58,0.0,0.0,1.399,0.0,1.399,0.0,1.399,1.399,0.0,0.0,0.0,0.0,0.0,0.0,0.0,0.0,0.0,1.399,1.96,0.0,0.0,0.0,0.0,0.0,0.0,0.0,0.0,1.399,1.399,0.0,1.96,2.58,0.0,0.0,0.0,1.399,0.0,0.0,1.399,0.0,1.399,0.0,1.399,0.0,0.0,1.399,0.0,1.399,0.0,2.788,1.96,1.96,2.317,0.0,0.0,1.399,0.0,0.0,1.399,1.399,0.0,0.0,0.0,0.0,0.0,0.0,0.0,0.0,3.777,0.0,1.399,1.399,2.317,2.788,0.0,0.0,0.0,0.0,0.0,0.0,0.0,0.0,0.0,0.0,0.0,0.0,0.0,0.0,0.0,0.0,0.0,0.0,0.0,0.0,0.0,0.0,0.0,0.0,0.0,0.0,0.0,0.0,0.0,0.0,0.0,0.0,1.96,1.96,0.0,0.0,1.96,2.58,0.0,1.399,0.0,0.0,0.0,0.0,2.58,0.0,0.0,0.0,1.399,0.0,0.0,0.0,0.0,1.399,0.0,0.0,0.0,0.0,0.0,0.0,0.0,1.399,0.0,1.399,0.0,0.0,0.0,0.0,0.0,0.0,0.0,1.399,0.0,2.317,0.0,1.399,0.0,0.0,0.0,1.399,1.399,0.0,0.0,0.0,2.317,1.399,0.0,0.0,1.399,0.0,0.0,0.0,0.0,0.0,0.0,0.0,2.317,0.0,0.0,0.0,0.0,0.0,1.96,0.0,0.0,0.0,1.399,1.399,0.0,2.317,0.0,2.58,0.0,2.317,0.0,0.0,0.0,0.0,0.0,0.0,0.0,2.58,0.0,1.399,0.0,1.96,0.0,2.317,0.0,0.0,1.399,0.0,0.0,0.0,0.0,0.0,0.0,0.0,1.399,0.0,1.399,0.0,0.0,3.777,0.0,0.0,0.0,0.0,0.0,1.399,1.96,0.0,0.0,0.0,1.399,1.399,0.0,0.0,2.58,0.0,0.0,0.0,0.0,0.0,1.399,0.0,1.96,0.0,0.0,1.399,0.0,0.0,2.317,1.399,0.0,0.0,0.0,0.0,1.399,0.0,0.0,0.0,0.0,0.0,0.0,0.0,0.0,0.0,0.0,0.0,0.0,0.0,0.0,0.0,1.96,0.0,0.0,0.0,0.0,1.399,0.0,0.0,1.399,1.399,2.58,1.96,1.399,0.0,0.0,0.0,0.0,0.0,0.0,0.0,0.0,0.0,1.399,0.0,0.0,0.0,2.58,2.317,2.317,0.0,0.0,0.0,0.0,1.399,1.399,0.0,1.399,0.0,0.0,0.0,0.0,0.0,0.0,0.0,2.58,0.0,0.0,1.399,1.399,2.788,0.0,0.0,1.399,0.0,0.0,0.0,1.399,0.0,0.0,1.96,0.0,3.705,2.317,0.0,0.0,0.0,1.96,1.399,1.96,0.0,2.317,0.0,0.0,0.0,1.399,1.96,0.0,0.0,0.0,0.0,0.0,0.0,0.0,0.0,0.0,0.0,1.96,1.96,1.399,0.0,0.0,0.0,0.0,0.0,2.317,2.317,1.96,0.0,1.399,0.0,0.0,1.399,0.0,1.96,1.96,0.0,0.0,0.0,0.0,0.0,0.0,1.399,0.0,0.0,0.0,0.0,0.0,1.399,0.0,1.399,0.0,0.0,0.0,1.96,0.0,0.0,1.96,1.399,0.0,0.0,1.399,0.0,1.399,0.0,0.0,0.0,0.0,0.0,0.0,0.0,0.0,0.0,0.0,2.96,0.0,0.0,0.0,0.0,0.0,1.399,1.399,1.399,0.0,0.0,0.0,0.0,0.0,0.0,0.0,0.0,0.0,0.0,0.0,0.0,1.96,0.0,0.0,1.399,0.0,0.0,0.0,0.0,0.0,3.107,0.0,1.399,0.0,1.399,1.96,0.0,0.0,0.0,0.0,0.0,0.0,0.0,0.0,0.0,0.0,0.0,2.96,0.0,2.58,0.0,1.399,0.0,2.317,0.0,1.399,0.0,1.399,0.0,1.399,0.0,1.399,0.0,0.0,1.399,0.0,0.0,0.0,0.0,2.317,0.0,0.0,1.399,0.0,0.0,2.317,0.0,0.0,0.0,0.0,1.96,0.0,1.96,1.399,1.399,0.0,0.0,0.0,1.399,2.58,0.0,0.0,0.0,0.0,0.0,1.96,1.399,0.0,1.399,0.0,0.0,0.0,1.399,1.399,0.0,0.0,0.0,0.0,1.399,0.0,0.0,0.0,0.0,2.788,3.627,1.96,0.0,0.0,1.96,1.399,1.96,0.0,0.0,0.0,0.0,0.0,0.0,0.0,0.0,0.0,1.96,0.0,0.0,1.399,0.0,0.0,0.0,1.96,0.0,0.0,0.0,1.399,3.107,1.96,1.399,1.96,2.317,0.0,0.0,0.0,0.0,1.399,0.0,1.399,0.0,0.0,0.0,1.399,1.399,0.0,0.0,1.399,0.0,0.0,0.0,0.0,0.0,1.399,0.0,1.399,0.0,2.317,0.0,0.0,0.0,0.0,0.0,0.0,0.0,1.96,1.399,0.0,2.317,1.399,0.0,1.96,0.0,0.0,0.0,0.0,1.96,1.96
T-Zelle,0.0,0.0,0.0,0.0,0.0,0.0,2.272,2.272,0.0,0.0,1.361,0.0,0.0,0.0,0.0,0.0,0.0,2.912,0.0,0.0,0.0,0.0,2.272,0.0,0.0,0.0,1.361,1.361,0.0,0.0,0.0,0.0,0.0,0.0,0.0,0.0,0.0,1.361,1.361,0.0,0.0,0.0,1.916,0.0,1.916,0.0,0.0,0.0,0.0,0.0,0.0,1.916,0.0,0.0,2.912,3.493,0.0,1.916,0.0,0.0,0.0,1.361,0.0,0.0,0.0,0.0,0.0,0.0,0.0,0.0,0.0,0.0,1.361,0.0,0.0,0.0,0.0,1.361,0.0,1.361,1.361,0.0,0.0,0.0,0.0,0.0,0.0,0.0,0.0,0.0,1.361,2.912,0.0,0.0,1.916,1.361,1.361,0.0,1.916,0.0,0.0,0.0,0.0,1.361,0.0,0.0,2.912,0.0,0.0,0.0,1.361,0.0,2.74,1.361,1.361,0.0,0.0,0.0,0.0,0.0,1.361,1.361,0.0,0.0,0.0,0.0,0.0,1.361,0.0,0.0,1.361,0.0,0.0,0.0,0.0,1.916,0.0,0.0,1.361,0.0,0.0,1.361,0.0,0.0,0.0,1.361,0.0,2.272,0.0,0.0,0.0,0.0,1.361,0.0,1.361,0.0,0.0,0.0,0.0,0.0,1.361,0.0,0.0,0.0,1.361,0.0,1.916,0.0,0.0,0.0,0.0,0.0,0.0,0.0,0.0,0.0,0.0,0.0,0.0,1.361,1.361,2.272,1.361,0.0,1.361,2.533,1.361,0.0,0.0,2.272,1.361,0.0,0.0,1.361,0.0,0.0,1.361,1.361,0.0,0.0,0.0,0.0,1.361,0.0,0.0,0.0,0.0,1.361,2.912,1.361,1.361,2.74,1.916,2.533,1.361,0.0,0.0,1.916,0.0,0.0,0.0,0.0,0.0,0.0,0.0,0.0,0.0,0.0,1.361,0.0,2.912,0.0,0.0,0.0,2.272,3.058,0.0,0.0,0.0,0.0,1.361,0.0,0.0,0.0,0.0,0.0,0.0,0.0,1.361,1.916,0.0,0.0,0.0,1.361,1.361,0.0,0.0,1.916,0.0,0.0,1.916,1.361,0.0,0.0,0.0,1.361,1.361,1.361,1.916,0.0,0.0,0.0,0.0,2.533,0.0,0.0,1.361,0.0,0.0,0.0,1.361,0.0,0.0,0.0,0.0,0.0,1.361,0.0,0.0,1.361,0.0,0.0,0.0,0.0,0.0,0.0,0.0,2.272,0.0,0.0,0.0,0.0,1.361,0.0,0.0,0.0,0.0,1.916,0.0,2.74,0.0,1.916,0.0,0.0,0.0,1.361,0.0,0.0,0.0,0.0,0.0,1.361,0.0,0.0,1.916,0.0,0.0,1.361,0.0,0.0,1.916,0.0,2.912,0.0,0.0,1.361,0.0,0.0,0.0,0.0,1.361,0.0,0.0,0.0,0.0,0.0,0.0,1.916,0.0,1.916,0.0,0.0,0.0,0.0,2.272,0.0,0.0,0.0,0.0,0.0,0.0,1.361,0.0,1.361,2.272,0.0,0.0,0.0,0.0,0.0,0.0,0.0,1.361,1.361,2.272,0.0,1.361,0.0,0.0,2.912,0.0,1.361,0.0,1.361,0.0,1.916,1.361,0.0,1.361,0.0,0.0,2.272,0.0,2.272,2.533,0.0,0.0,0.0,0.0,1.361,1.361,0.0,1.361,0.0,0.0,0.0,0.0,0.0,1.361,1.361,0.0,1.361,0.0,0.0,1.361,0.0,0.0,0.0,1.916,0.0,0.0,0.0,0.0,0.0,1.361,0.0,0.0,0.0,1.361,0.0,2.272,1.361,0.0,0.0,0.0,1.916,0.0,0.0,0.0,2.272,3.058,0.0,0.0,0.0,0.0,0.0,0.0,0.0,1.361,0.0,1.361,0.0,0.0,0.0,0.0,2.74,2.533,0.0,1.361,0.0,0.0,1.361,0.0,0.0,1.361,0.0,0.0,0.0,0.0,0.0,0.0,0.0,0.0,0.0,2.533,0.0,0.0,0.0,1.361,1.916,0.0,2.272,0.0,0.0,0.0,0.0,0.0,0.0,0.0,1.361,0.0,3.058,0.0,0.0,0.0,0.0,2.272,0.0,1.916,0.0,0.0,0.0,0.0,0.0,0.0,2.272,1.361,0.0,0.0,0.0,0.0,0.0,0.0,0.0,0.0,0.0,1.361,1.361,0.0,0.0,0.0,2.533,0.0,0.0,2.272,2.533,0.0,0.0,1.361,1.361,0.0,2.74,0.0,3.058,2.533,0.0,0.0,1.361,0.0,0.0,1.916,0.0,1.916,2.912,0.0,0.0,0.0,1.916,1.361,0.0,0.0,1.361,0.0,1.916,0.0,0.0,1.361,1.361,0.0,1.916,0.0,0.0,1.361,0.0,0.0,0.0,0.0,0.0,1.361,0.0,0.0,0.0,1.916,3.401,0.0,0.0,0.0,0.0,0.0,0.0,1.916,1.361,0.0,0.0,0.0,1.916,0.0,0.0,0.0,0.0,0.0,1.916,0.0,0.0,0.0,0.0,1.361,1.916,0.0,0.0,0.0,0.0,0.0,3.186,0.0,0.0,0.0,0.0,0.0,0.0,0.0,0.0,1.361,0.0,0.0,1.361,0.0,0.0,0.0,0.0,1.916,0.0,0.0,0.0,0.0,0.0,1.361,0.0,1.361,0.0,1.916,0.0,1.916,0.0,0.0,0.0,0.0,0.0,0.0,0.0,0.0,0.0,0.0,1.361,0.0,1.361,1.361,0.0,1.361,0.0,0.0,0.0,0.0,2.272,0.0,1.361,0.0,1.916,0.0,0.0,0.0,1.916,2.74,1.361,0.0,1.916,0.0,1.361,1.361,1.361,0.0,1.361,1.361,0.0,0.0,0.0,0.0,0.0,0.0,2.272,0.0,1.361,0.0,1.916,1.361,0.0,1.361,3.577,0.0,0.0,1.361,1.361,1.361,0.0,1.361,1.361,0.0,0.0,1.916,0.0,2.533,0.0,0.0,2.533,0.0,0.0,0.0,0.0,0.0,0.0,1.361,0.0,0.0,0.0,1.361,3.728,0.0,1.361,1.361,1.916,0.0,0.0,1.361,0.0,1.916,0.0,0.0,0.0,0.0,0.0,0.0,1.361,1.361,0.0,0.0,0.0,0.0,0.0,0.0,1.361,1.361,0.0,0.0,0.0,1.916,1.361,0.0,0.0,0.0,1.361,0.0,1.361,0.0,0.0,0.0,1.361,0.0,0.0,1.361,2.533,0.0,2.272,0.0,1.361,0.0
Monozyt,1.455,0.0,0.0,2.024,0.0,0.0,0.0,1.455,0.0,0.0,1.455,0.0,0.0,0.0,0.0,0.0,0.0,2.385,2.024,0.0,0.0,0.0,0.0,0.0,0.0,1.455,0.0,0.0,2.024,1.455,0.0,0.0,0.0,0.0,0.0,0.0,0.0,1.455,2.385,0.0,0.0,2.385,0.0,0.0,1.455,0.0,0.0,1.455,0.0,3.522,0.0,2.858,0.0,0.0,3.699,4.04,0.0,2.385,2.385,0.0,0.0,0.0,0.0,0.0,0.0,0.0,2.385,0.0,3.306,0.0,3.031,0.0,0.0,0.0,0.0,0.0,0.0,0.0,0.0,0.0,1.455,0.0,0.0,0.0,2.024,0.0,0.0,0.0,0.0,0.0,0.0,0.0,0.0,2.385,2.385,0.0,0.0,2.024,0.0,0.0,0.0,1.455,0.0,0.0,0.0,0.0,0.0,0.0,0.0,0.0,0.0,0.0,0.0,1.455,0.0,0.0,1.455,0.0,2.024,0.0,0.0,0.0,0.0,0.0,1.455,0.0,0.0,1.455,0.0,0.0,0.0,0.0,0.0,1.455,0.0,0.0,2.024,0.0,0.0,2.024,1.455,0.0,0.0,1.455,0.0,0.0,0.0,2.385,0.0,1.455,1.455,0.0,1.455,0.0,0.0,0.0,0.0,0.0,1.455,0.0,0.0,0.0,0.0,0.0,0.0,0.0,0.0,0.0,1.455,0.0,0.0,0.0,0.0,2.024,0.0,0.0,0.0,0.0,0.0,1.455,0.0,0.0,2.024,0.0,2.024,0.0,2.385,0.0,0.0,0.0,0.0,0.0,0.0,0.0,0.0,0.0,0.0,0.0,0.0,2.385,2.024,1.455,1.455,0.0,0.0,0.0,0.0,0.0,0.0,4.38,0.0,0.0,2.385,2.024,0.0,0.0,0.0,0.0,0.0,2.024,1.455,0.0,1.455,0.0,0.0,0.0,0.0,0.0,0.0,0.0,1.455,3.778,4.2,0.0,3.306,0.0,3.981,3.031,3.778,2.649,2.649,2.024,1.455,1.455,3.615,3.306,0.0,0.0,0.0,1.455,0.0,0.0,0.0,1.455,0.0,1.455,0.0,1.455,0.0,1.455,0.0,2.024,0.0,0.0,0.0,1.455,1.455,1.455,2.385,0.0,0.0,1.455,2.385,1.455,2.024,0.0,1.455,1.455,0.0,0.0,2.024,0.0,0.0,2.385,0.0,1.455,2.024,0.0,0.0,1.455,0.0,0.0,0.0,2.024,0.0,1.455,0.0,1.455,2.024,2.385,0.0,0.0,0.0,0.0,0.0,2.024,0.0,2.024,0.0,2.649,2.024,0.0,2.024,0.0,0.0,0.0,2.385,2.385,0.0,0.0,0.0,0.0,0.0,1.455,0.0,0.0,0.0,0.0,0.0,0.0,0.0,0.0,2.385,0.0,0.0,0.0,0.0,0.0,0.0,0.0,0.0,0.0,0.0,1.455,0.0,0.0,0.0,0.0,0.0,3.178,0.0,0.0,0.0,0.0,0.0,1.455,0.0,0.0,0.0,0.0,0.0,0.0,0.0,2.024,1.455,0.0,0.0,0.0,1.455,0.0,0.0,0.0,0.0,0.0,2.024,0.0,0.0,0.0,0.0,2.858,0.0,0.0,0.0,0.0,0.0,0.0,0.0,0.0,2.649,0.0,0.0,2.024,3.031,1.455,3.031,0.0,0.0,0.0,0.0,0.0,0.0,0.0,1.455,0.0,0.0,1.455,0.0,1.455,1.455,0.0,2.649,2.649,0.0,1.455,1.455,0.0,0.0,0.0,2.649,1.455,0.0,3.031,0.0,0.0,1.455,0.0,0.0,0.0,0.0,0.0,1.455,0.0,0.0,0.0,0.0,0.0,0.0,2.024,1.455,1.455,0.0,2.024,1.455,1.455,0.0,0.0,0.0,0.0,1.455,0.0,2.385,0.0,0.0,0.0,0.0,1.455,0.0,0.0,0.0,0.0,0.0,0.0,0.0,0.0,0.0,0.0,0.0,0.0,0.0,0.0,0.0,0.0,0.0,0.0,0.0,3.306,0.0,0.0,0.0,3.178,2.024,1.455,0.0,0.0,0.0,0.0,1.455,3.42,0.0,3.615,0.0,0.0,2.024,0.0,1.455,0.0,1.455,2.385,1.455,0.0,0.0,0.0,1.455,0.0,0.0,0.0,1.455,0.0,0.0,0.0,0.0,0.0,0.0,1.455,0.0,0.0,2.649,1.455,0.0,0.0,0.0,0.0,0.0,0.0,1.455,0.0,1.455,0.0,2.024,0.0,0.0,3.031,0.0,2.024,0.0,1.455,0.0,2.385,0.0,0.0,0.0,1.455,0.0,0.0,0.0,0.0,0.0,1.455,0.0,0.0,2.024,2.385,0.0,2.385,0.0,1.455,0.0,0.0,0.0,0.0,0.0,0.0,0.0,0.0,0.0,2.024,0.0,1.455,0.0,0.0,2.385,0.0,0.0,0.0,0.0,0.0,0.0,0.0,0.0,0.0,0.0,0.0,0.0,2.385,0.0,1.455,0.0,0.0,1.455,0.0,0.0,0.0,0.0,0.0,2.649,1.455,0.0,0.0,0.0,0.0,0.0,0.0,0.0,0.0,0.0,0.0,0.0,1.455,0.0,0.0,0.0,0.0,1.455,1.455,2.385,0.0,0.0,1.455,2.024,1.455,3.031,0.0,0.0,0.0,0.0,0.0,1.455,2.024,1.455,0.0,0.0,0.0,0.0,0.0,0.0,0.0,0.0,1.455,0.0,0.0,1.455,3.85,0.0,0.0,1.455,2.024,1.455,1.455,1.455,0.0,0.0,1.455,0.0,1.455,0.0,0.0,1.455,0.0,0.0,3.031,0.0,0.0,3.031,0.0,0.0,0.0,0.0,0.0,0.0,1.455,0.0,0.0,0.0,0.0,0.0,0.0,0.0,2.385,0.0,0.0,0.0,1.455,0.0,0.0,0.0,0.0,1.455,3.306,0.0,0.0,1.455,1.455,0.0,0.0,0.0,1.455,0.0,0.0,0.0,3.031,0.0,0.0,0.0,2.024,3.778,0.0,0.0,0.0,0.0,0.0,0.0,0.0,0.0,1.455,1.455,5.146,0.0,2.385,0.0,2.024,0.0,0.0,0.0,0.0,0.0,1.455,0.0,0.0,0.0,0.0,2.385,0.0,0.0,0.0,0.0,0.0,0.0,0.0,2.024,0.0,0.0,0.0,0.0,0.0,1.455,0.0,0.0,2.649,0.0,1.455,0.0,3.178,0.0,0.0,0.0,1.455,0.0,0.0,0.0,2.024,0.0,2.858,0.0,0.0,0.0
Monozyt,2.397,0.0,2.036,2.036,0.0,0.0,1.466,1.466,1.466,1.466,0.0,0.0,3.191,2.871,0.0,0.0,0.0,1.466,2.036,2.036,0.0,1.466,0.0,0.0,1.466,0.0,0.0,0.0,2.036,0.0,0.0,0.0,0.0,1.466,0.0,0.0,0.0,0.0,2.871,0.0,2.036,2.662,0.0,0.0,2.036,0.0,0.0,1.466,0.0,3.191,0.0,1.466,0.0,0.0,3.628,3.535,0.0,2.397,0.0,0.0,0.0,0.0,1.466,0.0,1.466,0.0,0.0,0.0,4.163,0.0,3.191,0.0,0.0,0.0,0.0,0.0,0.0,1.466,0.0,1.466,1.466,0.0,1.466,0.0,0.0,1.466,0.0,0.0,0.0,0.0,0.0,0.0,1.466,0.0,1.466,0.0,0.0,0.0,1.466,0.0,0.0,0.0,0.0,0.0,0.0,0.0,0.0,0.0,1.466,0.0,0.0,1.466,0.0,1.466,0.0,0.0,1.466,0.0,1.466,0.0,0.0,1.466,0.0,0.0,1.466,0.0,0.0,0.0,0.0,0.0,0.0,0.0,0.0,0.0,1.466,0.0,0.0,1.466,0.0,0.0,0.0,0.0,1.466,1.466,1.466,0.0,0.0,0.0,0.0,0.0,0.0,0.0,0.0,0.0,0.0,0.0,0.0,0.0,1.466,0.0,1.466,0.0,0.0,0.0,0.0,0.0,0.0,0.0,0.0,0.0,0.0,0.0,0.0,0.0,0.0,0.0,0.0,0.0,0.0,0.0,0.0,0.0,1.466,0.0,0.0,0.0,1.466,0.0,0.0,0.0,0.0,0.0,0.0,0.0,0.0,1.466,0.0,0.0,0.0,1.466,0.0,0.0,1.466,1.466,0.0,0.0,0.0,0.0,1.466,4.352,0.0,1.466,0.0,1.466,1.466,0.0,1.466,2.036,0.0,2.662,0.0,0.0,2.036,0.0,0.0,0.0,0.0,0.0,1.466,0.0,1.466,3.535,4.352,0.0,3.044,0.0,3.433,2.871,3.32,1.466,1.466,0.0,1.466,0.0,3.791,3.535,0.0,0.0,0.0,0.0,0.0,0.0,1.466,1.466,0.0,0.0,0.0,1.466,0.0,1.466,0.0,0.0,0.0,0.0,0.0,1.466,0.0,1.466,2.397,0.0,0.0,0.0,2.871,1.466,0.0,0.0,1.466,1.466,0.0,0.0,1.466,1.466,0.0,0.0,0.0,0.0,0.0,0.0,0.0,1.466,0.0,0.0,0.0,0.0,0.0,2.397,0.0,1.466,2.662,0.0,0.0,0.0,0.0,0.0,0.0,0.0,0.0,2.397,0.0,1.466,2.036,2.036,2.036,0.0,0.0,1.466,2.871,0.0,1.466,0.0,1.466,2.397,0.0,0.0,1.466,0.0,0.0,0.0,0.0,0.0,1.466,0.0,0.0,0.0,0.0,0.0,0.0,0.0,0.0,0.0,0.0,0.0,0.0,0.0,0.0,0.0,0.0,2.036,0.0,2.662,2.036,0.0,0.0,0.0,0.0,1.466,1.466,0.0,1.466,1.466,0.0,0.0,0.0,1.466,0.0,0.0,0.0,0.0,1.466,0.0,2.397,1.466,0.0,0.0,0.0,0.0,2.397,0.0,0.0,2.662,0.0,0.0,0.0,0.0,0.0,0.0,0.0,0.0,2.871,0.0,0.0,1.466,2.662,2.397,2.662,0.0,0.0,0.0,1.466,0.0,0.0,0.0,1.466,0.0,0.0,0.0,0.0,0.0,2.036,0.0,0.0,2.036,0.0,2.871,1.466,0.0,0.0,0.0,0.0,1.466,0.0,3.044,0.0,0.0,0.0,1.466,0.0,0.0,0.0,1.466,0.0,0.0,0.0,0.0,0.0,0.0,1.466,2.036,0.0,0.0,0.0,1.466,2.036,0.0,0.0,1.466,1.466,0.0,1.466,0.0,2.397,0.0,0.0,0.0,0.0,0.0,0.0,0.0,0.0,0.0,0.0,0.0,0.0,0.0,0.0,1.466,0.0,0.0,0.0,0.0,0.0,0.0,0.0,0.0,1.466,1.466,0.0,2.397,0.0,2.036,0.0,1.466,0.0,0.0,1.466,0.0,0.0,2.662,0.0,2.036,0.0,1.466,1.466,0.0,0.0,0.0,1.466,1.466,1.466,0.0,0.0,1.466,0.0,0.0,0.0,2.036,0.0,0.0,0.0,0.0,0.0,0.0,0.0,0.0,0.0,0.0,0.0,1.466,0.0,0.0,0.0,0.0,0.0,0.0,2.036,0.0,2.036,0.0,2.036,0.0,0.0,2.036,0.0,1.466,0.0,1.466,0.0,0.0,0.0,0.0,0.0,1.466,2.397,1.466,0.0,0.0,0.0,1.466,0.0,0.0,1.466,0.0,0.0,2.036,1.466,0.0,0.0,1.466,0.0,1.466,0.0,0.0,0.0,0.0,0.0,0.0,0.0,0.0,1.466,0.0,2.036,0.0,1.466,0.0,0.0,0.0,1.466,0.0,0.0,2.397,0.0,0.0,0.0,1.466,0.0,0.0,0.0,0.0,0.0,0.0,1.466,1.466,0.0,0.0,2.871,1.466,0.0,0.0,0.0,0.0,0.0,1.466,0.0,0.0,0.0,1.466,0.0,0.0,0.0,0.0,0.0,0.0,1.466,1.466,0.0,2.036,0.0,1.466,0.0,0.0,2.662,0.0,0.0,0.0,0.0,0.0,0.0,0.0,1.466,0.0,0.0,1.466,0.0,0.0,0.0,0.0,1.466,0.0,0.0,0.0,0.0,4.054,0.0,0.0,1.466,1.466,2.036,0.0,1.466,0.0,0.0,0.0,0.0,2.397,0.0,3.433,0.0,0.0,0.0,1.466,0.0,0.0,2.871,0.0,0.0,0.0,0.0,0.0,0.0,0.0,0.0,0.0,0.0,0.0,2.397,0.0,0.0,2.871,0.0,1.466,2.397,0.0,0.0,0.0,0.0,1.466,1.466,3.864,0.0,0.0,0.0,0.0,0.0,0.0,1.466,0.0,0.0,2.871,0.0,2.662,1.466,1.466,0.0,0.0,3.864,0.0,0.0,0.0,0.0,1.466,0.0,0.0,0.0,0.0,0.0,5.76,1.466,2.036,0.0,0.0,0.0,0.0,0.0,0.0,0.0,0.0,0.0,1.466,0.0,2.036,2.036,0.0,2.036,1.466,0.0,2.036,0.0,0.0,0.0,1.466,0.0,1.466,0.0,2.036,0.0,0.0,0.0,0.0,0.0,2.036,0.0,2.036,0.0,0.0,0.0,2.397,0.0,0.0,1.466,1.466,1.466,2.036,0.0,0.0,0.0
B-Zelle,0.0,0.0,1.342,2.249,0.0,1.342,0.0,0.0,0.0,0.0,0.0,0.0,0.0,0.0,0.0,0.0,0.0,2.717,1.342,0.0,0.0,1.342,0.0,0.0,0.0,0.0,1.342,0.0,0.0,0.0,0.0,1.342,0.0,0.0,0.0,0.0,0.0,0.0,0.0,0.0,0.0,0.0,0.0,0.0,1.895,0.0,0.0,0.0,2.249,2.249,1.342,1.342,0.0,0.0,0.0,0.0,0.0,1.342,1.342,0.0,1.342,1.342,0.0,0.0,0.0,0.0,1.342,0.0,0.0,0.0,0.0,0.0,0.0,0.0,0.0,0.0,0.0,0.0,0.0,0.0,0.0,1.342,0.0,0.0,1.895,0.0,1.342,0.0,0.0,0.0,0.0,0.0,1.895,0.0,1.342,0.0,0.0,1.342,0.0,1.342,0.0,1.342,0.0,1.342,1.342,0.0,0.0,1.342,0.0,0.0,0.0,0.0,0.0,0.0,0.0,0.0,1.342,1.342,0.0,0.0,0.0,0.0,0.0,0.0,0.0,0.0,0.0,0.0,0.0,1.342,0.0,0.0,0.0,1.342,0.0,0.0,1.342,1.342,1.895,1.342,0.0,0.0,1.342,1.342,0.0,0.0,0.0,0.0,0.0,0.0,1.895,0.0,1.342,1.895,1.342,0.0,0.0,0.0,3.035,0.0,1.895,1.895,0.0,1.342,1.895,0.0,1.342,0.0,1.342,0.0,0.0,0.0,0.0,0.0,1.342,0.0,0.0,0.0,4.311,1.342,1.342,0.0,1.342,0.0,0.0,0.0,1.342,1.342,3.469,0.0,0.0,1.342,0.0,0.0,2.51,0.0,0.0,0.0,0.0,2.51,0.0,1.342,0.0,1.895,0.0,0.0,3.377,0.0,0.0,4.146,0.0,2.717,1.895,1.342,2.249,0.0,0.0,0.0,0.0,0.0,0.0,0.0,0.0,0.0,0.0,0.0,0.0,0.0,0.0,0.0,0.0,0.0,0.0,0.0,2.888,1.342,1.895,0.0,0.0,0.0,0.0,0.0,1.895,0.0,1.342,0.0,0.0,1.342,1.342,2.249,0.0,2.888,0.0,0.0,1.342,0.0,2.249,1.342,0.0,0.0,0.0,1.342,0.0,0.0,1.342,0.0,1.342,1.342,0.0,0.0,1.895,0.0,1.895,2.249,0.0,1.342,0.0,0.0,0.0,0.0,3.275,1.342,0.0,0.0,0.0,1.342,0.0,0.0,1.342,0.0,0.0,0.0,0.0,0.0,1.895,0.0,0.0,1.895,0.0,1.342,0.0,0.0,0.0,0.0,0.0,1.342,0.0,1.342,0.0,1.895,0.0,1.895,0.0,0.0,1.342,2.249,1.342,0.0,0.0,1.342,0.0,1.342,1.342,1.342,1.895,1.342,0.0,0.0,0.0,0.0,1.342,0.0,3.469,0.0,0.0,0.0,0.0,0.0,0.0,0.0,1.342,0.0,1.342,1.895,0.0,1.895,0.0,0.0,0.0,1.342,1.342,1.342,0.0,0.0,0.0,0.0,0.0,1.342,0.0,1.895,0.0,0.0,0.0,1.342,0.0,1.342,1.342,0.0,0.0,0.0,0.0,0.0,1.895,0.0,0.0,0.0,1.342,0.0,0.0,3.553,0.0,0.0,2.249,0.0,0.0,1.342,0.0,0.0,2.717,0.0,0.0,0.0,1.342,0.0,3.035,0.0,0.0,2.249,0.0,1.342,1.895,0.0,1.342,0.0,0.0,0.0,0.0,0.0,0.0,0.0,0.0,0.0,2.51,0.0,1.342,0.0,0.0,0.0,2.249,0.0,1.342,0.0,0.0,0.0,1.342,0.0,0.0,0.0,0.0,0.0,1.342,0.0,0.0,0.0,0.0,0.0,1.342,0.0,1.342,0.0,1.895,1.342,0.0,1.342,0.0,1.895,1.342,0.0,1.895,0.0,0.0,1.342,1.895,0.0,0.0,0.0,0.0,0.0,0.0,0.0,0.0,2.51,0.0,0.0,0.0,0.0,0.0,0.0,0.0,0.0,0.0,0.0,0.0,0.0,2.249,0.0,2.717,1.895,1.895,3.162,0.0,1.895,1.342,0.0,1.342,0.0,1.342,0.0,0.0,1.342,0.0,1.895,2.717,0.0,0.0,0.0,3.275,1.895,2.717,1.342,0.0,0.0,0.0,0.0,0.0,2.249,0.0,0.0,0.0,0.0,0.0,0.0,0.0,0.0,0.0,0.0,0.0,1.895,0.0,0.0,0.0,0.0,0.0,0.0,2.249,0.0,1.895,0.0,1.342,1.342,1.342,0.0,0.0,1.342,1.342,0.0,0.0,1.342,3.949,1.895,1.342,1.342,0.0,1.342,0.0,0.0,0.0,1.342,0.0,1.342,1.895,3.469,0.0,0.0,0.0,2.249,0.0,0.0,1.895,0.0,3.275,0.0,1.342,0.0,0.0,3.275,0.0,0.0,0.0,1.342,1.342,1.895,0.0,0.0,0.0,1.895,0.0,3.035,0.0,1.895,0.0,0.0,0.0,0.0,0.0,1.342,1.342,0.0,0.0,0.0,1.895,0.0,0.0,0.0,2.717,0.0,1.342,1.342,1.895,0.0,0.0,0.0,0.0,0.0,0.0,0.0,0.0,1.342,0.0,0.0,1.342,0.0,1.342,0.0,1.342,0.0,0.0,1.342,0.0,0.0,1.895,0.0,1.342,0.0,0.0,0.0,0.0,1.895,0.0,0.0,0.0,0.0,0.0,0.0,0.0,0.0,0.0,0.0,0.0,0.0,0.0,0.0,0.0,0.0,1.342,0.0,0.0,1.342,0.0,0.0,0.0,0.0,0.0,1.895,1.342,0.0,1.342,0.0,0.0,0.0,0.0,0.0,1.895,1.895,0.0,1.342,0.0,0.0,1.342,0.0,0.0,0.0,0.0,0.0,1.342,0.0,1.895,0.0,0.0,1.342,0.0,0.0,0.0,0.0,0.0,1.342,2.249,1.342,1.895,1.895,0.0,1.895,0.0,0.0,1.895,0.0,0.0,0.0,0.0,0.0,1.895,1.342,0.0,0.0,0.0,1.342,0.0,2.51,0.0,3.469,1.895,0.0,0.0,0.0,1.342,3.469,0.0,2.249,0.0,0.0,0.0,0.0,0.0,0.0,0.0,0.0,0.0,0.0,0.0,0.0,1.342,0.0,0.0,0.0,0.0,1.895,3.275,0.0,2.249,0.0,1.342,0.0,0.0,0.0,1.342,0.0,0.0,1.895,1.895,0.0,0.0,0.0,1.342,0.0,0.0,2.249,1.342,0.0,0.0,0.0,1.342,0.0,0.0,0.0,1.342
T-Zelle,0.0,0.0,0.0,1.428,0.0,1.428,0.0,0.0,1.428,0.0,0.0,0.0,0.0,0.0,0.0,0.0,0.0,2.997,0.0,1.993,0.0,1.993,0.0,0.0,0.0,0.0,0.0,1.428,1.428,0.0,0.0,0.0,0.0,0.0,0.0,1.993,0.0,1.428,0.0,1.428,0.0,0.0,1.428,0.0,0.0,0.0,0.0,1.428,1.428,0.0,0.0,1.993,0.0,0.0,3.272,3.946,0.0,1.993,0.0,1.428,1.428,1.993,1.428,0.0,0.0,0.0,1.428,0.0,0.0,1.993,1.428,0.0,1.993,0.0,0.0,0.0,0.0,1.428,0.0,0.0,1.993,0.0,0.0,0.0,1.993,0.0,0.0,0.0,0.0,0.0,0.0,1.993,0.0,0.0,2.352,1.428,0.0,1.993,1.428,0.0,0.0,1.428,0.0,0.0,0.0,0.0,0.0,0.0,1.993,0.0,0.0,1.428,1.428,0.0,0.0,1.428,0.0,0.0,0.0,0.0,0.0,0.0,0.0,0.0,0.0,0.0,0.0,0.0,1.428,0.0,0.0,0.0,1.428,0.0,0.0,0.0,1.428,1.428,0.0,0.0,0.0,0.0,1.428,0.0,2.616,1.428,0.0,1.428,0.0,1.428,0.0,0.0,0.0,1.428,1.428,0.0,0.0,0.0,0.0,0.0,0.0,1.993,0.0,0.0,0.0,0.0,1.428,0.0,1.428,1.428,0.0,0.0,0.0,0.0,0.0,1.428,0.0,0.0,0.0,1.428,1.428,0.0,0.0,0.0,1.993,1.428,1.428,0.0,0.0,1.428,0.0,1.428,0.0,0.0,0.0,1.428,1.993,0.0,0.0,0.0,1.428,0.0,0.0,0.0,0.0,0.0,0.0,1.428,0.0,1.428,0.0,2.616,1.428,2.352,0.0,0.0,0.0,0.0,0.0,0.0,0.0,0.0,0.0,0.0,1.428,0.0,0.0,0.0,0.0,0.0,1.428,0.0,0.0,0.0,2.616,1.428,0.0,0.0,0.0,0.0,0.0,0.0,0.0,0.0,0.0,0.0,0.0,0.0,0.0,0.0,0.0,0.0,0.0,0.0,0.0,1.428,0.0,1.428,0.0,0.0,1.428,0.0,1.428,0.0,1.428,0.0,0.0,0.0,1.428,0.0,0.0,0.0,0.0,1.993,0.0,0.0,1.428,0.0,1.428,0.0,0.0,0.0,0.0,1.428,0.0,0.0,0.0,0.0,0.0,0.0,0.0,0.0,0.0,1.428,0.0,1.428,0.0,1.428,0.0,1.993,0.0,0.0,0.0,0.0,0.0,1.428,0.0,1.428,0.0,1.993,2.616,1.993,0.0,0.0,0.0,1.993,0.0,0.0,0.0,0.0,2.352,1.428,0.0,0.0,0.0,1.428,1.428,0.0,0.0,1.428,1.993,1.993,0.0,0.0,0.0,1.993,0.0,0.0,2.352,1.428,0.0,1.428,0.0,1.428,1.428,1.993,0.0,0.0,0.0,1.428,0.0,0.0,0.0,1.993,1.428,0.0,0.0,1.993,2.616,0.0,0.0,1.993,1.428,2.616,0.0,0.0,0.0,0.0,0.0,0.0,0.0,0.0,1.428,0.0,1.428,0.0,1.428,0.0,0.0,2.824,0.0,1.428,0.0,0.0,0.0,0.0,0.0,0.0,0.0,1.428,0.0,1.428,0.0,1.428,2.824,0.0,0.0,0.0,0.0,1.428,1.428,1.428,1.428,0.0,0.0,1.993,0.0,1.993,2.824,0.0,0.0,0.0,0.0,0.0,0.0,0.0,0.0,0.0,1.428,0.0,0.0,0.0,0.0,0.0,0.0,2.616,0.0,0.0,2.352,0.0,0.0,0.0,0.0,2.352,0.0,0.0,1.428,0.0,1.428,1.993,2.824,2.352,1.993,0.0,0.0,0.0,0.0,1.428,0.0,0.0,2.352,0.0,1.428,0.0,0.0,1.428,0.0,2.824,0.0,1.993,1.428,0.0,0.0,0.0,0.0,0.0,0.0,0.0,0.0,0.0,0.0,0.0,0.0,0.0,2.824,0.0,0.0,1.993,0.0,2.352,0.0,0.0,0.0,0.0,2.352,0.0,0.0,0.0,0.0,2.352,1.428,0.0,1.428,0.0,2.352,0.0,1.428,0.0,2.352,1.428,0.0,0.0,0.0,0.0,0.0,1.993,0.0,1.428,0.0,0.0,0.0,0.0,0.0,0.0,1.428,0.0,1.428,2.824,0.0,0.0,0.0,2.352,0.0,0.0,1.993,1.428,0.0,0.0,0.0,0.0,0.0,1.428,1.428,2.616,1.993,0.0,0.0,2.352,0.0,0.0,1.428,0.0,1.428,2.352,0.0,0.0,0.0,2.616,0.0,1.993,0.0,0.0,0.0,1.428,0.0,0.0,1.428,0.0,1.993,0.0,1.993,0.0,0.0,0.0,0.0,0.0,0.0,0.0,0.0,1.428,2.616,0.0,1.993,3.882,0.0,0.0,1.428,0.0,0.0,0.0,1.428,0.0,0.0,0.0,1.428,1.428,0.0,0.0,0.0,0.0,1.993,0.0,0.0,0.0,1.993,0.0,1.428,0.0,0.0,0.0,0.0,0.0,0.0,0.0,0.0,0.0,0.0,1.428,0.0,0.0,0.0,0.0,0.0,0.0,1.428,1.428,1.428,0.0,2.352,1.428,1.428,1.428,2.352,0.0,0.0,0.0,0.0,1.428,0.0,1.993,0.0,1.428,0.0,0.0,0.0,1.428,0.0,0.0,0.0,0.0,0.0,0.0,1.428,0.0,0.0,1.428,0.0,0.0,2.352,0.0,0.0,1.428,0.0,1.428,1.993,2.824,1.428,2.352,0.0,0.0,1.993,1.428,0.0,0.0,0.0,0.0,0.0,0.0,2.616,1.993,0.0,0.0,0.0,0.0,1.428,0.0,1.993,0.0,0.0,0.0,0.0,1.428,0.0,0.0,0.0,0.0,2.824,1.993,1.428,0.0,0.0,1.428,0.0,0.0,0.0,2.616,0.0,0.0,1.428,0.0,1.428,0.0,0.0,1.993,0.0,0.0,0.0,0.0,0.0,0.0,1.428,0.0,1.428,1.428,0.0,3.144,0.0,0.0,1.428,1.428,0.0,0.0,1.428,0.0,0.0,0.0,0.0,0.0,0.0,0.0,0.0,0.0,0.0,0.0,1.428,0.0,0.0,0.0,2.352,0.0,1.428,0.0,1.428,0.0,0.0,0.0,0.0,1.993,0.0,0.0,0.0,0.0,1.428,1.428,0.0,1.993,0.0,1.428,1.428,1.428,0.0,1.428,0.0,1.428,1.428
B-Zelle,0.0,0.0,0.0,1.378,0.0,0.0,0.0,0.0,0.0,0.0,0.0,0.0,0.0,0.0,0.0,0.0,1.936,3.678,1.378,0.0,0.0,0.0,0.0,0.0,0.0,0.0,0.0,0.0,1.378,0.0,0.0,1.378,0.0,1.378,0.0,1.378,0.0,0.0,2.292,0.0,0.0,0.0,0.0,0.0,0.0,0.0,0.0,0.0,1.378,0.0,0.0,0.0,0.0,0.0,2.292,2.554,0.0,0.0,0.0,0.0,0.0,1.936,0.0,0.0,0.0,1.378,1.936,0.0,0.0,0.0,0.0,0.0,0.0,0.0,1.936,0.0,0.0,1.936,0.0,1.936,0.0,0.0,0.0,0.0,1.378,0.0,0.0,0.0,0.0,0.0,0.0,0.0,0.0,0.0,1.378,0.0,1.378,0.0,0.0,1.378,1.378,0.0,0.0,0.0,0.0,0.0,0.0,0.0,0.0,0.0,0.0,0.0,2.934,1.378,0.0,0.0,0.0,0.0,0.0,1.378,1.378,0.0,0.0,1.378,0.0,2.292,1.378,2.554,1.378,2.292,1.378,0.0,0.0,0.0,0.0,1.378,0.0,0.0,0.0,0.0,0.0,0.0,0.0,0.0,0.0,0.0,0.0,0.0,0.0,0.0,0.0,0.0,0.0,0.0,1.936,0.0,0.0,0.0,1.378,0.0,0.0,0.0,2.554,0.0,0.0,0.0,0.0,0.0,0.0,0.0,0.0,0.0,0.0,0.0,2.762,0.0,0.0,0.0,1.378,1.936,1.378,1.936,0.0,2.292,1.378,1.378,0.0,0.0,1.936,0.0,0.0,0.0,0.0,0.0,1.378,1.936,1.936,0.0,0.0,1.378,1.378,0.0,1.378,0.0,1.378,0.0,0.0,0.0,0.0,4.759,0.0,3.08,0.0,2.292,1.378,0.0,0.0,0.0,0.0,0.0,0.0,0.0,2.554,0.0,0.0,0.0,1.378,0.0,0.0,0.0,4.193,0.0,0.0,0.0,1.936,2.554,4.193,3.08,3.678,2.292,2.292,2.292,1.378,1.936,3.678,4.319,0.0,0.0,0.0,1.378,0.0,0.0,0.0,0.0,0.0,1.378,0.0,0.0,0.0,0.0,0.0,1.378,0.0,0.0,0.0,0.0,2.554,0.0,2.934,0.0,0.0,1.378,1.936,0.0,0.0,0.0,0.0,0.0,0.0,0.0,2.762,0.0,0.0,0.0,1.378,0.0,0.0,0.0,0.0,0.0,0.0,0.0,0.0,0.0,1.378,0.0,0.0,0.0,0.0,0.0,0.0,0.0,0.0,0.0,0.0,1.378,0.0,1.378,0.0,0.0,0.0,0.0,0.0,0.0,0.0,1.936,1.378,0.0,0.0,0.0,0.0,0.0,0.0,0.0,1.378,0.0,0.0,0.0,0.0,1.936,1.936,0.0,2.292,0.0,1.378,0.0,0.0,0.0,0.0,0.0,0.0,0.0,0.0,0.0,0.0,0.0,1.936,0.0,0.0,1.936,0.0,1.378,0.0,0.0,0.0,1.378,0.0,0.0,1.378,0.0,0.0,1.378,1.378,1.378,0.0,0.0,0.0,0.0,0.0,0.0,1.378,1.378,0.0,0.0,0.0,0.0,0.0,0.0,0.0,2.554,0.0,1.378,0.0,0.0,0.0,0.0,0.0,0.0,1.378,1.378,0.0,0.0,0.0,0.0,2.762,0.0,1.378,0.0,0.0,0.0,0.0,0.0,0.0,0.0,0.0,0.0,0.0,0.0,1.378,0.0,0.0,0.0,0.0,1.936,0.0,0.0,0.0,0.0,0.0,1.378,1.378,0.0,1.378,0.0,0.0,0.0,2.554,1.936,0.0,0.0,1.378,0.0,0.0,0.0,0.0,0.0,0.0,0.0,1.936,0.0,3.208,1.378,1.378,0.0,1.378,1.378,1.378,1.378,0.0,1.378,1.378,1.378,0.0,0.0,0.0,0.0,0.0,0.0,0.0,0.0,0.0,0.0,0.0,1.378,0.0,0.0,0.0,0.0,0.0,0.0,0.0,0.0,1.378,0.0,3.321,0.0,0.0,1.936,0.0,1.378,0.0,1.936,0.0,1.378,2.292,0.0,1.378,0.0,0.0,1.936,1.378,1.378,0.0,0.0,0.0,0.0,2.762,1.378,1.378,0.0,0.0,0.0,0.0,0.0,0.0,1.378,0.0,0.0,0.0,0.0,0.0,1.378,0.0,0.0,1.378,0.0,1.378,1.936,0.0,0.0,0.0,1.378,1.378,0.0,1.936,0.0,0.0,0.0,0.0,0.0,0.0,0.0,0.0,1.378,1.378,0.0,0.0,1.378,1.378,0.0,0.0,0.0,0.0,2.292,0.0,0.0,0.0,1.378,0.0,1.378,1.378,1.378,1.378,0.0,1.378,0.0,2.292,1.936,0.0,0.0,1.378,0.0,0.0,0.0,0.0,0.0,0.0,0.0,0.0,1.378,2.554,0.0,1.378,0.0,0.0,0.0,0.0,0.0,0.0,1.378,0.0,0.0,0.0,1.378,1.936,1.378,0.0,1.378,0.0,0.0,0.0,0.0,0.0,0.0,1.936,1.936,2.292,1.378,0.0,1.378,0.0,0.0,0.0,0.0,0.0,1.378,0.0,1.378,0.0,0.0,0.0,0.0,0.0,1.936,0.0,0.0,1.378,0.0,1.378,3.321,0.0,0.0,2.292,0.0,0.0,0.0,0.0,0.0,1.936,0.0,0.0,0.0,0.0,0.0,0.0,1.378,1.378,1.378,0.0,0.0,0.0,0.0,0.0,0.0,0.0,0.0,0.0,0.0,0.0,0.0,0.0,2.554,0.0,0.0,0.0,2.292,1.378,0.0,0.0,0.0,2.292,0.0,0.0,1.936,0.0,0.0,0.0,1.378,0.0,0.0,0.0,0.0,0.0,0.0,1.936,0.0,0.0,0.0,0.0,1.378,0.0,0.0,0.0,0.0,0.0,0.0,1.936,2.554,2.292,0.0,0.0,1.378,1.378,0.0,1.378,0.0,0.0,0.0,0.0,0.0,2.292,1.378,1.378,0.0,0.0,0.0,1.378,0.0,0.0,3.208,0.0,0.0,1.378,1.378,1.378,3.75,0.0,3.515,0.0,1.936,0.0,1.378,0.0,0.0,0.0,0.0,0.0,0.0,0.0,1.378,0.0,1.936,1.378,0.0,0.0,1.378,0.0,0.0,2.292,2.554,1.936,1.378,0.0,0.0,1.936,0.0,0.0,0.0,0.0,0.0,0.0,0.0,0.0,1.378,0.0,2.554,0.0,0.0,0.0,1.378,0.0,0.0,0.0,1.378,0.0
Dendritische Zelle,0.0,0.0,0.0,1.361,0.0,0.0,1.361,1.916,0.0,1.361,1.361,0.0,0.0,0.0,0.0,0.0,0.0,0.0,2.272,1.916,0.0,0.0,0.0,0.0,0.0,1.361,1.361,1.916,0.0,0.0,0.0,0.0,1.361,0.0,0.0,0.0,0.0,0.0,0.0,0.0,2.272,0.0,1.361,0.0,0.0,0.0,0.0,1.916,0.0,0.0,1.361,3.401,2.272,1.916,3.186,4.027,0.0,2.533,0.0,0.0,0.0,0.0,0.0,0.0,0.0,3.058,1.916,0.0,1.916,1.361,0.0,0.0,0.0,0.0,0.0,0.0,0.0,1.916,0.0,0.0,1.361,0.0,1.916,0.0,0.0,0.0,1.361,0.0,0.0,0.0,0.0,1.361,0.0,0.0,2.533,0.0,0.0,0.0,1.361,0.0,1.916,0.0,0.0,0.0,0.0,0.0,0.0,0.0,0.0,0.0,1.916,1.916,0.0,1.361,0.0,1.916,1.361,0.0,0.0,0.0,0.0,1.916,0.0,0.0,0.0,0.0,0.0,0.0,1.361,0.0,0.0,0.0,1.361,0.0,0.0,0.0,0.0,0.0,1.361,2.74,0.0,0.0,0.0,2.272,0.0,0.0,0.0,0.0,0.0,1.916,0.0,0.0,1.361,0.0,0.0,0.0,0.0,0.0,0.0,0.0,1.361,0.0,0.0,0.0,1.361,0.0,0.0,0.0,0.0,1.361,0.0,0.0,1.361,0.0,0.0,0.0,0.0,0.0,0.0,1.361,0.0,0.0,0.0,1.361,0.0,0.0,2.912,1.361,0.0,0.0,1.361,0.0,0.0,0.0,0.0,1.916,2.272,0.0,0.0,1.916,1.361,0.0,0.0,0.0,1.361,0.0,0.0,1.361,1.361,4.737,0.0,1.916,0.0,1.916,0.0,0.0,0.0,1.916,0.0,2.272,0.0,0.0,2.272,0.0,1.916,0.0,0.0,0.0,0.0,1.361,0.0,2.272,3.493,0.0,2.272,1.361,4.657,3.655,4.335,3.728,3.577,3.401,1.361,3.401,4.077,4.171,1.361,0.0,0.0,1.361,1.361,0.0,2.272,0.0,1.916,0.0,0.0,0.0,0.0,0.0,0.0,0.0,0.0,0.0,1.361,0.0,0.0,1.361,2.272,1.361,1.361,0.0,1.916,2.74,1.916,0.0,0.0,0.0,0.0,0.0,3.401,1.916,0.0,1.361,0.0,0.0,1.361,0.0,0.0,0.0,0.0,0.0,0.0,0.0,0.0,2.272,0.0,1.361,1.361,1.361,0.0,0.0,0.0,0.0,0.0,0.0,0.0,0.0,1.916,0.0,0.0,0.0,0.0,0.0,0.0,1.361,2.74,1.361,1.361,0.0,0.0,0.0,0.0,1.916,1.361,0.0,0.0,0.0,0.0,0.0,0.0,0.0,1.361,0.0,0.0,0.0,0.0,0.0,1.361,0.0,0.0,0.0,0.0,0.0,0.0,1.361,0.0,0.0,0.0,2.272,0.0,0.0,0.0,0.0,0.0,1.361,0.0,2.272,1.361,0.0,0.0,1.361,0.0,1.361,0.0,1.361,0.0,0.0,2.74,0.0,0.0,0.0,1.361,0.0,2.272,0.0,0.0,0.0,0.0,3.186,0.0,1.916,0.0,1.916,0.0,0.0,0.0,0.0,2.74,2.74,0.0,1.916,0.0,0.0,2.74,0.0,0.0,0.0,1.916,1.361,0.0,0.0,2.272,0.0,0.0,0.0,0.0,1.361,1.916,0.0,0.0,1.361,0.0,1.916,0.0,0.0,0.0,0.0,1.361,1.361,0.0,0.0,1.361,0.0,1.916,0.0,0.0,0.0,1.361,0.0,0.0,0.0,1.361,1.361,0.0,1.361,1.361,0.0,0.0,1.361,0.0,1.361,3.058,1.361,0.0,0.0,2.272,0.0,0.0,0.0,0.0,0.0,1.361,0.0,0.0,2.533,0.0,0.0,0.0,0.0,0.0,0.0,0.0,0.0,0.0,1.361,0.0,0.0,0.0,0.0,0.0,0.0,0.0,0.0,1.361,0.0,1.361,1.916,0.0,2.533,0.0,2.272,0.0,0.0,0.0,0.0,0.0,4.541,0.0,0.0,0.0,1.916,0.0,0.0,0.0,0.0,1.916,0.0,2.533,0.0,0.0,0.0,0.0,0.0,0.0,0.0,0.0,0.0,0.0,0.0,0.0,0.0,0.0,1.361,0.0,1.916,0.0,1.916,0.0,0.0,0.0,0.0,1.916,0.0,0.0,1.916,0.0,0.0,0.0,1.361,0.0,2.912,1.361,0.0,0.0,1.361,0.0,1.916,0.0,0.0,1.916,0.0,1.361,2.533,0.0,0.0,0.0,1.361,0.0,0.0,0.0,1.916,0.0,1.916,0.0,0.0,1.361,0.0,1.916,0.0,0.0,0.0,0.0,0.0,0.0,0.0,0.0,0.0,0.0,1.361,0.0,0.0,1.361,0.0,0.0,0.0,3.058,0.0,1.361,0.0,0.0,0.0,1.361,0.0,0.0,1.361,0.0,1.361,0.0,1.916,1.361,0.0,3.186,0.0,2.272,0.0,1.916,1.361,0.0,0.0,0.0,0.0,0.0,0.0,0.0,0.0,0.0,0.0,0.0,0.0,0.0,0.0,0.0,1.361,0.0,0.0,1.361,0.0,0.0,0.0,2.533,0.0,1.361,0.0,0.0,0.0,1.361,0.0,0.0,0.0,0.0,0.0,0.0,0.0,0.0,0.0,1.361,0.0,0.0,0.0,0.0,4.443,0.0,0.0,0.0,0.0,0.0,0.0,1.361,0.0,0.0,0.0,0.0,1.916,0.0,0.0,1.916,0.0,0.0,1.916,0.0,0.0,1.361,0.0,0.0,1.361,1.361,0.0,0.0,0.0,0.0,0.0,0.0,0.0,1.361,0.0,1.361,1.361,0.0,2.74,0.0,0.0,0.0,0.0,0.0,0.0,1.361,2.533,1.361,0.0,0.0,0.0,0.0,0.0,2.533,0.0,1.916,0.0,1.916,1.361,2.74,0.0,0.0,0.0,3.058,0.0,0.0,0.0,0.0,0.0,0.0,1.361,0.0,1.361,1.916,3.858,0.0,1.361,0.0,0.0,0.0,0.0,0.0,1.361,0.0,0.0,0.0,0.0,0.0,0.0,0.0,0.0,0.0,1.361,0.0,0.0,0.0,0.0,1.361,0.0,2.272,0.0,0.0,0.0,1.916,0.0,2.533,2.272,0.0,1.916,0.0,1.361,0.0,1.361,0.0,2.533,0.0,0.0,1.361,0.0,0.0,1.361,0.0,1.361,1.361
Monozyt,0.0,0.0,0.0,2.099,0.0,2.099,0.0,1.522,2.099,1.522,0.0,0.0,3.261,1.522,0.0,0.0,0.0,1.522,1.522,1.522,0.0,0.0,0.0,0.0,0.0,0.0,1.522,2.463,2.463,0.0,0.0,0.0,0.0,1.522,0.0,0.0,0.0,0.0,2.463,0.0,2.099,0.0,0.0,0.0,2.099,0.0,0.0,0.0,0.0,4.125,0.0,1.522,0.0,2.099,2.099,3.783,0.0,2.463,0.0,0.0,0.0,0.0,1.522,0.0,0.0,0.0,1.522,0.0,3.113,1.522,3.389,0.0,0.0,0.0,1.522,0.0,0.0,1.522,0.0,0.0,0.0,0.0,1.522,0.0,0.0,0.0,0.0,1.522,0.0,0.0,0.0,2.099,2.099,1.522,0.0,2.099,0.0,1.522,0.0,0.0,0.0,1.522,0.0,0.0,0.0,0.0,0.0,0.0,1.522,0.0,0.0,0.0,1.522,0.0,0.0,2.463,0.0,0.0,1.522,0.0,0.0,0.0,0.0,0.0,0.0,0.0,0.0,0.0,0.0,0.0,0.0,1.522,0.0,0.0,0.0,1.522,1.522,0.0,0.0,1.522,0.0,0.0,0.0,2.463,2.099,0.0,0.0,0.0,0.0,0.0,1.522,0.0,2.099,0.0,2.099,0.0,0.0,0.0,1.522,0.0,0.0,0.0,0.0,0.0,0.0,0.0,1.522,0.0,0.0,0.0,1.522,0.0,1.522,2.099,1.522,0.0,0.0,0.0,0.0,1.522,1.522,1.522,0.0,0.0,2.099,0.0,2.729,0.0,0.0,0.0,1.522,0.0,0.0,0.0,2.099,2.099,1.522,0.0,0.0,2.099,1.522,0.0,2.099,0.0,0.0,0.0,0.0,0.0,0.0,4.181,0.0,1.522,0.0,0.0,1.522,0.0,0.0,1.522,2.463,1.522,1.522,1.522,2.099,0.0,0.0,0.0,2.099,0.0,1.522,0.0,1.522,2.729,3.862,0.0,3.113,1.522,3.934,3.113,4.002,1.522,2.099,1.522,1.522,2.463,3.934,3.698,0.0,0.0,0.0,1.522,0.0,0.0,0.0,0.0,0.0,0.0,0.0,0.0,0.0,0.0,0.0,0.0,0.0,0.0,0.0,0.0,0.0,0.0,2.463,0.0,0.0,1.522,0.0,2.099,0.0,0.0,0.0,1.522,1.522,0.0,2.099,0.0,1.522,0.0,1.522,0.0,1.522,0.0,0.0,0.0,0.0,0.0,0.0,2.099,0.0,0.0,0.0,2.099,0.0,1.522,0.0,0.0,0.0,0.0,0.0,0.0,0.0,2.099,0.0,2.099,1.522,1.522,3.113,0.0,0.0,1.522,1.522,0.0,1.522,0.0,0.0,0.0,0.0,0.0,0.0,0.0,0.0,0.0,0.0,1.522,1.522,0.0,2.099,1.522,0.0,0.0,0.0,0.0,0.0,0.0,0.0,0.0,1.522,0.0,0.0,1.522,0.0,0.0,1.522,0.0,0.0,0.0,1.522,0.0,0.0,0.0,0.0,0.0,2.099,0.0,0.0,0.0,0.0,1.522,0.0,0.0,0.0,0.0,3.934,0.0,0.0,0.0,0.0,0.0,1.522,0.0,1.522,0.0,0.0,2.729,0.0,0.0,0.0,0.0,1.522,1.522,1.522,0.0,2.939,0.0,0.0,2.099,3.113,2.463,2.463,1.522,0.0,0.0,0.0,0.0,0.0,1.522,0.0,0.0,0.0,0.0,0.0,0.0,2.729,0.0,1.522,0.0,0.0,1.522,1.522,0.0,0.0,0.0,2.463,0.0,0.0,2.939,1.522,1.522,0.0,0.0,0.0,0.0,1.522,0.0,1.522,0.0,0.0,0.0,0.0,0.0,0.0,0.0,1.522,0.0,0.0,0.0,3.261,0.0,0.0,0.0,0.0,0.0,0.0,0.0,2.099,0.0,0.0,0.0,0.0,2.463,1.522,0.0,0.0,0.0,0.0,0.0,0.0,0.0,0.0,1.522,0.0,0.0,0.0,0.0,0.0,0.0,0.0,0.0,0.0,0.0,0.0,1.522,0.0,1.522,0.0,0.0,1.522,1.522,2.099,0.0,0.0,3.783,0.0,2.729,0.0,2.463,0.0,0.0,0.0,0.0,1.522,1.522,1.522,0.0,0.0,0.0,0.0,0.0,0.0,2.099,0.0,0.0,0.0,0.0,0.0,0.0,0.0,0.0,2.099,0.0,1.522,0.0,1.522,0.0,0.0,1.522,0.0,0.0,1.522,0.0,1.522,0.0,0.0,2.099,0.0,1.522,0.0,1.522,2.463,0.0,0.0,0.0,0.0,0.0,0.0,0.0,2.099,0.0,0.0,0.0,0.0,0.0,0.0,1.522,0.0,1.522,0.0,2.463,0.0,0.0,0.0,1.522,2.099,0.0,0.0,0.0,1.522,0.0,0.0,0.0,1.522,0.0,1.522,0.0,2.099,0.0,0.0,0.0,2.099,0.0,0.0,0.0,0.0,0.0,0.0,0.0,0.0,0.0,0.0,0.0,0.0,1.522,0.0,0.0,0.0,0.0,0.0,0.0,2.463,0.0,0.0,0.0,0.0,0.0,0.0,2.463,0.0,0.0,0.0,0.0,0.0,0.0,0.0,0.0,0.0,0.0,0.0,0.0,1.522,0.0,1.522,0.0,0.0,0.0,2.463,0.0,1.522,0.0,0.0,0.0,1.522,0.0,0.0,0.0,0.0,0.0,0.0,1.522,1.522,0.0,2.099,0.0,0.0,0.0,1.522,3.783,0.0,0.0,2.099,0.0,0.0,0.0,1.522,0.0,0.0,2.463,0.0,0.0,0.0,2.099,2.939,0.0,0.0,3.113,0.0,0.0,0.0,0.0,0.0,1.522,0.0,0.0,0.0,0.0,0.0,0.0,0.0,0.0,1.522,0.0,0.0,2.463,1.522,1.522,1.522,1.522,0.0,0.0,0.0,1.522,0.0,2.729,0.0,0.0,0.0,0.0,0.0,0.0,0.0,0.0,0.0,3.113,0.0,2.099,1.522,0.0,0.0,2.099,3.113,0.0,0.0,0.0,0.0,0.0,1.522,0.0,0.0,2.099,1.522,5.542,0.0,2.939,0.0,0.0,0.0,0.0,1.522,0.0,0.0,1.522,0.0,0.0,0.0,0.0,2.099,0.0,0.0,0.0,0.0,0.0,0.0,0.0,1.522,1.522,0.0,0.0,0.0,1.522,0.0,0.0,0.0,0.0,0.0,0.0,0.0,2.099,0.0,0.0,0.0,1.522,0.0,0.0,1.522,0.0,0.0,1.522,0.0,0.0,0.0
Monozyt,0.0,0.0,0.0,0.0,0.0,1.42,0.0,0.0,1.42,1.42,0.0,0.0,2.343,0.0,0.0,0.0,0.0,2.814,0.0,0.0,0.0,0.0,0.0,0.0,0.0,1.42,0.0,0.0,2.606,0.0,0.0,1.42,0.0,0.0,0.0,1.984,0.0,0.0,0.0,1.42,1.42,1.984,0.0,1.42,1.42,0.0,0.0,0.0,0.0,2.987,0.0,2.987,3.134,1.42,3.262,4.051,0.0,1.42,0.0,0.0,0.0,1.42,0.0,0.0,0.0,0.0,1.42,0.0,3.805,0.0,2.343,0.0,0.0,0.0,1.42,0.0,0.0,0.0,0.0,0.0,1.42,0.0,0.0,0.0,0.0,0.0,0.0,0.0,0.0,0.0,0.0,1.42,1.42,0.0,0.0,0.0,0.0,0.0,1.42,0.0,0.0,0.0,0.0,0.0,0.0,1.42,0.0,0.0,0.0,0.0,0.0,1.42,0.0,0.0,0.0,0.0,0.0,0.0,1.42,0.0,0.0,0.0,0.0,0.0,0.0,1.984,0.0,0.0,0.0,0.0,0.0,0.0,0.0,0.0,0.0,0.0,1.42,0.0,0.0,0.0,0.0,1.42,0.0,1.42,2.343,0.0,0.0,0.0,0.0,0.0,1.984,0.0,0.0,0.0,0.0,0.0,0.0,0.0,0.0,0.0,0.0,0.0,0.0,0.0,0.0,0.0,0.0,0.0,1.42,1.42,0.0,0.0,1.42,0.0,0.0,0.0,0.0,0.0,0.0,0.0,0.0,0.0,0.0,0.0,0.0,0.0,1.42,0.0,1.42,1.984,1.42,0.0,0.0,0.0,0.0,0.0,0.0,0.0,0.0,1.42,0.0,2.343,0.0,0.0,2.343,0.0,0.0,1.42,1.42,3.872,0.0,0.0,1.42,2.343,0.0,0.0,0.0,1.42,1.42,1.42,0.0,1.42,1.984,0.0,1.42,0.0,1.42,0.0,1.42,0.0,3.262,3.57,3.995,0.0,1.984,0.0,3.375,2.987,3.654,1.984,0.0,0.0,0.0,0.0,2.814,3.57,0.0,0.0,0.0,1.42,0.0,0.0,0.0,0.0,1.42,0.0,0.0,0.0,0.0,0.0,0.0,0.0,0.0,0.0,1.984,0.0,0.0,0.0,2.343,0.0,0.0,0.0,1.984,0.0,0.0,0.0,0.0,0.0,0.0,0.0,2.343,0.0,0.0,0.0,0.0,0.0,0.0,0.0,0.0,1.42,0.0,0.0,0.0,0.0,0.0,0.0,0.0,2.606,0.0,1.42,0.0,0.0,0.0,0.0,0.0,0.0,0.0,1.984,1.984,1.42,0.0,2.343,2.343,0.0,0.0,0.0,2.343,2.814,0.0,0.0,0.0,0.0,0.0,1.42,0.0,0.0,0.0,0.0,0.0,0.0,1.42,0.0,2.343,0.0,0.0,0.0,0.0,0.0,0.0,0.0,0.0,1.42,0.0,0.0,0.0,1.984,0.0,1.984,0.0,2.343,0.0,0.0,0.0,0.0,0.0,0.0,0.0,2.343,0.0,0.0,0.0,2.343,1.42,0.0,0.0,0.0,0.0,1.984,3.134,0.0,1.42,0.0,0.0,0.0,1.984,0.0,1.42,1.42,0.0,3.134,0.0,0.0,0.0,1.42,0.0,0.0,1.42,0.0,2.606,0.0,0.0,0.0,2.814,0.0,3.375,1.42,0.0,0.0,1.42,0.0,0.0,0.0,1.42,1.42,0.0,0.0,0.0,0.0,3.57,0.0,3.375,1.984,0.0,1.42,0.0,0.0,0.0,0.0,1.42,1.42,0.0,2.987,0.0,0.0,0.0,0.0,0.0,0.0,1.42,0.0,0.0,0.0,0.0,0.0,0.0,0.0,0.0,1.984,1.42,1.42,1.42,0.0,2.987,0.0,0.0,1.984,1.42,0.0,1.42,0.0,1.42,1.42,0.0,0.0,0.0,1.984,1.42,1.42,0.0,0.0,0.0,0.0,0.0,0.0,0.0,0.0,0.0,0.0,0.0,0.0,0.0,0.0,0.0,0.0,1.42,1.42,0.0,0.0,0.0,1.984,0.0,1.984,0.0,0.0,0.0,0.0,0.0,3.134,0.0,0.0,0.0,0.0,1.984,0.0,0.0,0.0,1.984,1.42,2.343,0.0,1.42,1.42,0.0,0.0,0.0,1.42,0.0,0.0,0.0,0.0,0.0,0.0,0.0,0.0,0.0,0.0,1.42,2.343,0.0,0.0,0.0,1.984,0.0,0.0,2.814,0.0,1.42,0.0,0.0,1.42,0.0,1.984,0.0,1.984,1.42,0.0,0.0,1.984,0.0,0.0,1.42,1.42,0.0,1.42,0.0,0.0,0.0,0.0,0.0,0.0,0.0,1.42,0.0,0.0,0.0,0.0,1.42,1.42,0.0,0.0,0.0,0.0,0.0,0.0,0.0,0.0,0.0,0.0,0.0,1.42,1.42,1.984,2.606,0.0,0.0,0.0,0.0,0.0,0.0,0.0,0.0,0.0,2.343,0.0,1.42,0.0,0.0,0.0,0.0,0.0,1.42,0.0,0.0,0.0,0.0,0.0,1.984,0.0,0.0,1.42,1.42,0.0,0.0,0.0,0.0,1.42,0.0,1.42,0.0,0.0,0.0,0.0,1.984,0.0,1.42,0.0,0.0,1.42,1.984,1.42,1.984,1.42,0.0,0.0,0.0,0.0,0.0,1.42,0.0,0.0,0.0,0.0,0.0,0.0,0.0,1.984,0.0,0.0,0.0,1.42,0.0,3.995,0.0,0.0,1.42,1.42,0.0,1.42,1.42,0.0,0.0,0.0,0.0,2.814,1.984,2.343,2.606,0.0,0.0,3.375,0.0,0.0,2.343,1.42,0.0,1.42,0.0,0.0,2.343,0.0,0.0,0.0,0.0,0.0,0.0,0.0,0.0,2.987,1.42,1.984,0.0,2.606,0.0,0.0,0.0,0.0,2.606,2.343,0.0,1.42,1.42,0.0,0.0,1.42,0.0,0.0,2.606,1.984,0.0,1.984,0.0,0.0,0.0,1.42,3.134,0.0,0.0,0.0,0.0,0.0,0.0,0.0,0.0,2.343,1.42,5.275,0.0,2.814,0.0,0.0,0.0,0.0,1.42,0.0,0.0,0.0,0.0,0.0,0.0,0.0,2.343,1.984,0.0,1.42,0.0,0.0,0.0,0.0,0.0,0.0,1.42,0.0,1.42,1.984,1.984,0.0,0.0,1.42,1.984,0.0,0.0,1.984,0.0,0.0,0.0,0.0,0.0,0.0,0.0,1.42,0.0,1.984,0.0,1.42,1.42
Dendritische Zelle,1.289,0.0,1.834,1.289,0.0,0.0,0.0,0.0,0.0,0.0,0.0,0.0,0.0,0.0,0.0,0.0,0.0,2.966,0.0,0.0,0.0,1.834,0.0,1.289,1.289,0.0,1.289,0.0,1.289,0.0,0.0,1.834,0.0,1.289,0.0,0.0,0.0,0.0,1.834,0.0,0.0,1.289,0.0,0.0,0.0,0.0,0.0,0.0,0.0,2.82,0.0,1.289,1.289,0.0,2.65,3.399,0.0,0.0,1.289,0.0,0.0,0.0,1.289,0.0,1.289,0.0,1.289,0.0,3.093,0.0,1.834,1.834,0.0,0.0,0.0,0.0,0.0,0.0,0.0,1.289,1.289,0.0,0.0,0.0,0.0,0.0,0.0,0.0,1.289,0.0,0.0,1.834,0.0,1.289,1.289,0.0,0.0,1.289,0.0,0.0,1.289,1.289,0.0,0.0,0.0,0.0,0.0,0.0,0.0,0.0,0.0,1.289,1.834,1.289,0.0,1.834,1.289,1.289,0.0,0.0,0.0,0.0,0.0,0.0,0.0,1.289,1.289,1.289,0.0,0.0,1.289,0.0,0.0,0.0,0.0,0.0,0.0,1.289,0.0,1.834,0.0,1.289,0.0,1.289,0.0,1.289,1.289,0.0,0.0,0.0,0.0,0.0,0.0,0.0,0.0,0.0,0.0,0.0,0.0,0.0,0.0,0.0,1.289,0.0,0.0,0.0,0.0,0.0,0.0,0.0,0.0,0.0,0.0,0.0,1.289,0.0,0.0,0.0,1.834,1.834,2.185,2.185,0.0,0.0,0.0,0.0,1.834,0.0,1.289,0.0,1.834,0.0,0.0,0.0,0.0,1.289,2.65,0.0,0.0,0.0,1.289,0.0,1.289,0.0,1.289,0.0,1.289,0.0,1.289,4.588,0.0,1.834,0.0,2.185,1.289,0.0,0.0,1.289,1.289,1.289,0.0,0.0,1.834,0.0,1.289,0.0,1.289,0.0,1.834,1.834,3.931,3.206,3.206,1.289,2.82,0.0,3.878,2.966,3.633,3.093,1.289,2.966,2.444,1.834,3.093,3.561,0.0,1.289,0.0,0.0,1.289,1.289,0.0,0.0,0.0,1.289,1.289,1.289,0.0,0.0,1.289,0.0,0.0,0.0,0.0,1.834,0.0,1.289,3.206,0.0,0.0,0.0,0.0,1.834,0.0,0.0,0.0,0.0,0.0,0.0,2.65,0.0,0.0,0.0,2.185,0.0,0.0,0.0,0.0,1.289,0.0,0.0,0.0,1.289,0.0,0.0,0.0,2.185,1.834,0.0,0.0,0.0,0.0,0.0,0.0,0.0,1.289,0.0,0.0,1.289,1.289,1.289,0.0,0.0,0.0,1.289,3.093,2.185,0.0,1.289,0.0,0.0,0.0,0.0,0.0,1.289,0.0,0.0,0.0,0.0,1.834,0.0,0.0,0.0,1.289,0.0,0.0,0.0,1.289,0.0,0.0,0.0,0.0,0.0,0.0,0.0,1.289,0.0,0.0,1.289,0.0,0.0,0.0,0.0,0.0,0.0,0.0,0.0,0.0,1.289,0.0,0.0,0.0,2.444,0.0,1.289,1.289,0.0,3.307,0.0,1.289,1.289,0.0,0.0,0.0,0.0,1.289,0.0,0.0,1.289,0.0,0.0,0.0,0.0,0.0,2.185,0.0,0.0,2.444,0.0,1.289,1.834,2.185,0.0,3.093,1.289,0.0,1.289,1.289,0.0,0.0,0.0,1.834,0.0,0.0,0.0,1.289,0.0,2.444,1.289,1.289,0.0,0.0,2.185,1.289,0.0,0.0,0.0,0.0,1.289,0.0,1.834,1.834,0.0,0.0,0.0,1.289,0.0,0.0,0.0,0.0,0.0,0.0,0.0,0.0,0.0,1.289,1.289,0.0,1.834,2.185,0.0,2.82,0.0,1.289,1.289,1.289,1.289,0.0,0.0,1.289,1.289,0.0,0.0,0.0,1.289,0.0,0.0,0.0,0.0,0.0,0.0,1.289,0.0,0.0,0.0,0.0,0.0,0.0,0.0,0.0,0.0,0.0,0.0,1.834,0.0,0.0,0.0,0.0,2.444,0.0,0.0,0.0,0.0,1.289,0.0,0.0,0.0,0.0,1.834,0.0,2.185,0.0,1.289,0.0,0.0,2.65,1.289,0.0,0.0,0.0,0.0,0.0,0.0,0.0,1.289,1.289,2.444,1.289,0.0,1.289,0.0,0.0,0.0,1.289,0.0,0.0,2.185,0.0,0.0,0.0,0.0,1.289,0.0,2.966,0.0,0.0,0.0,0.0,1.834,0.0,1.834,0.0,0.0,0.0,2.444,1.289,1.289,0.0,1.289,1.289,0.0,0.0,2.185,0.0,0.0,0.0,0.0,0.0,0.0,0.0,1.834,0.0,1.289,0.0,0.0,0.0,0.0,1.289,0.0,0.0,0.0,1.834,0.0,0.0,0.0,0.0,0.0,1.289,1.289,1.834,1.289,2.185,0.0,0.0,0.0,1.289,0.0,0.0,0.0,1.289,0.0,0.0,0.0,0.0,0.0,0.0,1.289,0.0,0.0,0.0,0.0,0.0,0.0,2.65,0.0,0.0,0.0,0.0,0.0,0.0,1.834,0.0,0.0,0.0,0.0,0.0,1.834,0.0,0.0,0.0,0.0,0.0,0.0,2.185,0.0,1.289,0.0,0.0,1.834,2.65,0.0,1.289,0.0,0.0,0.0,1.289,1.834,1.289,0.0,0.0,1.289,1.289,0.0,0.0,0.0,0.0,0.0,0.0,0.0,1.289,3.633,0.0,0.0,1.289,1.289,1.289,1.834,2.185,0.0,0.0,0.0,0.0,0.0,1.834,2.444,0.0,0.0,0.0,1.834,1.289,1.289,1.834,0.0,0.0,1.834,0.0,0.0,0.0,0.0,0.0,0.0,0.0,0.0,1.289,0.0,1.289,0.0,0.0,2.185,0.0,0.0,0.0,0.0,0.0,1.289,1.289,3.093,1.289,0.0,1.289,1.289,0.0,0.0,1.289,0.0,2.185,1.289,0.0,0.0,0.0,0.0,0.0,0.0,2.65,0.0,1.289,0.0,0.0,2.65,0.0,1.289,0.0,0.0,1.834,5.162,0.0,2.65,0.0,1.834,0.0,1.289,0.0,0.0,0.0,0.0,0.0,0.0,0.0,1.834,1.289,1.289,0.0,1.834,1.289,0.0,1.289,0.0,1.289,0.0,0.0,0.0,0.0,0.0,0.0,0.0,0.0,2.185,0.0,0.0,0.0,1.289,1.289,2.185,0.0,1.834,0.0,0.0,1.289,1.834,1.289,2.185,0.0,0.0,0.0
Monozyt,0.0,0.0,0.0,2.905,0.0,0.0,0.0,0.0,0.0,1.494,1.494,0.0,1.494,0.0,2.696,0.0,0.0,2.068,0.0,0.0,0.0,0.0,0.0,0.0,0.0,2.068,0.0,1.494,2.43,1.494,0.0,2.43,0.0,0.0,0.0,1.494,0.0,0.0,0.0,0.0,1.494,3.078,0.0,0.0,0.0,0.0,0.0,0.0,1.494,4.146,0.0,2.905,2.696,1.494,3.827,4.47,0.0,2.068,1.494,0.0,0.0,0.0,0.0,0.0,0.0,0.0,2.696,0.0,3.663,0.0,3.571,0.0,0.0,0.0,2.068,0.0,0.0,1.494,0.0,0.0,1.494,0.0,1.494,0.0,0.0,0.0,0.0,0.0,0.0,0.0,0.0,2.696,0.0,0.0,0.0,0.0,0.0,0.0,0.0,0.0,0.0,1.494,0.0,0.0,0.0,0.0,0.0,0.0,1.494,0.0,0.0,0.0,0.0,0.0,0.0,0.0,0.0,1.494,1.494,1.494,0.0,0.0,0.0,0.0,0.0,0.0,0.0,0.0,0.0,0.0,0.0,0.0,0.0,0.0,0.0,0.0,0.0,1.494,0.0,2.068,1.494,0.0,1.494,0.0,1.494,0.0,1.494,0.0,0.0,0.0,1.494,0.0,2.43,0.0,1.494,0.0,0.0,0.0,0.0,0.0,0.0,1.494,0.0,0.0,0.0,0.0,0.0,0.0,0.0,0.0,0.0,0.0,1.494,0.0,0.0,0.0,0.0,1.494,0.0,0.0,1.494,0.0,0.0,0.0,0.0,0.0,1.494,0.0,0.0,0.0,0.0,0.0,0.0,0.0,0.0,2.068,0.0,0.0,1.494,1.494,0.0,1.494,2.43,0.0,0.0,0.0,0.0,2.068,0.0,3.226,0.0,2.068,0.0,2.43,0.0,0.0,0.0,2.43,0.0,2.068,2.068,0.0,2.068,0.0,0.0,0.0,0.0,0.0,0.0,0.0,2.068,4.43,4.146,0.0,2.068,0.0,2.905,2.905,3.571,1.494,0.0,0.0,0.0,0.0,2.696,2.905,0.0,0.0,0.0,1.494,0.0,0.0,1.494,0.0,0.0,0.0,0.0,0.0,0.0,1.494,1.494,1.494,1.494,0.0,1.494,1.494,0.0,2.068,1.494,0.0,0.0,0.0,1.494,1.494,0.0,0.0,0.0,0.0,1.494,0.0,3.078,0.0,1.494,0.0,0.0,0.0,0.0,0.0,0.0,0.0,0.0,0.0,0.0,0.0,0.0,1.494,0.0,0.0,1.494,0.0,0.0,0.0,0.0,0.0,0.0,0.0,0.0,2.43,0.0,2.068,2.068,0.0,1.494,0.0,0.0,1.494,2.696,2.43,0.0,0.0,0.0,0.0,1.494,0.0,1.494,0.0,0.0,0.0,0.0,0.0,0.0,0.0,2.068,0.0,0.0,0.0,0.0,0.0,1.494,0.0,0.0,1.494,0.0,0.0,0.0,2.068,2.905,0.0,3.078,2.068,0.0,1.494,0.0,0.0,0.0,0.0,0.0,0.0,0.0,0.0,0.0,0.0,0.0,0.0,0.0,0.0,2.068,0.0,3.663,0.0,0.0,0.0,0.0,0.0,0.0,0.0,0.0,0.0,0.0,3.226,0.0,0.0,0.0,0.0,0.0,0.0,0.0,0.0,3.226,0.0,0.0,2.905,3.226,0.0,2.696,1.494,1.494,0.0,0.0,0.0,0.0,0.0,1.494,0.0,0.0,0.0,0.0,0.0,2.068,0.0,2.696,0.0,0.0,0.0,2.068,0.0,0.0,0.0,2.068,1.494,0.0,3.355,0.0,0.0,0.0,0.0,0.0,0.0,0.0,0.0,0.0,0.0,0.0,1.494,0.0,0.0,0.0,0.0,1.494,0.0,0.0,1.494,1.494,1.494,0.0,0.0,2.43,0.0,1.494,0.0,0.0,1.494,0.0,0.0,0.0,1.494,0.0,0.0,0.0,0.0,0.0,0.0,0.0,1.494,0.0,1.494,0.0,0.0,0.0,0.0,0.0,0.0,0.0,0.0,0.0,0.0,0.0,0.0,0.0,1.494,0.0,1.494,0.0,0.0,0.0,0.0,0.0,3.571,0.0,2.696,0.0,2.43,2.068,0.0,0.0,0.0,0.0,2.068,2.696,0.0,0.0,0.0,0.0,0.0,0.0,1.494,2.068,0.0,0.0,0.0,0.0,0.0,1.494,0.0,0.0,1.494,2.068,2.068,0.0,0.0,0.0,2.43,0.0,0.0,2.068,2.068,2.905,0.0,0.0,2.068,0.0,2.696,0.0,1.494,2.068,0.0,0.0,0.0,0.0,0.0,0.0,0.0,0.0,2.696,0.0,0.0,0.0,1.494,0.0,0.0,1.494,1.494,2.43,2.43,1.494,0.0,1.494,0.0,0.0,0.0,0.0,0.0,0.0,0.0,0.0,0.0,1.494,0.0,0.0,0.0,0.0,0.0,1.494,0.0,0.0,0.0,0.0,0.0,0.0,1.494,0.0,0.0,0.0,0.0,0.0,1.494,0.0,0.0,0.0,0.0,1.494,0.0,0.0,0.0,1.494,0.0,2.068,0.0,0.0,0.0,0.0,0.0,0.0,0.0,0.0,0.0,0.0,0.0,0.0,0.0,0.0,0.0,0.0,1.494,1.494,0.0,0.0,0.0,0.0,2.068,1.494,2.068,1.494,0.0,0.0,0.0,0.0,0.0,0.0,0.0,0.0,0.0,0.0,0.0,0.0,0.0,0.0,2.43,0.0,0.0,0.0,3.663,0.0,0.0,1.494,0.0,0.0,0.0,1.494,0.0,0.0,0.0,0.0,2.43,0.0,2.068,2.696,0.0,0.0,3.571,2.068,0.0,0.0,0.0,0.0,1.494,0.0,0.0,0.0,1.494,0.0,0.0,0.0,0.0,1.494,0.0,2.068,2.43,0.0,1.494,2.905,0.0,0.0,0.0,0.0,0.0,0.0,3.663,0.0,1.494,1.494,1.494,0.0,0.0,0.0,0.0,1.494,2.43,2.43,2.068,0.0,2.068,0.0,0.0,3.748,0.0,0.0,0.0,0.0,0.0,1.494,0.0,0.0,2.068,1.494,5.305,0.0,2.068,0.0,0.0,0.0,0.0,1.494,0.0,0.0,1.494,0.0,0.0,0.0,0.0,2.068,0.0,0.0,0.0,0.0,0.0,0.0,0.0,0.0,0.0,0.0,0.0,0.0,2.068,1.494,0.0,0.0,2.068,0.0,0.0,0.0,1.494,0.0,1.494,0.0,1.494,1.494,0.0,2.068,2.43,0.0,2.696,0.0,0.0,0.0
B-Zelle,0.0,0.0,0.0,1.386,0.0,1.386,0.0,0.0,1.386,0.0,0.0,0.0,0.0,0.0,0.0,0.0,0.0,3.892,2.302,0.0,0.0,1.386,0.0,0.0,0.0,0.0,0.0,0.0,1.386,0.0,0.0,1.946,0.0,1.386,1.386,0.0,0.0,0.0,1.946,0.0,1.386,0.0,0.0,0.0,0.0,0.0,0.0,1.386,0.0,0.0,0.0,2.565,0.0,0.0,1.946,3.611,0.0,1.386,0.0,1.386,0.0,1.386,1.946,0.0,0.0,0.0,3.332,0.0,0.0,1.386,0.0,1.386,0.0,0.0,0.0,0.0,0.0,1.946,0.0,0.0,1.386,0.0,0.0,0.0,2.302,0.0,1.386,0.0,0.0,0.0,0.0,1.386,1.946,1.386,0.0,0.0,1.386,0.0,0.0,0.0,1.946,1.386,0.0,0.0,0.0,0.0,0.0,0.0,0.0,0.0,0.0,1.386,0.0,0.0,0.0,0.0,1.946,1.386,0.0,0.0,0.0,1.946,0.0,0.0,0.0,1.386,1.946,0.0,1.386,0.0,0.0,0.0,1.386,0.0,1.386,0.0,1.386,0.0,1.386,1.946,0.0,0.0,0.0,1.386,1.946,1.386,0.0,1.946,0.0,1.946,0.0,0.0,1.386,0.0,0.0,0.0,0.0,0.0,0.0,0.0,1.386,0.0,0.0,0.0,1.386,0.0,0.0,0.0,1.386,0.0,0.0,0.0,0.0,0.0,2.302,0.0,0.0,0.0,0.0,1.386,0.0,2.302,0.0,1.386,0.0,0.0,1.386,1.386,1.386,0.0,0.0,0.0,0.0,0.0,0.0,1.946,0.0,0.0,0.0,0.0,0.0,0.0,1.946,0.0,1.386,0.0,0.0,0.0,0.0,4.796,0.0,1.946,1.386,1.946,1.946,0.0,0.0,0.0,1.386,0.0,0.0,0.0,1.386,0.0,0.0,0.0,0.0,0.0,0.0,0.0,3.828,0.0,0.0,1.386,2.772,2.565,4.29,3.219,3.892,2.772,1.386,1.946,0.0,1.946,3.828,4.007,0.0,0.0,0.0,0.0,0.0,0.0,1.946,0.0,0.0,0.0,0.0,0.0,0.0,0.0,1.386,0.0,0.0,0.0,0.0,0.0,0.0,0.0,1.946,0.0,1.386,0.0,2.565,1.946,0.0,0.0,1.946,0.0,0.0,0.0,3.091,0.0,0.0,0.0,0.0,0.0,0.0,0.0,0.0,1.946,0.0,0.0,0.0,0.0,0.0,1.386,0.0,1.386,0.0,1.386,0.0,0.0,1.386,0.0,0.0,0.0,0.0,1.946,0.0,1.386,0.0,0.0,0.0,0.0,0.0,1.386,0.0,0.0,0.0,0.0,0.0,2.302,0.0,1.386,1.386,0.0,0.0,0.0,1.386,1.386,1.386,0.0,1.386,0.0,0.0,0.0,1.386,0.0,0.0,0.0,0.0,1.946,1.386,1.386,1.386,0.0,0.0,2.302,0.0,1.946,0.0,0.0,0.0,0.0,1.946,0.0,0.0,0.0,1.386,2.302,0.0,1.386,0.0,1.386,0.0,1.386,0.0,0.0,0.0,0.0,0.0,0.0,1.946,0.0,1.386,0.0,0.0,0.0,0.0,2.565,0.0,0.0,1.386,1.386,0.0,0.0,0.0,1.386,1.386,2.302,0.0,1.946,1.946,1.386,3.332,0.0,0.0,2.302,0.0,0.0,0.0,0.0,1.386,0.0,0.0,0.0,0.0,0.0,0.0,0.0,0.0,0.0,0.0,1.946,0.0,1.386,1.386,0.0,1.386,0.0,1.946,1.386,0.0,0.0,1.386,0.0,1.386,1.386,0.0,0.0,0.0,0.0,0.0,0.0,0.0,0.0,1.386,0.0,2.565,0.0,3.526,0.0,0.0,0.0,1.386,0.0,0.0,0.0,0.0,0.0,0.0,0.0,0.0,0.0,0.0,0.0,0.0,0.0,0.0,1.386,0.0,0.0,0.0,0.0,0.0,0.0,0.0,0.0,0.0,0.0,0.0,0.0,0.0,0.0,0.0,0.0,0.0,1.946,0.0,1.946,0.0,0.0,0.0,0.0,1.946,0.0,0.0,0.0,0.0,1.946,0.0,0.0,0.0,0.0,0.0,0.0,2.565,0.0,2.302,0.0,0.0,0.0,0.0,0.0,0.0,0.0,0.0,1.946,0.0,0.0,0.0,0.0,0.0,0.0,0.0,1.386,0.0,2.302,0.0,0.0,0.0,0.0,0.0,0.0,1.386,2.302,1.386,1.386,0.0,0.0,0.0,1.386,0.0,0.0,0.0,1.386,1.946,2.772,0.0,1.386,0.0,1.386,0.0,1.386,0.0,0.0,0.0,0.0,0.0,0.0,1.386,1.386,0.0,1.386,0.0,1.386,0.0,1.386,1.386,1.386,1.946,0.0,1.386,0.0,0.0,0.0,0.0,0.0,0.0,1.386,1.946,0.0,1.386,0.0,0.0,0.0,0.0,0.0,0.0,0.0,0.0,0.0,0.0,1.386,1.386,2.302,0.0,1.386,0.0,0.0,1.386,0.0,0.0,0.0,0.0,1.386,1.946,0.0,1.386,0.0,0.0,0.0,0.0,0.0,0.0,1.386,0.0,1.946,0.0,0.0,0.0,0.0,0.0,0.0,0.0,0.0,1.386,0.0,0.0,2.944,2.302,0.0,1.386,0.0,1.386,0.0,1.386,0.0,1.386,0.0,0.0,0.0,1.386,0.0,0.0,1.386,0.0,0.0,0.0,0.0,0.0,0.0,0.0,0.0,1.386,0.0,1.386,0.0,0.0,0.0,0.0,1.386,1.386,1.386,0.0,1.946,0.0,0.0,0.0,0.0,0.0,0.0,1.386,1.386,0.0,0.0,0.0,0.0,1.386,1.386,0.0,0.0,0.0,0.0,1.386,0.0,0.0,1.386,0.0,0.0,0.0,0.0,0.0,0.0,0.0,0.0,1.386,2.302,0.0,0.0,0.0,0.0,0.0,0.0,0.0,1.386,1.386,0.0,0.0,0.0,2.302,1.386,2.302,0.0,0.0,0.0,1.386,2.302,0.0,3.761,0.0,0.0,0.0,0.0,1.946,3.219,0.0,3.332,0.0,1.386,0.0,1.946,1.946,0.0,0.0,0.0,0.0,0.0,0.0,0.0,0.0,1.386,0.0,0.0,0.0,0.0,1.946,0.0,1.386,2.772,0.0,1.386,0.0,0.0,0.0,0.0,0.0,1.386,0.0,0.0,0.0,0.0,0.0,1.386,0.0,0.0,0.0,0.0,1.946,0.0,0.0,0.0,0.0,0.0,1.386
B-Zelle,0.0,0.0,1.46,1.46,0.0,1.46,2.029,0.0,0.0,0.0,0.0,0.0,0.0,0.0,0.0,0.0,0.0,3.426,1.46,2.39,0.0,2.029,0.0,0.0,0.0,1.46,0.0,0.0,1.46,0.0,0.0,2.39,0.0,1.46,2.029,1.46,0.0,0.0,1.46,0.0,0.0,0.0,0.0,0.0,1.46,0.0,0.0,0.0,1.46,0.0,1.46,2.655,0.0,0.0,2.655,2.39,0.0,0.0,0.0,0.0,0.0,0.0,0.0,0.0,0.0,0.0,2.39,0.0,0.0,0.0,0.0,2.029,0.0,0.0,1.46,0.0,0.0,0.0,0.0,2.029,1.46,0.0,0.0,0.0,2.029,1.46,0.0,0.0,0.0,0.0,1.46,0.0,2.029,0.0,2.39,0.0,0.0,0.0,0.0,0.0,2.39,0.0,0.0,0.0,0.0,0.0,0.0,0.0,0.0,0.0,0.0,2.39,2.39,0.0,0.0,0.0,0.0,0.0,0.0,1.46,0.0,2.39,0.0,0.0,0.0,0.0,1.46,0.0,1.46,0.0,0.0,0.0,0.0,0.0,0.0,0.0,0.0,0.0,0.0,2.39,0.0,0.0,0.0,2.029,1.46,0.0,0.0,0.0,0.0,1.46,2.029,0.0,1.46,0.0,0.0,0.0,0.0,0.0,0.0,0.0,0.0,0.0,2.029,1.46,0.0,0.0,0.0,0.0,0.0,0.0,0.0,0.0,1.46,0.0,1.46,0.0,0.0,0.0,2.029,0.0,1.46,2.864,0.0,1.46,1.46,0.0,0.0,1.46,2.655,0.0,0.0,0.0,0.0,0.0,1.46,2.029,0.0,0.0,0.0,2.029,2.029,0.0,0.0,0.0,0.0,0.0,0.0,0.0,0.0,4.916,2.029,2.655,2.029,0.0,1.46,0.0,0.0,2.029,0.0,0.0,0.0,0.0,2.39,0.0,1.46,0.0,2.39,0.0,0.0,0.0,3.705,0.0,0.0,1.46,2.39,2.39,4.465,2.864,3.783,3.036,2.029,3.036,0.0,2.39,3.528,3.856,0.0,0.0,0.0,1.46,1.46,1.46,2.029,0.0,0.0,1.46,2.39,0.0,0.0,0.0,0.0,2.029,0.0,0.0,0.0,0.0,0.0,0.0,0.0,0.0,0.0,0.0,2.029,0.0,0.0,0.0,1.46,0.0,0.0,0.0,3.528,0.0,0.0,0.0,0.0,0.0,1.46,1.46,0.0,0.0,0.0,0.0,0.0,0.0,0.0,0.0,0.0,1.46,0.0,0.0,0.0,0.0,0.0,0.0,0.0,2.029,0.0,2.39,0.0,0.0,0.0,1.46,0.0,0.0,0.0,2.029,0.0,0.0,0.0,0.0,0.0,2.029,0.0,0.0,0.0,0.0,0.0,0.0,0.0,2.39,0.0,0.0,1.46,0.0,2.39,0.0,2.029,0.0,0.0,0.0,0.0,0.0,0.0,1.46,0.0,1.46,0.0,2.655,0.0,2.39,0.0,0.0,0.0,1.46,0.0,0.0,1.46,0.0,1.46,0.0,0.0,1.46,2.029,2.029,0.0,0.0,0.0,0.0,0.0,0.0,1.46,1.46,0.0,0.0,0.0,0.0,1.46,0.0,0.0,1.46,0.0,0.0,0.0,1.46,1.46,0.0,2.029,0.0,0.0,0.0,0.0,0.0,0.0,0.0,3.036,0.0,0.0,0.0,1.46,0.0,0.0,0.0,0.0,0.0,0.0,2.029,2.029,2.39,0.0,0.0,0.0,1.46,1.46,0.0,0.0,0.0,1.46,0.0,1.46,0.0,2.39,1.46,0.0,0.0,0.0,0.0,1.46,0.0,1.46,0.0,0.0,0.0,0.0,0.0,0.0,0.0,1.46,0.0,2.655,2.029,3.036,0.0,0.0,0.0,0.0,0.0,0.0,0.0,0.0,0.0,0.0,0.0,0.0,1.46,0.0,0.0,0.0,0.0,0.0,0.0,0.0,1.46,0.0,0.0,0.0,0.0,0.0,0.0,0.0,0.0,0.0,0.0,0.0,0.0,1.46,0.0,0.0,2.029,0.0,2.029,0.0,1.46,1.46,0.0,1.46,0.0,0.0,0.0,0.0,1.46,0.0,2.39,0.0,0.0,2.029,0.0,0.0,0.0,1.46,0.0,0.0,0.0,0.0,0.0,0.0,2.029,1.46,1.46,0.0,0.0,0.0,0.0,0.0,0.0,0.0,0.0,1.46,0.0,1.46,0.0,0.0,0.0,0.0,0.0,2.655,0.0,1.46,0.0,0.0,2.029,0.0,0.0,0.0,1.46,0.0,1.46,0.0,2.39,0.0,2.655,0.0,0.0,0.0,2.39,0.0,0.0,0.0,2.029,0.0,0.0,0.0,0.0,2.029,1.46,0.0,0.0,2.029,0.0,1.46,0.0,1.46,0.0,1.46,0.0,0.0,0.0,0.0,0.0,0.0,1.46,1.46,1.46,0.0,0.0,0.0,0.0,0.0,0.0,1.46,0.0,0.0,0.0,1.46,0.0,0.0,1.46,0.0,0.0,0.0,0.0,2.029,0.0,0.0,0.0,2.029,0.0,2.029,0.0,2.029,0.0,1.46,0.0,0.0,0.0,0.0,0.0,0.0,0.0,0.0,0.0,0.0,0.0,0.0,2.39,0.0,1.46,0.0,0.0,0.0,2.655,0.0,0.0,2.39,0.0,0.0,0.0,1.46,1.46,0.0,0.0,0.0,1.46,1.46,0.0,0.0,1.46,0.0,0.0,0.0,0.0,1.46,0.0,0.0,0.0,0.0,1.46,1.46,0.0,1.46,0.0,0.0,2.029,1.46,0.0,0.0,0.0,2.029,0.0,0.0,0.0,0.0,1.46,1.46,0.0,1.46,0.0,1.46,0.0,1.46,2.029,0.0,0.0,0.0,0.0,0.0,0.0,0.0,0.0,0.0,2.029,0.0,0.0,0.0,0.0,0.0,2.029,2.864,1.46,1.46,0.0,0.0,0.0,0.0,0.0,0.0,1.46,0.0,0.0,1.46,0.0,2.029,2.029,1.46,0.0,0.0,1.46,0.0,0.0,0.0,3.705,0.0,0.0,0.0,0.0,1.46,3.184,1.46,2.864,0.0,0.0,0.0,2.029,0.0,0.0,0.0,0.0,0.0,0.0,0.0,1.46,0.0,0.0,0.0,0.0,0.0,0.0,4.94,0.0,1.46,2.029,2.39,1.46,0.0,0.0,1.46,0.0,0.0,2.029,0.0,2.029,0.0,0.0,0.0,1.46,0.0,1.46,0.0,0.0,0.0,1.46,0.0,1.46,0.0,0.0,0.0
Dendritische Zelle,0.0,0.0,1.463,2.033,0.0,0.0,1.463,1.463,1.463,0.0,0.0,1.463,0.0,0.0,0.0,0.0,0.0,2.659,2.033,0.0,0.0,0.0,1.463,0.0,0.0,0.0,0.0,0.0,2.033,0.0,0.0,1.463,0.0,1.463,0.0,2.394,0.0,0.0,2.033,1.463,1.463,2.394,1.463,0.0,2.659,2.033,0.0,1.463,0.0,2.868,1.463,3.188,1.463,0.0,3.316,3.532,0.0,2.394,0.0,0.0,0.0,0.0,1.463,0.0,0.0,0.0,1.463,0.0,3.788,0.0,3.188,0.0,2.033,0.0,0.0,0.0,2.033,0.0,0.0,0.0,1.463,0.0,1.463,0.0,1.463,0.0,0.0,0.0,0.0,0.0,0.0,0.0,0.0,0.0,0.0,0.0,0.0,1.463,0.0,0.0,2.033,1.463,4.211,0.0,0.0,0.0,0.0,0.0,1.463,0.0,0.0,1.463,0.0,0.0,0.0,0.0,1.463,0.0,1.463,0.0,0.0,0.0,0.0,0.0,1.463,0.0,0.0,2.033,0.0,1.463,0.0,0.0,0.0,0.0,0.0,0.0,0.0,0.0,1.463,1.463,0.0,0.0,0.0,2.033,0.0,0.0,0.0,1.463,0.0,0.0,0.0,0.0,0.0,1.463,0.0,0.0,0.0,0.0,2.033,0.0,2.033,0.0,0.0,2.868,0.0,0.0,0.0,0.0,0.0,0.0,0.0,0.0,0.0,0.0,1.463,2.033,0.0,0.0,0.0,2.033,1.463,1.463,0.0,0.0,0.0,1.463,1.463,2.033,1.463,0.0,2.033,0.0,0.0,2.394,1.463,1.463,1.463,0.0,0.0,2.394,0.0,0.0,3.188,0.0,0.0,0.0,0.0,0.0,0.0,4.305,0.0,1.463,2.033,2.033,0.0,0.0,0.0,1.463,0.0,2.394,1.463,0.0,0.0,0.0,2.394,0.0,1.463,0.0,0.0,0.0,0.0,3.788,3.991,0.0,3.188,1.463,3.43,3.188,3.316,2.394,1.463,0.0,1.463,0.0,2.868,3.188,0.0,0.0,1.463,1.463,0.0,0.0,0.0,1.463,0.0,0.0,0.0,0.0,0.0,0.0,1.463,2.394,0.0,0.0,0.0,0.0,2.033,0.0,2.394,0.0,2.033,0.0,2.033,1.463,0.0,0.0,1.463,0.0,1.463,0.0,1.463,0.0,0.0,0.0,0.0,1.463,0.0,0.0,0.0,0.0,0.0,0.0,0.0,1.463,0.0,1.463,0.0,1.463,2.394,0.0,0.0,0.0,0.0,0.0,0.0,0.0,0.0,0.0,0.0,1.463,0.0,1.463,2.394,1.463,1.463,0.0,2.394,2.033,0.0,0.0,1.463,0.0,0.0,0.0,1.463,0.0,0.0,0.0,0.0,0.0,2.659,0.0,0.0,0.0,0.0,0.0,0.0,0.0,0.0,0.0,0.0,0.0,0.0,0.0,0.0,1.463,0.0,1.463,0.0,2.033,0.0,0.0,0.0,0.0,1.463,1.463,0.0,1.463,1.463,0.0,0.0,1.463,0.0,2.033,0.0,1.463,1.463,1.463,1.463,0.0,0.0,0.0,1.463,2.033,2.033,0.0,0.0,0.0,0.0,1.463,0.0,0.0,1.463,0.0,0.0,0.0,1.463,1.463,3.041,0.0,0.0,2.868,2.868,1.463,2.868,0.0,0.0,0.0,2.033,0.0,0.0,0.0,0.0,0.0,0.0,0.0,0.0,0.0,3.71,0.0,1.463,0.0,0.0,2.033,1.463,0.0,0.0,0.0,1.463,1.463,0.0,3.041,0.0,0.0,1.463,0.0,0.0,1.463,0.0,0.0,2.033,0.0,0.0,2.033,0.0,0.0,2.033,0.0,2.659,2.033,2.033,0.0,2.033,0.0,0.0,0.0,1.463,0.0,0.0,0.0,1.463,0.0,0.0,0.0,0.0,2.033,1.463,0.0,0.0,0.0,0.0,0.0,0.0,0.0,0.0,0.0,0.0,0.0,0.0,0.0,0.0,0.0,0.0,0.0,0.0,0.0,0.0,2.394,0.0,2.394,0.0,0.0,0.0,0.0,2.033,0.0,1.463,2.868,0.0,2.033,1.463,2.868,1.463,0.0,0.0,1.463,1.463,2.394,1.463,0.0,1.463,0.0,0.0,1.463,0.0,1.463,0.0,0.0,0.0,0.0,2.033,0.0,0.0,0.0,0.0,2.033,2.394,0.0,0.0,0.0,1.463,1.463,0.0,0.0,2.033,2.033,1.463,0.0,1.463,0.0,0.0,0.0,1.463,1.463,1.463,2.033,0.0,0.0,0.0,0.0,0.0,0.0,1.463,2.394,0.0,0.0,0.0,0.0,0.0,2.033,2.033,1.463,0.0,2.033,0.0,0.0,0.0,0.0,0.0,1.463,1.463,0.0,0.0,0.0,0.0,0.0,0.0,0.0,0.0,0.0,0.0,0.0,2.659,0.0,0.0,0.0,0.0,0.0,1.463,0.0,0.0,0.0,1.463,0.0,0.0,0.0,0.0,0.0,1.463,0.0,1.463,1.463,0.0,0.0,3.316,0.0,1.463,1.463,0.0,0.0,0.0,0.0,0.0,0.0,0.0,1.463,0.0,0.0,0.0,0.0,0.0,0.0,0.0,0.0,2.394,0.0,1.463,0.0,0.0,0.0,2.394,1.463,2.394,0.0,0.0,0.0,0.0,0.0,0.0,2.033,0.0,0.0,1.463,0.0,0.0,2.033,0.0,1.463,0.0,0.0,0.0,3.316,1.463,0.0,2.394,2.394,1.463,0.0,0.0,1.463,0.0,0.0,0.0,3.041,1.463,2.868,0.0,1.463,0.0,3.188,0.0,1.463,2.033,0.0,0.0,0.0,0.0,1.463,1.463,1.463,0.0,1.463,0.0,0.0,1.463,0.0,0.0,1.463,0.0,0.0,1.463,0.0,2.033,0.0,0.0,0.0,1.463,3.316,0.0,0.0,0.0,1.463,1.463,2.394,1.463,0.0,0.0,2.394,1.463,1.463,2.659,0.0,0.0,0.0,3.316,0.0,0.0,0.0,1.463,0.0,0.0,1.463,0.0,0.0,2.394,4.968,0.0,1.463,0.0,0.0,0.0,0.0,1.463,0.0,3.625,0.0,0.0,0.0,0.0,0.0,0.0,0.0,0.0,1.463,0.0,0.0,0.0,0.0,1.463,0.0,1.463,0.0,0.0,1.463,0.0,0.0,0.0,0.0,0.0,2.394,0.0,0.0,0.0,0.0,0.0,0.0,1.463,0.0,0.0,2.394,0.0,2.033,0.0,1.463,0.0
T-Zelle,0.0,0.0,0.0,1.499,0.0,0.0,0.0,0.0,1.499,0.0,2.074,0.0,0.0,0.0,1.499,1.499,0.0,3.755,0.0,2.074,0.0,2.074,2.437,0.0,0.0,0.0,0.0,1.499,0.0,0.0,0.0,1.499,0.0,0.0,0.0,1.499,2.074,2.074,0.0,0.0,0.0,0.0,1.499,0.0,0.0,0.0,0.0,0.0,1.499,0.0,0.0,3.67,0.0,0.0,3.233,4.257,0.0,2.074,0.0,1.499,2.074,0.0,0.0,0.0,0.0,0.0,3.085,0.0,0.0,0.0,0.0,0.0,1.499,0.0,0.0,0.0,0.0,0.0,0.0,0.0,1.499,0.0,0.0,0.0,2.074,0.0,0.0,0.0,0.0,0.0,2.437,0.0,1.499,0.0,0.0,0.0,1.499,1.499,1.499,0.0,0.0,0.0,0.0,0.0,0.0,1.499,1.499,0.0,3.085,0.0,0.0,1.499,2.074,0.0,0.0,0.0,1.499,1.499,0.0,1.499,0.0,0.0,1.499,0.0,0.0,0.0,0.0,0.0,1.499,1.499,0.0,0.0,0.0,0.0,0.0,0.0,0.0,0.0,0.0,3.233,0.0,2.437,0.0,1.499,2.074,0.0,0.0,0.0,0.0,0.0,0.0,0.0,0.0,2.074,0.0,1.499,0.0,0.0,0.0,1.499,1.499,1.499,0.0,0.0,0.0,0.0,0.0,0.0,0.0,0.0,0.0,0.0,0.0,0.0,0.0,0.0,0.0,0.0,0.0,1.499,0.0,0.0,0.0,0.0,1.499,1.499,1.499,0.0,1.499,0.0,1.499,0.0,0.0,0.0,1.499,1.499,2.074,0.0,1.499,1.499,1.499,0.0,2.074,0.0,0.0,0.0,0.0,1.499,1.499,0.0,0.0,2.437,2.437,1.499,1.499,0.0,0.0,1.499,1.499,0.0,0.0,0.0,0.0,1.499,0.0,0.0,0.0,0.0,0.0,0.0,3.085,0.0,0.0,1.499,2.912,0.0,0.0,0.0,0.0,0.0,0.0,0.0,0.0,0.0,0.0,0.0,0.0,0.0,1.499,2.074,1.499,0.0,0.0,0.0,0.0,0.0,0.0,0.0,0.0,0.0,0.0,1.499,0.0,2.074,0.0,0.0,0.0,0.0,2.074,0.0,0.0,0.0,2.702,0.0,0.0,0.0,2.074,0.0,0.0,0.0,2.912,0.0,1.499,0.0,0.0,0.0,0.0,0.0,0.0,0.0,0.0,0.0,0.0,0.0,0.0,0.0,0.0,0.0,0.0,0.0,0.0,0.0,0.0,0.0,0.0,0.0,1.499,2.074,0.0,2.437,0.0,2.437,0.0,0.0,0.0,1.499,0.0,0.0,0.0,0.0,0.0,2.074,1.499,0.0,2.074,0.0,0.0,0.0,0.0,0.0,1.499,0.0,0.0,0.0,0.0,0.0,0.0,0.0,0.0,0.0,0.0,2.437,0.0,1.499,0.0,0.0,0.0,0.0,0.0,2.702,0.0,0.0,0.0,0.0,0.0,0.0,0.0,0.0,0.0,2.074,0.0,1.499,0.0,2.074,0.0,0.0,1.499,0.0,0.0,0.0,2.074,0.0,0.0,0.0,0.0,1.499,0.0,0.0,0.0,3.67,0.0,0.0,0.0,0.0,2.074,0.0,0.0,0.0,2.074,0.0,0.0,0.0,1.499,0.0,2.912,1.499,0.0,0.0,1.499,0.0,0.0,0.0,0.0,1.499,0.0,1.499,0.0,0.0,1.499,0.0,0.0,0.0,1.499,0.0,0.0,0.0,1.499,0.0,2.074,0.0,2.437,0.0,0.0,0.0,0.0,0.0,0.0,0.0,1.499,1.499,0.0,2.074,2.074,2.074,0.0,0.0,1.499,0.0,1.499,1.499,3.67,0.0,0.0,0.0,1.499,0.0,0.0,0.0,1.499,0.0,0.0,1.499,0.0,0.0,0.0,2.074,2.912,2.074,1.499,0.0,0.0,2.074,0.0,0.0,0.0,1.499,0.0,0.0,0.0,0.0,0.0,0.0,2.074,0.0,3.085,0.0,0.0,2.437,0.0,2.437,0.0,0.0,1.499,1.499,1.499,0.0,0.0,0.0,0.0,2.074,0.0,1.499,1.499,0.0,0.0,0.0,2.074,0.0,0.0,1.499,0.0,0.0,0.0,0.0,0.0,2.702,0.0,0.0,0.0,0.0,0.0,0.0,0.0,0.0,0.0,0.0,0.0,2.912,0.0,0.0,0.0,1.499,0.0,0.0,2.912,1.499,0.0,0.0,0.0,1.499,0.0,2.702,0.0,3.577,2.074,0.0,0.0,1.499,0.0,0.0,0.0,1.499,1.499,3.085,1.499,0.0,0.0,2.437,0.0,1.499,0.0,0.0,0.0,0.0,2.074,1.499,0.0,0.0,1.499,0.0,2.074,0.0,2.074,0.0,0.0,0.0,0.0,0.0,0.0,0.0,0.0,1.499,2.912,1.499,1.499,0.0,0.0,0.0,0.0,0.0,0.0,0.0,0.0,0.0,0.0,0.0,0.0,0.0,2.074,0.0,1.499,0.0,0.0,0.0,0.0,0.0,2.437,0.0,0.0,0.0,0.0,0.0,0.0,0.0,0.0,0.0,0.0,0.0,1.499,0.0,0.0,0.0,0.0,0.0,0.0,0.0,0.0,0.0,0.0,0.0,0.0,0.0,0.0,0.0,0.0,0.0,0.0,1.499,0.0,2.074,0.0,0.0,0.0,0.0,0.0,1.499,1.499,0.0,0.0,0.0,0.0,0.0,0.0,0.0,0.0,2.437,0.0,0.0,0.0,0.0,0.0,1.499,0.0,1.499,0.0,2.437,2.702,2.437,0.0,0.0,1.499,0.0,1.499,0.0,1.499,0.0,0.0,0.0,3.233,2.437,0.0,0.0,0.0,0.0,2.074,0.0,0.0,0.0,0.0,1.499,0.0,0.0,0.0,0.0,0.0,0.0,1.499,0.0,1.499,0.0,0.0,0.0,0.0,0.0,0.0,0.0,0.0,0.0,2.074,0.0,1.499,2.074,0.0,2.074,0.0,1.499,0.0,0.0,0.0,0.0,1.499,0.0,0.0,2.437,1.499,2.437,0.0,2.074,0.0,2.912,0.0,0.0,0.0,0.0,0.0,0.0,0.0,0.0,0.0,0.0,0.0,0.0,0.0,0.0,1.499,0.0,0.0,0.0,0.0,0.0,1.499,0.0,1.499,0.0,1.499,0.0,0.0,1.499,0.0,0.0,0.0,0.0,0.0,1.499,0.0,0.0,0.0,0.0,0.0,1.499,1.499,0.0,0.0,0.0,0.0
Dendritische Zelle,0.0,0.0,1.131,2.24,0.0,0.0,1.131,1.131,0.0,1.131,0.0,1.131,0.0,0.0,0.0,0.0,0.0,1.131,1.987,1.131,0.0,0.0,0.0,0.0,0.0,0.0,0.0,0.0,2.24,1.131,0.0,1.131,1.131,1.648,1.131,0.0,0.0,0.0,1.648,0.0,2.442,1.131,0.0,0.0,0.0,0.0,0.0,0.0,0.0,2.753,0.0,2.753,1.648,0.0,2.99,3.414,0.0,1.131,0.0,0.0,0.0,1.648,1.131,0.0,1.987,3.09,1.648,0.0,2.24,0.0,0.0,0.0,0.0,0.0,0.0,0.0,0.0,2.24,0.0,0.0,1.987,0.0,0.0,0.0,1.131,0.0,0.0,0.0,0.0,0.0,0.0,2.609,0.0,1.131,1.648,0.0,0.0,1.131,1.648,0.0,1.131,0.0,0.0,0.0,0.0,0.0,1.648,0.0,0.0,0.0,0.0,1.131,1.987,0.0,1.131,0.0,0.0,1.131,0.0,0.0,0.0,1.648,0.0,0.0,0.0,0.0,0.0,0.0,0.0,0.0,0.0,0.0,0.0,1.648,0.0,0.0,1.131,1.131,1.131,3.265,0.0,0.0,1.131,0.0,2.24,0.0,0.0,0.0,0.0,0.0,0.0,0.0,0.0,0.0,1.648,0.0,0.0,1.131,0.0,0.0,1.131,1.131,0.0,0.0,1.131,0.0,0.0,0.0,1.131,0.0,0.0,0.0,1.131,1.131,0.0,0.0,0.0,0.0,0.0,1.131,1.131,1.131,1.131,0.0,1.131,0.0,2.24,0.0,2.24,1.131,1.131,0.0,0.0,0.0,1.131,1.648,2.24,0.0,0.0,1.648,0.0,0.0,1.131,0.0,1.648,0.0,0.0,1.131,1.131,5.078,0.0,2.24,1.987,2.442,0.0,0.0,0.0,0.0,1.131,1.987,1.648,0.0,1.987,0.0,0.0,0.0,0.0,0.0,0.0,1.131,1.648,2.609,2.609,0.0,1.131,1.131,4.982,3.854,4.466,3.897,3.342,3.48,2.609,1.987,4.622,4.558,0.0,0.0,0.0,1.648,1.648,0.0,1.648,0.0,1.987,0.0,0.0,0.0,0.0,1.131,0.0,1.131,0.0,0.0,0.0,1.131,0.0,0.0,2.442,0.0,0.0,0.0,1.648,1.648,2.753,0.0,0.0,1.131,0.0,1.131,2.24,0.0,0.0,1.131,1.131,1.131,1.131,0.0,1.648,0.0,0.0,0.0,0.0,0.0,1.131,1.131,0.0,2.442,1.131,0.0,0.0,0.0,0.0,0.0,0.0,0.0,0.0,1.648,0.0,0.0,0.0,0.0,0.0,0.0,0.0,1.648,1.131,1.648,0.0,0.0,0.0,1.131,0.0,1.131,0.0,1.987,0.0,0.0,0.0,1.648,1.648,0.0,2.442,0.0,0.0,0.0,0.0,0.0,0.0,0.0,0.0,0.0,0.0,0.0,0.0,1.131,1.131,0.0,0.0,0.0,0.0,1.648,0.0,0.0,0.0,1.131,0.0,1.648,0.0,0.0,0.0,1.131,0.0,0.0,1.131,0.0,1.131,0.0,0.0,0.0,1.131,0.0,1.131,0.0,1.987,0.0,0.0,0.0,0.0,2.99,0.0,0.0,1.648,0.0,0.0,0.0,1.987,0.0,2.24,1.131,0.0,0.0,0.0,0.0,3.342,0.0,0.0,0.0,1.131,0.0,0.0,0.0,1.648,0.0,0.0,0.0,1.131,0.0,1.131,0.0,0.0,1.131,0.0,1.131,1.131,0.0,0.0,0.0,2.442,1.648,0.0,1.131,0.0,0.0,0.0,0.0,0.0,0.0,1.648,0.0,0.0,0.0,1.131,0.0,0.0,0.0,2.24,0.0,1.648,0.0,0.0,1.131,3.09,0.0,1.987,0.0,1.648,0.0,0.0,0.0,0.0,0.0,0.0,0.0,1.131,1.648,0.0,0.0,0.0,0.0,0.0,0.0,0.0,1.648,0.0,0.0,0.0,0.0,0.0,0.0,0.0,0.0,0.0,0.0,1.131,1.131,0.0,1.131,1.131,2.442,0.0,2.442,0.0,0.0,2.442,0.0,0.0,4.907,0.0,1.131,0.0,1.648,0.0,1.131,0.0,0.0,2.24,0.0,1.987,0.0,0.0,1.131,0.0,0.0,0.0,1.131,1.131,0.0,0.0,0.0,0.0,0.0,0.0,1.648,0.0,0.0,1.131,1.648,0.0,0.0,0.0,0.0,0.0,0.0,1.648,0.0,1.987,0.0,1.648,1.131,0.0,2.24,1.131,0.0,1.131,0.0,1.131,1.131,0.0,0.0,1.131,1.131,1.131,2.878,0.0,0.0,0.0,0.0,0.0,1.131,0.0,1.131,1.131,1.131,0.0,0.0,0.0,1.987,1.648,0.0,0.0,0.0,1.131,0.0,0.0,1.131,0.0,0.0,0.0,0.0,1.648,0.0,1.131,0.0,0.0,0.0,1.648,0.0,0.0,0.0,0.0,0.0,0.0,0.0,0.0,1.648,0.0,1.131,0.0,0.0,1.648,0.0,2.878,1.648,1.987,0.0,1.648,0.0,0.0,1.131,1.987,1.131,0.0,1.648,0.0,0.0,0.0,0.0,0.0,0.0,0.0,0.0,0.0,1.131,0.0,0.0,1.131,1.131,1.131,0.0,2.24,1.131,1.648,0.0,0.0,0.0,0.0,0.0,1.648,0.0,1.131,0.0,0.0,1.131,0.0,0.0,0.0,0.0,0.0,0.0,0.0,4.558,1.131,0.0,1.131,0.0,1.131,1.131,1.987,0.0,0.0,0.0,0.0,1.131,0.0,2.609,1.648,0.0,0.0,0.0,0.0,0.0,1.648,1.648,0.0,1.131,0.0,0.0,1.131,0.0,0.0,0.0,0.0,0.0,2.24,0.0,1.131,0.0,1.131,1.987,0.0,0.0,0.0,0.0,0.0,0.0,1.648,3.181,1.131,0.0,0.0,0.0,0.0,0.0,1.131,1.648,1.131,1.987,1.648,0.0,1.987,1.987,0.0,0.0,2.442,0.0,0.0,0.0,0.0,0.0,1.987,0.0,0.0,0.0,2.442,4.017,1.648,1.987,0.0,1.131,0.0,0.0,0.0,1.131,0.0,1.131,0.0,0.0,0.0,1.648,0.0,1.131,1.131,1.131,0.0,0.0,0.0,0.0,1.131,0.0,1.131,0.0,0.0,0.0,1.648,0.0,3.09,2.609,0.0,0.0,0.0,1.987,1.648,0.0,0.0,1.987,0.0,0.0,0.0,0.0,1.131,0.0,0.0,1.131,1.131
Dendritische Zelle,0.0,0.0,0.0,0.0,0.0,1.551,1.551,0.0,2.132,0.0,0.0,0.0,2.764,0.0,0.0,0.0,0.0,0.0,2.132,0.0,0.0,0.0,0.0,2.497,0.0,0.0,0.0,1.551,0.0,0.0,0.0,0.0,0.0,0.0,1.551,0.0,0.0,1.551,3.148,0.0,2.132,2.497,0.0,0.0,0.0,0.0,0.0,2.132,1.551,3.539,0.0,2.132,2.132,0.0,3.425,4.102,0.0,2.132,0.0,0.0,0.0,0.0,0.0,0.0,1.551,0.0,1.551,0.0,3.735,0.0,3.539,0.0,0.0,0.0,0.0,0.0,0.0,0.0,0.0,0.0,0.0,0.0,0.0,1.551,2.764,0.0,0.0,1.551,0.0,0.0,0.0,2.132,0.0,1.551,1.551,0.0,0.0,1.551,0.0,0.0,0.0,1.551,0.0,0.0,0.0,0.0,0.0,0.0,0.0,0.0,0.0,0.0,2.497,0.0,0.0,0.0,0.0,1.551,1.551,0.0,0.0,0.0,0.0,0.0,1.551,2.132,0.0,0.0,0.0,0.0,0.0,0.0,0.0,0.0,0.0,0.0,0.0,0.0,0.0,2.497,0.0,0.0,0.0,2.497,1.551,0.0,0.0,1.551,0.0,1.551,0.0,0.0,0.0,1.551,0.0,0.0,0.0,1.551,0.0,0.0,1.551,2.132,0.0,0.0,2.132,0.0,0.0,0.0,1.551,0.0,0.0,0.0,0.0,0.0,0.0,0.0,0.0,0.0,0.0,0.0,1.551,0.0,0.0,0.0,0.0,0.0,2.497,0.0,0.0,0.0,0.0,0.0,0.0,0.0,1.551,0.0,0.0,0.0,0.0,0.0,0.0,0.0,0.0,0.0,0.0,0.0,0.0,0.0,0.0,4.322,0.0,0.0,2.764,1.551,2.132,0.0,0.0,0.0,0.0,0.0,2.132,1.551,1.551,0.0,0.0,0.0,0.0,0.0,0.0,0.0,1.551,3.82,3.82,0.0,1.551,0.0,3.148,3.148,3.539,1.551,1.551,1.551,0.0,0.0,3.539,2.132,0.0,1.551,0.0,0.0,2.132,1.551,1.551,0.0,0.0,0.0,0.0,0.0,0.0,0.0,0.0,1.551,0.0,0.0,0.0,2.132,0.0,1.551,1.551,0.0,0.0,0.0,1.551,1.551,1.551,0.0,2.132,0.0,0.0,1.551,2.497,0.0,0.0,0.0,0.0,0.0,1.551,0.0,0.0,0.0,0.0,0.0,0.0,0.0,0.0,1.551,0.0,0.0,2.132,0.0,0.0,0.0,0.0,0.0,0.0,0.0,0.0,1.551,0.0,0.0,0.0,2.497,2.132,0.0,0.0,1.551,2.764,2.975,0.0,0.0,1.551,1.551,1.551,0.0,0.0,0.0,0.0,0.0,0.0,0.0,1.551,0.0,0.0,0.0,0.0,0.0,0.0,0.0,0.0,0.0,0.0,0.0,0.0,0.0,0.0,1.551,1.551,0.0,0.0,3.642,0.0,0.0,1.551,0.0,0.0,0.0,0.0,0.0,1.551,0.0,1.551,2.497,0.0,0.0,1.551,0.0,0.0,0.0,1.551,0.0,1.551,0.0,0.0,0.0,0.0,0.0,0.0,0.0,0.0,2.975,0.0,0.0,0.0,0.0,1.551,0.0,1.551,0.0,2.497,0.0,0.0,1.551,3.148,2.132,2.975,0.0,1.551,0.0,0.0,0.0,1.551,0.0,2.497,0.0,0.0,0.0,0.0,0.0,3.898,1.551,2.764,0.0,0.0,1.551,0.0,0.0,1.551,0.0,2.132,1.551,0.0,1.551,0.0,2.132,0.0,0.0,0.0,0.0,0.0,0.0,0.0,1.551,1.551,1.551,0.0,0.0,2.764,0.0,2.497,0.0,0.0,0.0,2.764,0.0,0.0,0.0,1.551,0.0,0.0,0.0,2.132,0.0,0.0,0.0,0.0,1.551,1.551,0.0,0.0,0.0,0.0,0.0,0.0,0.0,0.0,1.551,0.0,0.0,0.0,0.0,0.0,0.0,2.132,0.0,0.0,0.0,0.0,1.551,0.0,2.497,0.0,0.0,0.0,0.0,0.0,0.0,1.551,2.975,0.0,3.148,2.132,2.132,0.0,0.0,1.551,0.0,2.497,1.551,1.551,0.0,0.0,0.0,0.0,0.0,0.0,1.551,0.0,0.0,0.0,0.0,0.0,0.0,0.0,0.0,1.551,0.0,2.764,2.132,0.0,0.0,0.0,2.132,0.0,0.0,2.132,0.0,2.497,0.0,0.0,1.551,0.0,1.551,0.0,1.551,0.0,1.551,2.132,1.551,0.0,0.0,0.0,0.0,0.0,2.497,1.551,0.0,0.0,0.0,0.0,0.0,2.132,0.0,0.0,1.551,0.0,0.0,1.551,0.0,0.0,0.0,0.0,0.0,0.0,0.0,0.0,0.0,0.0,1.551,1.551,0.0,0.0,0.0,1.551,0.0,0.0,0.0,0.0,0.0,0.0,0.0,0.0,0.0,1.551,0.0,1.551,0.0,0.0,0.0,0.0,0.0,0.0,0.0,0.0,1.551,2.132,0.0,0.0,1.551,0.0,0.0,0.0,1.551,0.0,0.0,0.0,0.0,0.0,1.551,0.0,0.0,0.0,0.0,2.132,0.0,1.551,0.0,0.0,0.0,1.551,0.0,2.497,1.551,1.551,0.0,0.0,0.0,0.0,0.0,0.0,0.0,0.0,2.497,0.0,1.551,1.551,0.0,0.0,1.551,0.0,0.0,0.0,2.132,0.0,0.0,0.0,2.132,0.0,1.551,0.0,0.0,0.0,1.551,0.0,2.132,0.0,3.296,1.551,0.0,0.0,2.764,0.0,0.0,0.0,0.0,0.0,0.0,0.0,0.0,0.0,0.0,0.0,0.0,0.0,0.0,0.0,0.0,0.0,2.497,0.0,1.551,0.0,2.975,0.0,0.0,0.0,0.0,2.497,3.735,0.0,0.0,0.0,0.0,0.0,0.0,1.551,0.0,2.132,3.296,1.551,2.132,2.132,1.551,0.0,0.0,3.735,0.0,0.0,0.0,0.0,0.0,0.0,0.0,0.0,1.551,0.0,5.343,0.0,3.148,0.0,0.0,0.0,0.0,0.0,0.0,1.551,0.0,0.0,0.0,0.0,0.0,2.764,0.0,1.551,0.0,1.551,0.0,0.0,0.0,0.0,2.132,0.0,0.0,0.0,0.0,0.0,0.0,0.0,1.551,0.0,2.764,0.0,2.132,2.132,2.132,0.0,2.132,0.0,0.0,1.551,2.132,0.0,1.551,0.0,0.0,1.551
Dendritische Zelle,0.0,0.0,1.735,1.205,0.0,0.0,0.0,1.205,0.0,0.0,0.0,1.205,0.0,0.0,0.0,0.0,0.0,1.205,2.336,0.0,0.0,0.0,0.0,1.205,1.205,1.205,0.0,0.0,2.54,0.0,0.0,1.205,0.0,1.205,0.0,1.205,0.0,0.0,0.0,0.0,2.08,1.205,0.0,0.0,2.08,0.0,0.0,0.0,1.205,1.205,1.205,2.54,2.709,0.0,3.284,3.647,0.0,2.08,0.0,1.735,0.0,0.0,0.0,0.0,0.0,3.517,1.205,0.0,2.98,2.54,0.0,0.0,0.0,0.0,0.0,0.0,0.0,0.0,1.205,1.205,1.205,0.0,0.0,0.0,1.205,0.0,0.0,0.0,0.0,0.0,0.0,0.0,0.0,1.205,1.735,1.735,0.0,0.0,0.0,0.0,0.0,1.205,0.0,0.0,0.0,0.0,0.0,1.205,0.0,1.205,0.0,0.0,0.0,0.0,0.0,1.205,0.0,0.0,0.0,0.0,0.0,1.205,0.0,0.0,0.0,1.205,0.0,1.205,1.735,1.735,0.0,0.0,0.0,1.735,0.0,1.735,1.205,0.0,1.205,1.735,0.0,1.205,1.205,1.735,0.0,0.0,1.205,0.0,0.0,0.0,1.205,0.0,2.336,0.0,0.0,1.205,0.0,0.0,0.0,0.0,0.0,0.0,0.0,0.0,0.0,0.0,1.205,0.0,0.0,0.0,1.205,0.0,1.205,0.0,0.0,1.205,0.0,1.205,0.0,0.0,1.735,0.0,0.0,0.0,1.205,0.0,2.08,1.735,2.08,0.0,0.0,0.0,0.0,0.0,0.0,1.735,0.0,0.0,0.0,0.0,0.0,0.0,0.0,0.0,1.735,0.0,0.0,0.0,0.0,5.131,0.0,1.735,1.735,2.08,2.08,0.0,0.0,1.735,0.0,1.205,0.0,0.0,1.205,0.0,0.0,0.0,1.735,0.0,0.0,0.0,1.205,2.54,2.54,1.205,2.54,1.735,4.916,3.706,4.327,4.327,3.368,3.284,1.205,1.735,4.416,4.707,0.0,0.0,1.205,1.205,1.205,0.0,1.735,0.0,0.0,0.0,0.0,0.0,0.0,0.0,0.0,0.0,0.0,0.0,0.0,1.735,0.0,0.0,2.336,0.0,0.0,0.0,0.0,1.205,2.709,0.0,0.0,0.0,0.0,0.0,2.336,0.0,0.0,1.735,0.0,0.0,0.0,1.205,0.0,0.0,0.0,0.0,0.0,0.0,1.205,1.205,0.0,2.08,0.0,0.0,0.0,0.0,0.0,0.0,0.0,1.205,0.0,2.08,0.0,0.0,1.735,0.0,0.0,0.0,0.0,1.205,1.735,2.853,1.735,0.0,0.0,0.0,0.0,0.0,1.205,1.205,0.0,0.0,0.0,0.0,2.08,0.0,1.735,0.0,0.0,0.0,0.0,0.0,0.0,0.0,0.0,1.205,1.205,0.0,0.0,1.735,0.0,0.0,0.0,2.08,0.0,0.0,2.08,0.0,0.0,0.0,0.0,2.336,1.205,1.205,0.0,0.0,1.205,0.0,0.0,0.0,1.205,0.0,0.0,0.0,0.0,0.0,0.0,0.0,0.0,0.0,0.0,0.0,0.0,3.193,0.0,1.205,1.205,0.0,0.0,0.0,0.0,0.0,2.336,2.08,0.0,1.205,0.0,0.0,2.853,1.205,0.0,0.0,0.0,0.0,0.0,0.0,1.735,0.0,0.0,0.0,0.0,0.0,1.205,0.0,0.0,1.205,1.205,2.08,0.0,0.0,1.205,0.0,1.735,1.205,0.0,1.205,0.0,1.735,0.0,0.0,0.0,0.0,0.0,0.0,1.205,0.0,0.0,0.0,0.0,0.0,1.205,0.0,0.0,0.0,0.0,0.0,2.54,1.205,0.0,1.735,2.08,0.0,0.0,0.0,0.0,0.0,1.205,0.0,0.0,2.08,0.0,0.0,0.0,0.0,1.205,0.0,0.0,0.0,0.0,0.0,0.0,0.0,0.0,0.0,0.0,0.0,0.0,0.0,2.336,1.205,0.0,2.336,1.205,2.54,0.0,1.205,0.0,0.0,2.54,0.0,0.0,4.728,0.0,1.205,1.205,0.0,1.205,0.0,1.205,0.0,1.735,0.0,1.205,0.0,0.0,0.0,0.0,0.0,0.0,0.0,1.205,0.0,1.205,0.0,0.0,0.0,0.0,1.735,1.205,0.0,2.54,1.205,0.0,0.0,0.0,1.735,0.0,0.0,1.205,2.709,0.0,0.0,0.0,0.0,1.205,1.205,0.0,0.0,0.0,0.0,0.0,2.54,0.0,0.0,1.205,0.0,0.0,2.336,0.0,0.0,0.0,1.735,0.0,0.0,0.0,1.205,0.0,2.08,0.0,0.0,0.0,0.0,0.0,0.0,0.0,0.0,1.205,0.0,0.0,0.0,0.0,0.0,0.0,1.205,1.735,0.0,0.0,0.0,0.0,1.205,2.08,0.0,0.0,0.0,1.205,0.0,0.0,0.0,1.205,0.0,1.205,0.0,0.0,0.0,2.336,0.0,2.853,1.205,3.092,1.205,2.336,1.205,0.0,0.0,1.205,0.0,0.0,0.0,0.0,0.0,0.0,1.735,0.0,1.205,0.0,0.0,0.0,0.0,2.54,0.0,1.205,0.0,1.205,0.0,3.092,1.735,1.735,0.0,0.0,0.0,1.205,0.0,1.205,0.0,0.0,1.205,0.0,0.0,0.0,1.205,0.0,0.0,0.0,1.205,0.0,4.728,0.0,0.0,0.0,0.0,1.735,0.0,2.08,0.0,0.0,1.735,0.0,1.735,1.205,1.735,1.205,0.0,0.0,1.205,0.0,1.205,1.735,0.0,0.0,0.0,0.0,0.0,0.0,0.0,0.0,0.0,0.0,0.0,0.0,0.0,1.205,1.735,0.0,1.735,0.0,2.08,0.0,0.0,1.205,0.0,1.735,2.709,0.0,0.0,0.0,1.205,0.0,0.0,0.0,1.205,1.205,1.205,2.08,0.0,1.735,0.0,0.0,1.205,2.98,1.205,1.735,0.0,1.205,0.0,1.735,0.0,0.0,1.205,2.08,3.815,0.0,2.54,0.0,1.205,0.0,0.0,0.0,2.709,0.0,0.0,0.0,1.205,0.0,0.0,1.205,0.0,1.205,1.735,1.205,0.0,0.0,0.0,0.0,0.0,0.0,0.0,0.0,0.0,1.205,0.0,0.0,2.54,1.205,1.735,0.0,1.735,0.0,0.0,0.0,1.735,0.0,0.0,2.336,2.08,1.735,1.735,0.0,0.0,0.0
Dendritische Zelle,1.889,0.0,1.337,0.0,0.0,0.0,1.337,1.337,0.0,1.337,0.0,0.0,0.0,0.0,0.0,0.0,0.0,3.268,2.504,1.337,0.0,0.0,2.243,0.0,0.0,1.337,1.337,0.0,0.0,0.0,0.0,0.0,0.0,0.0,0.0,0.0,0.0,1.337,2.71,0.0,2.243,2.243,0.0,0.0,1.889,0.0,0.0,1.337,0.0,3.155,1.337,2.243,2.504,1.337,3.462,3.696,0.0,0.0,1.337,1.337,0.0,0.0,0.0,0.0,1.337,0.0,1.337,0.0,3.268,0.0,3.37,0.0,1.889,0.0,1.337,0.0,0.0,0.0,0.0,0.0,1.337,0.0,0.0,0.0,0.0,0.0,1.337,0.0,0.0,0.0,0.0,0.0,0.0,0.0,1.889,0.0,0.0,1.337,1.337,0.0,0.0,0.0,4.225,1.889,0.0,0.0,0.0,0.0,0.0,0.0,0.0,0.0,1.337,1.337,0.0,0.0,0.0,0.0,0.0,0.0,0.0,0.0,0.0,0.0,0.0,1.337,0.0,1.337,0.0,1.337,1.337,0.0,0.0,1.337,0.0,0.0,0.0,1.337,0.0,0.0,1.337,1.337,0.0,1.337,1.337,0.0,0.0,1.889,0.0,0.0,0.0,0.0,1.337,0.0,1.889,0.0,0.0,1.337,1.337,1.337,0.0,0.0,0.0,0.0,0.0,0.0,1.337,0.0,0.0,0.0,1.337,1.337,0.0,0.0,0.0,1.337,0.0,0.0,0.0,0.0,2.243,0.0,1.337,0.0,0.0,0.0,1.889,0.0,0.0,0.0,1.337,0.0,0.0,2.71,0.0,1.889,0.0,0.0,0.0,1.337,0.0,0.0,0.0,0.0,0.0,1.337,0.0,0.0,0.0,3.827,0.0,1.337,1.889,0.0,0.0,0.0,0.0,0.0,0.0,1.337,1.889,0.0,1.889,0.0,1.889,0.0,0.0,0.0,0.0,0.0,1.337,3.624,3.696,0.0,2.504,0.0,3.155,2.71,3.268,1.337,2.243,1.337,0.0,0.0,2.71,2.504,0.0,0.0,0.0,2.243,0.0,0.0,0.0,0.0,1.337,1.337,0.0,1.337,0.0,0.0,0.0,0.0,0.0,0.0,0.0,0.0,1.337,1.337,1.889,0.0,0.0,0.0,1.889,0.0,0.0,0.0,1.337,0.0,0.0,0.0,1.889,0.0,0.0,0.0,1.337,0.0,0.0,0.0,0.0,1.337,0.0,0.0,0.0,1.889,0.0,0.0,0.0,1.337,2.504,1.337,0.0,0.0,0.0,0.0,0.0,0.0,0.0,1.337,0.0,1.337,0.0,0.0,3.546,2.243,0.0,1.889,2.243,1.889,1.337,0.0,0.0,0.0,0.0,1.337,1.337,0.0,0.0,0.0,0.0,0.0,1.337,0.0,2.243,0.0,0.0,1.337,0.0,0.0,0.0,0.0,0.0,1.337,0.0,0.0,0.0,0.0,0.0,0.0,0.0,1.889,0.0,0.0,0.0,0.0,0.0,1.337,0.0,0.0,1.337,1.889,0.0,1.337,0.0,2.243,0.0,1.889,2.243,0.0,1.337,0.0,0.0,0.0,0.0,0.0,1.337,0.0,0.0,0.0,0.0,2.881,0.0,0.0,1.337,0.0,0.0,0.0,1.337,0.0,2.243,1.337,1.337,2.504,1.337,1.337,0.0,0.0,1.337,0.0,1.337,0.0,0.0,0.0,1.337,0.0,0.0,0.0,0.0,1.889,3.37,1.337,2.243,1.337,0.0,0.0,0.0,0.0,1.337,0.0,0.0,0.0,0.0,1.337,0.0,0.0,1.337,0.0,0.0,0.0,0.0,0.0,0.0,0.0,1.889,0.0,0.0,2.243,0.0,0.0,1.889,0.0,2.71,0.0,2.243,0.0,1.337,0.0,1.889,0.0,0.0,0.0,2.504,0.0,1.337,0.0,0.0,1.337,1.889,1.337,0.0,0.0,0.0,0.0,0.0,0.0,1.337,1.337,0.0,0.0,0.0,0.0,0.0,0.0,0.0,0.0,1.337,0.0,0.0,1.337,0.0,1.889,0.0,2.243,0.0,1.337,0.0,0.0,0.0,2.71,0.0,1.889,0.0,1.889,0.0,0.0,0.0,0.0,1.337,1.337,0.0,0.0,1.337,0.0,0.0,0.0,0.0,1.337,0.0,0.0,0.0,0.0,1.337,0.0,0.0,0.0,0.0,0.0,1.337,2.71,1.889,3.155,2.243,0.0,0.0,0.0,1.337,1.889,1.337,0.0,1.337,0.0,0.0,0.0,0.0,2.504,0.0,0.0,1.337,1.337,0.0,0.0,1.337,1.337,1.889,2.243,0.0,1.889,0.0,1.889,0.0,1.337,0.0,1.889,0.0,2.71,0.0,1.337,0.0,1.337,0.0,0.0,0.0,0.0,0.0,0.0,0.0,1.889,1.337,0.0,0.0,1.889,1.337,1.889,0.0,2.71,0.0,1.889,0.0,0.0,0.0,0.0,0.0,0.0,0.0,0.0,0.0,0.0,0.0,0.0,0.0,0.0,2.243,1.337,0.0,0.0,1.889,0.0,1.337,0.0,0.0,0.0,0.0,0.0,0.0,3.37,2.243,1.337,0.0,0.0,0.0,0.0,1.337,0.0,0.0,0.0,1.337,0.0,0.0,0.0,1.337,0.0,1.337,0.0,1.337,0.0,0.0,0.0,0.0,1.337,2.243,1.889,0.0,0.0,0.0,0.0,0.0,0.0,0.0,1.337,0.0,0.0,0.0,3.268,1.889,0.0,1.337,1.337,0.0,0.0,0.0,0.0,0.0,0.0,0.0,1.889,0.0,2.243,1.337,1.337,0.0,3.268,1.889,0.0,0.0,0.0,0.0,0.0,0.0,0.0,0.0,1.337,0.0,0.0,0.0,0.0,1.889,0.0,1.337,1.337,1.889,1.337,1.337,0.0,0.0,0.0,0.0,0.0,2.71,1.889,0.0,0.0,1.337,1.889,0.0,0.0,0.0,1.337,1.337,1.337,0.0,1.889,1.337,0.0,0.0,2.881,4.093,0.0,0.0,0.0,0.0,1.337,0.0,0.0,0.0,2.243,2.71,5.327,0.0,2.504,1.337,0.0,0.0,0.0,0.0,0.0,3.624,0.0,0.0,0.0,0.0,1.337,0.0,0.0,1.337,1.337,0.0,0.0,0.0,0.0,0.0,0.0,0.0,0.0,0.0,0.0,0.0,0.0,0.0,0.0,0.0,0.0,1.337,1.889,0.0,0.0,0.0,2.243,1.337,1.337,1.337,1.889,0.0,1.337,0.0,0.0,0.0
T-Zelle,0.0,1.309,0.0,1.309,0.0,1.309,0.0,0.0,0.0,0.0,2.209,0.0,0.0,0.0,0.0,1.309,0.0,3.905,0.0,1.857,0.0,1.857,1.309,1.857,0.0,0.0,1.309,0.0,0.0,0.0,0.0,0.0,0.0,1.857,1.309,1.309,0.0,1.857,1.857,0.0,0.0,0.0,2.209,0.0,0.0,0.0,0.0,0.0,1.857,1.309,0.0,2.469,0.0,0.0,2.675,3.849,0.0,0.0,0.0,0.0,0.0,0.0,1.309,0.0,0.0,0.0,0.0,0.0,0.0,0.0,0.0,0.0,1.857,0.0,1.309,0.0,0.0,0.0,0.0,0.0,1.857,1.309,0.0,0.0,1.309,0.0,0.0,1.309,0.0,0.0,0.0,2.209,0.0,1.857,1.857,0.0,1.309,0.0,0.0,0.0,0.0,1.857,0.0,0.0,0.0,0.0,0.0,0.0,2.469,0.0,0.0,2.846,1.857,1.309,0.0,1.309,1.309,0.0,1.309,0.0,1.309,0.0,0.0,0.0,0.0,1.309,1.309,0.0,0.0,0.0,0.0,0.0,0.0,0.0,1.857,0.0,0.0,0.0,0.0,1.309,0.0,0.0,2.209,0.0,2.469,1.309,0.0,1.857,0.0,0.0,0.0,0.0,0.0,0.0,1.309,0.0,0.0,0.0,1.309,0.0,1.309,1.309,0.0,0.0,0.0,0.0,0.0,0.0,1.857,0.0,0.0,0.0,1.309,0.0,0.0,0.0,0.0,0.0,0.0,0.0,1.309,3.232,1.309,0.0,1.857,1.309,1.309,1.857,1.857,1.857,1.857,1.857,0.0,0.0,0.0,2.209,2.209,0.0,0.0,0.0,1.857,0.0,1.857,0.0,1.309,0.0,0.0,2.209,0.0,1.309,2.675,3.119,0.0,2.469,1.857,0.0,0.0,0.0,0.0,0.0,1.309,0.0,0.0,0.0,1.309,0.0,1.857,0.0,1.309,1.309,4.303,0.0,0.0,0.0,1.857,1.857,0.0,1.309,0.0,0.0,0.0,0.0,0.0,0.0,0.0,0.0,0.0,0.0,0.0,1.857,0.0,0.0,1.309,0.0,1.309,0.0,0.0,0.0,0.0,0.0,0.0,2.675,0.0,0.0,0.0,1.309,0.0,1.857,1.309,0.0,0.0,0.0,1.857,1.857,0.0,0.0,0.0,0.0,2.209,2.209,2.991,0.0,0.0,1.309,0.0,1.309,1.309,0.0,0.0,0.0,0.0,0.0,0.0,0.0,0.0,1.309,0.0,0.0,0.0,1.309,0.0,0.0,1.857,0.0,1.857,0.0,0.0,0.0,1.309,3.119,0.0,2.469,0.0,0.0,0.0,2.469,1.857,0.0,0.0,0.0,0.0,0.0,0.0,1.857,0.0,1.857,1.857,0.0,0.0,1.309,1.857,0.0,1.857,0.0,0.0,0.0,0.0,0.0,1.309,0.0,0.0,1.309,0.0,0.0,0.0,1.309,0.0,1.309,0.0,1.309,1.309,1.309,0.0,2.469,1.857,0.0,0.0,1.309,1.857,1.309,0.0,1.309,1.857,0.0,0.0,1.309,0.0,0.0,0.0,0.0,0.0,0.0,0.0,0.0,0.0,0.0,0.0,1.309,0.0,1.857,0.0,0.0,0.0,0.0,0.0,0.0,0.0,1.309,0.0,0.0,0.0,1.857,0.0,1.309,2.675,0.0,0.0,0.0,0.0,0.0,1.309,0.0,1.857,1.309,0.0,0.0,0.0,0.0,1.309,0.0,0.0,0.0,1.309,0.0,0.0,0.0,0.0,0.0,1.309,0.0,0.0,0.0,1.309,0.0,0.0,0.0,0.0,0.0,0.0,0.0,1.857,0.0,0.0,2.469,0.0,0.0,0.0,0.0,2.209,1.857,3.509,2.209,0.0,0.0,0.0,0.0,1.309,0.0,0.0,0.0,0.0,1.857,0.0,1.309,0.0,1.857,1.857,1.309,2.469,1.309,0.0,2.469,0.0,1.309,0.0,0.0,0.0,0.0,0.0,0.0,0.0,0.0,1.309,0.0,3.333,1.857,1.857,1.857,1.309,1.309,0.0,0.0,0.0,0.0,2.209,0.0,0.0,0.0,0.0,1.309,1.309,2.675,1.309,0.0,0.0,1.309,2.209,0.0,2.469,0.0,0.0,1.309,0.0,0.0,0.0,1.309,0.0,0.0,1.309,0.0,0.0,0.0,0.0,0.0,0.0,1.309,1.857,0.0,0.0,0.0,0.0,0.0,0.0,0.0,2.469,1.857,0.0,0.0,0.0,0.0,0.0,1.309,0.0,2.469,2.675,1.309,0.0,2.209,0.0,0.0,1.309,0.0,1.309,1.857,1.309,0.0,0.0,2.675,0.0,0.0,0.0,0.0,0.0,0.0,1.309,0.0,0.0,0.0,0.0,1.309,0.0,0.0,0.0,0.0,0.0,0.0,0.0,0.0,0.0,1.309,0.0,0.0,0.0,2.209,1.309,0.0,2.209,0.0,1.309,0.0,2.469,0.0,0.0,0.0,0.0,1.857,0.0,0.0,1.309,0.0,1.309,0.0,0.0,1.309,1.309,0.0,1.309,0.0,0.0,0.0,0.0,0.0,0.0,0.0,0.0,0.0,0.0,1.857,1.309,0.0,0.0,0.0,0.0,1.309,0.0,1.309,2.209,0.0,2.209,0.0,1.857,0.0,1.309,0.0,0.0,0.0,0.0,0.0,0.0,0.0,0.0,0.0,0.0,0.0,0.0,0.0,0.0,1.309,0.0,1.309,0.0,0.0,0.0,2.209,0.0,1.309,0.0,0.0,2.469,0.0,0.0,1.857,0.0,0.0,0.0,1.857,2.209,0.0,0.0,0.0,1.857,0.0,1.857,1.857,0.0,1.309,0.0,0.0,2.209,2.675,0.0,0.0,1.309,0.0,2.209,1.857,1.309,0.0,0.0,1.857,0.0,1.857,0.0,0.0,0.0,0.0,2.209,2.209,1.309,0.0,0.0,2.209,1.309,1.309,0.0,2.469,0.0,0.0,1.309,0.0,0.0,1.857,0.0,0.0,0.0,1.309,1.309,0.0,0.0,0.0,1.309,1.309,1.857,0.0,1.857,2.469,0.0,1.857,1.309,3.119,0.0,0.0,0.0,0.0,0.0,0.0,0.0,0.0,0.0,0.0,1.309,0.0,0.0,0.0,1.309,0.0,0.0,0.0,0.0,0.0,1.857,0.0,1.309,0.0,1.309,0.0,0.0,1.309,0.0,0.0,0.0,0.0,1.309,1.309,0.0,0.0,0.0,0.0,0.0,0.0,0.0,1.857,0.0,0.0,0.0
Dendritische Zelle,0.0,0.0,0.0,1.78,0.0,1.243,0.0,0.0,0.0,1.243,0.0,0.0,0.0,0.0,0.0,0.0,0.0,1.78,0.0,1.243,0.0,1.243,0.0,0.0,0.0,0.0,1.243,1.78,1.243,0.0,0.0,1.78,0.0,0.0,0.0,0.0,0.0,0.0,1.243,0.0,2.905,1.78,0.0,0.0,0.0,0.0,0.0,1.78,1.78,1.243,0.0,1.78,0.0,0.0,2.128,3.245,0.0,2.385,1.243,0.0,0.0,0.0,1.243,0.0,0.0,3.7,2.385,0.0,1.78,1.243,0.0,0.0,0.0,1.243,0.0,0.0,0.0,1.243,0.0,1.243,0.0,0.0,1.243,0.0,0.0,0.0,1.78,0.0,1.243,0.0,0.0,0.0,0.0,0.0,1.78,0.0,0.0,1.243,0.0,0.0,0.0,0.0,1.243,0.0,0.0,0.0,0.0,0.0,0.0,1.78,0.0,0.0,1.78,0.0,1.78,0.0,0.0,0.0,0.0,0.0,0.0,1.243,0.0,0.0,0.0,1.243,0.0,1.243,0.0,0.0,0.0,0.0,0.0,0.0,0.0,0.0,0.0,0.0,0.0,2.905,1.243,0.0,0.0,1.78,0.0,0.0,1.243,0.0,0.0,0.0,0.0,0.0,1.243,0.0,1.78,0.0,0.0,0.0,0.0,1.243,0.0,0.0,0.0,0.0,0.0,0.0,0.0,0.0,0.0,0.0,0.0,0.0,0.0,0.0,0.0,0.0,0.0,0.0,0.0,0.0,0.0,1.243,1.243,0.0,0.0,0.0,2.59,1.243,0.0,0.0,0.0,0.0,0.0,0.0,0.0,1.78,1.243,0.0,0.0,0.0,1.243,0.0,0.0,0.0,2.385,0.0,0.0,0.0,0.0,5.113,0.0,2.59,1.243,1.78,0.0,0.0,0.0,0.0,1.243,1.243,0.0,0.0,1.243,0.0,1.243,0.0,1.243,1.243,1.78,0.0,0.0,2.59,2.128,0.0,1.78,1.243,5.083,4.249,4.842,4.284,3.57,3.336,2.76,2.128,4.411,4.65,0.0,0.0,0.0,0.0,1.243,0.0,2.59,0.0,1.78,0.0,1.243,1.243,0.0,0.0,0.0,0.0,0.0,0.0,1.243,0.0,0.0,0.0,2.128,0.0,0.0,0.0,2.59,0.0,3.144,0.0,0.0,0.0,0.0,0.0,2.128,0.0,0.0,1.78,0.0,1.243,0.0,0.0,0.0,1.243,0.0,1.243,0.0,1.243,0.0,1.243,0.0,0.0,0.0,1.78,0.0,0.0,0.0,0.0,0.0,0.0,0.0,1.243,0.0,1.243,0.0,0.0,0.0,0.0,2.385,0.0,2.385,1.243,0.0,0.0,0.0,0.0,0.0,0.0,1.243,0.0,0.0,0.0,0.0,1.243,1.78,0.0,1.243,0.0,0.0,0.0,0.0,0.0,1.243,0.0,0.0,0.0,0.0,0.0,0.0,1.243,0.0,0.0,0.0,1.243,1.243,0.0,1.243,0.0,0.0,0.0,0.0,0.0,1.243,0.0,0.0,1.243,1.243,2.385,0.0,0.0,0.0,0.0,1.243,0.0,0.0,0.0,2.76,0.0,1.243,0.0,1.243,0.0,0.0,3.245,0.0,0.0,0.0,0.0,1.243,0.0,0.0,0.0,2.128,1.243,0.0,1.243,1.78,1.243,3.144,1.243,0.0,1.243,0.0,0.0,0.0,1.78,1.243,0.0,0.0,0.0,2.128,0.0,0.0,0.0,0.0,1.243,0.0,1.243,0.0,0.0,0.0,0.0,0.0,1.78,0.0,2.128,1.243,0.0,1.78,0.0,0.0,0.0,1.78,0.0,0.0,1.243,0.0,0.0,0.0,0.0,1.243,0.0,1.243,1.243,1.243,0.0,3.144,0.0,2.59,0.0,0.0,0.0,0.0,0.0,1.78,0.0,1.243,0.0,1.243,2.128,1.243,0.0,0.0,0.0,0.0,0.0,0.0,1.78,0.0,1.243,0.0,0.0,0.0,0.0,0.0,0.0,0.0,0.0,1.243,0.0,0.0,1.78,1.243,2.128,0.0,0.0,0.0,1.243,1.243,0.0,1.243,4.176,0.0,1.243,0.0,1.243,1.243,0.0,1.243,0.0,2.76,0.0,2.128,0.0,0.0,0.0,0.0,0.0,0.0,1.78,0.0,0.0,0.0,0.0,0.0,0.0,0.0,0.0,1.78,0.0,1.243,1.78,0.0,0.0,0.0,1.243,1.243,0.0,2.128,0.0,2.128,0.0,0.0,1.78,0.0,2.76,1.243,1.243,1.243,0.0,0.0,1.243,0.0,0.0,0.0,0.0,0.0,1.243,0.0,0.0,0.0,1.78,0.0,1.243,1.243,1.243,0.0,2.128,0.0,1.243,1.78,1.243,1.243,1.243,0.0,0.0,0.0,0.0,0.0,0.0,0.0,0.0,0.0,1.78,1.78,0.0,1.243,0.0,0.0,0.0,1.243,0.0,0.0,0.0,0.0,0.0,0.0,0.0,0.0,2.128,0.0,1.243,1.243,0.0,1.78,0.0,2.128,0.0,2.905,0.0,2.385,0.0,0.0,0.0,0.0,0.0,0.0,0.0,0.0,0.0,0.0,1.243,0.0,1.243,0.0,0.0,0.0,0.0,0.0,1.243,1.243,0.0,1.78,0.0,2.905,1.243,2.128,0.0,0.0,0.0,2.128,0.0,2.76,0.0,1.78,0.0,0.0,0.0,0.0,0.0,1.243,1.243,0.0,0.0,0.0,4.97,0.0,0.0,0.0,1.243,0.0,0.0,1.78,0.0,0.0,1.243,0.0,2.128,0.0,1.78,1.78,0.0,0.0,0.0,1.78,1.78,1.78,0.0,0.0,1.243,0.0,0.0,0.0,0.0,0.0,0.0,0.0,0.0,2.128,1.243,1.78,1.243,1.243,0.0,0.0,1.78,0.0,0.0,0.0,0.0,0.0,3.144,1.243,1.243,0.0,0.0,0.0,0.0,1.243,0.0,0.0,0.0,1.243,0.0,0.0,0.0,1.243,1.243,3.031,1.243,1.243,1.78,1.243,0.0,1.243,0.0,0.0,1.78,2.128,4.097,0.0,2.385,0.0,1.243,0.0,0.0,0.0,1.78,0.0,0.0,0.0,0.0,0.0,1.243,1.78,0.0,1.243,0.0,1.243,1.78,0.0,0.0,0.0,0.0,2.128,0.0,0.0,0.0,1.243,0.0,1.78,2.385,0.0,1.243,0.0,0.0,1.243,1.243,0.0,0.0,0.0,0.0,1.243,1.243,0.0,2.128,0.0,0.0,0.0
Dendritische Zelle,0.0,0.0,1.573,1.907,0.0,1.069,1.069,0.0,0.0,1.069,0.0,0.0,0.0,0.0,0.0,0.0,0.0,0.0,0.0,1.069,1.069,0.0,1.069,1.907,1.069,1.907,0.0,1.069,1.907,0.0,0.0,1.907,0.0,1.907,1.069,0.0,0.0,0.0,0.0,0.0,0.0,0.0,0.0,0.0,1.573,0.0,0.0,0.0,1.069,1.573,1.069,2.523,1.573,0.0,2.357,0.0,0.0,2.157,0.0,0.0,1.069,1.069,0.0,0.0,2.157,0.0,1.573,0.0,1.069,0.0,0.0,0.0,0.0,0.0,0.0,0.0,0.0,1.907,0.0,0.0,0.0,0.0,1.069,0.0,0.0,0.0,0.0,0.0,1.069,0.0,0.0,2.666,0.0,0.0,1.573,0.0,0.0,0.0,1.069,0.0,1.069,0.0,1.573,0.0,0.0,0.0,1.069,0.0,1.069,0.0,0.0,1.907,1.907,0.0,0.0,0.0,0.0,1.069,0.0,1.069,1.069,0.0,0.0,0.0,0.0,1.069,0.0,1.573,1.069,1.069,1.069,0.0,1.069,1.069,0.0,0.0,1.069,1.069,0.0,2.791,0.0,0.0,1.907,0.0,1.069,0.0,0.0,0.0,0.0,0.0,0.0,0.0,1.573,1.069,0.0,0.0,0.0,0.0,1.573,0.0,0.0,1.907,0.0,0.0,1.069,0.0,0.0,0.0,1.069,0.0,0.0,0.0,0.0,0.0,0.0,0.0,0.0,0.0,0.0,2.791,2.157,0.0,0.0,0.0,0.0,0.0,1.573,0.0,2.157,0.0,0.0,0.0,0.0,0.0,0.0,2.791,0.0,0.0,0.0,0.0,0.0,0.0,1.907,0.0,1.069,1.069,0.0,0.0,0.0,5.186,0.0,3.002,1.069,2.357,0.0,0.0,0.0,1.069,1.907,0.0,0.0,0.0,0.0,0.0,0.0,0.0,0.0,1.069,0.0,1.573,0.0,2.157,1.573,0.0,1.069,1.573,4.86,3.806,4.299,3.763,3.092,3.002,2.791,2.357,4.734,4.665,0.0,0.0,0.0,1.573,0.0,0.0,1.069,0.0,1.069,0.0,0.0,1.069,0.0,1.069,1.907,0.0,0.0,0.0,1.069,0.0,0.0,1.573,2.157,0.0,0.0,0.0,2.157,1.069,2.523,1.069,0.0,1.069,0.0,0.0,2.157,0.0,0.0,0.0,1.069,0.0,0.0,0.0,0.0,0.0,0.0,0.0,0.0,1.069,1.069,1.907,0.0,2.357,0.0,1.573,0.0,0.0,0.0,0.0,0.0,1.069,0.0,0.0,1.069,2.157,0.0,0.0,0.0,0.0,0.0,1.907,1.069,1.069,0.0,0.0,2.157,1.069,0.0,1.069,0.0,0.0,0.0,1.069,0.0,1.907,1.069,0.0,0.0,0.0,0.0,0.0,0.0,0.0,0.0,1.069,0.0,0.0,0.0,0.0,0.0,1.573,1.573,2.157,0.0,1.069,0.0,0.0,0.0,0.0,0.0,1.573,0.0,0.0,0.0,1.069,0.0,1.069,0.0,1.573,0.0,0.0,1.069,0.0,0.0,0.0,0.0,0.0,1.069,0.0,1.069,0.0,0.0,1.069,1.069,3.39,0.0,1.907,0.0,0.0,0.0,0.0,1.069,1.069,1.573,0.0,0.0,0.0,0.0,1.573,4.066,0.0,0.0,0.0,1.573,1.069,0.0,0.0,1.069,0.0,0.0,0.0,0.0,0.0,0.0,0.0,0.0,2.666,0.0,1.573,0.0,0.0,0.0,0.0,0.0,1.069,0.0,1.069,1.069,0.0,1.069,0.0,0.0,0.0,1.069,0.0,1.069,0.0,0.0,0.0,1.069,0.0,1.069,0.0,1.907,1.069,0.0,0.0,3.176,1.573,0.0,0.0,1.069,1.069,0.0,0.0,0.0,1.069,1.069,0.0,0.0,1.069,0.0,0.0,0.0,0.0,0.0,0.0,0.0,1.069,0.0,0.0,0.0,0.0,0.0,0.0,0.0,0.0,0.0,0.0,1.573,0.0,0.0,1.069,1.069,3.002,0.0,0.0,0.0,0.0,2.157,0.0,1.573,4.59,0.0,2.357,1.069,1.069,0.0,0.0,1.069,0.0,1.907,0.0,1.069,0.0,0.0,0.0,0.0,0.0,1.069,1.907,1.069,0.0,0.0,0.0,0.0,0.0,0.0,0.0,1.573,0.0,1.069,1.573,0.0,0.0,0.0,2.157,0.0,0.0,2.157,0.0,1.069,0.0,1.573,1.069,1.069,1.907,0.0,1.069,1.573,0.0,1.069,1.069,0.0,0.0,0.0,1.069,0.0,2.791,0.0,0.0,0.0,2.523,0.0,0.0,1.069,1.907,0.0,0.0,0.0,0.0,1.069,0.0,0.0,0.0,0.0,0.0,1.069,0.0,0.0,1.069,0.0,1.069,0.0,0.0,1.069,0.0,1.069,0.0,0.0,0.0,1.069,0.0,0.0,0.0,0.0,0.0,0.0,0.0,0.0,1.573,0.0,2.666,0.0,1.069,1.573,0.0,0.0,1.573,2.157,1.069,2.357,0.0,0.0,0.0,0.0,1.069,0.0,0.0,0.0,1.069,0.0,1.069,0.0,0.0,1.907,0.0,0.0,0.0,1.069,1.573,1.069,0.0,1.069,0.0,2.523,0.0,1.069,0.0,0.0,0.0,0.0,0.0,1.573,0.0,1.069,1.069,0.0,0.0,0.0,0.0,0.0,1.069,0.0,1.069,1.069,4.665,0.0,0.0,0.0,0.0,1.069,0.0,0.0,0.0,1.069,1.573,0.0,1.069,0.0,1.907,0.0,0.0,0.0,0.0,1.573,0.0,2.357,1.907,0.0,0.0,0.0,0.0,1.069,1.069,0.0,0.0,0.0,0.0,2.357,0.0,1.069,0.0,0.0,1.069,0.0,1.907,0.0,1.069,1.069,1.069,1.069,3.002,1.573,0.0,0.0,2.157,0.0,0.0,0.0,0.0,1.573,0.0,1.069,0.0,1.573,1.069,0.0,0.0,0.0,0.0,1.573,0.0,0.0,0.0,1.069,1.069,0.0,1.069,1.907,3.806,0.0,1.573,0.0,1.573,0.0,0.0,0.0,1.573,0.0,0.0,0.0,0.0,0.0,1.069,0.0,0.0,0.0,0.0,0.0,0.0,0.0,0.0,2.157,0.0,1.069,0.0,0.0,0.0,1.069,0.0,0.0,2.157,0.0,1.069,0.0,1.069,1.069,1.069,0.0,1.573,0.0,1.069,1.069,1.907,1.573,2.523,0.0,0.0,2.157
Dendritische Zelle,0.0,0.0,0.0,0.0,0.0,0.0,1.529,0.0,1.529,0.0,0.0,0.0,0.0,0.0,0.0,0.0,0.0,2.738,1.529,1.529,0.0,0.0,0.0,0.0,0.0,0.0,0.0,0.0,1.529,0.0,0.0,0.0,0.0,1.529,0.0,0.0,0.0,0.0,2.108,0.0,2.108,1.529,1.529,0.0,0.0,0.0,0.0,0.0,2.108,1.529,1.529,3.615,3.615,0.0,3.708,4.012,0.0,1.529,0.0,1.529,0.0,1.529,0.0,0.0,0.0,3.27,0.0,0.0,2.108,0.0,0.0,0.0,0.0,0.0,0.0,0.0,0.0,1.529,0.0,0.0,0.0,0.0,2.108,0.0,2.108,1.529,1.529,0.0,0.0,0.0,0.0,2.108,0.0,0.0,0.0,2.108,0.0,0.0,0.0,0.0,1.529,1.529,0.0,0.0,0.0,0.0,0.0,0.0,0.0,0.0,0.0,0.0,1.529,0.0,0.0,0.0,1.529,0.0,0.0,0.0,0.0,0.0,0.0,0.0,0.0,0.0,0.0,0.0,0.0,0.0,0.0,0.0,0.0,0.0,0.0,0.0,2.108,0.0,0.0,2.948,1.529,0.0,0.0,2.108,1.529,0.0,0.0,0.0,0.0,0.0,0.0,0.0,1.529,2.108,0.0,0.0,0.0,0.0,0.0,2.108,1.529,0.0,1.529,0.0,0.0,0.0,0.0,0.0,2.108,0.0,0.0,0.0,0.0,0.0,0.0,0.0,0.0,1.529,0.0,1.529,2.108,0.0,2.108,0.0,1.529,0.0,1.529,0.0,0.0,0.0,0.0,0.0,0.0,0.0,0.0,0.0,0.0,0.0,0.0,2.108,1.529,0.0,0.0,0.0,2.108,0.0,0.0,0.0,0.0,5.162,0.0,1.529,0.0,2.738,0.0,0.0,0.0,0.0,0.0,2.472,1.529,0.0,1.529,0.0,0.0,0.0,0.0,0.0,1.529,0.0,0.0,2.948,2.108,0.0,1.529,0.0,4.82,3.708,4.554,3.513,3.122,3.122,2.948,1.529,4.244,4.012,1.529,0.0,0.0,1.529,0.0,0.0,1.529,0.0,0.0,0.0,0.0,0.0,0.0,0.0,0.0,0.0,0.0,0.0,0.0,0.0,0.0,0.0,2.108,0.0,0.0,1.529,0.0,0.0,1.529,0.0,0.0,0.0,0.0,0.0,2.472,0.0,0.0,0.0,0.0,1.529,0.0,0.0,0.0,1.529,0.0,0.0,0.0,1.529,0.0,1.529,0.0,0.0,0.0,1.529,0.0,0.0,0.0,0.0,0.0,0.0,0.0,2.108,0.0,0.0,0.0,0.0,0.0,0.0,0.0,1.529,0.0,2.108,0.0,0.0,0.0,0.0,1.529,0.0,2.108,2.472,0.0,0.0,0.0,0.0,2.108,0.0,0.0,0.0,0.0,0.0,0.0,0.0,0.0,0.0,0.0,0.0,0.0,0.0,0.0,1.529,1.529,0.0,0.0,0.0,0.0,0.0,2.108,0.0,1.529,0.0,0.0,1.529,1.529,2.108,0.0,2.108,0.0,1.529,0.0,0.0,0.0,0.0,0.0,0.0,0.0,0.0,1.529,0.0,0.0,0.0,0.0,0.0,0.0,3.27,0.0,0.0,1.529,0.0,1.529,0.0,0.0,2.108,2.738,0.0,0.0,2.108,0.0,1.529,2.472,0.0,0.0,0.0,1.529,0.0,0.0,1.529,0.0,2.108,0.0,0.0,0.0,0.0,0.0,0.0,0.0,2.472,0.0,1.529,0.0,0.0,1.529,0.0,1.529,0.0,0.0,2.472,1.529,1.529,0.0,0.0,0.0,0.0,0.0,0.0,0.0,0.0,0.0,0.0,0.0,1.529,0.0,0.0,1.529,0.0,0.0,0.0,3.399,1.529,1.529,0.0,0.0,0.0,2.472,0.0,0.0,0.0,0.0,0.0,0.0,2.108,0.0,0.0,0.0,0.0,0.0,0.0,0.0,1.529,0.0,0.0,0.0,0.0,0.0,0.0,0.0,0.0,0.0,0.0,1.529,1.529,0.0,1.529,0.0,3.27,0.0,2.108,0.0,0.0,2.108,0.0,0.0,4.191,1.529,0.0,0.0,1.529,1.529,0.0,1.529,0.0,0.0,1.529,2.108,0.0,1.529,0.0,0.0,0.0,0.0,2.472,0.0,0.0,0.0,0.0,0.0,0.0,1.529,1.529,1.529,1.529,0.0,0.0,1.529,0.0,0.0,2.472,0.0,0.0,1.529,1.529,2.108,0.0,0.0,0.0,0.0,2.738,0.0,0.0,0.0,0.0,1.529,1.529,0.0,0.0,1.529,0.0,2.108,0.0,1.529,0.0,0.0,1.529,0.0,0.0,0.0,1.529,0.0,1.529,1.529,0.0,0.0,0.0,2.108,1.529,0.0,0.0,0.0,0.0,0.0,1.529,0.0,0.0,1.529,0.0,0.0,1.529,2.738,0.0,0.0,0.0,0.0,0.0,0.0,0.0,0.0,0.0,0.0,0.0,1.529,2.108,1.529,0.0,0.0,0.0,2.108,0.0,2.948,0.0,2.472,1.529,2.108,1.529,0.0,0.0,0.0,0.0,0.0,0.0,0.0,2.108,0.0,0.0,0.0,0.0,1.529,0.0,0.0,0.0,1.529,1.529,2.108,1.529,1.529,0.0,2.472,0.0,0.0,0.0,0.0,0.0,2.738,0.0,0.0,0.0,1.529,0.0,0.0,0.0,0.0,0.0,0.0,1.529,0.0,0.0,1.529,4.515,0.0,1.529,0.0,0.0,0.0,0.0,0.0,0.0,0.0,2.108,0.0,1.529,0.0,2.108,2.108,0.0,0.0,0.0,2.472,0.0,0.0,0.0,0.0,1.529,0.0,0.0,1.529,0.0,0.0,0.0,0.0,0.0,1.529,0.0,1.529,1.529,0.0,1.529,0.0,0.0,0.0,0.0,0.0,0.0,1.529,3.122,0.0,1.529,1.529,0.0,1.529,0.0,0.0,0.0,0.0,0.0,1.529,2.108,2.472,0.0,0.0,0.0,2.948,0.0,0.0,0.0,0.0,0.0,2.108,0.0,1.529,2.108,2.738,3.399,0.0,0.0,0.0,0.0,0.0,1.529,0.0,1.529,0.0,0.0,0.0,0.0,1.529,0.0,1.529,1.529,0.0,0.0,0.0,1.529,0.0,0.0,0.0,0.0,1.529,0.0,0.0,0.0,0.0,0.0,2.948,2.738,0.0,0.0,0.0,2.108,1.529,1.529,0.0,2.472,0.0,0.0,2.108,1.529,0.0,1.529,0.0,0.0,0.0
T-Zelle,0.0,1.421,0.0,2.608,0.0,0.0,0.0,0.0,0.0,0.0,0.0,0.0,0.0,0.0,0.0,0.0,0.0,3.479,0.0,0.0,0.0,0.0,0.0,1.421,0.0,0.0,0.0,1.421,0.0,0.0,1.421,0.0,0.0,0.0,0.0,0.0,0.0,0.0,1.421,1.421,1.421,0.0,1.421,0.0,1.986,0.0,0.0,0.0,1.986,0.0,0.0,2.608,0.0,0.0,2.816,3.135,0.0,1.421,0.0,1.421,1.986,0.0,0.0,1.421,0.0,0.0,2.344,0.0,0.0,0.0,0.0,0.0,1.986,0.0,0.0,0.0,0.0,0.0,0.0,0.0,0.0,0.0,0.0,0.0,2.344,0.0,0.0,0.0,0.0,0.0,1.421,2.344,0.0,0.0,0.0,0.0,0.0,0.0,0.0,0.0,1.986,0.0,0.0,0.0,0.0,0.0,0.0,0.0,0.0,0.0,0.0,1.421,1.421,0.0,1.421,1.421,0.0,0.0,0.0,0.0,1.421,0.0,1.421,0.0,0.0,0.0,0.0,0.0,1.421,0.0,2.608,0.0,0.0,1.421,0.0,0.0,0.0,1.421,0.0,1.421,0.0,1.421,1.986,0.0,1.421,0.0,0.0,0.0,0.0,0.0,0.0,0.0,0.0,1.421,0.0,0.0,0.0,0.0,0.0,0.0,1.421,1.421,0.0,0.0,1.421,0.0,0.0,0.0,0.0,0.0,0.0,0.0,1.421,1.421,0.0,0.0,0.0,0.0,0.0,1.986,1.421,0.0,0.0,0.0,0.0,2.344,1.421,1.421,1.421,3.135,0.0,1.421,0.0,1.986,1.986,1.421,1.421,0.0,0.0,1.986,1.421,0.0,2.344,0.0,0.0,0.0,0.0,0.0,1.421,1.421,0.0,2.344,1.421,1.421,0.0,0.0,0.0,0.0,0.0,0.0,0.0,0.0,0.0,0.0,0.0,0.0,0.0,0.0,0.0,0.0,4.589,0.0,0.0,0.0,2.988,1.421,0.0,0.0,0.0,0.0,0.0,0.0,0.0,0.0,0.0,0.0,0.0,0.0,0.0,0.0,0.0,0.0,0.0,0.0,1.421,0.0,0.0,1.421,0.0,0.0,0.0,0.0,0.0,0.0,0.0,0.0,1.986,0.0,1.986,0.0,0.0,0.0,1.986,2.344,0.0,0.0,0.0,0.0,0.0,0.0,0.0,0.0,0.0,1.421,0.0,0.0,0.0,0.0,0.0,0.0,0.0,0.0,0.0,0.0,0.0,1.421,0.0,1.421,0.0,0.0,0.0,0.0,0.0,0.0,0.0,0.0,0.0,0.0,1.421,1.421,1.421,2.816,0.0,0.0,0.0,1.986,1.986,0.0,0.0,0.0,0.0,1.421,0.0,0.0,1.421,0.0,1.421,0.0,0.0,0.0,0.0,1.421,1.986,0.0,0.0,0.0,0.0,0.0,0.0,0.0,0.0,0.0,0.0,0.0,0.0,1.986,1.421,2.344,0.0,0.0,0.0,0.0,0.0,1.986,1.986,0.0,0.0,2.608,1.421,0.0,0.0,0.0,0.0,1.421,0.0,0.0,0.0,0.0,0.0,0.0,1.986,0.0,1.986,0.0,1.986,0.0,1.421,0.0,0.0,1.986,0.0,0.0,0.0,0.0,0.0,0.0,0.0,1.421,0.0,1.421,2.344,0.0,0.0,0.0,3.377,1.421,0.0,0.0,0.0,0.0,1.421,0.0,1.986,1.421,0.0,0.0,0.0,0.0,3.135,1.421,1.986,1.421,0.0,0.0,0.0,0.0,0.0,0.0,2.816,0.0,1.421,0.0,0.0,0.0,0.0,0.0,0.0,0.0,0.0,0.0,0.0,0.0,1.421,0.0,0.0,0.0,0.0,0.0,0.0,1.421,2.816,1.421,0.0,1.421,0.0,0.0,1.421,1.986,0.0,0.0,1.986,0.0,1.421,0.0,0.0,0.0,1.421,2.816,0.0,0.0,0.0,1.986,1.421,1.421,0.0,0.0,1.421,1.421,0.0,0.0,0.0,0.0,1.421,0.0,2.816,0.0,0.0,0.0,0.0,2.344,0.0,0.0,0.0,0.0,1.421,0.0,0.0,0.0,0.0,0.0,1.986,3.734,1.421,0.0,1.421,0.0,1.986,0.0,1.986,0.0,0.0,0.0,0.0,0.0,0.0,2.344,1.421,0.0,0.0,0.0,0.0,0.0,0.0,0.0,0.0,0.0,1.421,0.0,0.0,0.0,0.0,1.986,1.421,0.0,1.986,0.0,0.0,0.0,0.0,0.0,0.0,1.421,0.0,2.816,1.421,0.0,0.0,1.421,0.0,0.0,0.0,0.0,0.0,2.608,0.0,0.0,0.0,1.421,0.0,0.0,0.0,1.986,1.421,1.421,1.421,0.0,0.0,1.421,0.0,0.0,1.986,0.0,0.0,0.0,0.0,0.0,0.0,0.0,0.0,0.0,0.0,0.0,0.0,3.377,0.0,0.0,0.0,0.0,0.0,1.421,0.0,0.0,0.0,1.421,2.344,1.421,0.0,0.0,0.0,0.0,1.986,0.0,0.0,1.421,0.0,0.0,2.344,1.421,0.0,0.0,0.0,0.0,0.0,3.377,0.0,1.421,0.0,0.0,1.986,0.0,0.0,0.0,0.0,0.0,0.0,0.0,0.0,0.0,0.0,0.0,1.421,0.0,1.421,0.0,0.0,0.0,0.0,1.421,0.0,0.0,0.0,0.0,0.0,1.421,0.0,0.0,0.0,0.0,0.0,0.0,0.0,0.0,0.0,0.0,0.0,1.986,1.986,0.0,1.986,0.0,0.0,0.0,0.0,1.421,0.0,1.421,0.0,0.0,0.0,0.0,2.344,1.421,0.0,0.0,0.0,0.0,0.0,0.0,2.344,1.986,0.0,0.0,0.0,0.0,2.344,1.986,1.986,0.0,0.0,1.986,0.0,0.0,0.0,0.0,1.421,0.0,1.421,2.816,1.421,1.421,0.0,0.0,1.986,0.0,0.0,0.0,1.421,1.421,1.986,0.0,1.986,0.0,0.0,0.0,0.0,0.0,0.0,0.0,0.0,0.0,1.421,0.0,0.0,1.421,0.0,3.263,0.0,1.986,0.0,1.421,0.0,0.0,1.421,0.0,1.421,0.0,0.0,1.421,0.0,0.0,0.0,0.0,1.421,0.0,0.0,2.344,0.0,0.0,1.421,0.0,1.421,0.0,0.0,0.0,1.421,0.0,0.0,1.421,0.0,0.0,0.0,0.0,1.421,0.0,0.0,0.0,0.0,0.0,0.0,0.0,0.0,1.421,0.0,1.421,0.0
Monozyt,1.431,0.0,0.0,1.431,1.431,1.431,0.0,0.0,1.431,0.0,1.431,0.0,3.95,4.169,0.0,0.0,0.0,3.001,0.0,1.997,0.0,1.431,0.0,1.431,0.0,0.0,0.0,0.0,2.356,0.0,0.0,1.997,0.0,0.0,0.0,1.431,0.0,0.0,0.0,0.0,1.431,0.0,0.0,0.0,1.431,0.0,0.0,0.0,0.0,3.276,0.0,0.0,1.431,0.0,2.828,3.148,0.0,1.431,1.431,0.0,0.0,0.0,0.0,0.0,0.0,0.0,0.0,0.0,4.066,0.0,3.584,0.0,0.0,0.0,1.431,0.0,0.0,0.0,0.0,0.0,1.431,0.0,1.997,1.431,0.0,0.0,1.431,0.0,0.0,0.0,0.0,0.0,1.431,0.0,0.0,1.997,0.0,0.0,1.431,0.0,0.0,0.0,1.431,0.0,0.0,0.0,0.0,0.0,0.0,0.0,1.997,0.0,1.431,0.0,0.0,1.431,1.431,0.0,0.0,0.0,0.0,1.997,0.0,0.0,1.431,0.0,0.0,1.997,0.0,0.0,0.0,0.0,0.0,0.0,0.0,0.0,1.431,2.356,0.0,0.0,0.0,0.0,1.431,2.356,1.431,0.0,1.997,1.431,0.0,1.431,1.431,0.0,1.431,0.0,0.0,0.0,0.0,0.0,0.0,0.0,0.0,0.0,0.0,1.431,1.431,0.0,0.0,0.0,0.0,0.0,0.0,0.0,0.0,1.431,0.0,0.0,0.0,1.431,0.0,1.431,1.997,2.828,1.431,0.0,0.0,0.0,1.997,0.0,0.0,0.0,2.356,0.0,0.0,0.0,0.0,0.0,0.0,0.0,0.0,1.431,1.431,0.0,2.356,0.0,0.0,0.0,0.0,1.997,1.997,4.169,0.0,1.431,1.431,1.997,0.0,0.0,0.0,0.0,1.431,1.431,0.0,0.0,0.0,0.0,0.0,0.0,0.0,0.0,0.0,0.0,1.431,3.887,4.169,0.0,0.0,0.0,3.492,2.356,3.747,0.0,0.0,1.997,0.0,1.431,3.276,3.148,0.0,0.0,0.0,0.0,0.0,0.0,0.0,1.431,0.0,0.0,0.0,1.431,0.0,0.0,0.0,2.356,0.0,0.0,1.431,0.0,0.0,1.431,0.0,0.0,0.0,0.0,1.997,2.356,2.356,0.0,0.0,0.0,0.0,0.0,2.62,0.0,0.0,0.0,0.0,0.0,0.0,0.0,0.0,0.0,0.0,1.431,0.0,1.997,1.431,1.431,0.0,1.431,1.997,0.0,0.0,0.0,0.0,0.0,0.0,1.431,0.0,1.431,0.0,1.431,0.0,1.431,2.62,1.431,0.0,1.431,1.431,1.997,0.0,0.0,1.431,0.0,0.0,1.431,0.0,0.0,0.0,0.0,0.0,0.0,1.431,0.0,1.431,0.0,0.0,0.0,0.0,0.0,0.0,0.0,0.0,0.0,0.0,0.0,0.0,1.431,0.0,0.0,1.997,3.39,0.0,0.0,0.0,0.0,0.0,1.997,0.0,0.0,1.431,1.431,0.0,0.0,1.431,1.431,0.0,0.0,0.0,1.431,3.001,0.0,0.0,1.431,0.0,0.0,1.431,0.0,0.0,0.0,0.0,2.828,0.0,0.0,0.0,0.0,0.0,0.0,0.0,0.0,1.997,0.0,0.0,1.431,2.828,0.0,2.356,1.431,1.997,0.0,0.0,0.0,0.0,0.0,0.0,0.0,0.0,0.0,1.431,0.0,1.431,0.0,3.276,1.431,0.0,1.431,0.0,0.0,0.0,0.0,1.431,0.0,0.0,2.62,0.0,0.0,0.0,0.0,0.0,0.0,0.0,0.0,0.0,0.0,0.0,0.0,0.0,0.0,0.0,1.431,1.997,1.997,0.0,1.431,2.356,1.431,0.0,0.0,1.431,1.431,0.0,0.0,1.997,0.0,0.0,0.0,0.0,0.0,0.0,0.0,0.0,0.0,0.0,0.0,0.0,0.0,0.0,1.431,0.0,0.0,0.0,0.0,0.0,0.0,0.0,0.0,1.431,0.0,0.0,2.356,0.0,2.356,0.0,1.431,0.0,0.0,1.431,0.0,0.0,1.431,0.0,1.997,0.0,0.0,1.431,0.0,0.0,0.0,1.431,1.431,0.0,0.0,0.0,0.0,0.0,0.0,0.0,1.431,0.0,0.0,0.0,0.0,0.0,0.0,0.0,0.0,0.0,0.0,2.828,1.431,0.0,0.0,0.0,2.356,0.0,0.0,0.0,1.431,1.997,0.0,0.0,0.0,0.0,1.997,0.0,1.431,2.356,0.0,0.0,1.431,0.0,0.0,0.0,1.431,0.0,2.356,0.0,0.0,0.0,1.997,0.0,1.431,0.0,1.431,0.0,1.431,0.0,0.0,0.0,2.356,1.431,0.0,1.431,0.0,1.431,0.0,0.0,0.0,0.0,0.0,0.0,1.431,0.0,0.0,2.356,0.0,0.0,0.0,1.431,0.0,1.431,0.0,0.0,0.0,0.0,0.0,0.0,0.0,0.0,0.0,0.0,0.0,1.431,0.0,0.0,0.0,2.62,0.0,0.0,1.431,0.0,1.431,0.0,2.356,0.0,0.0,0.0,0.0,0.0,1.431,0.0,0.0,0.0,0.0,0.0,0.0,2.62,0.0,1.431,0.0,0.0,1.997,2.356,0.0,0.0,0.0,0.0,0.0,0.0,0.0,0.0,0.0,0.0,0.0,0.0,0.0,0.0,1.431,0.0,0.0,1.431,1.431,1.431,3.819,0.0,0.0,0.0,0.0,0.0,0.0,0.0,0.0,0.0,1.431,0.0,2.62,2.356,1.431,1.431,0.0,0.0,1.431,0.0,1.431,2.62,0.0,0.0,0.0,0.0,0.0,1.431,0.0,0.0,0.0,0.0,0.0,2.356,0.0,0.0,1.997,1.997,1.997,0.0,0.0,0.0,0.0,0.0,0.0,1.997,3.001,1.431,0.0,2.356,1.431,0.0,0.0,0.0,0.0,2.828,3.001,0.0,2.62,1.997,1.431,0.0,2.356,3.001,0.0,0.0,0.0,0.0,0.0,0.0,0.0,0.0,1.997,0.0,5.815,0.0,1.431,0.0,0.0,0.0,0.0,0.0,1.431,0.0,0.0,0.0,0.0,0.0,0.0,2.356,0.0,0.0,1.431,0.0,0.0,0.0,0.0,1.997,0.0,0.0,0.0,0.0,0.0,0.0,0.0,0.0,1.431,0.0,1.431,0.0,2.828,0.0,1.431,0.0,1.997,0.0,0.0,0.0,2.62,0.0,2.356,0.0,1.431,0.0
Dendritische Zelle,0.0,0.0,0.0,0.0,0.0,0.0,0.0,0.0,0.0,0.0,0.0,0.0,0.0,0.0,0.0,0.0,0.0,2.756,2.756,2.124,0.0,0.0,0.0,0.0,0.0,0.0,0.0,2.489,2.489,0.0,0.0,0.0,0.0,0.0,1.544,0.0,0.0,0.0,0.0,0.0,1.544,0.0,0.0,0.0,0.0,0.0,0.0,0.0,0.0,3.417,0.0,2.756,2.489,0.0,3.417,4.03,0.0,1.544,0.0,0.0,0.0,1.544,1.544,0.0,2.124,0.0,2.489,0.0,4.493,1.544,3.633,0.0,0.0,1.544,0.0,0.0,0.0,2.124,0.0,1.544,2.489,0.0,0.0,0.0,0.0,1.544,0.0,0.0,0.0,0.0,0.0,0.0,0.0,2.489,1.544,0.0,0.0,0.0,2.124,0.0,0.0,2.124,0.0,0.0,0.0,0.0,0.0,0.0,0.0,1.544,0.0,0.0,0.0,0.0,0.0,0.0,0.0,0.0,0.0,0.0,1.544,1.544,0.0,0.0,0.0,0.0,0.0,0.0,0.0,0.0,0.0,0.0,0.0,1.544,0.0,0.0,1.544,0.0,0.0,0.0,1.544,1.544,0.0,2.124,2.489,1.544,0.0,0.0,0.0,1.544,0.0,0.0,2.489,0.0,0.0,1.544,0.0,0.0,0.0,1.544,1.544,0.0,0.0,0.0,1.544,0.0,0.0,0.0,1.544,1.544,0.0,0.0,0.0,1.544,0.0,0.0,0.0,0.0,0.0,2.124,0.0,0.0,0.0,0.0,0.0,2.124,2.124,0.0,0.0,0.0,0.0,0.0,0.0,0.0,0.0,0.0,1.544,0.0,0.0,1.544,0.0,2.124,0.0,0.0,0.0,0.0,0.0,0.0,0.0,3.417,0.0,0.0,2.124,2.756,1.544,0.0,0.0,1.544,0.0,0.0,0.0,0.0,0.0,0.0,1.544,1.544,0.0,0.0,2.124,0.0,1.544,4.03,3.531,0.0,1.544,0.0,2.966,2.966,2.756,2.124,2.756,2.124,1.544,1.544,2.756,2.124,0.0,0.0,0.0,1.544,0.0,0.0,1.544,0.0,1.544,0.0,2.124,1.544,0.0,0.0,0.0,0.0,0.0,0.0,0.0,1.544,0.0,0.0,3.288,0.0,0.0,0.0,2.124,1.544,1.544,0.0,1.544,0.0,0.0,0.0,2.966,0.0,1.544,0.0,0.0,1.544,2.489,0.0,0.0,1.544,0.0,0.0,0.0,0.0,0.0,0.0,0.0,0.0,2.756,1.544,0.0,0.0,0.0,0.0,0.0,1.544,0.0,1.544,0.0,2.489,1.544,1.544,2.966,0.0,0.0,0.0,2.756,2.756,0.0,0.0,0.0,0.0,1.544,0.0,2.756,0.0,0.0,1.544,0.0,0.0,1.544,0.0,0.0,0.0,0.0,0.0,0.0,0.0,0.0,0.0,0.0,0.0,0.0,1.544,0.0,0.0,1.544,0.0,0.0,0.0,0.0,0.0,0.0,0.0,0.0,1.544,0.0,2.966,0.0,0.0,0.0,0.0,0.0,0.0,2.124,0.0,0.0,0.0,2.124,0.0,0.0,0.0,1.544,0.0,1.544,0.0,1.544,0.0,0.0,2.966,0.0,1.544,0.0,0.0,1.544,2.124,0.0,0.0,2.966,0.0,0.0,2.489,3.417,1.544,3.14,1.544,0.0,0.0,1.544,0.0,0.0,0.0,0.0,0.0,0.0,0.0,0.0,0.0,3.417,0.0,1.544,0.0,0.0,0.0,1.544,0.0,0.0,0.0,1.544,2.966,0.0,2.124,2.124,2.124,0.0,0.0,0.0,0.0,1.544,0.0,0.0,1.544,0.0,0.0,0.0,0.0,2.124,1.544,2.124,0.0,0.0,1.544,2.756,0.0,0.0,0.0,0.0,0.0,1.544,0.0,2.124,1.544,0.0,0.0,0.0,1.544,0.0,0.0,0.0,0.0,0.0,0.0,0.0,0.0,0.0,1.544,0.0,0.0,0.0,0.0,0.0,0.0,1.544,1.544,0.0,0.0,0.0,1.544,1.544,2.489,0.0,1.544,0.0,0.0,2.124,0.0,2.124,3.726,0.0,2.489,0.0,1.544,0.0,0.0,0.0,0.0,2.489,3.14,0.0,0.0,0.0,0.0,0.0,0.0,0.0,0.0,2.124,0.0,1.544,0.0,0.0,0.0,0.0,0.0,0.0,0.0,0.0,2.489,0.0,0.0,0.0,0.0,0.0,0.0,0.0,2.124,2.489,0.0,2.124,2.124,0.0,1.544,0.0,1.544,0.0,0.0,0.0,2.124,0.0,0.0,1.544,0.0,1.544,2.489,0.0,0.0,0.0,0.0,0.0,0.0,1.544,0.0,0.0,1.544,0.0,0.0,0.0,0.0,2.756,1.544,0.0,0.0,0.0,0.0,0.0,0.0,0.0,0.0,1.544,0.0,1.544,0.0,2.489,0.0,0.0,0.0,1.544,0.0,1.544,2.124,0.0,0.0,0.0,0.0,0.0,1.544,0.0,0.0,0.0,0.0,0.0,0.0,0.0,0.0,2.489,2.124,1.544,0.0,0.0,0.0,0.0,1.544,0.0,0.0,0.0,0.0,0.0,1.544,0.0,0.0,0.0,0.0,0.0,0.0,2.489,0.0,0.0,2.124,2.124,0.0,2.489,2.489,0.0,0.0,0.0,0.0,0.0,2.124,0.0,0.0,0.0,0.0,0.0,0.0,0.0,0.0,0.0,0.0,0.0,0.0,0.0,3.14,0.0,0.0,0.0,1.544,0.0,0.0,0.0,2.124,0.0,0.0,0.0,2.966,1.544,2.756,2.489,0.0,0.0,3.288,1.544,0.0,2.489,0.0,0.0,1.544,0.0,0.0,0.0,0.0,0.0,0.0,0.0,0.0,0.0,0.0,0.0,2.124,0.0,2.124,0.0,1.544,0.0,0.0,0.0,0.0,2.124,3.288,2.124,0.0,0.0,0.0,0.0,0.0,1.544,0.0,1.544,3.14,0.0,0.0,1.544,1.544,0.0,0.0,3.14,0.0,0.0,0.0,0.0,0.0,0.0,0.0,0.0,0.0,1.544,5.048,0.0,1.544,0.0,0.0,0.0,0.0,0.0,0.0,0.0,0.0,0.0,0.0,0.0,0.0,2.489,0.0,2.124,0.0,0.0,0.0,0.0,0.0,0.0,0.0,0.0,0.0,1.544,0.0,0.0,0.0,0.0,2.124,0.0,2.124,0.0,2.124,2.124,2.124,0.0,0.0,0.0,0.0,1.544,3.531,0.0,2.124,0.0,1.544,0.0
B-Zelle,0.0,0.0,0.0,1.489,0.0,0.0,0.0,0.0,0.0,0.0,0.0,0.0,0.0,0.0,0.0,0.0,0.0,1.489,0.0,1.489,0.0,0.0,0.0,0.0,0.0,1.489,0.0,2.689,0.0,0.0,0.0,0.0,0.0,1.489,1.489,0.0,0.0,0.0,2.689,0.0,0.0,0.0,0.0,0.0,1.489,0.0,0.0,2.062,0.0,0.0,0.0,2.062,0.0,0.0,0.0,1.489,0.0,1.489,0.0,0.0,0.0,0.0,0.0,0.0,0.0,0.0,1.489,1.489,0.0,0.0,0.0,0.0,0.0,0.0,0.0,0.0,0.0,2.062,0.0,1.489,0.0,0.0,0.0,0.0,2.689,0.0,0.0,0.0,0.0,0.0,0.0,0.0,0.0,0.0,1.489,0.0,0.0,1.489,1.489,0.0,0.0,2.062,0.0,0.0,0.0,0.0,0.0,0.0,0.0,0.0,2.062,1.489,1.489,0.0,0.0,0.0,1.489,0.0,0.0,1.489,1.489,2.062,0.0,0.0,0.0,0.0,1.489,0.0,1.489,1.489,0.0,0.0,0.0,0.0,0.0,0.0,0.0,1.489,0.0,2.424,0.0,3.219,0.0,0.0,0.0,0.0,0.0,0.0,0.0,0.0,2.062,0.0,1.489,1.489,0.0,0.0,0.0,0.0,2.062,0.0,1.489,2.062,0.0,0.0,2.062,0.0,0.0,0.0,0.0,0.0,0.0,0.0,0.0,0.0,0.0,0.0,0.0,0.0,4.139,0.0,1.489,0.0,0.0,0.0,0.0,0.0,2.062,0.0,2.899,0.0,0.0,0.0,0.0,0.0,0.0,2.062,0.0,0.0,0.0,0.0,1.489,0.0,0.0,1.489,0.0,0.0,4.139,0.0,1.489,3.072,0.0,2.424,0.0,1.489,1.489,0.0,0.0,0.0,0.0,0.0,0.0,0.0,0.0,0.0,0.0,0.0,0.0,0.0,0.0,0.0,0.0,0.0,0.0,2.062,3.072,0.0,1.489,2.424,2.424,1.489,0.0,1.489,0.0,0.0,0.0,2.062,0.0,0.0,0.0,2.062,0.0,2.062,1.489,0.0,0.0,0.0,3.348,0.0,0.0,1.489,0.0,0.0,0.0,1.489,0.0,0.0,1.489,0.0,1.489,0.0,2.424,1.489,1.489,0.0,0.0,0.0,0.0,0.0,0.0,0.0,2.899,0.0,0.0,1.489,0.0,0.0,1.489,0.0,0.0,0.0,0.0,0.0,0.0,0.0,2.062,0.0,0.0,2.062,0.0,1.489,0.0,0.0,0.0,0.0,0.0,0.0,0.0,0.0,0.0,1.489,0.0,0.0,0.0,0.0,1.489,2.424,0.0,0.0,0.0,0.0,1.489,0.0,0.0,1.489,0.0,0.0,2.062,1.489,0.0,0.0,2.062,0.0,3.348,0.0,0.0,0.0,0.0,0.0,0.0,0.0,3.348,0.0,1.489,2.424,2.062,2.062,1.489,0.0,0.0,2.424,0.0,0.0,0.0,1.489,0.0,0.0,0.0,0.0,0.0,1.489,0.0,0.0,1.489,2.062,0.0,0.0,1.489,0.0,1.489,0.0,0.0,0.0,0.0,0.0,0.0,0.0,0.0,0.0,0.0,2.062,0.0,0.0,0.0,0.0,0.0,0.0,0.0,0.0,2.689,0.0,0.0,0.0,1.489,0.0,3.657,1.489,0.0,0.0,0.0,0.0,1.489,2.424,1.489,0.0,0.0,0.0,0.0,0.0,0.0,0.0,0.0,0.0,0.0,1.489,1.489,0.0,0.0,2.424,2.424,0.0,0.0,0.0,0.0,0.0,0.0,0.0,0.0,0.0,0.0,0.0,1.489,0.0,0.0,1.489,0.0,0.0,0.0,0.0,0.0,0.0,2.689,0.0,2.062,0.0,0.0,1.489,1.489,0.0,3.072,0.0,0.0,0.0,1.489,1.489,0.0,0.0,0.0,0.0,0.0,0.0,0.0,0.0,0.0,2.062,0.0,0.0,0.0,0.0,0.0,0.0,0.0,0.0,0.0,0.0,2.424,1.489,2.689,3.348,0.0,2.424,0.0,0.0,0.0,0.0,0.0,0.0,0.0,0.0,0.0,0.0,0.0,1.489,1.489,0.0,2.062,0.0,2.424,1.489,2.424,0.0,0.0,0.0,0.0,0.0,0.0,0.0,0.0,0.0,0.0,0.0,0.0,0.0,0.0,0.0,0.0,0.0,2.899,2.424,0.0,0.0,0.0,0.0,0.0,0.0,3.564,1.489,0.0,0.0,0.0,1.489,2.689,0.0,0.0,1.489,0.0,0.0,0.0,3.892,3.072,0.0,1.489,0.0,0.0,2.424,0.0,0.0,0.0,0.0,0.0,0.0,0.0,4.023,0.0,0.0,0.0,0.0,1.489,0.0,0.0,0.0,3.348,0.0,2.689,0.0,0.0,0.0,0.0,0.0,0.0,1.489,1.489,0.0,2.062,0.0,0.0,0.0,0.0,1.489,1.489,1.489,0.0,0.0,2.062,0.0,0.0,0.0,0.0,0.0,0.0,0.0,1.489,0.0,0.0,1.489,2.062,0.0,1.489,3.462,0.0,0.0,0.0,2.062,0.0,0.0,0.0,0.0,0.0,0.0,0.0,0.0,0.0,0.0,0.0,0.0,0.0,1.489,1.489,0.0,1.489,0.0,0.0,0.0,0.0,0.0,1.489,0.0,1.489,0.0,1.489,0.0,1.489,0.0,0.0,0.0,0.0,0.0,0.0,0.0,0.0,0.0,0.0,0.0,0.0,0.0,2.062,1.489,0.0,0.0,1.489,0.0,0.0,2.424,0.0,2.689,0.0,2.424,0.0,0.0,0.0,0.0,0.0,0.0,2.062,2.424,0.0,0.0,1.489,0.0,1.489,0.0,0.0,0.0,0.0,0.0,2.424,0.0,0.0,1.489,0.0,1.489,0.0,0.0,0.0,0.0,0.0,0.0,1.489,0.0,0.0,2.424,0.0,0.0,0.0,0.0,0.0,1.489,0.0,0.0,0.0,0.0,2.899,1.489,0.0,0.0,0.0,0.0,0.0,0.0,0.0,2.689,3.657,0.0,0.0,0.0,2.062,3.564,0.0,1.489,0.0,2.062,0.0,0.0,0.0,0.0,0.0,0.0,0.0,0.0,0.0,0.0,0.0,0.0,0.0,0.0,0.0,2.062,3.072,0.0,1.489,2.062,2.424,0.0,0.0,0.0,0.0,0.0,0.0,0.0,1.489,0.0,0.0,0.0,1.489,0.0,0.0,1.489,0.0,1.489,0.0,0.0,0.0,0.0,0.0,0.0,0.0
B-Zelle,0.0,0.0,0.0,1.416,0.0,1.98,1.416,0.0,0.0,0.0,0.0,1.416,0.0,0.0,0.0,0.0,0.0,3.37,1.416,0.0,0.0,1.416,0.0,0.0,0.0,0.0,1.416,1.416,2.601,0.0,0.0,2.601,0.0,1.416,0.0,0.0,1.416,0.0,1.98,0.0,0.0,0.0,0.0,0.0,0.0,0.0,0.0,0.0,0.0,1.416,0.0,1.416,0.0,0.0,0.0,2.809,0.0,1.98,0.0,0.0,1.98,0.0,0.0,0.0,0.0,0.0,3.129,0.0,0.0,0.0,0.0,1.416,0.0,0.0,1.98,0.0,0.0,1.416,0.0,1.416,2.338,0.0,1.416,0.0,0.0,0.0,0.0,0.0,0.0,0.0,0.0,0.0,0.0,0.0,1.416,0.0,1.416,0.0,1.416,1.416,0.0,0.0,0.0,0.0,0.0,0.0,1.416,0.0,0.0,0.0,0.0,1.98,0.0,0.0,0.0,0.0,0.0,0.0,0.0,1.416,1.416,1.416,0.0,2.338,0.0,1.416,0.0,0.0,1.98,0.0,0.0,0.0,0.0,0.0,0.0,0.0,1.416,0.0,0.0,1.98,1.416,0.0,1.416,0.0,1.416,0.0,0.0,1.416,0.0,1.416,0.0,0.0,0.0,0.0,0.0,1.416,0.0,0.0,0.0,0.0,1.416,1.416,0.0,0.0,0.0,0.0,1.98,0.0,0.0,0.0,0.0,0.0,0.0,0.0,1.98,0.0,0.0,0.0,1.416,1.416,1.416,1.98,0.0,0.0,0.0,0.0,0.0,0.0,1.416,0.0,0.0,0.0,0.0,0.0,0.0,1.98,0.0,0.0,0.0,0.0,1.416,0.0,1.416,0.0,0.0,0.0,1.416,0.0,1.98,5.095,0.0,2.982,1.98,2.338,0.0,0.0,0.0,1.416,1.416,0.0,0.0,0.0,1.98,0.0,0.0,0.0,0.0,0.0,0.0,0.0,4.099,0.0,0.0,0.0,2.809,0.0,4.287,3.129,3.564,3.129,2.601,2.982,1.98,1.416,3.257,3.472,0.0,0.0,0.0,1.98,1.416,1.416,1.416,0.0,1.98,1.416,0.0,0.0,0.0,0.0,0.0,1.416,0.0,0.0,0.0,0.0,0.0,0.0,1.416,0.0,0.0,0.0,1.416,1.416,0.0,0.0,1.416,0.0,0.0,0.0,2.601,1.416,0.0,0.0,0.0,1.98,0.0,0.0,0.0,0.0,0.0,0.0,0.0,0.0,1.416,0.0,0.0,1.416,0.0,0.0,0.0,0.0,1.98,0.0,0.0,1.98,0.0,0.0,0.0,0.0,0.0,0.0,0.0,0.0,0.0,1.416,0.0,0.0,0.0,0.0,1.416,0.0,0.0,0.0,0.0,0.0,0.0,0.0,0.0,0.0,1.416,0.0,1.98,0.0,1.98,0.0,0.0,0.0,0.0,0.0,0.0,0.0,0.0,0.0,1.416,0.0,1.98,1.416,0.0,1.98,0.0,0.0,0.0,1.416,0.0,0.0,0.0,0.0,0.0,1.98,0.0,1.98,0.0,1.416,0.0,2.338,0.0,0.0,0.0,0.0,0.0,1.416,0.0,0.0,0.0,0.0,0.0,0.0,0.0,2.338,0.0,0.0,0.0,0.0,0.0,0.0,1.98,0.0,0.0,1.416,0.0,0.0,0.0,1.416,2.982,1.416,0.0,1.98,0.0,0.0,0.0,0.0,0.0,0.0,0.0,1.416,0.0,0.0,0.0,0.0,0.0,0.0,0.0,1.416,0.0,0.0,0.0,0.0,1.98,0.0,2.338,1.98,1.416,0.0,0.0,0.0,2.601,1.416,1.416,0.0,2.601,0.0,1.416,0.0,0.0,0.0,0.0,0.0,0.0,1.416,3.129,0.0,0.0,1.416,1.416,0.0,0.0,0.0,0.0,0.0,0.0,0.0,0.0,0.0,0.0,0.0,0.0,0.0,0.0,1.416,0.0,0.0,0.0,1.416,0.0,0.0,0.0,0.0,0.0,0.0,0.0,0.0,1.416,0.0,0.0,0.0,0.0,0.0,0.0,1.98,0.0,1.416,0.0,0.0,2.338,0.0,0.0,0.0,0.0,1.416,0.0,1.98,1.416,1.98,0.0,0.0,2.601,0.0,1.416,0.0,0.0,0.0,0.0,0.0,0.0,0.0,0.0,0.0,0.0,0.0,0.0,1.416,0.0,0.0,0.0,0.0,2.601,1.416,0.0,1.416,0.0,0.0,1.416,0.0,2.601,0.0,0.0,0.0,1.98,1.98,0.0,1.416,0.0,0.0,0.0,0.0,1.416,2.338,0.0,0.0,0.0,0.0,0.0,2.338,0.0,0.0,0.0,0.0,0.0,0.0,1.416,0.0,0.0,1.416,1.98,0.0,0.0,0.0,1.98,1.416,1.416,0.0,0.0,1.416,0.0,1.416,0.0,0.0,1.98,0.0,1.98,0.0,0.0,0.0,0.0,0.0,0.0,0.0,0.0,0.0,0.0,0.0,0.0,0.0,1.98,2.338,0.0,0.0,0.0,0.0,1.416,1.416,0.0,1.416,1.416,1.98,0.0,0.0,0.0,0.0,0.0,0.0,0.0,0.0,0.0,0.0,0.0,0.0,0.0,0.0,0.0,0.0,1.416,0.0,0.0,1.416,1.98,0.0,0.0,3.37,1.416,0.0,1.416,0.0,0.0,0.0,0.0,0.0,0.0,0.0,0.0,1.416,0.0,0.0,0.0,1.416,0.0,0.0,0.0,1.416,0.0,0.0,0.0,0.0,0.0,0.0,0.0,0.0,0.0,0.0,1.416,1.416,1.416,1.416,0.0,1.416,2.338,0.0,0.0,0.0,0.0,0.0,2.338,0.0,0.0,0.0,0.0,0.0,0.0,0.0,0.0,0.0,0.0,0.0,1.98,1.416,1.416,0.0,0.0,2.601,0.0,1.416,0.0,0.0,0.0,0.0,1.98,2.601,1.98,0.0,1.416,1.416,0.0,0.0,1.416,0.0,0.0,0.0,1.416,0.0,1.98,1.98,0.0,0.0,0.0,0.0,0.0,2.338,0.0,2.982,1.416,1.416,1.98,0.0,0.0,3.37,0.0,3.8,0.0,0.0,0.0,0.0,0.0,0.0,0.0,0.0,0.0,0.0,0.0,0.0,0.0,0.0,0.0,0.0,0.0,0.0,0.0,0.0,1.416,2.338,0.0,0.0,0.0,0.0,1.416,0.0,0.0,2.601,0.0,0.0,0.0,0.0,1.98,0.0,0.0,2.338,0.0,0.0,1.98,2.338,0.0,1.98,0.0,1.416,0.0
T-Zelle,0.0,0.0,0.0,1.888,0.0,0.0,0.0,0.0,0.0,0.0,0.0,0.0,0.0,0.0,0.0,1.336,0.0,3.461,0.0,0.0,0.0,0.0,2.242,0.0,0.0,0.0,1.336,1.336,1.336,1.888,0.0,1.336,0.0,0.0,1.336,0.0,1.336,0.0,1.888,0.0,1.336,1.336,0.0,1.336,2.503,0.0,0.0,1.336,1.336,1.336,0.0,2.709,0.0,0.0,2.709,3.461,0.0,1.336,1.336,1.888,0.0,0.0,0.0,0.0,0.0,0.0,1.336,0.0,0.0,0.0,0.0,0.0,0.0,0.0,0.0,0.0,0.0,0.0,0.0,0.0,1.888,0.0,0.0,0.0,1.336,0.0,1.336,0.0,0.0,0.0,0.0,1.888,0.0,0.0,1.336,0.0,0.0,0.0,1.336,0.0,0.0,0.0,0.0,1.888,2.242,0.0,0.0,0.0,0.0,0.0,1.336,1.336,1.888,0.0,1.336,0.0,1.336,0.0,0.0,0.0,0.0,1.336,0.0,0.0,0.0,1.336,0.0,0.0,1.336,0.0,0.0,0.0,0.0,0.0,0.0,1.888,0.0,1.888,0.0,1.888,0.0,0.0,0.0,1.888,0.0,1.336,0.0,1.336,0.0,1.336,0.0,0.0,0.0,0.0,1.336,1.336,0.0,0.0,0.0,0.0,0.0,2.503,0.0,0.0,0.0,0.0,1.336,0.0,0.0,0.0,0.0,0.0,0.0,0.0,0.0,0.0,0.0,0.0,0.0,1.336,2.242,0.0,0.0,0.0,0.0,1.888,1.336,1.336,0.0,1.336,0.0,0.0,0.0,0.0,0.0,1.336,0.0,0.0,1.336,0.0,0.0,0.0,2.242,0.0,0.0,0.0,0.0,1.888,1.336,1.888,1.336,3.027,1.336,1.336,1.888,0.0,0.0,1.336,0.0,0.0,0.0,0.0,0.0,0.0,0.0,0.0,0.0,0.0,0.0,0.0,3.154,0.0,0.0,0.0,1.336,2.242,0.0,0.0,0.0,0.0,0.0,0.0,0.0,0.0,0.0,0.0,1.336,0.0,0.0,1.888,0.0,0.0,0.0,1.336,1.336,1.336,0.0,0.0,0.0,0.0,1.336,0.0,0.0,1.336,0.0,0.0,0.0,1.336,0.0,0.0,1.336,0.0,1.336,1.336,0.0,0.0,1.336,0.0,0.0,1.336,1.336,0.0,0.0,0.0,0.0,0.0,0.0,0.0,0.0,1.888,0.0,0.0,0.0,0.0,0.0,0.0,0.0,0.0,0.0,0.0,0.0,0.0,0.0,0.0,0.0,0.0,0.0,1.336,0.0,2.881,0.0,1.888,0.0,0.0,1.888,0.0,2.503,0.0,0.0,0.0,0.0,1.888,0.0,0.0,2.503,1.336,0.0,0.0,0.0,0.0,1.336,0.0,1.336,0.0,0.0,0.0,0.0,0.0,0.0,0.0,0.0,0.0,1.336,0.0,0.0,0.0,0.0,2.242,0.0,1.888,0.0,1.336,0.0,0.0,0.0,0.0,0.0,1.888,0.0,1.888,0.0,0.0,0.0,1.336,0.0,0.0,0.0,0.0,0.0,0.0,1.336,0.0,1.888,0.0,1.336,0.0,0.0,1.336,0.0,2.709,0.0,0.0,0.0,1.336,0.0,1.336,1.336,0.0,1.336,1.336,0.0,1.336,0.0,0.0,2.709,0.0,0.0,0.0,0.0,0.0,1.336,0.0,1.336,0.0,0.0,0.0,0.0,0.0,1.888,0.0,0.0,0.0,0.0,1.888,1.888,0.0,0.0,0.0,1.888,0.0,0.0,0.0,0.0,0.0,0.0,0.0,0.0,0.0,0.0,0.0,0.0,0.0,0.0,0.0,0.0,0.0,0.0,0.0,1.336,1.888,2.881,1.336,0.0,0.0,0.0,0.0,0.0,0.0,1.336,0.0,0.0,0.0,1.888,0.0,0.0,0.0,1.888,1.888,1.888,0.0,0.0,1.888,0.0,1.336,0.0,0.0,0.0,0.0,0.0,0.0,1.336,0.0,0.0,0.0,2.503,0.0,1.336,1.888,0.0,2.503,0.0,1.336,1.336,0.0,0.0,0.0,0.0,0.0,1.336,0.0,0.0,2.709,2.242,0.0,1.888,0.0,0.0,1.336,1.336,0.0,0.0,0.0,1.336,0.0,0.0,1.336,1.336,0.0,0.0,0.0,0.0,1.336,0.0,0.0,0.0,0.0,2.242,2.242,0.0,0.0,0.0,0.0,2.242,0.0,2.503,0.0,0.0,0.0,0.0,0.0,0.0,1.888,0.0,1.336,2.242,1.336,0.0,1.888,0.0,0.0,0.0,1.336,0.0,1.888,0.0,0.0,0.0,0.0,0.0,0.0,0.0,1.336,0.0,2.242,0.0,0.0,1.888,0.0,1.888,1.336,1.888,0.0,0.0,0.0,0.0,1.336,1.336,1.336,1.336,0.0,0.0,0.0,1.336,3.154,1.336,0.0,0.0,0.0,0.0,1.336,0.0,0.0,0.0,0.0,2.881,1.336,0.0,0.0,1.888,0.0,1.336,0.0,0.0,0.0,1.888,0.0,1.336,0.0,0.0,0.0,0.0,0.0,0.0,0.0,0.0,0.0,0.0,0.0,1.336,0.0,0.0,0.0,0.0,0.0,1.336,0.0,0.0,1.336,2.242,0.0,2.709,0.0,1.336,0.0,0.0,0.0,1.336,0.0,1.336,1.888,1.888,0.0,0.0,0.0,0.0,1.336,0.0,0.0,0.0,0.0,0.0,0.0,0.0,0.0,0.0,0.0,0.0,0.0,1.336,0.0,0.0,0.0,0.0,1.888,1.336,0.0,0.0,0.0,0.0,0.0,0.0,0.0,1.888,1.336,0.0,1.336,0.0,0.0,2.503,0.0,0.0,0.0,0.0,0.0,1.336,1.336,1.336,1.336,0.0,1.888,0.0,1.336,0.0,0.0,0.0,0.0,1.888,3.027,1.888,0.0,0.0,1.888,0.0,0.0,1.336,0.0,1.336,0.0,0.0,0.0,1.336,1.336,0.0,2.242,0.0,1.336,0.0,0.0,0.0,0.0,0.0,0.0,0.0,0.0,0.0,4.138,1.336,1.336,1.336,1.336,1.336,0.0,0.0,0.0,1.336,0.0,0.0,0.0,0.0,0.0,0.0,0.0,0.0,0.0,0.0,1.336,0.0,0.0,0.0,1.336,1.336,0.0,1.336,0.0,1.336,0.0,0.0,2.242,0.0,0.0,0.0,0.0,0.0,0.0,0.0,2.242,1.336,1.336,0.0,1.336,2.242,0.0,0.0,0.0,0.0
Dendritische Zelle,1.204,0.0,1.204,1.735,0.0,0.0,0.0,1.204,1.204,0.0,0.0,1.735,0.0,0.0,0.0,0.0,0.0,2.336,1.204,0.0,0.0,0.0,0.0,0.0,1.735,1.204,0.0,0.0,2.336,0.0,0.0,1.204,0.0,2.08,1.735,0.0,0.0,0.0,1.735,0.0,2.08,2.08,1.735,0.0,1.735,0.0,0.0,0.0,0.0,2.539,0.0,3.091,3.192,0.0,3.517,3.517,0.0,1.204,1.204,0.0,0.0,0.0,1.204,0.0,2.979,3.706,2.08,0.0,2.853,0.0,0.0,0.0,0.0,1.204,0.0,0.0,0.0,0.0,0.0,1.204,2.08,0.0,0.0,0.0,1.204,2.08,1.204,1.204,1.204,0.0,0.0,0.0,1.204,0.0,2.336,0.0,0.0,1.204,0.0,0.0,1.735,0.0,0.0,0.0,0.0,0.0,1.735,0.0,1.204,0.0,0.0,0.0,0.0,0.0,2.08,0.0,0.0,0.0,0.0,0.0,0.0,1.204,0.0,0.0,0.0,1.735,0.0,0.0,0.0,0.0,0.0,0.0,0.0,0.0,0.0,1.204,0.0,1.204,1.204,2.979,0.0,0.0,1.204,2.08,1.204,0.0,1.735,2.08,0.0,1.204,0.0,0.0,0.0,0.0,0.0,0.0,0.0,0.0,0.0,0.0,0.0,1.735,1.204,0.0,1.735,0.0,1.204,0.0,1.204,1.204,0.0,0.0,0.0,0.0,0.0,0.0,0.0,0.0,0.0,1.735,1.735,0.0,0.0,0.0,0.0,0.0,1.735,0.0,1.204,0.0,0.0,0.0,0.0,0.0,0.0,1.204,1.735,0.0,0.0,1.204,1.735,0.0,0.0,1.204,1.204,0.0,0.0,0.0,0.0,5.171,0.0,1.204,2.08,2.853,1.204,0.0,0.0,0.0,0.0,1.735,1.204,0.0,1.735,0.0,1.735,1.204,0.0,0.0,1.735,0.0,0.0,2.539,2.08,0.0,3.284,1.735,4.981,3.958,4.641,4.001,3.445,3.091,1.735,3.284,4.415,4.748,0.0,0.0,0.0,0.0,0.0,0.0,2.539,0.0,2.539,0.0,0.0,0.0,0.0,1.204,1.735,0.0,0.0,0.0,0.0,1.204,0.0,0.0,0.0,0.0,0.0,0.0,1.735,1.735,2.08,1.204,1.204,0.0,1.204,1.204,2.08,0.0,1.204,1.735,0.0,1.204,0.0,1.735,1.204,0.0,0.0,0.0,0.0,0.0,0.0,1.204,0.0,1.204,1.735,2.08,0.0,0.0,0.0,0.0,0.0,0.0,0.0,1.204,1.204,0.0,0.0,0.0,0.0,0.0,0.0,1.735,2.08,2.08,0.0,0.0,0.0,2.336,1.204,0.0,0.0,0.0,0.0,0.0,0.0,0.0,1.735,0.0,1.204,1.204,0.0,0.0,0.0,0.0,0.0,0.0,0.0,1.735,0.0,0.0,0.0,2.08,1.204,0.0,0.0,0.0,1.735,0.0,1.204,0.0,0.0,0.0,0.0,2.853,1.204,1.735,0.0,1.735,1.204,0.0,0.0,1.204,0.0,0.0,2.979,0.0,0.0,0.0,1.204,0.0,1.204,0.0,0.0,0.0,0.0,3.761,0.0,0.0,1.204,0.0,0.0,0.0,0.0,1.204,2.708,0.0,0.0,2.08,2.336,1.204,3.192,1.204,1.204,0.0,0.0,0.0,0.0,0.0,0.0,1.204,0.0,1.204,1.204,0.0,2.08,0.0,0.0,1.204,0.0,1.204,0.0,0.0,1.204,0.0,0.0,0.0,0.0,2.336,1.204,0.0,1.204,1.204,0.0,0.0,1.204,0.0,0.0,0.0,0.0,0.0,0.0,0.0,0.0,0.0,0.0,0.0,0.0,1.204,2.979,1.204,0.0,0.0,0.0,0.0,0.0,2.08,1.204,0.0,0.0,0.0,0.0,1.735,0.0,0.0,0.0,0.0,0.0,0.0,0.0,0.0,0.0,1.204,0.0,0.0,0.0,0.0,0.0,1.204,0.0,0.0,0.0,0.0,0.0,0.0,1.204,1.204,0.0,0.0,0.0,1.204,1.735,0.0,2.08,4.768,0.0,2.08,0.0,2.08,0.0,0.0,0.0,0.0,0.0,0.0,0.0,0.0,0.0,1.204,0.0,0.0,0.0,0.0,1.204,0.0,0.0,0.0,0.0,0.0,1.204,0.0,0.0,1.204,1.204,1.735,0.0,0.0,0.0,2.08,0.0,0.0,1.204,1.735,1.735,0.0,1.204,0.0,0.0,3.192,0.0,2.539,0.0,1.204,1.204,1.735,0.0,0.0,0.0,1.204,1.204,2.708,1.204,0.0,0.0,1.204,0.0,0.0,0.0,1.735,1.204,1.735,0.0,1.204,1.735,0.0,2.08,0.0,1.735,1.204,0.0,0.0,0.0,0.0,0.0,0.0,0.0,0.0,2.08,0.0,1.204,0.0,0.0,0.0,0.0,0.0,1.204,1.204,0.0,1.204,0.0,1.204,2.08,2.08,0.0,1.204,0.0,0.0,0.0,0.0,2.853,1.204,3.192,0.0,1.735,0.0,0.0,0.0,1.204,1.204,0.0,0.0,0.0,0.0,0.0,0.0,0.0,0.0,0.0,0.0,0.0,0.0,0.0,1.735,0.0,0.0,1.735,0.0,2.336,0.0,2.08,0.0,1.204,0.0,0.0,0.0,1.204,0.0,0.0,0.0,1.204,0.0,0.0,1.204,0.0,2.08,1.204,0.0,0.0,4.641,0.0,1.204,0.0,0.0,1.204,1.735,1.735,0.0,0.0,1.735,0.0,1.204,0.0,2.539,1.735,0.0,0.0,0.0,1.735,1.204,1.204,0.0,0.0,0.0,0.0,0.0,0.0,0.0,0.0,0.0,0.0,0.0,0.0,0.0,1.735,0.0,0.0,0.0,0.0,1.735,0.0,0.0,0.0,0.0,1.735,3.091,0.0,1.204,1.204,0.0,1.204,0.0,1.204,2.08,2.08,1.204,2.08,1.204,1.735,1.204,0.0,1.735,3.284,0.0,0.0,0.0,0.0,0.0,0.0,0.0,1.204,1.735,1.735,3.958,0.0,1.204,0.0,0.0,0.0,0.0,0.0,2.539,0.0,0.0,0.0,0.0,0.0,1.204,0.0,0.0,0.0,0.0,0.0,0.0,0.0,0.0,1.735,0.0,1.204,0.0,0.0,0.0,1.735,0.0,0.0,1.204,0.0,0.0,0.0,1.204,0.0,0.0,0.0,1.735,0.0,0.0,0.0,2.08,0.0,1.735,0.0,1.204,1.204
T-Zelle,0.0,0.0,1.447,0.0,0.0,0.0,0.0,1.447,0.0,0.0,0.0,0.0,0.0,0.0,0.0,0.0,0.0,3.168,0.0,2.015,0.0,0.0,2.015,0.0,0.0,0.0,0.0,2.015,1.447,0.0,0.0,1.447,0.0,0.0,0.0,0.0,0.0,0.0,1.447,1.447,0.0,0.0,0.0,0.0,2.375,0.0,0.0,0.0,0.0,2.015,0.0,2.015,0.0,0.0,2.848,2.639,0.0,2.639,0.0,1.447,2.015,0.0,1.447,1.447,0.0,0.0,1.447,2.015,0.0,0.0,0.0,0.0,0.0,0.0,1.447,0.0,0.0,1.447,0.0,1.447,1.447,0.0,0.0,0.0,2.015,0.0,0.0,0.0,0.0,0.0,0.0,0.0,0.0,0.0,1.447,1.447,0.0,2.015,1.447,0.0,0.0,1.447,0.0,0.0,0.0,0.0,1.447,0.0,0.0,0.0,0.0,1.447,1.447,0.0,0.0,0.0,2.015,1.447,0.0,0.0,0.0,0.0,0.0,0.0,0.0,1.447,1.447,0.0,0.0,0.0,0.0,0.0,1.447,0.0,0.0,0.0,0.0,0.0,0.0,1.447,0.0,0.0,0.0,0.0,1.447,0.0,0.0,0.0,0.0,0.0,0.0,0.0,0.0,0.0,0.0,0.0,0.0,0.0,0.0,0.0,0.0,2.015,0.0,0.0,0.0,0.0,0.0,0.0,2.015,0.0,0.0,0.0,0.0,1.447,0.0,0.0,0.0,0.0,0.0,1.447,2.015,0.0,0.0,0.0,2.639,0.0,0.0,1.447,1.447,2.015,2.015,0.0,0.0,0.0,0.0,0.0,1.447,0.0,0.0,0.0,0.0,0.0,2.375,0.0,0.0,0.0,0.0,0.0,1.447,0.0,0.0,2.639,1.447,0.0,1.447,0.0,2.015,0.0,0.0,0.0,0.0,0.0,0.0,0.0,1.447,0.0,2.015,1.447,0.0,1.447,3.168,0.0,0.0,0.0,2.375,2.639,0.0,0.0,0.0,0.0,0.0,0.0,0.0,0.0,0.0,0.0,0.0,0.0,0.0,2.639,0.0,0.0,0.0,0.0,1.447,1.447,0.0,1.447,0.0,0.0,0.0,1.447,0.0,0.0,0.0,0.0,0.0,0.0,1.447,0.0,0.0,0.0,2.848,2.375,0.0,0.0,1.447,0.0,0.0,0.0,0.0,0.0,1.447,1.447,0.0,0.0,0.0,0.0,0.0,0.0,0.0,0.0,0.0,0.0,0.0,1.447,0.0,0.0,0.0,1.447,0.0,0.0,0.0,0.0,0.0,0.0,1.447,0.0,0.0,1.447,0.0,2.639,0.0,0.0,1.447,0.0,0.0,0.0,0.0,0.0,0.0,0.0,0.0,0.0,0.0,1.447,1.447,0.0,1.447,0.0,0.0,0.0,1.447,0.0,0.0,1.447,0.0,0.0,2.015,0.0,0.0,0.0,0.0,0.0,0.0,1.447,0.0,1.447,0.0,2.015,0.0,0.0,0.0,0.0,1.447,0.0,0.0,1.447,2.015,0.0,0.0,1.447,2.375,2.015,0.0,0.0,2.015,0.0,0.0,0.0,0.0,0.0,1.447,0.0,1.447,0.0,1.447,2.375,1.447,2.639,0.0,0.0,0.0,2.015,0.0,0.0,1.447,0.0,1.447,0.0,0.0,0.0,0.0,0.0,3.512,0.0,0.0,0.0,0.0,0.0,0.0,0.0,1.447,0.0,0.0,0.0,0.0,0.0,2.375,2.015,0.0,2.015,0.0,0.0,0.0,0.0,0.0,0.0,0.0,0.0,1.447,0.0,1.447,0.0,0.0,0.0,0.0,1.447,1.447,0.0,0.0,0.0,0.0,0.0,0.0,0.0,2.015,0.0,2.375,2.015,2.848,0.0,1.447,0.0,0.0,1.447,0.0,0.0,0.0,0.0,0.0,0.0,1.447,0.0,0.0,0.0,2.015,2.015,0.0,0.0,0.0,1.447,0.0,0.0,0.0,0.0,0.0,0.0,0.0,0.0,0.0,0.0,0.0,0.0,2.639,0.0,0.0,3.021,1.447,2.848,0.0,0.0,0.0,0.0,0.0,0.0,1.447,0.0,0.0,1.447,0.0,3.168,0.0,0.0,0.0,0.0,1.447,0.0,1.447,0.0,1.447,0.0,0.0,0.0,0.0,2.015,0.0,1.447,0.0,0.0,1.447,0.0,0.0,0.0,2.015,0.0,1.447,2.015,0.0,0.0,0.0,1.447,0.0,0.0,2.848,0.0,0.0,0.0,0.0,0.0,1.447,2.015,0.0,2.015,0.0,0.0,0.0,2.015,0.0,0.0,0.0,1.447,0.0,2.375,0.0,0.0,0.0,1.447,0.0,0.0,0.0,0.0,0.0,0.0,0.0,0.0,0.0,0.0,1.447,0.0,1.447,0.0,0.0,0.0,0.0,0.0,0.0,0.0,1.447,1.447,1.447,0.0,2.015,1.447,0.0,0.0,1.447,0.0,0.0,1.447,1.447,1.447,0.0,0.0,0.0,0.0,0.0,0.0,0.0,0.0,1.447,0.0,0.0,0.0,1.447,0.0,0.0,0.0,0.0,1.447,0.0,0.0,0.0,0.0,0.0,0.0,0.0,1.447,0.0,0.0,0.0,0.0,0.0,1.447,0.0,2.015,2.015,0.0,1.447,0.0,2.015,0.0,1.447,0.0,0.0,0.0,0.0,0.0,0.0,0.0,1.447,0.0,2.015,1.447,0.0,1.447,0.0,0.0,0.0,0.0,0.0,0.0,0.0,0.0,0.0,2.015,2.015,0.0,1.447,0.0,0.0,1.447,0.0,2.015,0.0,1.447,0.0,1.447,0.0,0.0,2.015,0.0,1.447,0.0,0.0,0.0,0.0,0.0,2.375,2.015,0.0,0.0,0.0,0.0,0.0,0.0,0.0,0.0,0.0,2.375,0.0,1.447,0.0,0.0,0.0,0.0,2.015,3.604,0.0,0.0,0.0,1.447,0.0,0.0,0.0,0.0,0.0,0.0,1.447,0.0,0.0,0.0,1.447,2.015,1.447,0.0,1.447,0.0,0.0,0.0,1.447,0.0,0.0,2.375,0.0,3.41,0.0,2.015,2.015,2.375,0.0,0.0,0.0,0.0,0.0,0.0,0.0,0.0,0.0,1.447,0.0,0.0,0.0,0.0,1.447,1.447,0.0,0.0,0.0,0.0,1.447,0.0,0.0,0.0,1.447,0.0,0.0,2.015,0.0,0.0,0.0,0.0,0.0,1.447,0.0,1.447,0.0,0.0,0.0,0.0,0.0,0.0,0.0,1.447,0.0
Dendritische Zelle,0.0,0.0,0.922,2.781,0.0,0.0,0.0,0.0,0.0,0.922,0.0,0.0,0.0,0.0,0.0,0.0,0.922,1.712,0.0,0.922,0.0,0.922,0.922,0.0,0.0,0.922,0.0,0.922,0.922,0.0,0.0,1.393,0.0,0.922,0.0,0.922,0.0,0.0,0.922,0.0,2.148,0.922,0.0,0.0,1.712,0.0,0.0,1.393,0.0,1.954,0.0,3.286,1.393,0.0,2.683,1.712,0.0,1.712,0.922,0.922,0.0,0.0,0.922,0.0,1.712,0.0,0.922,0.0,2.148,2.148,0.0,0.0,0.0,0.922,0.0,0.0,0.0,0.0,0.0,0.922,0.0,0.0,0.0,0.0,0.922,0.922,0.922,0.0,0.922,0.0,0.0,2.451,0.0,0.0,1.393,0.0,0.0,1.954,0.922,0.922,0.0,0.922,0.0,0.0,0.0,0.0,1.393,0.0,0.0,0.0,0.0,2.148,1.393,0.0,0.922,0.0,0.922,0.0,0.0,0.922,0.922,1.393,0.0,0.0,0.0,0.0,0.0,1.712,1.712,0.0,0.922,0.0,0.0,0.922,0.0,0.922,1.712,0.922,0.0,2.953,0.0,1.712,0.0,0.922,0.0,0.0,0.0,0.0,0.0,0.0,0.0,0.0,1.712,0.0,0.922,0.0,0.0,0.0,1.393,1.712,0.0,1.712,0.0,0.0,0.0,0.0,0.0,0.0,0.922,1.393,0.0,0.0,0.0,1.393,0.0,0.0,0.0,0.922,0.0,1.393,1.712,0.0,0.0,0.0,0.922,0.922,0.922,1.393,2.148,0.0,0.0,0.0,0.0,0.0,0.922,1.393,0.922,0.0,0.922,0.0,0.0,0.0,1.393,0.0,1.393,0.0,0.0,0.922,0.922,5.199,0.922,1.712,2.148,1.954,2.311,0.0,0.0,1.712,0.922,0.0,0.0,0.922,0.0,0.0,0.922,0.922,0.0,0.0,0.0,0.0,2.311,0.0,1.712,0.0,0.0,0.922,4.922,4.12,4.614,4.07,3.66,3.029,2.451,2.781,4.599,4.728,0.0,0.922,0.922,1.393,1.712,0.0,1.954,0.922,1.712,0.0,0.0,0.922,0.0,0.0,0.0,1.393,0.0,0.0,0.0,0.0,0.922,1.393,0.922,0.0,1.393,0.0,0.922,0.0,3.1,0.922,1.393,1.712,0.0,0.0,1.712,0.922,0.0,0.0,0.922,0.922,0.0,0.0,0.0,0.922,0.0,0.0,0.0,0.0,1.393,1.712,0.0,1.393,0.0,0.922,0.0,0.0,0.0,0.0,0.0,0.0,0.0,1.393,0.922,0.922,0.922,0.0,0.0,0.0,0.922,1.954,0.0,0.922,0.922,0.0,0.922,1.393,0.922,0.0,1.393,0.0,0.0,0.0,0.0,0.0,0.922,0.0,1.393,0.0,0.0,0.922,0.0,0.0,0.0,0.0,0.922,0.0,0.922,0.922,0.0,0.922,0.0,0.0,0.0,0.922,0.922,0.0,0.0,0.0,0.922,0.922,0.0,0.922,0.922,1.954,0.0,1.393,0.922,0.922,0.922,0.0,0.0,0.0,0.0,0.0,1.393,0.0,0.0,0.0,1.393,0.0,0.0,0.0,0.922,3.698,0.0,0.0,0.0,0.0,0.0,0.0,0.0,1.393,1.954,2.781,0.0,1.393,1.393,0.922,3.166,0.922,0.0,0.0,0.922,1.393,0.0,0.0,0.922,0.922,0.0,1.712,0.922,0.922,1.393,0.0,0.0,2.311,0.0,1.712,0.0,0.0,0.0,0.0,1.954,0.922,0.0,2.683,0.0,0.922,0.922,0.0,0.0,0.0,1.712,0.922,0.0,0.922,0.0,0.0,0.922,0.0,0.0,0.0,0.922,0.922,1.393,1.712,3.228,1.712,1.954,1.393,1.393,1.393,1.954,0.922,0.0,0.0,1.393,0.0,0.0,0.922,0.0,0.0,0.922,0.922,0.0,0.0,1.393,1.712,0.0,0.0,0.0,0.0,0.0,0.0,0.0,0.0,0.0,0.0,1.954,0.0,0.922,2.574,0.0,2.574,0.0,1.712,0.0,0.0,1.393,0.0,1.393,4.434,0.0,1.393,0.922,1.712,0.922,0.0,0.922,0.0,1.712,0.0,1.712,0.0,0.0,0.0,0.0,0.0,0.0,1.393,0.0,0.0,0.0,0.0,0.0,0.922,1.393,0.0,0.0,0.922,2.311,0.922,0.0,0.0,0.0,0.0,0.0,0.0,1.954,1.712,1.393,0.0,0.922,0.922,0.0,2.148,0.922,2.148,0.922,0.0,0.0,0.922,0.0,0.0,0.922,0.0,0.0,2.871,0.0,0.0,0.0,1.712,0.0,0.0,0.922,2.451,1.393,2.871,0.0,0.0,0.922,1.393,1.393,1.712,1.393,0.0,0.0,0.0,0.0,1.393,0.0,0.922,0.0,0.922,0.0,0.0,1.712,0.0,0.0,0.0,1.954,0.0,0.922,1.393,0.922,0.0,0.922,0.0,0.0,1.954,0.0,2.311,0.0,1.393,1.393,0.922,0.0,1.712,2.451,0.0,1.393,1.393,0.0,0.0,1.393,1.393,0.0,1.393,0.0,1.393,0.0,0.0,0.0,0.922,0.0,0.0,0.0,1.393,0.0,1.712,1.393,0.0,1.393,0.0,2.781,0.0,0.922,0.0,0.0,0.0,0.922,0.0,1.393,0.922,0.0,0.922,0.0,0.0,0.0,0.0,0.922,2.148,0.0,0.922,0.0,4.568,0.0,0.0,0.0,0.922,0.0,0.922,1.712,0.922,0.0,0.0,0.0,1.393,1.393,1.712,0.922,0.0,0.0,0.0,0.0,0.922,1.393,1.393,0.0,0.922,0.0,0.0,0.922,0.922,0.0,0.0,0.0,0.0,1.393,0.0,2.148,0.922,0.0,2.683,0.0,1.954,0.0,0.0,0.0,0.922,1.393,2.148,0.922,0.922,0.0,1.393,0.0,0.0,1.393,0.0,0.922,0.0,1.393,0.0,2.148,0.0,0.0,0.922,0.0,1.712,0.0,0.0,0.0,0.0,0.922,1.712,0.0,0.922,2.451,3.735,0.922,1.954,0.0,1.954,0.0,0.0,0.0,0.0,0.0,0.0,0.0,0.0,0.0,0.0,1.393,0.0,0.922,0.922,0.0,0.0,0.0,0.0,1.393,0.922,1.393,0.0,0.922,0.0,1.712,0.0,2.451,2.148,0.922,1.393,0.0,2.451,0.0,1.712,0.0,2.148,0.0,0.0,1.954,2.451,1.712,2.148,2.451,0.0,0.0
Monozyt,2.548,0.0,1.595,1.595,0.0,1.595,0.0,0.0,2.816,2.181,1.595,0.0,1.595,0.0,0.0,0.0,0.0,0.0,0.0,0.0,0.0,0.0,0.0,0.0,0.0,0.0,0.0,0.0,2.548,1.595,0.0,0.0,0.0,1.595,0.0,0.0,0.0,1.595,0.0,0.0,2.548,2.816,0.0,0.0,2.181,0.0,0.0,0.0,0.0,3.594,0.0,0.0,3.028,0.0,3.789,3.874,0.0,0.0,0.0,1.595,0.0,0.0,1.595,0.0,0.0,0.0,1.595,0.0,3.696,0.0,3.479,0.0,0.0,0.0,2.181,0.0,0.0,1.595,0.0,0.0,2.548,0.0,0.0,0.0,1.595,0.0,0.0,0.0,0.0,0.0,0.0,1.595,0.0,2.181,2.548,0.0,0.0,0.0,1.595,0.0,1.595,2.548,0.0,0.0,0.0,0.0,0.0,0.0,1.595,0.0,0.0,1.595,0.0,1.595,0.0,1.595,0.0,0.0,0.0,1.595,0.0,0.0,0.0,0.0,0.0,0.0,0.0,0.0,0.0,0.0,0.0,0.0,0.0,0.0,0.0,0.0,0.0,0.0,0.0,2.548,0.0,0.0,0.0,2.548,2.548,0.0,0.0,1.595,0.0,0.0,0.0,0.0,0.0,0.0,1.595,0.0,0.0,0.0,1.595,1.595,0.0,0.0,0.0,0.0,0.0,0.0,0.0,0.0,0.0,0.0,0.0,0.0,0.0,0.0,0.0,0.0,0.0,0.0,0.0,1.595,1.595,0.0,0.0,0.0,1.595,0.0,2.181,0.0,1.595,0.0,1.595,0.0,0.0,0.0,0.0,1.595,2.548,0.0,0.0,0.0,0.0,1.595,0.0,0.0,1.595,0.0,0.0,0.0,0.0,4.026,0.0,2.548,0.0,2.548,0.0,0.0,0.0,0.0,1.595,0.0,1.595,0.0,0.0,0.0,0.0,0.0,0.0,0.0,1.595,0.0,2.548,4.093,3.874,1.595,3.028,0.0,3.202,3.202,3.789,1.595,3.202,2.181,2.181,0.0,3.594,2.548,0.0,1.595,0.0,0.0,0.0,1.595,2.181,2.181,0.0,0.0,0.0,1.595,0.0,0.0,1.595,0.0,0.0,0.0,2.181,2.548,0.0,0.0,2.548,0.0,0.0,0.0,0.0,0.0,0.0,0.0,1.595,0.0,0.0,0.0,1.595,0.0,1.595,0.0,0.0,0.0,0.0,0.0,0.0,1.595,0.0,0.0,0.0,0.0,0.0,0.0,0.0,2.181,2.181,1.595,0.0,0.0,0.0,0.0,0.0,0.0,0.0,1.595,0.0,0.0,0.0,0.0,3.028,0.0,0.0,0.0,2.548,1.595,1.595,0.0,1.595,0.0,0.0,0.0,0.0,0.0,0.0,0.0,0.0,0.0,2.181,0.0,2.181,0.0,0.0,0.0,0.0,0.0,0.0,0.0,0.0,1.595,0.0,0.0,0.0,0.0,2.181,0.0,0.0,2.548,1.595,0.0,0.0,0.0,0.0,0.0,0.0,0.0,2.181,0.0,0.0,2.548,1.595,2.816,0.0,0.0,1.595,0.0,3.202,0.0,0.0,0.0,0.0,0.0,2.548,0.0,0.0,0.0,0.0,3.479,0.0,0.0,0.0,0.0,0.0,0.0,0.0,0.0,2.816,0.0,0.0,2.181,2.548,0.0,2.181,1.595,0.0,0.0,0.0,0.0,0.0,0.0,0.0,0.0,0.0,0.0,0.0,0.0,2.548,0.0,2.816,2.181,0.0,1.595,0.0,0.0,0.0,0.0,0.0,1.595,0.0,3.696,0.0,0.0,0.0,0.0,0.0,0.0,0.0,0.0,0.0,0.0,0.0,1.595,0.0,0.0,0.0,2.181,2.181,2.181,0.0,0.0,2.548,1.595,0.0,0.0,0.0,0.0,0.0,0.0,2.181,0.0,0.0,0.0,0.0,2.548,0.0,0.0,0.0,0.0,0.0,0.0,0.0,0.0,0.0,0.0,0.0,0.0,0.0,0.0,0.0,0.0,0.0,0.0,0.0,0.0,0.0,0.0,1.595,0.0,0.0,1.595,0.0,0.0,0.0,0.0,0.0,3.479,0.0,2.548,0.0,2.181,2.181,0.0,0.0,0.0,0.0,0.0,0.0,0.0,0.0,0.0,0.0,0.0,0.0,0.0,0.0,0.0,0.0,0.0,0.0,0.0,0.0,0.0,0.0,0.0,0.0,1.595,0.0,0.0,0.0,0.0,0.0,0.0,0.0,0.0,1.595,0.0,0.0,0.0,0.0,1.595,0.0,0.0,1.595,0.0,1.595,0.0,0.0,0.0,0.0,0.0,0.0,0.0,0.0,0.0,0.0,2.181,0.0,0.0,0.0,0.0,0.0,0.0,1.595,0.0,0.0,0.0,2.181,0.0,0.0,0.0,0.0,0.0,0.0,0.0,0.0,0.0,0.0,0.0,0.0,0.0,1.595,0.0,0.0,0.0,1.595,0.0,0.0,0.0,0.0,0.0,0.0,1.595,1.595,1.595,0.0,1.595,0.0,0.0,1.595,0.0,0.0,0.0,2.181,1.595,0.0,0.0,0.0,0.0,0.0,0.0,0.0,0.0,0.0,0.0,0.0,0.0,0.0,0.0,0.0,0.0,1.595,1.595,2.181,1.595,0.0,1.595,0.0,1.595,1.595,0.0,1.595,0.0,0.0,0.0,0.0,2.181,0.0,0.0,0.0,0.0,0.0,0.0,0.0,0.0,0.0,0.0,0.0,0.0,1.595,3.479,0.0,0.0,1.595,0.0,0.0,0.0,0.0,0.0,0.0,0.0,0.0,2.548,1.595,2.548,2.548,0.0,0.0,3.35,0.0,0.0,2.548,0.0,0.0,0.0,0.0,0.0,1.595,0.0,0.0,0.0,0.0,0.0,2.181,0.0,0.0,2.548,0.0,0.0,1.595,1.595,0.0,1.595,0.0,0.0,1.595,3.35,0.0,0.0,0.0,1.595,0.0,0.0,2.181,1.595,2.181,3.35,0.0,1.595,0.0,0.0,0.0,0.0,3.789,0.0,0.0,0.0,0.0,0.0,0.0,0.0,0.0,0.0,2.181,5.039,1.595,2.181,0.0,0.0,0.0,0.0,0.0,0.0,1.595,0.0,0.0,0.0,0.0,0.0,2.548,1.595,0.0,0.0,0.0,0.0,0.0,0.0,2.816,0.0,0.0,1.595,0.0,1.595,0.0,0.0,0.0,1.595,0.0,2.548,0.0,3.202,1.595,1.595,0.0,0.0,0.0,0.0,0.0,2.548,1.595,2.816,0.0,0.0,0.0
Dendritische Zelle,0.0,0.0,0.0,1.504,0.0,1.504,0.0,0.0,2.079,0.0,0.0,0.0,0.0,0.0,0.0,0.0,2.079,2.079,0.0,2.079,0.0,0.0,0.0,0.0,1.504,1.504,0.0,2.442,0.0,1.504,0.0,2.079,0.0,0.0,0.0,1.504,0.0,0.0,1.504,0.0,1.504,2.707,2.079,0.0,2.442,0.0,0.0,0.0,0.0,2.917,0.0,1.504,1.504,0.0,2.917,2.707,0.0,1.504,0.0,0.0,0.0,0.0,1.504,0.0,0.0,0.0,1.504,0.0,2.917,0.0,3.367,0.0,0.0,0.0,1.504,0.0,0.0,1.504,0.0,0.0,1.504,0.0,1.504,0.0,1.504,0.0,0.0,0.0,0.0,0.0,0.0,0.0,1.504,0.0,1.504,0.0,0.0,0.0,0.0,0.0,0.0,1.504,0.0,0.0,0.0,1.504,0.0,0.0,0.0,0.0,0.0,1.504,1.504,0.0,0.0,0.0,0.0,0.0,0.0,0.0,1.504,1.504,1.504,0.0,0.0,0.0,0.0,0.0,0.0,0.0,1.504,0.0,0.0,0.0,0.0,0.0,0.0,1.504,1.504,1.504,0.0,0.0,0.0,2.442,1.504,1.504,1.504,0.0,0.0,0.0,0.0,0.0,0.0,1.504,1.504,0.0,0.0,0.0,0.0,0.0,0.0,2.707,0.0,0.0,0.0,0.0,0.0,0.0,0.0,1.504,0.0,0.0,0.0,0.0,0.0,0.0,0.0,0.0,0.0,2.079,2.707,0.0,0.0,0.0,0.0,2.079,1.504,2.079,1.504,1.504,0.0,1.504,0.0,1.504,1.504,2.707,2.079,1.504,1.504,1.504,0.0,0.0,1.504,0.0,0.0,0.0,0.0,0.0,1.504,3.09,0.0,0.0,2.442,0.0,1.504,0.0,0.0,0.0,0.0,0.0,0.0,0.0,1.504,0.0,1.504,0.0,0.0,0.0,0.0,0.0,3.367,3.583,3.839,0.0,1.504,1.504,0.0,0.0,1.504,0.0,1.504,0.0,0.0,0.0,2.079,1.504,0.0,0.0,0.0,0.0,0.0,0.0,0.0,0.0,0.0,1.504,1.504,1.504,0.0,0.0,0.0,0.0,0.0,0.0,0.0,0.0,0.0,1.504,0.0,0.0,0.0,0.0,0.0,0.0,0.0,1.504,0.0,1.504,0.0,0.0,0.0,0.0,1.504,0.0,0.0,0.0,1.504,0.0,0.0,0.0,0.0,0.0,0.0,0.0,0.0,1.504,0.0,2.442,2.442,1.504,0.0,0.0,0.0,0.0,0.0,1.504,0.0,0.0,0.0,2.442,1.504,0.0,0.0,0.0,0.0,2.079,1.504,1.504,0.0,0.0,0.0,0.0,0.0,0.0,0.0,0.0,1.504,0.0,0.0,0.0,0.0,0.0,1.504,0.0,0.0,0.0,0.0,0.0,1.504,0.0,0.0,0.0,0.0,0.0,0.0,0.0,1.504,2.079,0.0,2.079,0.0,0.0,1.504,0.0,0.0,0.0,0.0,0.0,0.0,1.504,0.0,2.442,0.0,1.504,0.0,0.0,1.504,0.0,0.0,0.0,0.0,0.0,0.0,0.0,0.0,0.0,0.0,1.504,1.504,0.0,0.0,0.0,0.0,1.504,0.0,0.0,1.504,1.504,1.504,1.504,0.0,2.707,2.707,2.442,2.707,2.079,0.0,0.0,2.079,0.0,0.0,0.0,0.0,0.0,0.0,0.0,0.0,0.0,3.238,1.504,1.504,2.079,1.504,0.0,0.0,0.0,0.0,1.504,2.079,0.0,0.0,1.504,0.0,0.0,1.504,0.0,0.0,0.0,1.504,0.0,0.0,0.0,0.0,1.504,0.0,0.0,0.0,0.0,1.504,2.079,1.504,2.079,1.504,0.0,1.504,0.0,1.504,0.0,0.0,0.0,2.079,0.0,0.0,0.0,0.0,0.0,0.0,2.079,2.079,0.0,0.0,1.504,0.0,0.0,0.0,0.0,0.0,0.0,0.0,0.0,0.0,0.0,0.0,0.0,2.442,0.0,0.0,1.504,2.079,2.707,0.0,0.0,0.0,1.504,0.0,0.0,2.442,2.917,0.0,2.079,0.0,2.917,1.504,0.0,0.0,0.0,0.0,0.0,2.079,0.0,0.0,0.0,0.0,0.0,0.0,0.0,0.0,0.0,0.0,0.0,0.0,2.079,0.0,0.0,0.0,0.0,2.442,1.504,0.0,0.0,0.0,1.504,0.0,0.0,2.442,1.504,0.0,0.0,1.504,0.0,0.0,0.0,0.0,2.442,1.504,0.0,0.0,1.504,0.0,0.0,0.0,1.504,0.0,2.079,1.504,0.0,0.0,2.442,0.0,1.504,1.504,2.079,0.0,2.079,0.0,0.0,2.079,1.504,0.0,0.0,2.079,0.0,0.0,0.0,0.0,0.0,0.0,0.0,0.0,0.0,1.504,1.504,1.504,1.504,0.0,0.0,0.0,0.0,0.0,1.504,0.0,0.0,0.0,0.0,1.504,0.0,0.0,0.0,1.504,0.0,0.0,0.0,0.0,0.0,1.504,0.0,2.079,0.0,0.0,0.0,0.0,0.0,0.0,0.0,0.0,0.0,0.0,1.504,0.0,0.0,0.0,0.0,0.0,0.0,0.0,0.0,0.0,0.0,1.504,1.504,2.917,0.0,2.079,0.0,0.0,0.0,1.504,0.0,0.0,0.0,1.504,1.504,0.0,0.0,0.0,1.504,0.0,0.0,1.504,0.0,1.504,3.09,0.0,0.0,2.079,1.504,0.0,0.0,0.0,0.0,0.0,2.079,0.0,1.504,0.0,2.079,2.079,1.504,0.0,2.917,2.079,1.504,0.0,0.0,0.0,0.0,0.0,0.0,0.0,0.0,0.0,0.0,0.0,0.0,1.504,0.0,0.0,1.504,2.079,1.504,0.0,1.504,0.0,0.0,0.0,0.0,1.504,1.504,0.0,1.504,0.0,0.0,0.0,0.0,2.079,0.0,0.0,0.0,2.079,2.079,0.0,1.504,0.0,1.504,3.481,0.0,0.0,0.0,2.079,0.0,0.0,0.0,1.504,0.0,0.0,5.043,0.0,2.917,0.0,1.504,0.0,0.0,0.0,0.0,0.0,0.0,0.0,0.0,0.0,0.0,2.079,0.0,0.0,0.0,0.0,1.504,0.0,0.0,1.504,0.0,0.0,0.0,1.504,1.504,1.504,0.0,0.0,0.0,0.0,1.504,0.0,1.504,0.0,2.079,0.0,0.0,0.0,0.0,2.442,0.0,0.0,0.0,0.0,2.079,0.0
Dendritische Zelle,0.0,0.0,0.0,0.0,0.0,0.0,0.0,0.0,0.0,0.0,0.0,0.0,0.0,0.0,1.388,0.0,0.0,2.775,1.388,1.388,0.0,1.948,0.0,1.388,0.0,1.388,0.0,2.305,1.388,1.388,0.0,1.388,0.0,1.388,0.0,0.0,0.0,0.0,0.0,0.0,1.948,1.948,0.0,0.0,1.388,0.0,0.0,1.948,1.388,3.222,0.0,2.947,3.094,0.0,3.614,3.895,0.0,1.388,0.0,1.388,0.0,0.0,1.388,0.0,1.948,2.568,1.948,0.0,2.305,1.388,0.0,0.0,0.0,1.388,0.0,0.0,0.0,1.388,0.0,0.0,2.305,0.0,0.0,0.0,0.0,1.388,0.0,0.0,0.0,0.0,0.0,1.948,0.0,0.0,0.0,0.0,0.0,0.0,1.388,0.0,2.305,1.388,0.0,0.0,0.0,0.0,0.0,0.0,1.388,1.948,0.0,1.948,2.305,0.0,0.0,0.0,0.0,1.388,0.0,1.948,0.0,1.948,0.0,0.0,0.0,0.0,0.0,1.388,1.388,1.948,0.0,0.0,0.0,1.388,0.0,2.305,0.0,1.388,0.0,2.775,0.0,0.0,0.0,1.948,0.0,0.0,0.0,0.0,0.0,0.0,0.0,0.0,1.388,0.0,1.388,0.0,0.0,0.0,1.388,0.0,1.388,0.0,0.0,0.0,1.948,0.0,0.0,0.0,0.0,0.0,0.0,0.0,0.0,0.0,0.0,0.0,0.0,1.388,0.0,2.568,0.0,0.0,0.0,0.0,1.388,1.388,1.948,1.388,0.0,0.0,0.0,0.0,0.0,0.0,1.948,1.388,0.0,0.0,1.388,0.0,0.0,0.0,0.0,1.388,1.948,0.0,0.0,0.0,0.0,5.281,0.0,2.568,0.0,2.305,1.388,0.0,0.0,0.0,1.388,1.388,2.305,0.0,2.947,0.0,0.0,0.0,0.0,0.0,1.388,0.0,0.0,2.305,2.947,1.388,2.568,1.948,4.748,3.895,4.638,3.614,2.947,3.529,2.305,2.947,4.251,4.445,0.0,0.0,0.0,1.948,1.388,0.0,0.0,1.388,1.388,0.0,0.0,0.0,0.0,0.0,0.0,0.0,0.0,0.0,0.0,0.0,0.0,0.0,1.948,0.0,0.0,1.388,1.388,1.948,1.388,0.0,0.0,1.948,0.0,1.388,2.305,0.0,0.0,1.388,0.0,1.388,0.0,1.388,1.388,1.388,0.0,0.0,0.0,0.0,0.0,1.388,0.0,2.305,0.0,0.0,0.0,0.0,0.0,0.0,0.0,1.388,0.0,0.0,0.0,2.305,0.0,0.0,0.0,0.0,0.0,1.388,2.568,1.388,0.0,0.0,0.0,1.388,1.948,1.948,0.0,0.0,0.0,0.0,0.0,0.0,2.568,0.0,1.948,0.0,0.0,0.0,0.0,0.0,0.0,0.0,0.0,0.0,0.0,1.388,0.0,1.948,1.388,0.0,0.0,0.0,1.388,0.0,0.0,0.0,0.0,0.0,0.0,1.388,0.0,1.388,0.0,1.388,0.0,1.388,0.0,0.0,0.0,0.0,0.0,0.0,0.0,0.0,1.388,0.0,1.388,0.0,0.0,0.0,0.0,3.764,0.0,0.0,0.0,0.0,0.0,0.0,1.388,1.388,2.568,1.948,0.0,0.0,1.388,0.0,3.335,0.0,1.388,0.0,0.0,0.0,0.0,0.0,1.948,0.0,0.0,1.948,0.0,0.0,1.388,0.0,0.0,1.388,0.0,0.0,0.0,0.0,0.0,0.0,1.388,0.0,0.0,1.948,0.0,0.0,0.0,1.388,0.0,0.0,1.388,0.0,0.0,0.0,0.0,0.0,0.0,0.0,0.0,0.0,0.0,0.0,0.0,1.388,1.388,0.0,2.305,0.0,1.948,0.0,0.0,0.0,0.0,0.0,0.0,0.0,0.0,2.947,0.0,0.0,0.0,0.0,0.0,0.0,0.0,1.388,0.0,0.0,0.0,0.0,0.0,0.0,0.0,0.0,0.0,0.0,1.388,0.0,0.0,0.0,0.0,3.094,1.948,1.388,0.0,0.0,1.948,0.0,0.0,4.721,0.0,1.388,1.388,2.305,0.0,1.948,0.0,0.0,1.388,0.0,1.388,0.0,0.0,0.0,0.0,0.0,0.0,1.388,0.0,0.0,0.0,0.0,0.0,0.0,0.0,1.388,0.0,0.0,0.0,0.0,0.0,0.0,0.0,0.0,0.0,0.0,1.948,2.305,2.305,0.0,1.388,1.388,1.388,1.948,0.0,2.305,1.388,0.0,1.388,0.0,0.0,0.0,0.0,0.0,0.0,1.388,0.0,1.388,0.0,1.388,0.0,1.388,0.0,1.948,0.0,1.388,0.0,1.948,0.0,0.0,1.388,0.0,0.0,0.0,1.388,0.0,0.0,0.0,1.388,0.0,0.0,0.0,1.388,1.388,1.948,0.0,0.0,0.0,1.388,0.0,0.0,0.0,0.0,1.388,0.0,0.0,1.388,0.0,0.0,0.0,0.0,1.388,1.948,0.0,1.388,1.388,1.948,0.0,2.305,1.388,0.0,0.0,0.0,0.0,0.0,1.948,0.0,1.388,0.0,0.0,0.0,0.0,1.388,0.0,0.0,0.0,0.0,1.948,1.388,0.0,0.0,0.0,2.947,0.0,1.388,0.0,0.0,0.0,1.388,0.0,0.0,0.0,0.0,0.0,1.948,0.0,0.0,0.0,2.305,1.948,1.388,0.0,0.0,4.577,0.0,0.0,0.0,0.0,1.388,0.0,0.0,1.388,0.0,0.0,0.0,2.305,0.0,2.305,1.948,0.0,0.0,0.0,1.948,0.0,2.305,0.0,0.0,0.0,0.0,1.388,0.0,1.388,0.0,0.0,0.0,0.0,1.948,0.0,1.948,0.0,0.0,1.948,0.0,0.0,0.0,0.0,0.0,0.0,1.948,3.094,0.0,0.0,0.0,0.0,1.388,0.0,0.0,0.0,0.0,1.948,0.0,1.948,1.948,0.0,0.0,1.388,2.947,0.0,1.388,1.388,0.0,0.0,0.0,1.388,0.0,1.948,1.948,4.334,1.388,1.388,0.0,0.0,0.0,0.0,1.388,2.305,0.0,0.0,0.0,0.0,0.0,0.0,2.305,0.0,1.388,1.388,0.0,0.0,0.0,0.0,0.0,0.0,0.0,0.0,0.0,0.0,1.948,0.0,1.948,1.388,0.0,0.0,0.0,2.568,0.0,0.0,0.0,1.948,0.0,0.0,1.388,0.0,0.0,2.305,1.948,1.388,0.0
B-Zelle,0.0,0.0,0.0,2.364,0.0,2.628,0.0,0.0,0.0,0.0,0.0,0.0,0.0,0.0,2.364,0.0,0.0,2.628,1.438,1.438,0.0,0.0,0.0,0.0,0.0,2.005,0.0,0.0,2.005,1.438,0.0,1.438,0.0,0.0,0.0,0.0,0.0,0.0,0.0,0.0,0.0,0.0,0.0,0.0,2.628,0.0,0.0,0.0,1.438,1.438,1.438,2.364,0.0,0.0,1.438,0.0,0.0,0.0,2.005,0.0,0.0,0.0,0.0,0.0,0.0,0.0,1.438,0.0,0.0,0.0,0.0,0.0,0.0,0.0,0.0,0.0,0.0,0.0,0.0,0.0,0.0,0.0,2.005,0.0,0.0,0.0,0.0,0.0,0.0,0.0,0.0,1.438,0.0,0.0,3.156,0.0,0.0,1.438,0.0,2.628,0.0,0.0,0.0,0.0,0.0,0.0,0.0,0.0,0.0,0.0,1.438,2.005,2.364,0.0,0.0,0.0,0.0,1.438,0.0,1.438,0.0,1.438,0.0,0.0,0.0,0.0,1.438,1.438,2.005,0.0,0.0,0.0,1.438,1.438,0.0,0.0,2.005,1.438,0.0,2.005,0.0,2.837,0.0,0.0,0.0,1.438,0.0,0.0,0.0,0.0,2.837,0.0,0.0,1.438,2.837,0.0,0.0,0.0,2.364,1.438,2.005,0.0,0.0,0.0,1.438,0.0,0.0,0.0,0.0,0.0,0.0,0.0,0.0,0.0,0.0,0.0,0.0,0.0,4.731,0.0,1.438,0.0,0.0,0.0,1.438,0.0,2.005,0.0,2.837,0.0,0.0,1.438,0.0,0.0,0.0,2.364,0.0,0.0,0.0,2.837,0.0,0.0,0.0,1.438,0.0,0.0,4.702,0.0,0.0,4.226,0.0,1.438,0.0,2.364,2.628,0.0,0.0,0.0,0.0,0.0,0.0,0.0,1.438,0.0,0.0,0.0,0.0,1.438,0.0,0.0,0.0,0.0,0.0,0.0,2.837,1.438,0.0,2.364,2.364,1.438,1.438,0.0,0.0,0.0,1.438,0.0,0.0,0.0,0.0,0.0,0.0,2.837,1.438,1.438,0.0,0.0,2.364,0.0,0.0,1.438,1.438,0.0,0.0,0.0,0.0,2.364,1.438,0.0,1.438,0.0,2.364,1.438,2.364,0.0,0.0,0.0,1.438,0.0,0.0,0.0,2.628,0.0,0.0,0.0,0.0,0.0,1.438,0.0,1.438,0.0,0.0,0.0,0.0,0.0,0.0,2.005,0.0,0.0,0.0,1.438,0.0,0.0,1.438,0.0,0.0,0.0,0.0,2.364,1.438,0.0,0.0,0.0,0.0,0.0,1.438,3.398,0.0,0.0,0.0,0.0,0.0,0.0,0.0,0.0,0.0,0.0,0.0,0.0,0.0,0.0,2.005,0.0,3.959,0.0,0.0,0.0,1.438,0.0,0.0,0.0,2.628,0.0,0.0,2.005,2.005,1.438,2.005,0.0,0.0,0.0,0.0,0.0,0.0,0.0,0.0,0.0,0.0,0.0,1.438,1.438,0.0,0.0,0.0,2.837,1.438,0.0,0.0,1.438,0.0,0.0,0.0,0.0,0.0,0.0,0.0,0.0,0.0,0.0,0.0,2.005,0.0,1.438,0.0,0.0,0.0,0.0,2.005,0.0,2.628,1.438,0.0,0.0,0.0,2.005,2.837,0.0,0.0,1.438,0.0,0.0,0.0,0.0,0.0,0.0,0.0,0.0,1.438,0.0,0.0,1.438,0.0,0.0,0.0,1.438,0.0,0.0,0.0,2.364,0.0,0.0,0.0,0.0,1.438,0.0,0.0,0.0,0.0,0.0,1.438,2.005,1.438,0.0,0.0,0.0,0.0,0.0,0.0,0.0,2.364,0.0,1.438,0.0,3.285,0.0,0.0,0.0,0.0,0.0,2.005,1.438,0.0,1.438,0.0,0.0,0.0,0.0,0.0,0.0,0.0,0.0,0.0,3.156,0.0,0.0,0.0,0.0,0.0,0.0,0.0,0.0,0.0,0.0,2.005,0.0,1.438,0.0,2.364,3.398,0.0,0.0,0.0,3.156,0.0,2.364,2.005,0.0,1.438,0.0,1.438,1.438,0.0,2.005,2.005,0.0,1.438,1.438,0.0,1.438,2.837,0.0,1.438,0.0,0.0,0.0,0.0,2.005,2.005,0.0,0.0,0.0,0.0,0.0,0.0,0.0,0.0,0.0,2.628,2.364,1.438,0.0,0.0,0.0,0.0,0.0,2.837,0.0,0.0,0.0,0.0,1.438,0.0,1.438,0.0,2.005,0.0,0.0,0.0,0.0,0.0,0.0,0.0,1.438,2.005,2.837,1.438,0.0,0.0,0.0,0.0,1.438,0.0,4.075,0.0,0.0,0.0,0.0,0.0,0.0,1.438,0.0,3.009,0.0,2.005,0.0,0.0,2.837,0.0,0.0,0.0,0.0,2.005,0.0,1.438,0.0,0.0,1.438,0.0,2.005,0.0,0.0,0.0,0.0,2.628,0.0,0.0,2.364,0.0,0.0,0.0,0.0,1.438,0.0,0.0,0.0,2.005,1.438,2.364,0.0,0.0,0.0,0.0,0.0,1.438,0.0,0.0,0.0,0.0,0.0,0.0,0.0,0.0,0.0,2.364,0.0,0.0,0.0,1.438,0.0,0.0,1.438,2.005,0.0,0.0,0.0,2.005,0.0,2.005,0.0,0.0,1.438,1.438,0.0,0.0,1.438,0.0,0.0,0.0,0.0,0.0,0.0,0.0,0.0,0.0,0.0,2.364,0.0,2.005,0.0,0.0,1.438,1.438,0.0,0.0,2.628,2.364,1.438,0.0,0.0,0.0,0.0,0.0,0.0,0.0,2.005,0.0,1.438,2.005,0.0,1.438,0.0,0.0,0.0,0.0,0.0,2.005,1.438,2.005,0.0,0.0,0.0,0.0,0.0,0.0,0.0,0.0,0.0,1.438,0.0,0.0,1.438,0.0,0.0,0.0,1.438,2.364,0.0,0.0,0.0,0.0,0.0,3.398,0.0,0.0,0.0,0.0,0.0,2.005,2.005,0.0,2.005,2.364,0.0,1.438,1.438,0.0,4.075,0.0,0.0,0.0,1.438,0.0,0.0,0.0,0.0,0.0,0.0,0.0,0.0,0.0,0.0,0.0,0.0,1.438,0.0,0.0,2.628,3.5,0.0,2.628,0.0,1.438,0.0,0.0,0.0,1.438,0.0,0.0,2.005,0.0,0.0,0.0,1.438,0.0,0.0,0.0,1.438,0.0,0.0,1.438,2.005,0.0,0.0,0.0,0.0,0.0
T-Zelle,0.0,0.0,0.0,1.365,0.0,0.0,0.0,0.0,0.0,0.0,1.921,0.0,0.0,0.0,0.0,0.0,0.0,2.917,0.0,1.365,0.0,0.0,1.921,0.0,0.0,1.921,0.0,1.921,0.0,1.365,0.0,1.921,0.0,1.365,0.0,1.365,0.0,1.365,0.0,0.0,1.921,1.365,1.365,0.0,2.277,0.0,1.365,0.0,1.365,1.365,0.0,1.921,0.0,0.0,2.277,3.191,0.0,1.365,1.365,0.0,0.0,0.0,0.0,1.365,0.0,0.0,1.365,0.0,0.0,1.921,0.0,0.0,0.0,0.0,0.0,0.0,0.0,0.0,0.0,0.0,0.0,0.0,0.0,0.0,1.365,0.0,0.0,0.0,1.365,0.0,1.365,1.365,0.0,0.0,1.365,0.0,1.921,0.0,1.921,0.0,0.0,0.0,2.277,1.921,1.921,1.365,0.0,1.365,0.0,0.0,0.0,1.365,2.277,1.365,0.0,1.365,0.0,0.0,0.0,0.0,0.0,0.0,0.0,0.0,0.0,0.0,0.0,1.365,0.0,1.365,0.0,0.0,0.0,0.0,0.0,0.0,0.0,1.365,1.365,2.746,1.365,1.365,0.0,0.0,1.365,1.365,0.0,0.0,0.0,0.0,0.0,0.0,1.365,0.0,0.0,0.0,0.0,0.0,1.921,0.0,0.0,0.0,0.0,0.0,0.0,0.0,0.0,0.0,2.277,0.0,0.0,0.0,1.365,0.0,0.0,0.0,0.0,0.0,0.0,2.746,2.539,1.365,2.277,0.0,1.921,1.921,0.0,1.921,1.365,0.0,1.921,0.0,0.0,1.921,1.365,0.0,0.0,0.0,0.0,1.365,1.365,0.0,1.921,2.539,0.0,0.0,0.0,0.0,1.921,2.539,0.0,2.277,1.921,0.0,0.0,0.0,0.0,0.0,1.365,0.0,0.0,1.365,0.0,0.0,0.0,0.0,0.0,1.365,0.0,0.0,2.277,0.0,0.0,0.0,1.921,1.921,0.0,1.365,1.921,0.0,0.0,0.0,0.0,1.365,0.0,0.0,0.0,0.0,0.0,1.921,0.0,1.365,1.365,0.0,1.365,0.0,1.365,1.365,0.0,1.365,0.0,1.365,1.921,1.365,0.0,0.0,0.0,0.0,0.0,1.365,0.0,0.0,1.365,2.746,0.0,0.0,1.921,0.0,0.0,1.365,0.0,0.0,0.0,0.0,0.0,0.0,0.0,0.0,0.0,0.0,0.0,0.0,0.0,0.0,1.365,0.0,0.0,0.0,0.0,1.365,0.0,0.0,0.0,0.0,0.0,0.0,0.0,0.0,0.0,0.0,0.0,2.539,0.0,0.0,0.0,1.365,0.0,0.0,0.0,0.0,0.0,0.0,0.0,0.0,1.365,0.0,0.0,0.0,0.0,0.0,0.0,0.0,2.539,0.0,0.0,0.0,0.0,0.0,0.0,1.365,0.0,1.365,0.0,0.0,0.0,0.0,1.365,1.365,0.0,0.0,0.0,0.0,0.0,1.365,0.0,0.0,0.0,0.0,0.0,1.365,0.0,1.365,1.365,1.921,0.0,0.0,0.0,0.0,0.0,0.0,1.365,0.0,1.365,0.0,0.0,0.0,1.365,1.365,0.0,0.0,0.0,0.0,0.0,0.0,0.0,0.0,0.0,0.0,1.365,1.365,1.365,0.0,0.0,1.365,3.064,0.0,0.0,0.0,1.365,0.0,1.365,0.0,0.0,0.0,0.0,0.0,0.0,0.0,1.365,1.365,0.0,1.365,0.0,0.0,0.0,0.0,1.365,0.0,1.921,0.0,0.0,0.0,0.0,1.365,0.0,1.365,0.0,0.0,0.0,0.0,0.0,0.0,0.0,0.0,1.365,2.539,1.365,0.0,1.365,0.0,2.277,1.365,1.365,0.0,2.277,0.0,1.365,0.0,0.0,0.0,0.0,1.365,1.365,0.0,0.0,0.0,2.539,2.746,1.365,0.0,0.0,2.746,0.0,0.0,0.0,0.0,0.0,0.0,0.0,0.0,0.0,0.0,0.0,0.0,2.277,0.0,0.0,1.365,0.0,3.305,0.0,0.0,0.0,2.277,1.921,0.0,0.0,0.0,0.0,1.365,1.921,1.921,1.921,0.0,0.0,0.0,1.365,0.0,1.365,0.0,1.365,0.0,1.365,0.0,0.0,0.0,1.365,0.0,0.0,0.0,0.0,0.0,0.0,0.0,0.0,0.0,0.0,1.365,1.365,2.539,2.277,0.0,0.0,0.0,2.917,0.0,0.0,0.0,1.921,1.365,0.0,1.365,0.0,1.365,1.365,0.0,0.0,1.921,0.0,0.0,0.0,0.0,0.0,2.539,0.0,0.0,0.0,0.0,0.0,0.0,1.365,1.921,1.365,1.921,0.0,1.921,0.0,0.0,0.0,0.0,0.0,0.0,0.0,0.0,0.0,1.921,0.0,0.0,1.921,1.365,1.365,0.0,1.365,2.746,0.0,1.365,0.0,0.0,0.0,1.365,0.0,0.0,0.0,0.0,0.0,0.0,0.0,0.0,1.365,0.0,1.921,0.0,0.0,1.365,1.921,0.0,0.0,0.0,0.0,0.0,0.0,1.921,0.0,3.191,1.365,1.365,0.0,0.0,1.365,0.0,1.365,0.0,0.0,0.0,0.0,0.0,0.0,0.0,0.0,0.0,2.746,0.0,0.0,0.0,0.0,0.0,1.365,0.0,0.0,2.539,0.0,0.0,0.0,0.0,0.0,0.0,0.0,1.365,0.0,0.0,1.365,0.0,1.365,1.365,1.365,0.0,1.921,0.0,2.277,0.0,0.0,1.365,0.0,2.277,0.0,2.277,1.365,2.746,0.0,0.0,1.365,1.365,1.365,0.0,1.365,0.0,0.0,0.0,1.921,1.365,0.0,0.0,0.0,0.0,1.365,1.365,0.0,1.365,0.0,1.365,0.0,2.277,0.0,0.0,0.0,1.365,1.365,2.917,0.0,1.365,0.0,2.277,0.0,0.0,0.0,0.0,1.365,0.0,0.0,0.0,2.277,1.365,0.0,1.365,0.0,2.277,1.365,0.0,0.0,0.0,0.0,0.0,0.0,1.365,1.365,3.583,0.0,2.539,0.0,1.921,0.0,0.0,1.365,0.0,2.746,0.0,0.0,0.0,0.0,0.0,0.0,0.0,0.0,0.0,1.365,1.365,0.0,0.0,1.365,1.365,0.0,0.0,2.277,0.0,1.365,0.0,0.0,0.0,0.0,0.0,0.0,0.0,0.0,1.921,0.0,0.0,0.0,0.0,1.365,0.0,0.0,1.921,0.0,2.277,1.365
Monozyt,2.343,0.0,0.0,1.42,0.0,0.0,0.0,1.42,1.42,0.0,0.0,0.0,2.343,1.985,0.0,0.0,0.0,3.134,1.42,0.0,0.0,0.0,0.0,1.42,1.42,1.42,0.0,0.0,2.343,0.0,0.0,0.0,0.0,0.0,0.0,0.0,0.0,0.0,2.815,0.0,1.985,3.134,0.0,0.0,1.985,0.0,0.0,1.42,1.42,3.477,0.0,2.343,2.606,0.0,3.376,3.995,0.0,1.42,1.985,0.0,0.0,0.0,1.42,0.0,0.0,0.0,1.42,0.0,3.262,1.42,3.873,0.0,0.0,0.0,0.0,0.0,0.0,0.0,0.0,1.42,1.985,0.0,0.0,0.0,0.0,0.0,1.42,0.0,0.0,0.0,0.0,0.0,0.0,2.343,0.0,0.0,0.0,0.0,1.42,0.0,0.0,1.42,0.0,0.0,0.0,0.0,1.42,0.0,0.0,0.0,0.0,1.985,0.0,0.0,0.0,0.0,1.42,0.0,0.0,0.0,0.0,1.42,0.0,0.0,0.0,0.0,0.0,1.42,0.0,0.0,0.0,0.0,0.0,1.985,0.0,0.0,0.0,0.0,1.985,1.985,0.0,0.0,1.42,1.985,0.0,0.0,0.0,0.0,0.0,0.0,2.343,0.0,0.0,0.0,0.0,1.42,0.0,0.0,1.42,0.0,0.0,0.0,0.0,0.0,0.0,0.0,1.42,0.0,0.0,1.42,1.42,0.0,0.0,0.0,0.0,0.0,0.0,0.0,0.0,1.42,1.42,1.42,0.0,0.0,1.42,0.0,1.985,0.0,1.42,0.0,0.0,0.0,0.0,1.42,0.0,2.987,1.985,0.0,1.42,0.0,1.42,0.0,2.343,0.0,1.42,0.0,0.0,1.42,0.0,4.588,0.0,1.42,1.42,2.815,0.0,0.0,0.0,0.0,0.0,2.606,1.42,1.42,0.0,0.0,0.0,0.0,0.0,0.0,1.42,0.0,1.42,3.655,4.051,0.0,0.0,1.42,3.733,3.376,3.873,2.606,2.606,2.343,0.0,0.0,3.805,2.987,0.0,0.0,0.0,1.42,0.0,0.0,1.42,0.0,0.0,0.0,0.0,0.0,0.0,0.0,0.0,1.42,0.0,0.0,0.0,2.343,0.0,1.42,1.985,1.42,0.0,0.0,2.343,0.0,1.42,0.0,0.0,0.0,0.0,0.0,0.0,0.0,0.0,0.0,0.0,0.0,0.0,0.0,0.0,0.0,0.0,0.0,1.42,1.42,0.0,0.0,0.0,2.815,2.606,0.0,0.0,0.0,0.0,0.0,0.0,0.0,0.0,0.0,0.0,1.42,1.42,1.42,1.985,1.42,0.0,1.42,2.606,1.985,0.0,0.0,0.0,0.0,0.0,1.42,0.0,1.985,0.0,0.0,0.0,0.0,0.0,0.0,1.985,0.0,0.0,0.0,0.0,0.0,0.0,0.0,0.0,0.0,0.0,0.0,0.0,0.0,1.985,1.42,3.805,1.985,2.343,0.0,0.0,0.0,0.0,1.985,0.0,0.0,0.0,0.0,0.0,2.343,1.42,0.0,0.0,0.0,0.0,0.0,2.987,0.0,0.0,2.343,0.0,0.0,1.42,0.0,0.0,0.0,0.0,2.606,0.0,0.0,0.0,0.0,0.0,0.0,1.42,0.0,2.815,1.42,0.0,2.343,2.815,0.0,2.815,0.0,1.42,0.0,0.0,0.0,0.0,0.0,0.0,0.0,0.0,1.42,0.0,0.0,2.815,0.0,2.987,1.985,0.0,2.606,0.0,0.0,0.0,0.0,1.42,0.0,0.0,2.815,1.42,0.0,0.0,0.0,0.0,0.0,1.985,0.0,1.42,0.0,1.42,1.985,0.0,0.0,0.0,1.42,2.343,0.0,0.0,0.0,1.42,0.0,1.42,1.985,0.0,0.0,1.985,1.42,2.343,0.0,1.42,0.0,0.0,0.0,0.0,0.0,0.0,0.0,0.0,0.0,0.0,1.42,0.0,1.42,1.42,0.0,0.0,0.0,0.0,0.0,1.42,1.42,1.42,1.42,0.0,0.0,0.0,1.985,0.0,0.0,0.0,0.0,0.0,0.0,1.985,3.376,0.0,2.606,1.42,1.985,0.0,1.42,0.0,0.0,2.343,1.42,1.42,0.0,0.0,0.0,0.0,0.0,0.0,1.985,1.42,0.0,0.0,0.0,0.0,0.0,0.0,0.0,0.0,0.0,1.985,2.343,0.0,0.0,0.0,0.0,0.0,0.0,1.985,0.0,1.42,0.0,0.0,0.0,1.42,0.0,0.0,2.343,0.0,1.42,0.0,1.42,0.0,0.0,0.0,0.0,1.42,0.0,0.0,0.0,0.0,1.42,0.0,0.0,1.42,0.0,0.0,0.0,1.42,1.42,1.42,0.0,1.985,0.0,0.0,0.0,0.0,0.0,0.0,1.42,0.0,0.0,0.0,1.42,1.42,1.985,2.606,0.0,1.42,1.42,1.42,0.0,0.0,0.0,0.0,0.0,0.0,1.985,0.0,1.42,0.0,0.0,0.0,0.0,1.42,0.0,0.0,1.42,0.0,0.0,1.985,0.0,0.0,0.0,1.42,1.42,0.0,0.0,0.0,1.42,0.0,0.0,0.0,0.0,0.0,0.0,0.0,0.0,2.343,1.42,2.606,1.42,0.0,1.985,2.815,1.42,1.985,0.0,0.0,0.0,0.0,1.42,0.0,0.0,0.0,1.985,0.0,0.0,0.0,0.0,0.0,0.0,0.0,0.0,0.0,4.051,0.0,0.0,0.0,1.42,0.0,0.0,0.0,0.0,0.0,1.985,0.0,2.343,0.0,1.985,1.985,0.0,0.0,2.606,0.0,0.0,1.42,0.0,0.0,0.0,0.0,0.0,0.0,1.985,0.0,0.0,0.0,0.0,0.0,0.0,0.0,2.815,0.0,1.42,2.343,0.0,0.0,0.0,0.0,0.0,1.985,3.134,0.0,1.42,1.985,0.0,0.0,0.0,1.42,0.0,1.42,1.985,0.0,0.0,2.606,1.985,0.0,1.985,3.936,0.0,0.0,0.0,0.0,0.0,1.42,0.0,0.0,1.985,0.0,5.307,0.0,2.987,0.0,0.0,0.0,0.0,1.42,1.42,0.0,0.0,0.0,0.0,0.0,1.985,1.985,1.42,0.0,0.0,0.0,0.0,0.0,0.0,1.42,0.0,1.985,0.0,0.0,0.0,1.42,0.0,0.0,1.42,1.42,1.42,0.0,1.42,0.0,2.343,0.0,1.42,1.42,0.0,1.985,2.987,1.42,1.42,0.0,1.42,1.42
Dendritische Zelle,0.0,0.0,0.0,2.421,0.0,0.0,1.116,0.0,0.0,0.0,1.116,1.116,0.0,0.0,0.0,0.0,0.0,1.116,0.0,1.116,0.0,0.0,0.0,0.0,0.0,1.116,0.0,1.968,1.116,1.116,0.0,0.0,1.116,1.63,0.0,1.968,0.0,0.0,1.968,1.116,1.968,1.116,0.0,0.0,1.968,0.0,0.0,1.116,1.63,1.116,1.63,1.116,0.0,0.0,1.968,2.969,0.0,1.116,1.116,0.0,0.0,0.0,0.0,0.0,1.116,1.116,2.22,0.0,3.16,1.116,0.0,0.0,0.0,0.0,1.116,0.0,0.0,0.0,0.0,1.116,1.968,0.0,1.968,0.0,1.63,1.968,1.116,1.116,1.116,0.0,0.0,1.116,0.0,1.116,1.63,0.0,0.0,1.63,0.0,0.0,0.0,1.968,0.0,0.0,0.0,0.0,0.0,0.0,0.0,0.0,0.0,1.968,0.0,0.0,1.63,0.0,1.116,0.0,1.63,0.0,1.116,0.0,0.0,0.0,0.0,1.116,0.0,1.116,1.116,1.63,1.116,0.0,0.0,1.116,0.0,0.0,0.0,1.116,2.421,1.63,1.116,0.0,0.0,1.63,1.63,1.116,0.0,0.0,0.0,0.0,0.0,0.0,1.63,0.0,1.63,0.0,0.0,0.0,0.0,0.0,0.0,1.63,1.116,0.0,1.116,0.0,0.0,0.0,0.0,1.116,0.0,0.0,1.116,0.0,0.0,0.0,0.0,0.0,0.0,1.63,1.63,2.22,1.63,0.0,0.0,0.0,1.968,0.0,1.116,0.0,1.63,0.0,0.0,0.0,0.0,1.63,0.0,0.0,1.116,1.63,1.116,0.0,0.0,0.0,1.968,0.0,0.0,0.0,1.63,5.167,1.116,2.421,1.968,2.421,1.116,0.0,0.0,1.968,0.0,1.116,0.0,1.63,2.22,0.0,0.0,0.0,0.0,0.0,1.116,0.0,1.63,3.16,2.589,0.0,1.63,1.116,4.838,3.321,4.343,3.996,2.732,3.522,2.421,3.16,4.169,4.58,0.0,0.0,0.0,1.116,1.116,0.0,2.421,0.0,1.116,1.116,0.0,1.116,0.0,1.116,0.0,0.0,0.0,0.0,0.0,0.0,1.116,1.116,2.858,0.0,1.116,1.116,1.116,1.63,1.116,0.0,1.116,1.116,0.0,0.0,2.858,0.0,0.0,0.0,0.0,1.116,0.0,0.0,1.116,1.63,0.0,0.0,0.0,1.116,0.0,1.63,0.0,1.116,0.0,1.116,0.0,0.0,0.0,0.0,0.0,1.116,0.0,2.22,0.0,2.22,0.0,1.116,0.0,0.0,1.63,1.63,1.63,1.63,0.0,0.0,0.0,0.0,1.63,1.63,0.0,0.0,0.0,0.0,0.0,0.0,1.116,0.0,1.968,0.0,0.0,0.0,0.0,0.0,0.0,0.0,0.0,0.0,0.0,0.0,1.116,1.116,0.0,1.63,0.0,0.0,1.116,0.0,0.0,0.0,0.0,0.0,0.0,2.969,1.116,2.421,0.0,1.116,1.116,0.0,0.0,0.0,1.63,0.0,0.0,0.0,1.63,0.0,0.0,0.0,1.968,0.0,0.0,0.0,0.0,3.876,0.0,1.116,0.0,1.63,1.116,0.0,1.116,0.0,2.421,1.116,0.0,2.421,0.0,0.0,2.732,1.116,0.0,0.0,0.0,0.0,1.968,0.0,1.116,1.116,0.0,0.0,0.0,1.116,1.116,0.0,0.0,1.116,0.0,1.116,1.968,0.0,0.0,0.0,1.968,1.968,0.0,2.589,1.63,1.116,1.116,0.0,0.0,0.0,1.116,0.0,0.0,0.0,0.0,1.63,0.0,0.0,0.0,0.0,1.116,0.0,0.0,1.63,2.858,1.116,1.63,0.0,2.22,0.0,1.968,0.0,1.63,1.116,1.116,0.0,1.116,2.22,0.0,0.0,0.0,1.116,0.0,0.0,0.0,0.0,0.0,1.116,0.0,0.0,0.0,0.0,0.0,0.0,1.116,0.0,1.968,0.0,0.0,0.0,0.0,2.421,0.0,1.968,0.0,0.0,1.968,0.0,1.116,5.002,0.0,1.116,0.0,1.968,0.0,0.0,1.63,0.0,1.116,1.116,2.421,0.0,0.0,0.0,0.0,0.0,0.0,1.63,0.0,0.0,0.0,0.0,0.0,0.0,0.0,1.63,1.116,0.0,1.968,1.968,0.0,0.0,0.0,0.0,0.0,0.0,1.63,1.116,1.968,0.0,0.0,0.0,1.116,3.581,0.0,1.63,0.0,0.0,1.116,1.63,0.0,0.0,0.0,0.0,1.116,1.63,1.116,0.0,0.0,1.63,0.0,1.63,0.0,0.0,0.0,2.22,1.116,1.116,1.116,0.0,1.116,1.63,0.0,0.0,1.116,0.0,0.0,0.0,0.0,1.116,1.116,1.63,1.116,1.63,1.116,0.0,0.0,0.0,1.116,0.0,0.0,0.0,0.0,1.116,1.116,0.0,0.0,1.63,1.116,1.63,0.0,0.0,1.116,0.0,1.968,0.0,3.522,0.0,1.116,1.116,0.0,0.0,1.968,0.0,1.116,0.0,0.0,0.0,0.0,0.0,0.0,0.0,1.116,0.0,1.116,1.116,1.968,1.116,0.0,0.0,0.0,0.0,2.421,0.0,2.22,0.0,0.0,0.0,1.116,0.0,0.0,0.0,0.0,0.0,0.0,0.0,1.116,0.0,1.116,0.0,0.0,0.0,0.0,4.58,0.0,0.0,0.0,0.0,0.0,0.0,2.22,0.0,0.0,1.63,0.0,2.421,1.116,1.63,1.116,0.0,0.0,0.0,0.0,1.116,1.968,0.0,1.116,0.0,1.116,1.116,0.0,1.116,0.0,0.0,0.0,0.0,1.968,0.0,1.116,1.116,0.0,1.63,0.0,1.63,0.0,1.63,1.116,0.0,2.732,2.858,1.116,1.63,0.0,1.116,1.116,1.116,0.0,1.63,1.63,1.116,0.0,1.116,2.22,0.0,0.0,0.0,2.589,1.116,1.968,0.0,0.0,0.0,1.63,0.0,1.116,0.0,1.116,4.033,0.0,2.732,1.116,1.116,0.0,0.0,0.0,1.116,0.0,0.0,0.0,0.0,0.0,0.0,1.116,1.63,0.0,1.63,0.0,0.0,0.0,0.0,1.116,0.0,1.116,0.0,0.0,0.0,1.116,0.0,1.968,2.589,1.116,1.116,0.0,2.22,1.116,1.116,0.0,0.0,1.116,0.0,0.0,1.968,0.0,1.63,0.0,0.0,1.116
T-Zelle,0.0,0.0,2.328,0.0,0.0,0.0,0.0,0.0,0.0,0.0,0.0,0.0,0.0,0.0,1.407,0.0,1.407,2.971,0.0,1.407,0.0,0.0,0.0,1.407,0.0,0.0,1.407,1.97,0.0,1.407,0.0,0.0,0.0,1.407,0.0,0.0,0.0,0.0,1.407,0.0,0.0,0.0,1.407,1.407,0.0,0.0,0.0,0.0,0.0,0.0,0.0,1.407,0.0,0.0,0.0,2.328,0.0,0.0,0.0,0.0,1.407,0.0,0.0,0.0,0.0,0.0,0.0,0.0,0.0,0.0,0.0,0.0,1.407,1.407,0.0,0.0,0.0,0.0,0.0,0.0,0.0,1.407,0.0,0.0,1.407,0.0,0.0,0.0,0.0,0.0,0.0,0.0,0.0,0.0,0.0,0.0,1.407,1.407,1.407,0.0,0.0,0.0,0.0,0.0,2.328,1.407,0.0,1.407,0.0,0.0,0.0,0.0,2.591,0.0,1.407,0.0,0.0,0.0,0.0,0.0,0.0,1.97,0.0,0.0,0.0,0.0,0.0,0.0,1.407,0.0,0.0,0.0,0.0,0.0,0.0,0.0,0.0,0.0,0.0,1.407,0.0,1.407,1.407,1.407,0.0,0.0,0.0,0.0,0.0,0.0,0.0,0.0,0.0,1.97,1.407,0.0,0.0,0.0,1.407,0.0,0.0,1.407,0.0,0.0,1.407,0.0,0.0,0.0,0.0,0.0,0.0,0.0,1.407,0.0,0.0,0.0,0.0,0.0,0.0,2.971,1.407,1.97,1.407,0.0,1.407,0.0,0.0,0.0,1.407,2.328,1.97,0.0,0.0,0.0,1.407,2.328,0.0,0.0,0.0,1.97,0.0,0.0,0.0,0.0,1.407,0.0,0.0,1.407,1.97,0.0,1.407,1.97,1.97,1.97,0.0,0.0,0.0,0.0,0.0,0.0,0.0,1.407,0.0,0.0,0.0,0.0,1.407,1.407,0.0,0.0,2.328,0.0,1.407,0.0,1.97,1.97,0.0,0.0,0.0,0.0,0.0,0.0,0.0,0.0,0.0,0.0,0.0,0.0,0.0,1.97,0.0,0.0,0.0,0.0,2.328,0.0,0.0,0.0,0.0,1.407,0.0,0.0,0.0,0.0,0.0,0.0,1.407,1.407,1.407,0.0,0.0,0.0,2.328,0.0,0.0,0.0,0.0,0.0,1.407,0.0,2.591,1.407,1.407,0.0,1.407,1.407,0.0,0.0,0.0,0.0,0.0,0.0,0.0,0.0,0.0,2.328,0.0,2.328,0.0,0.0,0.0,0.0,0.0,0.0,0.0,0.0,0.0,1.407,0.0,2.328,0.0,2.328,0.0,0.0,0.0,1.407,0.0,0.0,0.0,0.0,0.0,1.97,0.0,0.0,0.0,0.0,0.0,0.0,0.0,2.799,1.407,1.97,1.407,0.0,0.0,0.0,0.0,0.0,1.97,0.0,0.0,0.0,0.0,0.0,0.0,0.0,0.0,1.97,0.0,0.0,0.0,0.0,0.0,0.0,0.0,0.0,0.0,1.407,0.0,1.97,0.0,0.0,0.0,1.407,0.0,0.0,2.328,0.0,0.0,0.0,2.328,0.0,1.407,0.0,1.97,0.0,0.0,1.407,0.0,2.799,0.0,0.0,0.0,0.0,0.0,0.0,0.0,0.0,0.0,1.407,0.0,1.407,0.0,1.97,3.359,0.0,0.0,0.0,0.0,0.0,0.0,0.0,1.407,0.0,0.0,0.0,0.0,0.0,2.799,1.97,0.0,0.0,0.0,0.0,0.0,0.0,0.0,1.97,0.0,0.0,0.0,0.0,1.407,0.0,0.0,0.0,0.0,0.0,0.0,1.407,0.0,0.0,0.0,1.407,0.0,0.0,0.0,0.0,1.97,1.407,1.97,0.0,1.407,0.0,1.407,0.0,1.407,0.0,0.0,0.0,0.0,0.0,0.0,0.0,0.0,0.0,2.591,1.97,0.0,0.0,0.0,1.97,0.0,1.407,0.0,0.0,0.0,0.0,0.0,0.0,1.97,0.0,0.0,0.0,2.971,0.0,0.0,1.407,0.0,2.799,0.0,1.407,0.0,0.0,1.407,0.0,0.0,0.0,0.0,2.328,1.407,2.591,0.0,0.0,1.407,0.0,0.0,0.0,1.407,1.407,1.407,0.0,0.0,0.0,0.0,1.407,1.407,0.0,0.0,0.0,1.407,0.0,0.0,0.0,1.407,0.0,2.328,1.97,0.0,0.0,0.0,0.0,0.0,0.0,1.97,0.0,0.0,0.0,0.0,1.97,0.0,1.407,0.0,1.407,2.328,0.0,0.0,1.97,0.0,0.0,0.0,0.0,1.407,1.97,0.0,0.0,0.0,0.0,0.0,0.0,1.407,1.407,0.0,1.97,0.0,0.0,0.0,0.0,0.0,0.0,1.407,0.0,0.0,0.0,0.0,1.407,0.0,0.0,0.0,1.407,0.0,0.0,0.0,1.407,0.0,1.97,0.0,0.0,0.0,1.97,1.407,0.0,0.0,0.0,0.0,0.0,0.0,0.0,0.0,0.0,0.0,0.0,0.0,0.0,0.0,0.0,1.407,0.0,0.0,0.0,0.0,1.407,0.0,0.0,0.0,0.0,0.0,1.407,0.0,0.0,0.0,0.0,1.407,1.407,0.0,1.407,0.0,0.0,1.407,1.407,2.591,0.0,0.0,0.0,0.0,0.0,0.0,1.407,1.407,1.97,0.0,0.0,1.407,0.0,0.0,0.0,1.407,0.0,0.0,1.407,0.0,1.407,1.407,1.407,1.97,1.407,0.0,0.0,2.328,0.0,0.0,2.328,0.0,2.591,0.0,1.97,0.0,0.0,0.0,0.0,0.0,2.591,1.407,1.407,0.0,0.0,0.0,0.0,0.0,1.407,0.0,0.0,1.407,0.0,1.407,0.0,1.407,1.407,0.0,0.0,0.0,0.0,0.0,0.0,0.0,0.0,1.97,2.971,2.328,0.0,0.0,1.97,1.407,1.407,0.0,0.0,0.0,0.0,1.407,0.0,1.407,0.0,1.97,1.97,0.0,1.407,0.0,0.0,0.0,0.0,1.407,0.0,1.407,0.0,2.328,3.118,0.0,1.97,0.0,1.97,0.0,0.0,1.407,0.0,0.0,0.0,1.97,0.0,0.0,0.0,0.0,0.0,0.0,0.0,1.407,0.0,0.0,0.0,0.0,0.0,0.0,0.0,0.0,0.0,0.0,0.0,0.0,1.97,0.0,1.407,0.0,0.0,1.407,2.328,0.0,1.97,2.328,0.0,1.407,1.407,0.0,1.407,0.0,1.407,2.328
Dendritische Zelle,0.0,0.0,0.0,2.584,0.0,0.0,0.0,0.0,0.0,0.0,0.0,0.0,0.0,0.0,0.0,0.0,0.0,0.0,0.0,2.791,0.0,1.963,0.0,2.321,1.401,1.401,0.0,0.0,1.401,0.0,0.0,0.0,0.0,0.0,0.0,0.0,0.0,0.0,1.401,0.0,1.401,1.401,1.401,0.0,0.0,0.0,0.0,1.401,2.321,1.401,0.0,2.791,0.0,0.0,3.781,3.848,0.0,0.0,1.401,2.321,0.0,0.0,0.0,0.0,0.0,2.321,2.321,0.0,3.352,0.0,0.0,0.0,0.0,0.0,0.0,0.0,0.0,0.0,0.0,0.0,0.0,0.0,0.0,0.0,1.401,0.0,0.0,0.0,0.0,0.0,0.0,0.0,0.0,1.401,0.0,2.321,0.0,2.321,0.0,1.963,1.401,0.0,0.0,0.0,0.0,0.0,1.401,0.0,0.0,0.0,0.0,1.401,0.0,0.0,0.0,0.0,2.321,1.401,0.0,0.0,0.0,0.0,0.0,0.0,0.0,1.401,0.0,0.0,0.0,3.11,0.0,0.0,0.0,1.401,0.0,0.0,0.0,1.401,1.963,3.352,0.0,0.0,1.963,0.0,0.0,0.0,0.0,1.401,0.0,1.963,0.0,0.0,1.401,1.401,0.0,0.0,1.401,0.0,1.401,0.0,0.0,0.0,0.0,0.0,1.963,0.0,1.401,0.0,1.401,0.0,0.0,0.0,0.0,0.0,0.0,0.0,0.0,0.0,0.0,1.401,0.0,2.584,1.401,0.0,0.0,0.0,1.401,1.401,0.0,0.0,0.0,0.0,0.0,0.0,1.401,1.401,1.401,0.0,0.0,1.401,1.401,0.0,1.401,0.0,1.401,0.0,0.0,0.0,0.0,4.997,0.0,2.963,0.0,2.321,0.0,0.0,0.0,1.401,0.0,1.401,1.401,0.0,1.401,0.0,0.0,0.0,0.0,0.0,0.0,0.0,1.963,2.791,2.321,1.963,2.584,1.401,4.765,2.963,3.912,3.11,1.963,3.238,1.963,2.321,4.131,3.238,0.0,0.0,1.401,1.963,1.401,1.401,1.401,1.401,1.401,0.0,0.0,0.0,0.0,2.321,0.0,0.0,0.0,0.0,0.0,0.0,0.0,0.0,1.963,0.0,0.0,0.0,1.963,1.963,0.0,0.0,1.401,0.0,0.0,1.401,2.584,0.0,0.0,0.0,0.0,1.401,1.963,0.0,1.401,1.401,0.0,0.0,0.0,0.0,1.401,1.401,0.0,1.401,0.0,1.401,0.0,0.0,0.0,0.0,0.0,1.401,1.401,1.401,0.0,1.963,1.401,0.0,0.0,0.0,0.0,0.0,1.401,1.963,1.401,0.0,0.0,1.401,0.0,0.0,1.401,0.0,0.0,0.0,0.0,0.0,2.321,0.0,1.963,0.0,0.0,0.0,0.0,0.0,0.0,0.0,0.0,0.0,0.0,0.0,0.0,1.401,0.0,0.0,0.0,1.401,0.0,1.401,0.0,0.0,0.0,0.0,0.0,0.0,0.0,0.0,0.0,1.401,1.401,0.0,1.401,0.0,0.0,0.0,0.0,0.0,1.401,0.0,1.401,1.401,0.0,0.0,0.0,0.0,0.0,3.912,0.0,0.0,0.0,0.0,0.0,0.0,0.0,0.0,2.321,1.401,0.0,1.401,1.963,0.0,3.238,0.0,0.0,0.0,1.401,0.0,0.0,0.0,1.963,0.0,0.0,0.0,0.0,0.0,1.401,0.0,0.0,2.963,0.0,2.321,1.401,0.0,0.0,0.0,2.791,0.0,0.0,2.584,0.0,1.401,0.0,0.0,0.0,1.963,0.0,0.0,0.0,0.0,1.401,0.0,0.0,0.0,1.401,0.0,1.963,1.401,0.0,0.0,3.11,1.963,0.0,1.401,1.963,1.401,1.401,0.0,0.0,1.401,0.0,0.0,0.0,2.791,0.0,0.0,0.0,0.0,0.0,0.0,0.0,1.401,0.0,0.0,0.0,0.0,0.0,0.0,0.0,0.0,0.0,0.0,1.963,0.0,0.0,1.401,1.401,2.963,0.0,2.321,0.0,0.0,1.401,0.0,0.0,5.017,0.0,1.963,0.0,2.584,0.0,0.0,1.963,0.0,1.963,0.0,2.791,0.0,0.0,0.0,0.0,0.0,0.0,1.401,1.401,1.401,0.0,0.0,0.0,0.0,0.0,0.0,1.401,0.0,0.0,1.401,0.0,0.0,0.0,0.0,1.401,0.0,2.584,1.963,1.401,0.0,0.0,1.401,1.401,2.321,0.0,1.963,0.0,0.0,1.963,1.401,0.0,0.0,2.321,0.0,1.401,2.584,0.0,0.0,0.0,1.963,0.0,0.0,0.0,1.401,0.0,2.791,0.0,0.0,0.0,0.0,0.0,0.0,1.401,0.0,1.963,0.0,0.0,0.0,1.401,0.0,0.0,0.0,1.963,1.963,0.0,0.0,0.0,0.0,0.0,0.0,0.0,0.0,0.0,0.0,1.401,0.0,1.401,1.963,0.0,0.0,0.0,1.963,2.584,0.0,0.0,0.0,3.238,1.963,1.401,0.0,0.0,0.0,1.963,2.584,0.0,0.0,0.0,0.0,0.0,1.401,0.0,0.0,1.401,0.0,1.401,0.0,0.0,1.963,0.0,0.0,0.0,0.0,2.584,0.0,0.0,0.0,0.0,0.0,0.0,0.0,0.0,0.0,0.0,1.401,0.0,0.0,0.0,0.0,2.321,2.321,0.0,0.0,1.401,4.711,0.0,0.0,0.0,0.0,0.0,0.0,1.963,0.0,0.0,1.401,0.0,1.963,0.0,0.0,2.321,0.0,0.0,0.0,1.401,0.0,0.0,0.0,0.0,0.0,0.0,0.0,0.0,1.401,0.0,0.0,0.0,0.0,0.0,0.0,0.0,1.963,0.0,1.401,0.0,1.401,0.0,0.0,0.0,0.0,2.321,3.453,1.401,0.0,0.0,0.0,1.401,0.0,1.401,0.0,1.401,2.584,0.0,1.963,0.0,1.963,0.0,2.321,2.791,0.0,0.0,1.963,0.0,0.0,2.321,0.0,0.0,0.0,2.321,3.912,0.0,2.321,0.0,0.0,0.0,1.401,0.0,1.401,0.0,0.0,0.0,0.0,0.0,0.0,0.0,0.0,0.0,0.0,0.0,0.0,0.0,0.0,0.0,0.0,1.401,0.0,0.0,0.0,1.963,0.0,0.0,1.401,0.0,0.0,0.0,2.321,0.0,0.0,0.0,1.963,1.401,0.0,0.0,1.963,1.401,1.401,0.0,0.0,0.0
T-Zelle,0.0,0.0,2.596,0.0,0.0,1.637,0.0,0.0,0.0,0.0,1.637,1.637,0.0,0.0,1.637,0.0,1.637,3.077,0.0,1.637,0.0,1.637,2.865,0.0,0.0,1.637,2.227,2.596,0.0,0.0,0.0,2.227,0.0,2.227,0.0,2.227,0.0,2.865,3.077,1.637,0.0,0.0,0.0,0.0,0.0,0.0,0.0,0.0,1.637,0.0,1.637,2.227,0.0,0.0,0.0,1.637,0.0,0.0,0.0,0.0,0.0,1.637,1.637,0.0,0.0,0.0,0.0,0.0,0.0,0.0,0.0,0.0,0.0,1.637,1.637,0.0,0.0,0.0,0.0,0.0,0.0,0.0,0.0,0.0,2.865,0.0,0.0,0.0,0.0,0.0,0.0,0.0,0.0,0.0,2.227,0.0,0.0,0.0,0.0,0.0,0.0,0.0,0.0,0.0,1.637,0.0,0.0,0.0,0.0,0.0,0.0,0.0,0.0,1.637,0.0,0.0,0.0,1.637,0.0,1.637,0.0,0.0,0.0,0.0,0.0,0.0,0.0,0.0,0.0,0.0,1.637,0.0,0.0,0.0,0.0,0.0,0.0,0.0,0.0,0.0,1.637,0.0,0.0,1.637,1.637,2.227,1.637,0.0,0.0,0.0,0.0,0.0,0.0,0.0,2.227,0.0,1.637,0.0,0.0,0.0,0.0,1.637,0.0,0.0,0.0,0.0,1.637,0.0,0.0,0.0,0.0,0.0,1.637,0.0,0.0,0.0,0.0,0.0,0.0,1.637,1.637,0.0,1.637,0.0,0.0,0.0,0.0,1.637,0.0,0.0,1.637,0.0,3.747,2.865,0.0,0.0,0.0,0.0,0.0,2.227,0.0,0.0,1.637,0.0,2.227,0.0,0.0,0.0,0.0,2.865,0.0,2.227,0.0,2.227,0.0,0.0,0.0,0.0,0.0,0.0,1.637,0.0,0.0,0.0,0.0,0.0,0.0,0.0,0.0,0.0,3.077,0.0,0.0,0.0,1.637,2.227,2.227,0.0,2.227,0.0,1.637,0.0,0.0,0.0,1.637,2.596,0.0,1.637,0.0,1.637,1.637,0.0,0.0,0.0,1.637,0.0,0.0,0.0,0.0,0.0,1.637,0.0,1.637,0.0,0.0,0.0,0.0,0.0,1.637,0.0,0.0,0.0,2.596,1.637,0.0,0.0,0.0,0.0,2.227,1.637,2.865,0.0,0.0,1.637,1.637,0.0,1.637,0.0,0.0,0.0,0.0,0.0,0.0,0.0,0.0,1.637,0.0,2.227,0.0,0.0,0.0,0.0,0.0,0.0,0.0,0.0,0.0,0.0,0.0,2.596,0.0,3.077,0.0,0.0,0.0,1.637,0.0,0.0,0.0,0.0,0.0,0.0,0.0,0.0,1.637,0.0,0.0,0.0,1.637,0.0,1.637,0.0,0.0,0.0,0.0,0.0,0.0,0.0,0.0,1.637,0.0,0.0,0.0,0.0,0.0,0.0,0.0,1.637,0.0,2.596,0.0,1.637,0.0,0.0,0.0,0.0,0.0,1.637,2.596,1.637,0.0,0.0,0.0,0.0,1.637,0.0,1.637,0.0,0.0,0.0,0.0,0.0,1.637,0.0,0.0,0.0,0.0,0.0,0.0,1.637,0.0,0.0,0.0,0.0,0.0,0.0,1.637,0.0,2.227,0.0,0.0,0.0,0.0,0.0,3.4,0.0,0.0,0.0,0.0,0.0,0.0,0.0,0.0,0.0,0.0,1.637,0.0,0.0,1.637,0.0,0.0,0.0,0.0,2.227,0.0,0.0,0.0,0.0,0.0,0.0,2.227,0.0,0.0,0.0,0.0,0.0,0.0,0.0,0.0,0.0,0.0,0.0,0.0,1.637,0.0,0.0,0.0,0.0,0.0,0.0,3.925,0.0,0.0,0.0,0.0,0.0,0.0,0.0,0.0,0.0,1.637,0.0,0.0,0.0,0.0,0.0,1.637,2.227,2.596,1.637,0.0,0.0,0.0,0.0,0.0,0.0,0.0,0.0,0.0,0.0,0.0,0.0,0.0,0.0,2.596,0.0,1.637,0.0,0.0,3.077,0.0,0.0,1.637,0.0,1.637,0.0,0.0,0.0,0.0,0.0,1.637,0.0,0.0,0.0,0.0,0.0,2.227,0.0,1.637,0.0,0.0,0.0,0.0,1.637,1.637,2.227,0.0,0.0,0.0,0.0,0.0,0.0,0.0,0.0,0.0,1.637,2.596,2.227,0.0,0.0,0.0,0.0,0.0,0.0,2.596,0.0,0.0,0.0,0.0,1.637,0.0,0.0,1.637,2.596,2.227,1.637,0.0,0.0,0.0,0.0,0.0,0.0,0.0,2.865,0.0,0.0,0.0,1.637,0.0,0.0,1.637,0.0,0.0,2.227,0.0,1.637,0.0,1.637,0.0,0.0,2.227,0.0,1.637,0.0,0.0,0.0,0.0,0.0,0.0,2.227,1.637,0.0,0.0,3.529,0.0,0.0,0.0,0.0,1.637,1.637,1.637,0.0,0.0,0.0,2.227,1.637,0.0,0.0,0.0,0.0,2.865,0.0,0.0,0.0,2.596,1.637,0.0,0.0,0.0,0.0,0.0,0.0,1.637,1.637,0.0,0.0,1.637,0.0,0.0,0.0,0.0,0.0,0.0,1.637,0.0,2.227,0.0,0.0,1.637,0.0,2.227,0.0,1.637,0.0,0.0,0.0,1.637,1.637,0.0,1.637,0.0,0.0,0.0,0.0,1.637,0.0,0.0,0.0,0.0,0.0,0.0,0.0,1.637,0.0,1.637,0.0,0.0,0.0,1.637,0.0,0.0,0.0,0.0,1.637,0.0,1.637,0.0,0.0,0.0,0.0,2.596,1.637,2.596,1.637,0.0,1.637,0.0,0.0,2.596,1.637,0.0,0.0,0.0,0.0,0.0,1.637,0.0,0.0,0.0,2.227,0.0,0.0,0.0,0.0,1.637,0.0,2.227,0.0,1.637,0.0,0.0,2.227,0.0,0.0,2.227,0.0,0.0,0.0,0.0,0.0,2.227,1.637,0.0,1.637,0.0,0.0,0.0,0.0,0.0,0.0,1.637,0.0,0.0,1.637,0.0,2.865,0.0,0.0,0.0,2.865,0.0,0.0,0.0,0.0,0.0,0.0,0.0,0.0,0.0,0.0,0.0,0.0,0.0,0.0,0.0,0.0,0.0,0.0,0.0,0.0,0.0,0.0,0.0,0.0,0.0,0.0,0.0,0.0,0.0,1.637,0.0,0.0,0.0,0.0,0.0,0.0,0.0,0.0,0.0,2.227,0.0,0.0,0.0,0.0,0.0
Monozyt,0.0,0.0,0.0,1.924,1.368,0.0,0.0,0.0,0.0,0.0,1.368,0.0,1.368,0.0,0.0,0.0,1.368,2.542,1.368,0.0,0.0,0.0,0.0,1.368,0.0,1.924,0.0,1.368,0.0,0.0,1.368,1.924,0.0,0.0,0.0,0.0,0.0,0.0,1.924,0.0,1.368,2.542,0.0,0.0,1.368,0.0,0.0,0.0,0.0,2.542,0.0,3.195,3.308,2.749,3.502,4.086,0.0,1.924,0.0,1.368,0.0,0.0,1.368,0.0,1.368,0.0,2.542,0.0,3.195,1.368,1.368,0.0,0.0,0.0,0.0,0.0,0.0,1.368,0.0,1.368,2.28,0.0,0.0,1.924,0.0,0.0,0.0,0.0,1.368,0.0,0.0,1.368,0.0,0.0,2.28,0.0,0.0,1.368,0.0,0.0,2.28,0.0,0.0,0.0,0.0,0.0,0.0,1.924,0.0,0.0,0.0,0.0,0.0,0.0,0.0,1.924,0.0,0.0,0.0,0.0,0.0,1.368,0.0,0.0,0.0,0.0,0.0,0.0,0.0,0.0,0.0,0.0,0.0,0.0,0.0,0.0,1.368,0.0,0.0,2.749,0.0,0.0,0.0,2.28,1.368,0.0,0.0,0.0,0.0,0.0,0.0,0.0,1.924,1.924,0.0,0.0,0.0,0.0,1.368,0.0,1.368,0.0,0.0,0.0,0.0,0.0,0.0,0.0,0.0,0.0,1.368,0.0,1.368,0.0,0.0,0.0,0.0,0.0,0.0,0.0,0.0,0.0,0.0,0.0,0.0,0.0,0.0,2.28,0.0,0.0,0.0,0.0,0.0,0.0,0.0,2.28,1.368,0.0,0.0,1.368,1.924,0.0,0.0,0.0,1.368,0.0,0.0,0.0,0.0,4.134,0.0,1.924,1.368,1.924,0.0,0.0,0.0,0.0,0.0,1.924,1.368,0.0,0.0,0.0,1.924,0.0,0.0,0.0,1.368,0.0,1.924,4.036,3.308,0.0,2.28,1.924,3.983,3.067,3.737,1.368,1.368,0.0,1.924,2.28,2.921,3.067,0.0,1.368,0.0,2.28,0.0,0.0,0.0,0.0,1.924,0.0,0.0,0.0,0.0,1.368,0.0,0.0,0.0,0.0,0.0,0.0,0.0,0.0,1.924,1.368,0.0,0.0,1.924,1.924,2.542,0.0,0.0,0.0,0.0,0.0,1.924,0.0,0.0,0.0,1.924,0.0,0.0,2.28,0.0,0.0,0.0,0.0,0.0,1.924,0.0,0.0,0.0,2.921,1.924,1.924,0.0,0.0,0.0,0.0,0.0,1.368,1.368,1.368,0.0,0.0,0.0,2.542,1.368,0.0,0.0,1.368,2.28,2.749,1.368,0.0,0.0,1.368,0.0,0.0,0.0,0.0,1.368,0.0,0.0,0.0,1.368,0.0,2.28,0.0,0.0,0.0,0.0,0.0,1.368,0.0,1.368,1.368,0.0,0.0,0.0,1.924,0.0,0.0,0.0,0.0,0.0,0.0,0.0,0.0,0.0,0.0,0.0,2.921,0.0,0.0,0.0,0.0,0.0,0.0,0.0,0.0,0.0,0.0,2.921,0.0,0.0,0.0,1.368,0.0,1.924,0.0,0.0,0.0,0.0,2.542,0.0,0.0,0.0,0.0,0.0,0.0,0.0,0.0,3.067,0.0,0.0,0.0,2.28,0.0,2.542,0.0,0.0,0.0,0.0,1.368,0.0,0.0,1.368,0.0,0.0,0.0,0.0,0.0,1.368,1.368,0.0,2.542,0.0,2.749,1.368,0.0,0.0,0.0,2.28,0.0,0.0,2.28,0.0,1.368,0.0,1.368,0.0,0.0,2.28,0.0,0.0,0.0,0.0,1.368,0.0,0.0,0.0,0.0,1.368,0.0,1.924,0.0,2.28,1.368,0.0,0.0,1.924,0.0,1.368,0.0,0.0,0.0,0.0,0.0,0.0,1.368,1.368,1.368,0.0,0.0,0.0,0.0,0.0,1.368,0.0,1.368,0.0,0.0,0.0,0.0,0.0,1.368,1.924,0.0,2.749,0.0,0.0,0.0,1.368,2.542,0.0,1.924,0.0,1.368,1.368,0.0,1.368,4.453,0.0,1.924,0.0,3.067,0.0,0.0,0.0,0.0,2.542,0.0,1.368,0.0,0.0,0.0,0.0,0.0,0.0,1.368,1.924,0.0,0.0,0.0,1.368,1.368,0.0,0.0,0.0,0.0,1.368,1.368,0.0,0.0,0.0,1.924,0.0,0.0,1.368,1.368,1.924,0.0,1.368,1.924,0.0,2.921,0.0,1.924,0.0,1.368,0.0,2.542,0.0,0.0,1.368,1.368,0.0,2.28,0.0,0.0,0.0,0.0,0.0,1.368,0.0,1.368,0.0,0.0,0.0,1.368,1.368,0.0,0.0,0.0,2.28,0.0,0.0,0.0,0.0,0.0,0.0,0.0,1.368,0.0,0.0,0.0,1.368,1.924,0.0,0.0,0.0,0.0,1.368,1.924,0.0,0.0,0.0,0.0,0.0,0.0,0.0,1.368,0.0,0.0,1.368,1.368,1.368,0.0,1.368,1.368,2.542,0.0,0.0,0.0,0.0,0.0,0.0,0.0,0.0,0.0,0.0,0.0,0.0,0.0,0.0,0.0,0.0,0.0,0.0,0.0,1.368,0.0,1.368,1.368,1.924,1.368,0.0,0.0,0.0,0.0,0.0,1.924,1.368,1.368,0.0,0.0,0.0,0.0,1.368,0.0,0.0,0.0,0.0,0.0,0.0,4.18,0.0,0.0,0.0,0.0,0.0,0.0,0.0,1.368,0.0,1.368,0.0,2.749,1.368,2.542,1.924,0.0,0.0,0.0,0.0,0.0,3.195,1.368,0.0,0.0,0.0,0.0,0.0,1.368,0.0,0.0,0.0,0.0,0.0,0.0,0.0,1.924,1.368,1.368,0.0,1.368,0.0,0.0,0.0,1.368,2.921,3.067,1.368,0.0,2.28,1.924,0.0,0.0,1.368,0.0,1.368,0.0,1.924,0.0,1.368,0.0,0.0,0.0,3.867,1.368,1.924,0.0,0.0,0.0,1.368,0.0,1.368,0.0,0.0,5.087,0.0,2.749,0.0,1.368,0.0,0.0,0.0,0.0,0.0,0.0,0.0,0.0,0.0,1.924,1.924,0.0,2.28,1.368,0.0,0.0,0.0,0.0,0.0,0.0,1.368,0.0,0.0,1.368,2.28,0.0,1.368,2.542,1.368,0.0,0.0,1.924,0.0,0.0,1.368,1.924,1.368,1.368,1.368,1.368,0.0,1.924,0.0,0.0,0.0
B-Zelle,0.0,0.0,1.027,1.853,0.0,2.299,0.0,0.0,0.0,0.0,0.0,1.027,0.0,0.0,0.0,0.0,0.0,3.608,0.0,1.027,0.0,1.853,0.0,0.0,1.027,1.523,1.027,1.853,1.523,0.0,0.0,2.299,0.0,1.853,0.0,0.0,0.0,0.0,1.027,0.0,1.027,0.0,0.0,0.0,1.853,0.0,0.0,1.027,0.0,0.0,1.027,2.101,1.027,0.0,2.731,2.731,0.0,1.027,0.0,1.027,0.0,0.0,1.027,0.0,0.0,0.0,1.523,0.0,0.0,1.523,0.0,0.0,0.0,0.0,0.0,0.0,0.0,1.523,0.0,1.523,0.0,0.0,0.0,0.0,1.853,0.0,0.0,0.0,0.0,0.0,0.0,0.0,0.0,0.0,2.101,0.0,0.0,2.101,0.0,1.523,0.0,1.853,0.0,0.0,0.0,0.0,0.0,0.0,1.027,0.0,0.0,1.027,1.027,0.0,0.0,0.0,0.0,0.0,0.0,1.853,0.0,0.0,0.0,0.0,0.0,0.0,1.027,1.027,1.523,0.0,1.027,0.0,0.0,1.027,0.0,1.027,1.853,1.523,0.0,2.299,0.0,2.299,0.0,1.027,1.523,0.0,0.0,1.027,0.0,1.027,1.853,0.0,1.027,0.0,1.853,0.0,0.0,0.0,2.299,1.027,1.523,2.731,1.523,0.0,1.523,0.0,0.0,0.0,0.0,0.0,0.0,0.0,0.0,0.0,0.0,1.027,0.0,0.0,4.183,1.853,2.101,1.523,0.0,0.0,1.523,0.0,1.027,1.027,3.032,0.0,0.0,0.0,0.0,0.0,0.0,2.299,1.523,0.0,0.0,1.523,1.027,0.0,0.0,1.027,1.027,0.0,3.971,1.523,1.523,3.558,1.027,2.101,0.0,1.523,2.101,0.0,0.0,1.853,0.0,0.0,0.0,0.0,0.0,0.0,0.0,0.0,2.299,0.0,0.0,0.0,0.0,0.0,0.0,0.0,3.115,1.027,2.299,2.101,2.299,1.523,1.523,1.027,0.0,1.523,1.523,1.027,0.0,1.853,0.0,3.115,0.0,1.523,1.027,1.523,1.523,0.0,2.299,1.523,0.0,1.027,1.027,1.523,0.0,0.0,0.0,0.0,1.853,0.0,0.0,0.0,2.101,0.0,2.101,1.027,0.0,1.027,0.0,0.0,0.0,1.027,2.731,1.027,0.0,1.027,0.0,2.101,0.0,0.0,1.027,0.0,0.0,0.0,0.0,0.0,1.523,1.853,0.0,1.027,0.0,1.027,0.0,0.0,0.0,0.0,0.0,0.0,0.0,1.853,0.0,1.027,0.0,0.0,0.0,0.0,0.0,1.523,0.0,0.0,1.027,0.0,0.0,1.523,0.0,0.0,1.523,0.0,0.0,0.0,0.0,0.0,1.853,0.0,3.032,0.0,1.027,1.027,1.027,0.0,1.027,0.0,2.101,0.0,1.027,1.523,1.853,1.523,2.299,0.0,0.0,1.853,0.0,1.027,0.0,0.0,0.0,0.0,0.0,0.0,1.523,1.853,0.0,1.027,2.299,1.027,0.0,0.0,1.027,0.0,0.0,0.0,1.523,1.027,0.0,0.0,0.0,0.0,0.0,0.0,0.0,2.299,0.0,0.0,0.0,1.027,0.0,1.027,1.523,1.523,3.262,1.523,0.0,1.523,0.0,1.027,3.191,1.523,0.0,1.523,1.853,0.0,0.0,0.0,1.027,0.0,0.0,0.0,0.0,1.027,0.0,0.0,0.0,1.027,1.027,1.027,1.027,0.0,0.0,1.523,2.299,0.0,0.0,0.0,0.0,1.523,0.0,0.0,0.0,0.0,1.027,1.523,0.0,1.027,0.0,1.027,0.0,0.0,1.027,1.027,0.0,0.0,2.101,1.027,3.329,0.0,1.523,0.0,0.0,0.0,2.607,1.027,0.0,1.523,1.027,1.523,0.0,0.0,0.0,0.0,0.0,1.027,0.0,1.523,0.0,0.0,0.0,0.0,0.0,0.0,0.0,0.0,0.0,0.0,1.027,0.0,2.101,0.0,2.607,2.731,1.027,2.465,0.0,1.027,0.0,1.853,2.101,0.0,1.027,0.0,0.0,1.027,1.027,1.853,1.027,0.0,0.0,1.523,1.523,1.523,1.523,0.0,1.027,0.0,0.0,0.0,0.0,1.523,1.027,0.0,0.0,0.0,0.0,0.0,0.0,0.0,0.0,0.0,2.607,0.0,0.0,0.0,0.0,0.0,1.027,0.0,2.731,0.0,0.0,0.0,1.027,0.0,0.0,0.0,0.0,2.465,0.0,0.0,0.0,1.523,3.391,1.027,0.0,2.101,1.523,1.853,0.0,0.0,0.0,1.027,1.027,1.027,0.0,3.901,0.0,1.853,0.0,0.0,0.0,0.0,1.853,0.0,2.842,0.0,0.0,0.0,0.0,1.523,0.0,0.0,1.027,1.027,2.101,0.0,2.299,0.0,0.0,1.027,1.523,2.842,0.0,0.0,0.0,0.0,0.0,0.0,1.523,1.027,0.0,0.0,0.0,0.0,1.523,0.0,0.0,0.0,2.842,1.027,2.299,1.027,1.027,0.0,0.0,0.0,1.027,0.0,0.0,1.027,1.523,1.523,0.0,0.0,1.027,0.0,1.027,1.523,0.0,1.853,0.0,1.027,1.027,0.0,2.101,0.0,1.853,0.0,1.027,0.0,1.523,1.027,0.0,0.0,0.0,0.0,0.0,0.0,0.0,1.027,0.0,1.523,0.0,0.0,1.027,1.027,0.0,1.027,1.523,0.0,0.0,1.027,1.523,1.027,0.0,1.027,0.0,2.101,0.0,1.027,0.0,0.0,0.0,0.0,1.523,1.027,1.027,1.027,0.0,0.0,1.027,0.0,1.027,0.0,0.0,0.0,0.0,0.0,1.523,0.0,1.027,1.027,0.0,1.027,0.0,0.0,0.0,0.0,0.0,0.0,1.853,0.0,2.299,2.842,0.0,2.607,1.027,0.0,1.523,0.0,1.853,0.0,1.853,0.0,2.731,1.853,0.0,1.523,0.0,1.523,0.0,0.0,0.0,2.607,2.842,0.0,1.027,2.101,1.853,4.098,0.0,1.853,0.0,1.853,0.0,0.0,0.0,0.0,1.027,0.0,0.0,0.0,0.0,1.027,1.853,0.0,1.853,1.027,0.0,3.032,4.311,0.0,1.523,1.523,2.299,0.0,0.0,0.0,1.523,0.0,0.0,1.523,1.027,1.027,0.0,0.0,1.523,1.027,0.0,2.101,1.027,0.0,0.0,1.523,1.523,0.0,0.0,0.0,0.0
T-Zelle,0.0,0.0,1.264,0.0,0.0,0.0,0.0,0.0,0.0,0.0,1.264,0.0,0.0,0.0,1.805,0.0,1.264,3.527,0.0,0.0,0.0,1.264,1.805,0.0,1.264,1.264,1.264,1.805,1.805,0.0,0.0,1.264,0.0,1.264,0.0,0.0,0.0,1.264,2.154,0.0,0.0,0.0,0.0,0.0,2.412,0.0,0.0,0.0,1.264,2.154,0.0,2.787,0.0,0.0,2.617,3.172,0.0,1.805,1.264,0.0,1.264,0.0,0.0,0.0,0.0,0.0,2.154,0.0,0.0,0.0,1.264,0.0,1.264,0.0,0.0,0.0,0.0,0.0,0.0,0.0,0.0,0.0,0.0,0.0,1.805,1.805,1.264,0.0,1.264,0.0,1.805,1.264,0.0,0.0,0.0,0.0,0.0,0.0,1.264,0.0,0.0,1.264,2.933,0.0,1.264,1.264,0.0,0.0,0.0,0.0,0.0,1.264,2.154,0.0,2.617,0.0,1.264,1.264,0.0,1.264,0.0,1.264,0.0,0.0,0.0,1.264,0.0,1.264,1.264,0.0,0.0,0.0,0.0,1.264,0.0,0.0,0.0,1.264,0.0,2.154,0.0,1.264,1.264,1.264,1.264,0.0,0.0,1.264,0.0,1.264,0.0,0.0,0.0,0.0,0.0,0.0,0.0,0.0,0.0,0.0,0.0,1.264,0.0,0.0,0.0,0.0,1.805,0.0,1.805,0.0,0.0,2.412,0.0,1.264,0.0,2.154,0.0,0.0,0.0,2.412,1.264,0.0,1.805,0.0,1.264,0.0,1.805,1.264,1.264,1.264,0.0,0.0,0.0,0.0,0.0,0.0,1.264,0.0,0.0,0.0,1.264,1.805,1.264,0.0,0.0,0.0,0.0,1.805,1.264,1.805,0.0,2.787,1.805,0.0,0.0,0.0,0.0,1.264,1.264,1.264,0.0,0.0,0.0,0.0,0.0,0.0,0.0,1.264,0.0,0.0,4.41,0.0,0.0,0.0,1.805,0.0,0.0,0.0,1.264,0.0,1.264,0.0,0.0,0.0,0.0,1.264,0.0,1.805,1.264,1.805,0.0,1.264,1.264,1.264,0.0,0.0,1.264,0.0,0.0,0.0,0.0,1.264,0.0,0.0,0.0,0.0,0.0,0.0,1.805,0.0,0.0,0.0,2.154,2.154,0.0,0.0,1.805,0.0,0.0,0.0,2.154,1.264,0.0,2.412,0.0,0.0,0.0,0.0,1.264,0.0,0.0,0.0,0.0,0.0,1.264,0.0,0.0,1.264,0.0,1.264,0.0,0.0,0.0,0.0,0.0,0.0,0.0,0.0,0.0,1.805,0.0,2.933,0.0,0.0,1.264,2.154,1.264,0.0,0.0,1.264,0.0,1.805,1.264,1.805,1.805,0.0,0.0,0.0,0.0,0.0,1.805,0.0,2.412,0.0,0.0,0.0,0.0,0.0,0.0,0.0,0.0,1.264,1.264,0.0,0.0,1.805,0.0,1.264,0.0,0.0,0.0,0.0,0.0,1.264,1.805,0.0,0.0,1.805,0.0,1.805,0.0,2.154,0.0,1.264,1.264,0.0,1.805,0.0,0.0,0.0,0.0,1.264,1.805,0.0,2.412,0.0,1.264,0.0,0.0,2.412,0.0,0.0,0.0,1.805,0.0,1.805,1.264,0.0,1.805,1.805,0.0,1.264,0.0,1.264,1.805,0.0,0.0,1.264,0.0,0.0,0.0,0.0,1.264,0.0,0.0,0.0,0.0,0.0,2.787,2.154,0.0,0.0,0.0,0.0,0.0,0.0,0.0,1.264,1.805,0.0,0.0,0.0,1.264,0.0,0.0,0.0,0.0,0.0,1.264,0.0,0.0,0.0,0.0,2.617,0.0,0.0,0.0,0.0,0.0,0.0,2.154,0.0,1.805,0.0,0.0,0.0,1.264,0.0,1.264,0.0,0.0,0.0,1.264,0.0,0.0,0.0,2.154,2.154,0.0,0.0,0.0,0.0,0.0,0.0,0.0,0.0,0.0,2.154,0.0,0.0,0.0,0.0,0.0,0.0,2.412,0.0,0.0,2.154,0.0,2.154,0.0,0.0,0.0,0.0,1.264,0.0,0.0,0.0,0.0,1.264,1.805,2.617,0.0,0.0,0.0,0.0,1.805,0.0,1.805,1.264,0.0,0.0,0.0,0.0,0.0,0.0,0.0,0.0,0.0,0.0,0.0,1.264,0.0,0.0,0.0,0.0,0.0,0.0,0.0,2.617,0.0,2.154,1.264,0.0,2.154,1.264,0.0,0.0,0.0,0.0,0.0,1.805,1.264,2.933,2.154,0.0,0.0,1.264,0.0,0.0,0.0,2.154,0.0,2.933,0.0,1.264,0.0,0.0,0.0,0.0,0.0,1.805,0.0,1.264,0.0,1.264,2.412,0.0,0.0,1.264,1.805,0.0,0.0,0.0,0.0,0.0,0.0,0.0,0.0,1.805,1.264,0.0,1.264,3.059,0.0,0.0,1.264,0.0,1.264,0.0,1.264,0.0,0.0,0.0,0.0,0.0,0.0,0.0,0.0,0.0,1.805,0.0,0.0,0.0,1.805,0.0,1.805,0.0,0.0,0.0,1.264,0.0,0.0,3.365,0.0,0.0,0.0,0.0,0.0,0.0,0.0,0.0,0.0,0.0,0.0,1.264,1.264,0.0,0.0,0.0,3.059,0.0,2.154,0.0,1.264,0.0,1.805,0.0,1.264,1.264,1.264,1.264,1.264,0.0,0.0,0.0,0.0,0.0,0.0,0.0,1.264,0.0,1.805,0.0,0.0,1.805,1.805,0.0,1.805,0.0,0.0,0.0,0.0,1.264,1.264,2.617,0.0,1.264,0.0,0.0,1.264,1.264,2.412,0.0,0.0,1.805,0.0,0.0,2.412,1.264,0.0,0.0,0.0,0.0,1.264,0.0,1.264,0.0,0.0,1.805,0.0,0.0,0.0,1.805,0.0,0.0,2.412,2.933,1.805,0.0,0.0,1.264,1.264,1.264,1.264,1.264,1.264,0.0,1.805,0.0,2.154,1.264,0.0,0.0,0.0,0.0,0.0,0.0,1.264,0.0,1.805,0.0,0.0,1.805,0.0,3.947,0.0,2.617,0.0,0.0,0.0,0.0,1.264,0.0,3.273,0.0,0.0,0.0,0.0,0.0,0.0,0.0,0.0,0.0,0.0,0.0,0.0,0.0,0.0,0.0,0.0,0.0,0.0,0.0,1.805,0.0,0.0,2.154,0.0,1.805,0.0,0.0,1.264,1.264,0.0,0.0,1.264,1.264,1.805,0.0,0.0,1.264,0.0,1.805,1.264
Dendritische Zelle,0.0,0.0,0.0,1.036,0.0,0.0,1.534,0.0,0.0,0.0,0.0,1.036,0.0,0.0,2.113,0.0,0.0,1.036,1.534,0.0,0.0,1.864,0.0,1.036,0.0,0.0,0.0,1.036,2.743,0.0,0.0,1.534,0.0,2.113,1.036,0.0,0.0,0.0,0.0,0.0,2.311,0.0,0.0,0.0,0.0,0.0,0.0,0.0,1.036,1.534,0.0,3.518,0.0,0.0,2.619,1.534,0.0,1.036,0.0,1.036,0.0,1.036,1.036,0.0,0.0,0.0,2.854,0.0,1.036,0.0,0.0,0.0,0.0,0.0,1.534,0.0,0.0,0.0,0.0,0.0,0.0,0.0,0.0,0.0,1.036,0.0,0.0,0.0,0.0,0.0,0.0,2.743,0.0,0.0,1.036,1.036,0.0,1.534,0.0,0.0,1.036,1.864,1.036,0.0,0.0,0.0,1.036,0.0,1.036,0.0,1.036,1.036,2.311,0.0,1.036,0.0,1.036,1.036,0.0,0.0,0.0,2.113,0.0,0.0,0.0,0.0,0.0,0.0,1.036,0.0,0.0,0.0,1.036,0.0,0.0,0.0,1.036,1.036,0.0,2.113,0.0,0.0,1.036,1.864,0.0,0.0,0.0,1.036,0.0,0.0,0.0,0.0,1.036,0.0,2.311,0.0,0.0,0.0,0.0,0.0,0.0,1.036,0.0,0.0,1.036,0.0,0.0,0.0,0.0,0.0,0.0,0.0,1.036,0.0,0.0,0.0,1.036,1.036,0.0,0.0,2.477,0.0,1.036,0.0,0.0,0.0,1.864,0.0,1.036,0.0,0.0,1.534,0.0,0.0,1.036,1.036,0.0,0.0,0.0,1.036,0.0,0.0,1.036,0.0,2.113,0.0,0.0,1.036,1.036,5.303,0.0,2.113,2.113,2.311,1.534,0.0,0.0,0.0,0.0,0.0,1.036,0.0,1.036,0.0,1.036,0.0,0.0,0.0,0.0,0.0,0.0,0.0,2.311,0.0,2.477,1.534,4.81,3.949,4.633,4.14,3.518,3.127,1.534,3.342,4.559,4.3,0.0,1.036,1.534,1.534,1.534,0.0,1.036,1.036,1.864,1.534,1.036,1.036,0.0,1.534,1.534,1.864,0.0,0.0,0.0,0.0,1.036,1.036,1.864,1.036,0.0,0.0,1.036,0.0,3.204,0.0,1.036,0.0,0.0,0.0,2.477,0.0,0.0,1.864,0.0,1.036,2.477,1.036,0.0,0.0,0.0,0.0,0.0,1.036,0.0,1.864,0.0,2.113,0.0,1.036,1.036,0.0,1.036,0.0,0.0,0.0,0.0,1.864,0.0,1.036,0.0,0.0,0.0,0.0,1.036,1.864,1.036,1.534,1.036,0.0,0.0,1.036,0.0,1.036,0.0,0.0,0.0,0.0,0.0,0.0,2.311,0.0,1.864,0.0,0.0,0.0,0.0,0.0,0.0,0.0,0.0,0.0,0.0,0.0,1.036,1.036,0.0,1.534,0.0,1.036,0.0,0.0,1.864,0.0,0.0,0.0,0.0,0.0,0.0,0.0,0.0,1.534,1.036,0.0,1.534,1.036,1.036,0.0,0.0,0.0,1.036,0.0,0.0,0.0,1.534,0.0,1.036,0.0,0.0,3.757,0.0,0.0,1.036,0.0,0.0,0.0,1.036,0.0,2.311,1.036,0.0,0.0,2.743,0.0,3.404,1.534,0.0,0.0,1.036,1.036,0.0,0.0,1.864,0.0,0.0,0.0,0.0,0.0,0.0,0.0,0.0,2.311,0.0,1.864,0.0,0.0,1.036,0.0,3.044,1.534,0.0,2.113,1.534,0.0,0.0,0.0,0.0,1.036,1.036,0.0,0.0,0.0,0.0,1.036,0.0,0.0,1.036,0.0,2.113,0.0,1.036,1.036,3.798,0.0,1.864,1.036,1.036,0.0,0.0,0.0,1.036,1.534,0.0,0.0,0.0,1.036,0.0,0.0,0.0,0.0,0.0,0.0,0.0,0.0,0.0,0.0,0.0,0.0,0.0,0.0,0.0,0.0,1.534,0.0,1.864,0.0,0.0,1.036,0.0,2.113,0.0,1.036,0.0,1.036,2.113,0.0,1.864,4.615,0.0,3.127,0.0,1.036,0.0,0.0,1.534,0.0,1.864,0.0,2.311,0.0,0.0,0.0,0.0,0.0,0.0,2.113,1.036,0.0,1.036,0.0,0.0,0.0,1.534,0.0,1.864,0.0,1.864,1.534,0.0,0.0,0.0,2.743,0.0,0.0,2.113,1.036,1.864,0.0,1.534,0.0,1.534,1.036,1.036,1.864,0.0,1.036,0.0,1.036,0.0,0.0,0.0,0.0,0.0,2.477,0.0,0.0,0.0,1.534,0.0,0.0,1.036,1.864,0.0,2.113,1.036,1.036,0.0,1.534,1.036,1.534,1.036,0.0,1.864,0.0,0.0,0.0,0.0,1.036,1.036,0.0,1.534,1.534,1.036,0.0,0.0,0.0,2.113,0.0,0.0,0.0,0.0,1.036,1.036,0.0,1.036,1.534,0.0,2.113,0.0,1.534,0.0,0.0,0.0,1.036,2.854,0.0,2.311,0.0,0.0,0.0,1.534,1.534,1.036,1.036,0.0,0.0,0.0,1.036,0.0,0.0,1.036,0.0,0.0,0.0,0.0,1.036,1.036,0.0,0.0,0.0,2.619,0.0,2.113,1.036,0.0,0.0,1.534,1.036,1.036,0.0,0.0,1.036,0.0,0.0,0.0,0.0,0.0,2.113,0.0,1.534,0.0,4.65,0.0,0.0,1.036,0.0,1.534,0.0,1.534,1.036,1.036,1.534,0.0,2.311,1.036,1.534,1.036,0.0,0.0,0.0,1.864,1.036,1.036,1.036,0.0,0.0,1.036,0.0,0.0,0.0,0.0,0.0,0.0,0.0,2.743,0.0,1.534,0.0,0.0,1.534,0.0,0.0,0.0,0.0,1.036,0.0,1.534,2.311,0.0,2.113,0.0,1.036,1.036,0.0,1.864,1.036,1.864,0.0,1.036,1.036,2.113,1.864,1.036,0.0,0.0,0.0,1.036,0.0,0.0,0.0,0.0,1.036,0.0,1.036,2.113,3.62,1.036,1.534,0.0,0.0,0.0,0.0,1.036,0.0,0.0,0.0,0.0,0.0,0.0,0.0,1.036,1.036,1.534,0.0,0.0,0.0,0.0,0.0,0.0,1.036,0.0,1.036,0.0,0.0,1.534,0.0,1.036,2.113,0.0,1.036,0.0,1.036,1.534,1.036,0.0,1.036,0.0,1.036,1.036,2.113,0.0,1.864,0.0,1.036,1.036
NK-Zelle,0.0,0.0,1.491,0.0,0.0,0.0,0.0,0.0,1.491,2.427,0.0,0.0,0.0,0.0,2.065,0.0,0.0,0.0,1.491,0.0,0.0,0.0,2.065,0.0,0.0,1.491,0.0,0.0,2.065,0.0,0.0,0.0,0.0,1.491,0.0,0.0,0.0,0.0,2.065,1.491,0.0,1.491,0.0,0.0,1.491,1.491,0.0,0.0,0.0,0.0,1.491,2.065,0.0,0.0,1.491,0.0,0.0,1.491,0.0,0.0,0.0,0.0,2.065,2.427,0.0,0.0,1.491,0.0,3.075,1.491,2.065,0.0,2.427,0.0,1.491,0.0,0.0,0.0,1.491,1.491,3.075,2.065,1.491,0.0,0.0,1.491,1.491,0.0,1.491,0.0,0.0,1.491,0.0,0.0,0.0,1.491,0.0,1.491,1.491,0.0,0.0,0.0,4.246,0.0,0.0,0.0,0.0,0.0,0.0,0.0,0.0,2.902,0.0,0.0,1.491,2.692,0.0,0.0,0.0,1.491,0.0,0.0,0.0,0.0,0.0,0.0,0.0,0.0,1.491,2.065,1.491,0.0,0.0,0.0,0.0,0.0,0.0,0.0,0.0,0.0,0.0,0.0,0.0,2.065,1.491,1.491,1.491,0.0,0.0,0.0,0.0,0.0,0.0,0.0,0.0,0.0,0.0,0.0,0.0,0.0,0.0,1.491,0.0,0.0,0.0,2.692,0.0,0.0,0.0,0.0,0.0,2.427,0.0,0.0,0.0,2.902,0.0,2.427,0.0,2.065,2.065,3.351,1.491,0.0,0.0,0.0,0.0,0.0,1.491,0.0,0.0,0.0,0.0,2.427,1.491,0.0,0.0,0.0,0.0,1.491,0.0,0.0,1.491,0.0,0.0,0.0,0.0,2.902,0.0,2.427,0.0,2.692,0.0,0.0,1.491,0.0,0.0,0.0,1.491,0.0,1.491,0.0,0.0,0.0,0.0,0.0,0.0,0.0,0.0,1.491,2.692,0.0,0.0,0.0,2.902,1.491,0.0,0.0,0.0,1.491,0.0,0.0,0.0,0.0,1.491,0.0,0.0,1.491,0.0,1.491,0.0,1.491,0.0,0.0,2.427,0.0,0.0,1.491,0.0,1.491,0.0,1.491,0.0,0.0,0.0,1.491,0.0,0.0,0.0,0.0,0.0,1.491,0.0,1.491,0.0,0.0,3.222,1.491,2.427,0.0,1.491,0.0,0.0,1.491,0.0,0.0,1.491,0.0,1.491,1.491,0.0,0.0,0.0,0.0,0.0,1.491,0.0,1.491,0.0,0.0,0.0,0.0,0.0,0.0,0.0,0.0,0.0,0.0,0.0,1.491,1.491,3.075,0.0,0.0,0.0,2.065,0.0,0.0,0.0,0.0,2.065,0.0,0.0,1.491,2.065,0.0,0.0,1.491,0.0,0.0,0.0,0.0,2.065,0.0,0.0,0.0,0.0,1.491,1.491,0.0,0.0,2.065,0.0,0.0,0.0,2.065,1.491,0.0,0.0,2.692,0.0,0.0,0.0,0.0,0.0,1.491,0.0,1.491,2.065,0.0,0.0,0.0,0.0,0.0,0.0,1.491,0.0,0.0,0.0,0.0,0.0,0.0,0.0,4.086,0.0,2.427,0.0,1.491,1.491,0.0,0.0,0.0,0.0,1.491,0.0,0.0,1.491,0.0,1.491,1.491,2.902,0.0,0.0,2.065,3.075,2.065,0.0,0.0,0.0,0.0,0.0,0.0,2.427,1.491,0.0,0.0,0.0,0.0,2.692,1.491,0.0,0.0,0.0,0.0,0.0,0.0,0.0,1.491,0.0,0.0,0.0,0.0,0.0,0.0,0.0,0.0,0.0,0.0,0.0,0.0,0.0,0.0,0.0,0.0,0.0,2.427,1.491,0.0,1.491,1.491,2.692,0.0,1.491,0.0,2.065,0.0,0.0,0.0,0.0,1.491,1.491,1.491,0.0,0.0,0.0,0.0,2.065,1.491,0.0,0.0,0.0,1.491,0.0,0.0,0.0,0.0,0.0,0.0,0.0,0.0,0.0,0.0,0.0,0.0,2.065,0.0,0.0,0.0,0.0,2.427,0.0,1.491,0.0,1.491,0.0,1.491,1.491,0.0,0.0,2.902,0.0,2.692,2.065,0.0,1.491,0.0,0.0,0.0,0.0,0.0,0.0,0.0,0.0,0.0,0.0,0.0,0.0,0.0,0.0,0.0,0.0,1.491,0.0,0.0,1.491,0.0,2.427,0.0,0.0,0.0,3.66,0.0,0.0,0.0,3.075,0.0,0.0,0.0,1.491,1.491,0.0,0.0,0.0,2.065,2.065,0.0,0.0,0.0,0.0,0.0,0.0,1.491,1.491,2.427,0.0,0.0,0.0,2.065,0.0,1.491,1.491,0.0,0.0,0.0,0.0,0.0,0.0,0.0,0.0,2.065,0.0,0.0,0.0,0.0,0.0,0.0,0.0,0.0,0.0,0.0,0.0,0.0,1.491,1.491,1.491,1.491,0.0,0.0,0.0,0.0,2.065,0.0,0.0,0.0,0.0,1.491,0.0,0.0,0.0,0.0,2.065,1.491,0.0,0.0,0.0,0.0,2.065,0.0,0.0,0.0,0.0,0.0,1.491,3.567,2.427,2.065,0.0,1.491,0.0,0.0,0.0,0.0,0.0,0.0,2.065,0.0,1.491,0.0,1.491,0.0,1.491,1.491,1.491,0.0,0.0,0.0,1.491,0.0,2.065,3.075,0.0,0.0,0.0,0.0,0.0,0.0,0.0,0.0,0.0,0.0,0.0,0.0,3.222,1.491,0.0,0.0,0.0,0.0,0.0,0.0,0.0,0.0,0.0,1.491,0.0,2.065,1.491,2.902,0.0,0.0,0.0,2.065,0.0,0.0,2.065,1.491,0.0,0.0,2.427,1.491,0.0,0.0,1.491,1.491,0.0,0.0,0.0,0.0,0.0,2.427,0.0,0.0,1.491,1.491,0.0,0.0,2.427,3.351,0.0,0.0,0.0,1.491,0.0,0.0,0.0,0.0,2.065,0.0,0.0,0.0,0.0,0.0,0.0,1.491,2.692,0.0,0.0,0.0,0.0,0.0,0.0,0.0,2.065,2.065,2.065,3.222,0.0,2.427,0.0,1.491,0.0,0.0,0.0,0.0,4.34,0.0,0.0,0.0,0.0,0.0,0.0,2.065,0.0,0.0,1.491,1.491,0.0,0.0,0.0,0.0,0.0,0.0,0.0,0.0,1.491,2.427,0.0,1.491,0.0,1.491,1.491,0.0,0.0,1.491,0.0,1.491,1.491,0.0,0.0,1.491,0.0,2.902,0.0,2.427,0.0
Monozyt,1.271,0.0,1.271,1.271,0.0,0.0,1.813,1.271,1.271,1.271,0.0,0.0,0.0,0.0,0.0,0.0,0.0,2.163,0.0,1.271,0.0,0.0,0.0,0.0,0.0,1.271,0.0,1.271,1.271,0.0,1.271,1.813,1.271,0.0,1.271,1.813,0.0,0.0,1.271,1.271,1.271,1.271,0.0,0.0,0.0,0.0,0.0,0.0,0.0,2.627,1.271,1.813,2.627,0.0,3.459,3.283,0.0,0.0,0.0,0.0,0.0,0.0,0.0,0.0,0.0,0.0,1.271,1.271,3.069,1.271,3.069,0.0,0.0,0.0,0.0,0.0,0.0,2.163,0.0,0.0,1.813,0.0,0.0,2.421,1.813,0.0,0.0,0.0,0.0,0.0,0.0,0.0,0.0,1.271,0.0,0.0,0.0,0.0,1.271,0.0,0.0,0.0,1.271,0.0,1.813,0.0,0.0,0.0,0.0,0.0,0.0,1.813,1.813,0.0,1.271,0.0,0.0,1.271,1.271,0.0,0.0,2.163,0.0,0.0,0.0,1.271,0.0,0.0,1.271,0.0,0.0,0.0,0.0,1.271,0.0,0.0,0.0,1.813,1.813,0.0,1.271,0.0,1.271,0.0,0.0,0.0,0.0,0.0,0.0,0.0,0.0,0.0,1.813,1.271,0.0,1.271,0.0,0.0,0.0,0.0,0.0,1.271,0.0,2.163,1.271,0.0,0.0,0.0,0.0,1.271,0.0,0.0,0.0,1.271,0.0,0.0,0.0,0.0,0.0,0.0,2.421,1.271,0.0,0.0,0.0,0.0,0.0,0.0,0.0,1.271,1.271,0.0,0.0,0.0,0.0,1.271,1.813,0.0,0.0,1.271,0.0,1.271,1.813,0.0,1.813,0.0,0.0,0.0,1.271,3.798,0.0,3.182,2.163,1.813,0.0,0.0,0.0,0.0,0.0,1.271,0.0,0.0,1.813,0.0,1.271,0.0,0.0,1.271,0.0,0.0,2.421,3.609,3.854,1.271,1.813,1.271,1.813,1.271,1.813,1.813,0.0,2.163,0.0,0.0,2.797,2.627,1.271,0.0,0.0,1.813,0.0,0.0,0.0,0.0,2.163,0.0,0.0,0.0,0.0,1.271,1.271,0.0,0.0,0.0,1.813,1.813,0.0,0.0,2.627,0.0,0.0,0.0,1.271,2.163,0.0,0.0,0.0,0.0,0.0,0.0,2.421,0.0,0.0,0.0,0.0,1.271,0.0,0.0,1.271,1.271,0.0,0.0,0.0,0.0,0.0,0.0,1.271,2.421,0.0,1.271,0.0,0.0,0.0,0.0,0.0,1.813,1.271,0.0,0.0,2.421,0.0,2.942,2.421,0.0,0.0,1.271,2.421,0.0,0.0,0.0,1.271,0.0,0.0,0.0,1.271,0.0,0.0,1.271,0.0,0.0,1.813,0.0,1.813,0.0,0.0,0.0,0.0,0.0,1.271,0.0,0.0,1.271,1.271,0.0,1.271,0.0,1.271,0.0,0.0,2.797,0.0,0.0,1.271,0.0,0.0,1.271,0.0,1.271,0.0,0.0,0.0,0.0,1.271,1.271,0.0,1.271,1.271,0.0,2.797,0.0,1.271,1.271,2.163,0.0,0.0,0.0,0.0,0.0,0.0,2.163,0.0,0.0,0.0,0.0,0.0,0.0,1.271,0.0,1.813,1.813,0.0,1.813,3.283,1.271,3.375,0.0,0.0,0.0,0.0,0.0,0.0,0.0,0.0,0.0,0.0,0.0,0.0,0.0,2.942,0.0,0.0,2.797,1.271,1.271,0.0,0.0,0.0,0.0,1.271,1.813,0.0,1.813,0.0,1.271,1.271,0.0,0.0,0.0,1.813,0.0,0.0,0.0,0.0,1.271,1.271,1.271,0.0,1.813,1.813,1.813,2.163,1.271,2.627,0.0,1.271,0.0,0.0,1.271,0.0,0.0,1.271,0.0,1.271,0.0,0.0,1.271,1.271,0.0,1.813,0.0,0.0,1.271,0.0,0.0,0.0,0.0,0.0,0.0,0.0,0.0,1.271,0.0,1.271,0.0,1.271,0.0,0.0,0.0,1.271,2.797,0.0,1.271,0.0,0.0,0.0,0.0,0.0,2.421,0.0,1.271,1.813,2.421,1.813,0.0,0.0,0.0,0.0,1.271,0.0,0.0,0.0,0.0,0.0,0.0,0.0,0.0,1.271,0.0,0.0,0.0,0.0,0.0,0.0,1.813,0.0,0.0,2.163,1.271,0.0,0.0,0.0,1.813,0.0,0.0,2.627,0.0,2.163,0.0,1.271,1.271,0.0,2.627,1.813,2.163,0.0,0.0,0.0,1.271,0.0,0.0,0.0,0.0,0.0,0.0,0.0,0.0,0.0,2.163,0.0,0.0,1.271,1.271,0.0,1.271,0.0,0.0,0.0,0.0,0.0,0.0,1.813,0.0,0.0,0.0,0.0,0.0,0.0,0.0,0.0,0.0,1.271,0.0,1.813,2.163,0.0,0.0,1.271,0.0,0.0,1.271,0.0,0.0,0.0,0.0,1.813,0.0,0.0,0.0,0.0,0.0,1.271,0.0,0.0,0.0,1.813,0.0,1.813,0.0,0.0,0.0,0.0,0.0,0.0,0.0,0.0,0.0,0.0,0.0,1.271,0.0,0.0,0.0,0.0,1.271,2.163,1.271,1.813,0.0,2.421,1.271,1.813,1.271,2.163,0.0,0.0,0.0,0.0,1.271,0.0,1.813,1.271,0.0,0.0,0.0,0.0,0.0,0.0,1.271,0.0,0.0,0.0,2.942,0.0,0.0,0.0,1.271,0.0,0.0,0.0,0.0,0.0,2.627,0.0,2.421,0.0,1.813,0.0,0.0,0.0,3.182,0.0,0.0,1.813,1.271,0.0,0.0,0.0,0.0,1.813,1.271,0.0,0.0,0.0,0.0,2.163,0.0,1.271,1.813,0.0,1.813,0.0,2.163,0.0,1.813,1.271,0.0,1.271,3.537,1.813,0.0,1.271,0.0,0.0,0.0,0.0,0.0,0.0,0.0,0.0,0.0,1.271,1.271,0.0,0.0,3.537,0.0,0.0,0.0,0.0,0.0,1.271,0.0,0.0,1.271,1.813,5.316,1.271,2.797,0.0,1.813,0.0,0.0,0.0,0.0,0.0,0.0,0.0,0.0,0.0,0.0,0.0,0.0,0.0,0.0,1.271,1.271,0.0,0.0,1.813,1.271,0.0,0.0,1.271,1.271,0.0,0.0,0.0,1.271,0.0,0.0,0.0,2.627,0.0,0.0,0.0,1.271,0.0,0.0,1.271,1.271,0.0,1.813,1.813,0.0,1.271
T-Zelle,0.0,0.0,0.0,0.0,0.0,0.0,0.0,0.0,0.0,1.514,1.514,1.514,0.0,0.0,1.514,0.0,0.0,2.454,1.514,1.514,0.0,1.514,0.0,1.514,0.0,1.514,1.514,2.09,1.514,0.0,0.0,0.0,0.0,2.09,1.514,2.09,0.0,0.0,2.09,0.0,2.09,1.514,0.0,0.0,2.454,0.0,0.0,0.0,0.0,0.0,0.0,2.454,0.0,0.0,2.09,2.72,0.0,2.454,2.09,0.0,0.0,0.0,0.0,0.0,0.0,0.0,1.514,0.0,2.454,1.514,0.0,0.0,0.0,0.0,2.09,1.514,0.0,1.514,0.0,1.514,2.929,0.0,2.09,0.0,2.09,1.514,0.0,0.0,0.0,0.0,1.514,0.0,1.514,0.0,0.0,0.0,0.0,1.514,0.0,0.0,2.454,1.514,4.115,0.0,0.0,0.0,1.514,1.514,0.0,0.0,0.0,2.454,1.514,0.0,0.0,1.514,0.0,0.0,0.0,0.0,2.09,1.514,1.514,0.0,0.0,0.0,0.0,1.514,1.514,0.0,0.0,0.0,0.0,1.514,1.514,2.09,0.0,0.0,0.0,0.0,0.0,0.0,1.514,0.0,0.0,0.0,0.0,0.0,0.0,0.0,0.0,0.0,0.0,0.0,0.0,1.514,0.0,0.0,0.0,0.0,0.0,1.514,0.0,0.0,0.0,2.454,0.0,0.0,1.514,0.0,0.0,2.09,1.514,0.0,0.0,2.09,0.0,1.514,0.0,1.514,1.514,0.0,0.0,0.0,0.0,0.0,2.09,0.0,0.0,0.0,2.72,0.0,0.0,0.0,0.0,1.514,0.0,0.0,0.0,0.0,0.0,0.0,2.09,0.0,0.0,0.0,0.0,0.0,0.0,2.09,0.0,1.514,2.454,2.454,1.514,0.0,0.0,1.514,0.0,0.0,1.514,0.0,0.0,1.514,2.09,0.0,0.0,0.0,2.09,1.514,2.09,0.0,0.0,0.0,2.09,0.0,0.0,1.514,2.09,0.0,0.0,0.0,0.0,0.0,0.0,0.0,0.0,0.0,0.0,0.0,0.0,2.09,1.514,0.0,1.514,0.0,0.0,0.0,0.0,0.0,0.0,0.0,0.0,0.0,0.0,0.0,0.0,2.09,0.0,0.0,0.0,0.0,1.514,2.09,0.0,0.0,3.103,0.0,1.514,0.0,2.454,0.0,0.0,0.0,0.0,0.0,0.0,0.0,0.0,1.514,0.0,2.929,0.0,0.0,1.514,1.514,0.0,2.454,0.0,1.514,0.0,0.0,0.0,0.0,0.0,0.0,0.0,0.0,1.514,0.0,1.514,2.454,0.0,0.0,0.0,0.0,0.0,0.0,1.514,0.0,0.0,0.0,0.0,2.72,0.0,0.0,2.09,0.0,0.0,0.0,1.514,0.0,0.0,0.0,0.0,0.0,0.0,0.0,0.0,0.0,1.514,0.0,1.514,2.09,0.0,0.0,0.0,0.0,0.0,2.09,0.0,0.0,0.0,2.454,0.0,0.0,0.0,1.514,0.0,2.09,0.0,0.0,0.0,0.0,0.0,0.0,0.0,0.0,0.0,0.0,1.514,0.0,0.0,1.514,0.0,0.0,0.0,0.0,2.454,2.09,0.0,2.454,0.0,1.514,0.0,0.0,0.0,0.0,2.72,0.0,2.09,0.0,0.0,2.09,3.596,1.514,0.0,0.0,0.0,0.0,1.514,0.0,0.0,0.0,0.0,0.0,0.0,0.0,3.103,2.72,1.514,0.0,0.0,0.0,0.0,2.09,0.0,0.0,1.514,0.0,0.0,0.0,0.0,0.0,0.0,0.0,0.0,0.0,1.514,0.0,0.0,0.0,0.0,0.0,0.0,1.514,0.0,0.0,1.514,1.514,3.251,1.514,2.454,0.0,2.09,0.0,2.09,0.0,0.0,0.0,1.514,0.0,0.0,0.0,0.0,0.0,1.514,2.09,0.0,0.0,0.0,0.0,1.514,0.0,0.0,1.514,1.514,2.09,0.0,0.0,0.0,0.0,0.0,0.0,2.72,0.0,1.514,0.0,0.0,2.09,0.0,1.514,1.514,0.0,0.0,0.0,0.0,0.0,0.0,1.514,0.0,2.454,0.0,0.0,0.0,0.0,2.454,1.514,0.0,0.0,0.0,0.0,0.0,1.514,0.0,1.514,0.0,0.0,0.0,0.0,1.514,1.514,0.0,0.0,0.0,0.0,3.251,0.0,0.0,2.454,2.72,0.0,0.0,0.0,2.454,0.0,0.0,0.0,0.0,0.0,0.0,0.0,0.0,1.514,2.09,0.0,0.0,0.0,0.0,0.0,0.0,2.09,0.0,2.09,0.0,0.0,0.0,2.454,0.0,1.514,0.0,1.514,0.0,0.0,2.09,0.0,0.0,0.0,0.0,0.0,2.09,0.0,2.454,0.0,0.0,0.0,0.0,0.0,1.514,0.0,0.0,2.09,0.0,2.454,0.0,2.09,0.0,0.0,0.0,0.0,3.103,1.514,0.0,0.0,0.0,0.0,0.0,0.0,0.0,0.0,2.09,0.0,0.0,0.0,2.454,1.514,0.0,0.0,0.0,0.0,0.0,0.0,0.0,0.0,0.0,0.0,0.0,0.0,0.0,0.0,0.0,0.0,0.0,0.0,1.514,1.514,0.0,0.0,0.0,2.09,2.454,0.0,1.514,0.0,0.0,0.0,0.0,0.0,0.0,0.0,1.514,1.514,0.0,0.0,0.0,0.0,0.0,1.514,0.0,0.0,0.0,0.0,2.09,0.0,0.0,0.0,1.514,1.514,0.0,1.514,0.0,0.0,0.0,2.09,0.0,3.251,2.09,0.0,0.0,0.0,1.514,0.0,0.0,0.0,0.0,0.0,0.0,0.0,0.0,1.514,0.0,0.0,0.0,0.0,2.72,1.514,0.0,0.0,0.0,1.514,0.0,1.514,2.09,0.0,0.0,1.514,2.09,3.379,0.0,1.514,1.514,0.0,0.0,2.09,1.514,1.514,0.0,0.0,1.514,0.0,2.454,0.0,0.0,2.454,1.514,0.0,0.0,0.0,0.0,0.0,0.0,0.0,0.0,1.514,0.0,3.596,0.0,0.0,1.514,0.0,0.0,0.0,0.0,0.0,3.773,0.0,0.0,0.0,0.0,0.0,0.0,0.0,2.09,0.0,0.0,0.0,0.0,0.0,0.0,0.0,0.0,0.0,1.514,0.0,0.0,0.0,0.0,0.0,0.0,3.103,0.0,0.0,0.0,0.0,0.0,1.514,0.0,0.0,1.514,1.514,0.0,1.514,0.0,0.0,0.0
B-Zelle,0.0,0.0,1.174,1.174,0.0,0.0,0.0,0.0,0.0,1.174,1.699,0.0,0.0,0.0,1.174,0.0,2.668,4.001,1.174,1.174,0.0,1.174,1.174,2.296,0.0,0.0,0.0,0.0,1.699,0.0,0.0,0.0,0.0,1.174,1.174,0.0,0.0,0.0,3.403,0.0,0.0,1.174,0.0,0.0,1.699,0.0,0.0,1.174,2.042,0.0,1.699,2.499,0.0,0.0,1.699,0.0,0.0,0.0,0.0,1.699,0.0,0.0,0.0,0.0,0.0,0.0,2.812,0.0,0.0,1.699,0.0,0.0,1.174,1.174,0.0,0.0,0.0,1.174,0.0,1.174,1.174,0.0,1.174,0.0,2.668,1.174,0.0,0.0,0.0,0.0,0.0,0.0,0.0,1.174,2.042,0.0,1.174,1.174,1.174,0.0,0.0,0.0,0.0,0.0,0.0,0.0,0.0,1.174,0.0,0.0,0.0,2.042,1.174,0.0,0.0,0.0,0.0,0.0,0.0,0.0,0.0,1.174,0.0,0.0,0.0,1.174,1.174,1.699,0.0,0.0,0.0,0.0,0.0,0.0,0.0,1.174,1.174,0.0,0.0,0.0,0.0,0.0,1.174,1.699,2.042,0.0,0.0,0.0,0.0,1.174,1.174,0.0,0.0,0.0,1.174,0.0,0.0,0.0,0.0,0.0,0.0,0.0,0.0,0.0,0.0,0.0,0.0,0.0,0.0,0.0,0.0,0.0,1.174,0.0,0.0,2.042,0.0,0.0,1.699,1.174,0.0,0.0,0.0,2.296,1.174,1.174,2.042,2.668,0.0,0.0,0.0,0.0,0.0,0.0,0.0,2.296,2.042,0.0,1.174,0.0,1.699,0.0,0.0,1.174,0.0,0.0,1.174,1.699,0.0,4.642,0.0,3.15,1.699,2.042,0.0,1.174,0.0,1.174,1.174,0.0,0.0,0.0,1.699,0.0,1.174,0.0,0.0,1.699,0.0,0.0,3.822,0.0,0.0,0.0,2.296,2.042,4.284,3.475,4.152,3.475,2.499,2.499,2.938,3.326,3.475,3.475,0.0,0.0,1.174,1.699,2.296,0.0,0.0,1.174,1.174,0.0,0.0,2.042,0.0,0.0,0.0,1.174,0.0,0.0,0.0,0.0,0.0,0.0,1.699,0.0,0.0,0.0,2.296,1.174,0.0,0.0,0.0,0.0,2.296,0.0,3.242,0.0,0.0,1.699,0.0,0.0,0.0,1.699,0.0,0.0,0.0,0.0,0.0,0.0,0.0,1.174,1.699,1.174,0.0,1.174,0.0,0.0,2.042,0.0,0.0,0.0,0.0,1.174,1.174,1.174,0.0,1.174,0.0,0.0,0.0,1.699,0.0,0.0,0.0,0.0,0.0,1.174,1.174,2.812,2.042,0.0,0.0,0.0,0.0,0.0,1.174,0.0,1.174,0.0,1.699,0.0,0.0,0.0,0.0,0.0,0.0,0.0,0.0,2.042,0.0,1.699,0.0,0.0,0.0,0.0,0.0,0.0,0.0,1.174,0.0,0.0,0.0,0.0,0.0,1.699,0.0,2.296,1.174,2.296,0.0,0.0,0.0,0.0,0.0,0.0,2.499,0.0,0.0,0.0,0.0,0.0,1.699,0.0,0.0,3.242,0.0,0.0,0.0,1.174,1.699,0.0,1.699,1.174,0.0,1.174,0.0,1.174,0.0,1.699,2.668,1.174,1.174,2.042,1.174,0.0,1.174,1.174,1.699,0.0,0.0,0.0,1.699,0.0,1.174,0.0,0.0,0.0,1.699,1.699,0.0,0.0,1.174,0.0,2.296,1.174,1.174,0.0,0.0,2.042,0.0,0.0,2.499,0.0,1.699,0.0,0.0,0.0,1.174,0.0,1.174,0.0,1.174,0.0,1.699,0.0,3.326,1.174,1.699,0.0,1.174,0.0,1.174,0.0,0.0,0.0,2.296,0.0,1.174,1.174,0.0,0.0,0.0,0.0,0.0,0.0,0.0,0.0,0.0,0.0,0.0,0.0,0.0,0.0,0.0,0.0,0.0,0.0,0.0,0.0,2.042,0.0,0.0,2.296,1.699,3.604,0.0,0.0,0.0,0.0,1.699,0.0,0.0,0.0,0.0,1.699,0.0,1.174,0.0,2.296,1.699,0.0,2.296,1.174,1.699,0.0,0.0,0.0,0.0,0.0,0.0,0.0,0.0,0.0,0.0,0.0,0.0,0.0,0.0,0.0,0.0,0.0,1.174,2.499,1.174,0.0,0.0,0.0,0.0,0.0,2.499,1.174,0.0,1.174,1.174,2.296,0.0,0.0,0.0,2.042,1.174,0.0,0.0,1.174,4.252,0.0,0.0,0.0,0.0,2.499,1.174,0.0,0.0,1.699,0.0,1.699,0.0,1.174,0.0,0.0,1.174,0.0,0.0,0.0,1.699,0.0,2.042,0.0,0.0,0.0,0.0,0.0,0.0,0.0,0.0,0.0,1.699,0.0,1.174,1.174,0.0,1.699,0.0,0.0,1.699,2.042,0.0,0.0,0.0,0.0,0.0,2.042,1.699,0.0,0.0,0.0,1.699,0.0,0.0,1.174,2.296,0.0,1.699,1.699,0.0,0.0,0.0,0.0,0.0,0.0,0.0,0.0,0.0,1.174,1.174,0.0,0.0,0.0,1.174,1.699,0.0,1.174,1.174,0.0,1.174,3.242,1.174,0.0,1.174,0.0,1.174,0.0,0.0,1.174,0.0,0.0,1.174,1.174,0.0,0.0,0.0,0.0,0.0,0.0,0.0,0.0,0.0,0.0,0.0,0.0,0.0,1.174,0.0,0.0,2.296,0.0,2.296,1.699,1.174,2.296,1.174,2.042,0.0,0.0,0.0,0.0,2.499,0.0,0.0,0.0,0.0,0.0,2.296,0.0,2.042,2.296,0.0,0.0,0.0,0.0,1.699,0.0,1.174,0.0,0.0,0.0,0.0,2.499,0.0,0.0,0.0,0.0,2.812,0.0,1.174,1.174,0.0,1.174,1.174,0.0,0.0,1.174,1.699,0.0,1.174,0.0,1.699,1.174,0.0,1.174,1.174,0.0,0.0,1.174,0.0,3.475,0.0,0.0,0.0,1.699,1.174,2.812,0.0,3.05,0.0,1.174,0.0,2.042,0.0,0.0,0.0,0.0,0.0,0.0,0.0,0.0,1.174,1.174,1.174,0.0,0.0,1.174,0.0,0.0,1.174,2.042,1.174,0.0,0.0,0.0,0.0,0.0,0.0,1.174,0.0,1.174,0.0,0.0,1.174,2.812,0.0,1.699,0.0,0.0,0.0,0.0,0.0,0.0,0.0,0.0,0.0
T-Zelle,0.0,0.0,1.366,2.278,0.0,0.0,0.0,0.0,0.0,0.0,0.0,0.0,0.0,0.0,0.0,0.0,0.0,2.747,0.0,0.0,0.0,1.366,2.278,0.0,0.0,0.0,1.922,1.922,0.0,0.0,1.366,0.0,0.0,2.539,0.0,0.0,0.0,1.366,0.0,0.0,0.0,0.0,1.922,0.0,2.539,0.0,1.366,0.0,1.366,0.0,0.0,2.539,0.0,0.0,1.922,2.747,0.0,0.0,0.0,0.0,2.278,1.922,1.366,0.0,0.0,0.0,0.0,0.0,0.0,0.0,0.0,0.0,1.366,0.0,0.0,0.0,0.0,0.0,0.0,0.0,1.922,0.0,0.0,0.0,2.539,0.0,0.0,0.0,1.366,0.0,1.922,0.0,0.0,0.0,0.0,0.0,1.922,1.366,2.278,0.0,0.0,1.366,0.0,0.0,0.0,2.278,1.366,0.0,0.0,0.0,0.0,0.0,0.0,0.0,1.366,0.0,0.0,0.0,1.922,0.0,0.0,1.922,0.0,0.0,0.0,0.0,1.366,1.366,0.0,0.0,0.0,0.0,0.0,0.0,0.0,0.0,0.0,1.366,0.0,0.0,0.0,0.0,0.0,0.0,1.366,0.0,0.0,0.0,0.0,0.0,0.0,0.0,1.366,1.922,1.366,0.0,0.0,0.0,0.0,0.0,2.278,2.539,0.0,0.0,0.0,0.0,0.0,0.0,0.0,0.0,0.0,0.0,0.0,0.0,0.0,0.0,0.0,0.0,0.0,1.366,2.278,1.922,0.0,0.0,1.922,0.0,1.366,0.0,0.0,1.366,0.0,0.0,0.0,1.366,0.0,2.278,1.366,0.0,0.0,0.0,1.366,0.0,0.0,0.0,1.366,0.0,0.0,0.0,1.366,0.0,0.0,2.278,1.922,2.747,0.0,0.0,1.366,1.366,1.366,1.366,1.922,0.0,0.0,0.0,0.0,0.0,0.0,1.922,1.922,0.0,4.084,0.0,0.0,0.0,1.366,1.366,0.0,0.0,0.0,0.0,0.0,0.0,0.0,1.366,0.0,0.0,0.0,0.0,0.0,0.0,0.0,0.0,1.366,0.0,1.366,1.366,0.0,0.0,0.0,1.366,0.0,0.0,0.0,0.0,0.0,0.0,0.0,0.0,1.366,0.0,0.0,0.0,0.0,2.278,0.0,0.0,0.0,0.0,0.0,1.366,1.922,1.366,0.0,1.922,1.922,0.0,0.0,0.0,0.0,1.366,0.0,0.0,0.0,1.366,0.0,1.366,0.0,0.0,0.0,1.922,0.0,0.0,0.0,0.0,0.0,0.0,0.0,2.278,0.0,1.366,0.0,1.922,0.0,0.0,0.0,1.922,0.0,0.0,0.0,1.366,0.0,1.366,0.0,1.366,0.0,0.0,1.366,0.0,0.0,2.278,0.0,1.922,1.922,0.0,0.0,0.0,0.0,0.0,0.0,0.0,0.0,0.0,1.366,0.0,0.0,0.0,0.0,2.539,0.0,1.366,1.366,0.0,1.366,0.0,0.0,1.366,0.0,1.366,0.0,0.0,0.0,0.0,0.0,1.366,0.0,0.0,0.0,0.0,0.0,0.0,0.0,0.0,1.366,0.0,1.366,0.0,0.0,0.0,0.0,2.747,0.0,0.0,0.0,1.366,1.366,1.366,1.366,0.0,1.366,2.278,0.0,0.0,0.0,1.922,3.305,0.0,0.0,0.0,0.0,0.0,0.0,1.366,1.366,0.0,0.0,1.366,0.0,0.0,1.366,1.922,0.0,0.0,0.0,1.366,1.922,0.0,0.0,0.0,2.278,0.0,0.0,0.0,1.366,0.0,0.0,0.0,0.0,0.0,0.0,1.366,0.0,0.0,0.0,0.0,0.0,0.0,1.922,0.0,1.366,1.366,1.366,1.922,0.0,0.0,0.0,0.0,1.366,0.0,1.366,0.0,1.366,1.366,0.0,0.0,0.0,0.0,1.366,3.584,1.366,0.0,0.0,1.922,0.0,1.922,0.0,0.0,0.0,0.0,0.0,0.0,0.0,0.0,0.0,0.0,3.305,0.0,1.366,0.0,0.0,2.278,0.0,0.0,0.0,0.0,0.0,0.0,1.366,0.0,0.0,2.539,0.0,2.918,1.366,0.0,0.0,0.0,2.539,0.0,1.922,0.0,0.0,0.0,0.0,1.366,0.0,1.366,1.366,0.0,1.366,0.0,0.0,0.0,1.366,0.0,0.0,0.0,2.539,1.366,0.0,0.0,0.0,1.366,0.0,0.0,2.539,1.922,0.0,0.0,1.366,0.0,0.0,1.366,0.0,2.278,1.922,1.366,0.0,1.366,0.0,0.0,0.0,1.366,0.0,2.278,0.0,0.0,0.0,0.0,0.0,1.922,0.0,1.366,0.0,0.0,1.366,0.0,1.366,0.0,0.0,0.0,1.366,0.0,0.0,0.0,1.366,0.0,0.0,0.0,0.0,1.922,1.366,0.0,1.922,1.366,0.0,1.366,1.922,0.0,0.0,0.0,1.922,0.0,0.0,0.0,0.0,0.0,0.0,0.0,0.0,0.0,1.922,0.0,0.0,1.366,0.0,1.922,1.366,1.366,0.0,0.0,0.0,0.0,0.0,0.0,0.0,1.366,0.0,0.0,1.366,0.0,0.0,0.0,0.0,0.0,0.0,0.0,1.922,0.0,0.0,0.0,1.922,0.0,1.366,0.0,0.0,0.0,0.0,0.0,0.0,1.922,0.0,0.0,0.0,1.366,0.0,0.0,0.0,1.366,0.0,0.0,0.0,0.0,0.0,0.0,0.0,1.366,1.922,0.0,0.0,1.366,0.0,2.278,1.366,2.278,1.366,2.918,1.922,1.366,0.0,0.0,1.366,1.366,0.0,0.0,0.0,0.0,0.0,0.0,1.922,1.366,0.0,0.0,0.0,0.0,0.0,0.0,1.922,0.0,0.0,1.922,0.0,2.278,0.0,0.0,0.0,0.0,0.0,3.305,2.278,0.0,0.0,2.278,0.0,0.0,0.0,0.0,1.922,0.0,1.366,0.0,1.922,1.366,1.366,2.539,0.0,0.0,0.0,0.0,0.0,0.0,1.922,0.0,1.366,1.366,0.0,3.305,1.366,0.0,2.539,2.539,0.0,0.0,1.366,0.0,0.0,0.0,0.0,0.0,0.0,0.0,0.0,0.0,0.0,1.366,0.0,0.0,0.0,0.0,1.366,0.0,1.366,0.0,0.0,0.0,1.922,0.0,0.0,0.0,0.0,0.0,0.0,0.0,0.0,1.922,0.0,0.0,1.922,0.0,1.922,0.0,0.0,1.366,0.0,0.0,0.0
Dendritische Zelle,0.0,0.0,0.0,1.932,0.0,0.0,0.0,0.0,0.0,1.374,1.374,0.0,2.288,1.374,0.0,0.0,0.0,2.757,2.288,0.0,0.0,1.374,0.0,0.0,0.0,1.374,1.374,1.374,1.374,0.0,0.0,1.932,0.0,0.0,0.0,0.0,0.0,0.0,0.0,0.0,2.288,3.673,0.0,0.0,2.55,0.0,0.0,0.0,0.0,3.076,0.0,1.374,1.932,1.374,3.317,3.673,0.0,2.288,0.0,0.0,0.0,0.0,0.0,0.0,0.0,0.0,1.374,0.0,3.317,1.374,3.511,0.0,0.0,0.0,0.0,0.0,0.0,1.932,0.0,0.0,0.0,0.0,0.0,0.0,1.932,0.0,1.374,0.0,0.0,0.0,0.0,0.0,1.374,0.0,0.0,0.0,0.0,0.0,1.374,1.374,1.374,0.0,0.0,0.0,0.0,0.0,0.0,0.0,0.0,0.0,0.0,0.0,0.0,0.0,0.0,1.374,0.0,0.0,0.0,0.0,0.0,0.0,0.0,0.0,0.0,1.374,0.0,0.0,0.0,0.0,0.0,0.0,0.0,0.0,0.0,0.0,0.0,0.0,1.932,1.374,0.0,0.0,1.932,1.932,1.932,1.374,0.0,0.0,0.0,1.374,0.0,0.0,1.932,0.0,2.288,0.0,0.0,0.0,0.0,0.0,0.0,1.374,0.0,0.0,0.0,0.0,0.0,0.0,1.374,1.374,0.0,0.0,0.0,0.0,0.0,0.0,0.0,0.0,0.0,2.288,1.374,1.374,0.0,0.0,0.0,0.0,2.757,0.0,0.0,0.0,0.0,0.0,0.0,0.0,0.0,1.374,0.0,0.0,0.0,2.288,0.0,0.0,1.932,0.0,0.0,0.0,0.0,0.0,1.374,4.353,0.0,2.929,2.288,0.0,0.0,0.0,0.0,0.0,1.374,1.374,1.374,0.0,1.374,0.0,0.0,0.0,1.932,0.0,0.0,0.0,3.317,3.511,3.935,0.0,0.0,0.0,3.203,2.55,3.317,1.932,1.932,1.932,0.0,0.0,3.418,3.076,0.0,0.0,0.0,1.932,0.0,0.0,1.374,1.374,1.374,0.0,0.0,0.0,0.0,0.0,0.0,0.0,0.0,0.0,0.0,1.932,0.0,0.0,2.757,0.0,0.0,0.0,1.932,2.929,0.0,0.0,0.0,0.0,0.0,0.0,1.932,0.0,0.0,0.0,0.0,0.0,0.0,0.0,0.0,0.0,0.0,0.0,0.0,2.757,0.0,0.0,0.0,1.374,1.932,2.288,0.0,0.0,0.0,0.0,0.0,0.0,1.374,0.0,0.0,1.374,1.374,1.374,1.932,0.0,0.0,1.932,1.374,0.0,0.0,0.0,0.0,2.55,1.374,0.0,1.374,0.0,0.0,0.0,0.0,0.0,0.0,0.0,1.374,1.374,0.0,1.374,0.0,0.0,0.0,0.0,0.0,1.374,0.0,0.0,0.0,0.0,1.932,0.0,0.0,3.673,0.0,0.0,0.0,0.0,0.0,0.0,0.0,0.0,2.288,2.288,0.0,1.374,0.0,2.55,1.374,1.374,0.0,0.0,3.418,0.0,0.0,0.0,0.0,0.0,1.374,0.0,0.0,0.0,0.0,2.55,0.0,0.0,0.0,1.374,0.0,0.0,0.0,0.0,2.757,1.932,0.0,2.55,3.317,2.288,2.55,0.0,0.0,0.0,0.0,0.0,0.0,0.0,1.374,0.0,0.0,0.0,0.0,0.0,2.757,0.0,2.757,0.0,0.0,1.374,0.0,0.0,1.374,0.0,2.288,1.374,1.374,2.288,0.0,0.0,1.374,0.0,0.0,0.0,0.0,0.0,1.374,0.0,0.0,1.374,0.0,0.0,1.374,1.374,2.55,1.374,1.374,1.374,2.288,1.374,1.374,0.0,1.374,0.0,2.288,0.0,1.932,2.288,0.0,0.0,0.0,0.0,1.932,1.374,0.0,0.0,0.0,1.374,0.0,0.0,0.0,0.0,0.0,0.0,0.0,0.0,0.0,0.0,0.0,0.0,2.757,0.0,0.0,2.288,0.0,1.374,0.0,2.288,0.0,0.0,1.374,0.0,1.932,2.288,0.0,1.374,0.0,2.929,0.0,1.374,1.374,0.0,1.374,0.0,1.374,0.0,0.0,0.0,0.0,0.0,0.0,1.374,0.0,0.0,0.0,0.0,1.374,0.0,0.0,0.0,0.0,0.0,1.932,1.374,0.0,0.0,0.0,1.932,0.0,0.0,2.757,1.374,0.0,0.0,0.0,0.0,0.0,1.374,0.0,2.757,0.0,0.0,0.0,0.0,0.0,0.0,1.374,0.0,0.0,1.932,0.0,0.0,0.0,0.0,0.0,0.0,0.0,1.932,2.288,1.932,1.374,0.0,0.0,0.0,0.0,0.0,1.374,0.0,1.374,0.0,0.0,0.0,0.0,1.374,0.0,0.0,0.0,0.0,1.374,0.0,0.0,1.374,1.374,0.0,1.374,0.0,0.0,0.0,0.0,0.0,0.0,0.0,0.0,0.0,0.0,0.0,0.0,0.0,0.0,1.374,1.932,1.374,1.374,0.0,0.0,0.0,1.374,1.374,0.0,0.0,0.0,0.0,0.0,1.374,0.0,0.0,0.0,0.0,0.0,0.0,1.932,0.0,1.374,0.0,0.0,1.374,2.288,0.0,2.288,0.0,0.0,0.0,1.374,0.0,1.932,1.374,0.0,0.0,1.932,0.0,0.0,0.0,0.0,0.0,1.932,0.0,1.374,3.418,0.0,0.0,1.374,1.932,0.0,0.0,2.288,0.0,0.0,2.288,0.0,2.288,0.0,3.418,1.374,0.0,0.0,1.374,1.932,0.0,0.0,0.0,0.0,1.374,0.0,0.0,0.0,1.374,0.0,0.0,0.0,0.0,0.0,0.0,0.0,2.929,0.0,1.374,0.0,1.932,0.0,1.374,0.0,0.0,1.374,2.288,0.0,1.932,0.0,1.374,0.0,0.0,1.374,1.374,2.288,1.932,0.0,1.932,1.374,0.0,0.0,0.0,3.203,0.0,0.0,0.0,1.374,0.0,1.374,0.0,0.0,0.0,1.932,5.364,0.0,1.374,0.0,2.288,0.0,0.0,0.0,0.0,0.0,0.0,0.0,0.0,0.0,1.374,1.932,0.0,0.0,2.288,0.0,0.0,0.0,0.0,0.0,0.0,0.0,1.374,0.0,1.932,1.374,0.0,0.0,0.0,0.0,0.0,0.0,2.55,0.0,2.757,0.0,0.0,0.0,0.0,1.932,2.288,1.932,2.55,0.0,0.0,0.0
NK-Zelle,0.0,0.0,0.0,0.0,0.0,0.0,0.0,0.0,0.0,0.0,0.0,0.0,0.0,0.0,0.0,0.0,2.891,0.0,0.0,0.0,0.0,1.659,0.0,0.0,0.0,1.659,0.0,0.0,2.252,0.0,0.0,0.0,0.0,0.0,1.659,2.252,0.0,0.0,2.622,0.0,0.0,1.659,0.0,0.0,1.659,1.659,0.0,0.0,1.659,0.0,0.0,1.659,0.0,0.0,2.252,3.103,0.0,2.891,0.0,1.659,0.0,0.0,0.0,0.0,0.0,0.0,1.659,0.0,2.252,1.659,1.659,0.0,1.659,0.0,0.0,1.659,2.252,0.0,0.0,1.659,1.659,0.0,3.427,0.0,0.0,2.252,1.659,0.0,0.0,0.0,0.0,1.659,0.0,1.659,0.0,0.0,0.0,0.0,0.0,0.0,0.0,0.0,4.503,0.0,0.0,0.0,0.0,1.659,0.0,0.0,0.0,2.252,0.0,1.659,0.0,2.252,0.0,0.0,0.0,0.0,0.0,0.0,0.0,0.0,0.0,0.0,0.0,0.0,0.0,0.0,0.0,0.0,0.0,0.0,0.0,2.252,1.659,1.659,0.0,0.0,0.0,0.0,1.659,0.0,1.659,0.0,0.0,0.0,0.0,0.0,0.0,0.0,0.0,1.659,0.0,1.659,0.0,0.0,0.0,0.0,0.0,0.0,0.0,0.0,0.0,0.0,0.0,0.0,1.659,0.0,0.0,2.252,1.659,0.0,0.0,2.891,0.0,0.0,0.0,0.0,0.0,1.659,0.0,0.0,0.0,0.0,0.0,3.427,0.0,0.0,0.0,0.0,0.0,3.427,0.0,2.252,1.659,0.0,0.0,0.0,0.0,0.0,1.659,0.0,2.891,0.0,0.0,1.659,0.0,0.0,0.0,3.103,2.622,1.659,0.0,0.0,0.0,0.0,0.0,0.0,1.659,0.0,0.0,0.0,2.622,0.0,0.0,0.0,2.252,0.0,0.0,0.0,0.0,0.0,2.252,0.0,0.0,1.659,1.659,0.0,0.0,1.659,0.0,1.659,0.0,1.659,0.0,0.0,0.0,1.659,1.659,2.252,1.659,0.0,0.0,0.0,0.0,0.0,0.0,2.622,0.0,2.252,0.0,0.0,0.0,0.0,0.0,1.659,0.0,0.0,1.659,0.0,1.659,1.659,0.0,0.0,2.252,1.659,0.0,0.0,2.622,0.0,1.659,0.0,0.0,0.0,0.0,0.0,0.0,0.0,0.0,0.0,0.0,0.0,0.0,0.0,2.252,2.252,0.0,0.0,0.0,0.0,2.252,0.0,0.0,0.0,0.0,1.659,0.0,1.659,0.0,2.252,0.0,0.0,1.659,2.252,1.659,0.0,2.252,0.0,0.0,0.0,1.659,0.0,0.0,0.0,0.0,1.659,0.0,0.0,0.0,0.0,0.0,0.0,0.0,0.0,0.0,0.0,0.0,0.0,0.0,0.0,0.0,0.0,1.659,0.0,0.0,0.0,0.0,2.252,0.0,0.0,0.0,0.0,0.0,0.0,0.0,1.659,1.659,3.103,0.0,2.622,1.659,0.0,0.0,1.659,0.0,0.0,0.0,0.0,1.659,0.0,2.891,1.659,0.0,0.0,0.0,0.0,0.0,1.659,0.0,0.0,0.0,0.0,1.659,0.0,2.252,0.0,1.659,1.659,0.0,1.659,0.0,3.278,0.0,2.252,0.0,0.0,1.659,0.0,0.0,0.0,0.0,0.0,0.0,2.252,0.0,0.0,2.622,1.659,0.0,0.0,0.0,2.622,0.0,0.0,0.0,0.0,1.659,1.659,0.0,0.0,1.659,0.0,0.0,0.0,0.0,0.0,2.252,0.0,0.0,0.0,0.0,0.0,0.0,2.891,1.659,0.0,1.659,1.659,3.103,0.0,3.103,0.0,0.0,0.0,0.0,0.0,1.659,2.252,1.659,1.659,0.0,0.0,0.0,0.0,0.0,0.0,0.0,1.659,0.0,0.0,0.0,0.0,0.0,0.0,2.252,0.0,0.0,1.659,0.0,0.0,0.0,0.0,1.659,0.0,0.0,0.0,1.659,2.252,0.0,1.659,0.0,0.0,2.252,0.0,0.0,0.0,0.0,1.659,0.0,2.891,0.0,0.0,1.659,0.0,0.0,0.0,2.252,0.0,0.0,0.0,0.0,0.0,0.0,1.659,1.659,1.659,0.0,0.0,0.0,0.0,0.0,0.0,1.659,0.0,0.0,0.0,1.659,3.103,3.278,0.0,0.0,0.0,0.0,0.0,0.0,0.0,0.0,0.0,0.0,0.0,0.0,2.891,0.0,2.252,0.0,1.659,0.0,0.0,0.0,1.659,2.622,0.0,0.0,1.659,0.0,2.622,0.0,2.252,2.252,1.659,0.0,1.659,1.659,0.0,0.0,0.0,0.0,0.0,0.0,0.0,2.252,0.0,0.0,0.0,0.0,0.0,0.0,0.0,0.0,2.252,2.622,0.0,0.0,0.0,0.0,0.0,0.0,0.0,0.0,0.0,0.0,0.0,0.0,0.0,0.0,0.0,1.659,0.0,0.0,0.0,0.0,0.0,1.659,0.0,1.659,2.252,0.0,0.0,0.0,0.0,1.659,4.404,0.0,0.0,0.0,2.252,0.0,0.0,0.0,0.0,0.0,0.0,0.0,1.659,0.0,0.0,0.0,0.0,2.622,1.659,2.252,0.0,1.659,0.0,2.252,0.0,0.0,1.659,0.0,0.0,0.0,0.0,0.0,0.0,0.0,1.659,3.278,0.0,0.0,0.0,2.622,1.659,0.0,0.0,0.0,0.0,1.659,0.0,0.0,0.0,0.0,2.252,0.0,2.891,0.0,1.659,0.0,0.0,1.659,0.0,1.659,0.0,0.0,0.0,0.0,0.0,2.622,0.0,0.0,1.659,0.0,0.0,0.0,0.0,0.0,0.0,0.0,0.0,0.0,1.659,0.0,1.659,0.0,1.659,2.252,0.0,1.659,0.0,0.0,1.659,0.0,0.0,1.659,0.0,0.0,0.0,1.659,0.0,0.0,0.0,0.0,0.0,2.252,0.0,0.0,0.0,0.0,0.0,0.0,0.0,0.0,0.0,0.0,3.278,0.0,1.659,0.0,0.0,0.0,0.0,0.0,0.0,4.235,0.0,0.0,0.0,0.0,1.659,0.0,0.0,1.659,0.0,0.0,1.659,0.0,0.0,0.0,0.0,0.0,0.0,0.0,0.0,0.0,0.0,0.0,0.0,0.0,1.659,0.0,0.0,1.659,1.659,0.0,1.659,0.0,0.0,2.891,2.252,2.252,1.659,0.0,1.659,0.0
Dendritische Zelle,0.0,0.0,1.997,2.251,0.0,0.0,0.0,0.0,1.139,1.139,0.0,0.0,0.0,0.0,0.0,0.0,0.0,0.0,0.0,1.658,0.0,1.997,0.0,0.0,0.0,1.997,0.0,1.997,2.251,0.0,0.0,1.658,0.0,1.658,0.0,0.0,0.0,0.0,1.997,0.0,2.251,1.658,1.658,0.0,1.139,0.0,0.0,1.139,1.139,1.139,0.0,3.102,0.0,0.0,3.554,3.95,0.0,1.658,0.0,0.0,0.0,0.0,1.139,0.0,1.139,3.193,2.62,0.0,3.001,0.0,0.0,0.0,0.0,0.0,0.0,0.0,0.0,0.0,0.0,1.658,1.139,0.0,0.0,0.0,1.658,0.0,1.139,0.0,0.0,0.0,0.0,1.997,0.0,0.0,2.452,0.0,0.0,0.0,1.658,0.0,1.139,0.0,0.0,0.0,0.0,0.0,1.658,0.0,0.0,1.139,0.0,1.658,2.251,0.0,1.997,0.0,0.0,0.0,0.0,0.0,0.0,1.139,0.0,0.0,0.0,0.0,1.139,1.139,1.658,0.0,0.0,0.0,1.139,0.0,0.0,0.0,0.0,0.0,0.0,2.764,0.0,0.0,0.0,1.139,1.139,0.0,0.0,1.139,0.0,0.0,0.0,0.0,1.658,0.0,0.0,0.0,0.0,0.0,1.139,0.0,0.0,1.139,0.0,0.0,0.0,0.0,0.0,0.0,0.0,0.0,0.0,0.0,0.0,0.0,0.0,0.0,0.0,0.0,0.0,1.658,1.139,0.0,0.0,0.0,0.0,0.0,1.658,0.0,1.658,0.0,0.0,1.139,0.0,0.0,0.0,1.997,1.139,0.0,1.139,1.139,1.139,0.0,1.658,0.0,1.997,0.0,0.0,0.0,0.0,5.036,1.658,1.997,1.658,2.251,1.658,0.0,0.0,1.658,1.139,1.658,1.658,0.0,1.658,0.0,1.658,0.0,0.0,1.658,1.139,0.0,0.0,2.452,2.251,0.0,2.452,1.658,4.674,3.613,4.066,3.865,3.102,3.001,3.102,1.997,3.772,4.066,0.0,1.139,1.139,0.0,0.0,0.0,1.997,0.0,1.658,1.139,1.139,1.997,0.0,0.0,0.0,0.0,0.0,0.0,0.0,0.0,0.0,0.0,2.251,1.139,0.0,0.0,1.997,1.997,0.0,0.0,1.139,0.0,0.0,0.0,2.764,0.0,0.0,0.0,0.0,0.0,0.0,0.0,0.0,0.0,0.0,0.0,0.0,1.139,0.0,1.139,0.0,2.764,1.139,1.658,0.0,0.0,1.139,0.0,0.0,0.0,0.0,1.658,1.139,1.658,0.0,0.0,0.0,0.0,0.0,1.658,1.658,1.997,0.0,0.0,0.0,2.251,0.0,1.997,1.658,0.0,0.0,0.0,0.0,1.139,1.139,0.0,1.139,0.0,0.0,0.0,0.0,0.0,0.0,1.139,0.0,1.658,0.0,0.0,0.0,1.139,0.0,0.0,0.0,0.0,0.0,0.0,0.0,0.0,1.658,0.0,0.0,2.89,1.139,1.997,0.0,1.139,0.0,1.139,1.139,1.139,1.139,0.0,0.0,0.0,0.0,1.139,0.0,0.0,0.0,0.0,1.139,0.0,0.0,4.349,0.0,0.0,0.0,0.0,0.0,0.0,1.658,0.0,2.251,2.251,0.0,2.251,0.0,2.251,3.613,1.658,0.0,1.139,0.0,0.0,1.139,1.139,1.997,0.0,1.139,1.139,1.997,0.0,1.997,0.0,0.0,2.452,1.139,0.0,1.997,0.0,0.0,0.0,2.89,1.139,0.0,2.62,0.0,0.0,1.139,1.139,0.0,0.0,0.0,0.0,0.0,0.0,0.0,0.0,0.0,0.0,0.0,0.0,1.997,0.0,0.0,0.0,3.722,0.0,0.0,0.0,1.997,0.0,1.139,0.0,0.0,2.452,1.658,0.0,0.0,1.139,0.0,0.0,1.139,0.0,0.0,0.0,0.0,2.251,0.0,0.0,0.0,0.0,0.0,0.0,0.0,1.139,0.0,0.0,1.658,0.0,0.0,1.997,0.0,3.102,0.0,1.139,0.0,1.139,0.0,0.0,1.658,4.674,0.0,2.764,0.0,1.658,0.0,1.139,0.0,1.139,1.658,0.0,1.658,1.658,0.0,0.0,0.0,0.0,0.0,2.452,0.0,0.0,0.0,0.0,0.0,0.0,0.0,1.139,1.658,1.139,1.139,0.0,0.0,0.0,0.0,3.102,0.0,0.0,2.251,2.251,1.658,0.0,1.139,1.139,1.139,1.658,1.139,2.251,1.139,0.0,0.0,1.997,0.0,0.0,1.139,1.658,0.0,1.658,1.139,0.0,0.0,1.139,0.0,0.0,0.0,1.139,1.658,1.139,0.0,0.0,0.0,0.0,0.0,0.0,0.0,0.0,0.0,0.0,0.0,0.0,1.139,0.0,0.0,1.997,1.658,1.658,0.0,0.0,0.0,0.0,1.997,0.0,0.0,1.658,0.0,0.0,0.0,0.0,1.139,1.139,1.139,0.0,0.0,0.0,1.658,0.0,1.139,0.0,3.193,0.0,1.139,1.139,0.0,0.0,0.0,1.139,0.0,0.0,0.0,0.0,0.0,0.0,0.0,0.0,1.139,0.0,1.139,0.0,1.658,1.997,1.658,1.139,1.139,0.0,1.139,0.0,2.251,0.0,0.0,0.0,1.139,0.0,1.139,0.0,0.0,0.0,0.0,0.0,0.0,0.0,1.658,1.658,0.0,0.0,0.0,4.428,0.0,0.0,2.251,0.0,0.0,0.0,1.139,0.0,0.0,1.139,0.0,2.452,1.658,0.0,1.658,0.0,0.0,1.658,0.0,0.0,0.0,0.0,0.0,0.0,0.0,0.0,1.139,0.0,0.0,0.0,0.0,0.0,1.139,1.139,1.139,1.139,0.0,1.658,1.139,1.658,0.0,1.997,0.0,0.0,2.251,3.193,0.0,1.139,0.0,1.139,2.251,0.0,1.139,0.0,2.251,1.997,1.658,0.0,1.658,1.139,0.0,0.0,2.452,0.0,0.0,0.0,0.0,0.0,1.658,0.0,0.0,0.0,2.251,3.865,0.0,0.0,0.0,1.139,0.0,0.0,1.658,1.139,1.658,0.0,0.0,0.0,0.0,0.0,1.658,0.0,0.0,1.139,0.0,1.139,1.139,0.0,1.139,1.658,1.139,1.139,0.0,0.0,1.997,0.0,1.139,0.0,1.139,0.0,0.0,2.452,1.139,2.251,0.0,1.139,1.139,0.0,0.0,1.658,1.139,1.997,0.0,0.0,0.0
T-Zelle,0.0,1.347,0.0,2.255,0.0,0.0,0.0,0.0,0.0,0.0,0.0,0.0,0.0,0.0,0.0,0.0,0.0,2.895,0.0,1.347,0.0,1.347,2.255,0.0,1.347,0.0,0.0,1.347,0.0,0.0,0.0,1.347,0.0,1.347,0.0,1.347,0.0,1.347,1.347,2.255,1.347,0.0,0.0,0.0,1.347,0.0,0.0,0.0,0.0,0.0,0.0,0.0,0.0,0.0,0.0,1.347,0.0,1.901,0.0,0.0,0.0,1.347,0.0,0.0,0.0,0.0,0.0,0.0,0.0,1.347,0.0,0.0,1.901,0.0,0.0,0.0,0.0,0.0,0.0,1.347,2.723,0.0,1.901,0.0,2.516,0.0,1.347,0.0,1.347,0.0,0.0,0.0,0.0,0.0,1.347,0.0,0.0,0.0,0.0,0.0,0.0,1.347,0.0,0.0,0.0,0.0,0.0,0.0,0.0,0.0,0.0,2.723,2.255,0.0,0.0,0.0,1.901,0.0,0.0,0.0,0.0,1.347,0.0,0.0,0.0,0.0,0.0,0.0,0.0,1.901,0.0,0.0,1.347,0.0,0.0,0.0,0.0,0.0,1.347,1.347,0.0,0.0,0.0,1.347,1.901,0.0,0.0,1.901,0.0,0.0,0.0,0.0,1.347,0.0,2.255,0.0,0.0,0.0,0.0,0.0,0.0,1.347,0.0,0.0,0.0,0.0,1.901,0.0,0.0,0.0,0.0,0.0,0.0,1.347,0.0,0.0,0.0,0.0,0.0,0.0,1.901,1.901,0.0,0.0,1.347,0.0,0.0,0.0,1.901,0.0,1.901,0.0,0.0,0.0,1.347,1.347,1.347,1.901,0.0,1.901,0.0,0.0,1.901,0.0,1.347,0.0,0.0,0.0,0.0,1.347,0.0,2.516,1.901,1.347,1.347,0.0,0.0,0.0,0.0,0.0,2.516,0.0,0.0,0.0,1.347,0.0,1.901,0.0,0.0,0.0,3.9,0.0,0.0,0.0,2.516,1.347,0.0,0.0,0.0,0.0,1.347,0.0,0.0,0.0,0.0,0.0,0.0,0.0,0.0,1.901,2.895,0.0,0.0,0.0,2.255,0.0,0.0,1.347,0.0,0.0,0.0,1.347,0.0,0.0,0.0,0.0,0.0,1.347,1.347,0.0,0.0,0.0,1.347,1.901,0.0,1.347,0.0,0.0,2.255,0.0,3.041,0.0,0.0,0.0,1.347,0.0,1.347,0.0,1.347,1.347,0.0,0.0,0.0,0.0,0.0,0.0,0.0,1.901,0.0,0.0,0.0,0.0,0.0,0.0,0.0,0.0,0.0,1.347,0.0,1.347,0.0,2.895,0.0,0.0,0.0,0.0,0.0,0.0,1.347,0.0,1.347,0.0,1.347,1.901,1.347,0.0,0.0,1.347,0.0,1.347,1.347,0.0,1.347,0.0,0.0,1.347,0.0,0.0,0.0,0.0,0.0,0.0,0.0,0.0,0.0,0.0,1.901,0.0,0.0,0.0,0.0,0.0,0.0,0.0,0.0,0.0,0.0,1.347,1.347,1.901,0.0,2.255,1.347,1.347,0.0,1.347,1.901,0.0,0.0,0.0,0.0,0.0,0.0,0.0,2.516,1.347,0.0,0.0,1.347,2.255,0.0,0.0,1.901,0.0,0.0,1.347,0.0,0.0,0.0,1.347,0.0,0.0,1.347,0.0,3.56,1.347,0.0,0.0,0.0,0.0,0.0,0.0,1.901,0.0,0.0,0.0,0.0,1.347,2.255,1.347,0.0,1.347,0.0,1.901,0.0,0.0,0.0,0.0,1.901,0.0,0.0,0.0,0.0,0.0,0.0,1.347,0.0,0.0,0.0,0.0,0.0,1.347,0.0,0.0,0.0,0.0,0.0,0.0,2.255,2.516,2.723,0.0,0.0,0.0,1.347,0.0,0.0,1.347,0.0,0.0,2.255,1.347,0.0,0.0,0.0,1.901,1.347,1.901,1.901,0.0,1.347,2.255,0.0,1.347,0.0,0.0,0.0,0.0,0.0,0.0,0.0,0.0,0.0,1.347,3.383,0.0,0.0,0.0,1.347,2.255,0.0,0.0,0.0,1.347,1.347,0.0,1.901,0.0,0.0,1.347,0.0,1.347,0.0,2.255,2.255,0.0,1.901,0.0,1.347,0.0,1.347,0.0,0.0,0.0,0.0,1.347,1.347,0.0,0.0,0.0,1.901,1.347,0.0,0.0,0.0,0.0,2.516,1.347,0.0,0.0,0.0,0.0,1.347,0.0,2.255,2.255,0.0,0.0,0.0,0.0,0.0,0.0,0.0,2.255,1.901,1.901,0.0,0.0,0.0,0.0,0.0,0.0,2.255,2.255,0.0,0.0,0.0,2.255,0.0,1.347,1.347,1.347,1.347,2.255,0.0,0.0,1.347,0.0,0.0,0.0,0.0,0.0,1.901,0.0,0.0,0.0,0.0,0.0,1.901,0.0,1.901,0.0,0.0,2.516,0.0,1.347,1.901,0.0,1.347,0.0,2.255,0.0,0.0,0.0,0.0,1.901,0.0,0.0,0.0,0.0,0.0,2.255,0.0,0.0,2.723,0.0,1.347,1.901,0.0,0.0,0.0,0.0,0.0,0.0,0.0,0.0,0.0,0.0,2.255,0.0,1.347,0.0,0.0,0.0,1.347,0.0,1.347,1.347,0.0,0.0,1.347,0.0,2.255,0.0,0.0,0.0,1.901,1.347,1.901,1.901,0.0,1.347,0.0,1.347,0.0,0.0,0.0,0.0,0.0,0.0,0.0,0.0,0.0,0.0,0.0,0.0,0.0,0.0,1.901,1.347,0.0,1.347,0.0,2.255,0.0,1.347,1.347,0.0,0.0,0.0,0.0,1.347,2.723,0.0,0.0,1.347,0.0,0.0,1.347,2.255,0.0,0.0,0.0,0.0,1.347,1.347,1.347,0.0,0.0,2.255,0.0,1.347,0.0,0.0,0.0,0.0,1.347,1.901,1.347,0.0,0.0,1.901,0.0,0.0,1.901,0.0,1.347,0.0,0.0,0.0,1.347,1.901,0.0,1.901,0.0,0.0,0.0,0.0,0.0,0.0,0.0,0.0,0.0,1.901,0.0,2.516,0.0,3.041,0.0,3.281,0.0,0.0,0.0,0.0,1.347,0.0,0.0,0.0,0.0,0.0,0.0,0.0,1.347,0.0,0.0,0.0,0.0,0.0,0.0,0.0,1.347,0.0,0.0,0.0,2.516,0.0,0.0,2.723,0.0,1.901,0.0,0.0,0.0,1.901,0.0,1.347,1.901,0.0,1.901,2.255,0.0,0.0,0.0,1.901,0.0
Dendritische Zelle,0.0,0.0,0.0,1.721,0.0,1.192,0.0,0.0,0.0,1.721,0.0,0.0,0.0,0.0,1.192,0.0,0.0,2.32,0.0,1.192,0.0,1.721,0.0,1.192,0.0,2.065,0.0,1.192,0.0,1.192,0.0,1.721,0.0,1.192,0.0,0.0,0.0,0.0,1.721,0.0,1.192,1.192,0.0,0.0,2.524,0.0,0.0,1.721,1.192,2.065,0.0,2.065,0.0,0.0,2.32,3.075,0.0,1.721,0.0,0.0,0.0,0.0,1.721,0.0,2.065,2.524,1.192,0.0,2.692,1.192,0.0,0.0,0.0,0.0,0.0,0.0,0.0,1.721,0.0,1.192,1.192,0.0,0.0,1.192,1.192,1.192,0.0,0.0,0.0,0.0,1.192,2.32,1.192,0.0,2.065,0.0,0.0,0.0,2.32,1.192,1.192,1.192,0.0,0.0,0.0,0.0,1.192,0.0,0.0,0.0,0.0,0.0,1.192,1.192,0.0,0.0,0.0,0.0,0.0,1.192,0.0,1.192,0.0,0.0,0.0,0.0,0.0,0.0,0.0,0.0,0.0,0.0,0.0,0.0,0.0,1.192,1.192,1.721,1.721,3.351,0.0,0.0,0.0,1.721,2.065,1.192,0.0,1.192,0.0,0.0,0.0,0.0,0.0,0.0,0.0,0.0,0.0,0.0,0.0,0.0,0.0,0.0,1.192,0.0,1.192,0.0,0.0,0.0,0.0,1.721,0.0,0.0,0.0,0.0,0.0,0.0,0.0,1.721,0.0,1.192,2.524,0.0,0.0,0.0,0.0,0.0,2.524,0.0,1.192,0.0,1.192,0.0,0.0,0.0,1.192,1.192,1.721,0.0,1.192,1.192,0.0,0.0,0.0,1.192,2.065,0.0,0.0,0.0,2.32,5.255,0.0,2.524,0.0,2.692,0.0,0.0,0.0,0.0,1.192,0.0,1.192,0.0,2.692,0.0,1.192,0.0,0.0,0.0,0.0,1.192,0.0,2.32,2.692,0.0,2.32,1.721,5.085,3.941,4.809,3.985,3.351,3.176,2.837,2.524,4.731,4.602,0.0,0.0,0.0,1.192,0.0,0.0,0.0,0.0,1.192,0.0,0.0,0.0,0.0,1.192,2.32,1.192,0.0,0.0,1.192,0.0,0.0,0.0,2.32,0.0,0.0,0.0,2.32,1.192,2.065,0.0,0.0,1.721,0.0,1.192,2.692,1.192,0.0,0.0,0.0,0.0,0.0,2.065,1.721,1.192,0.0,0.0,0.0,0.0,1.192,1.721,0.0,2.065,0.0,0.0,0.0,0.0,0.0,0.0,0.0,0.0,0.0,0.0,0.0,0.0,0.0,1.721,0.0,0.0,0.0,1.721,2.524,2.692,0.0,0.0,0.0,1.192,0.0,1.192,0.0,0.0,0.0,1.192,0.0,0.0,1.192,0.0,2.692,0.0,0.0,0.0,0.0,0.0,0.0,0.0,0.0,0.0,1.192,0.0,0.0,1.192,0.0,0.0,0.0,2.524,0.0,1.192,0.0,0.0,0.0,1.192,0.0,1.721,1.192,0.0,0.0,0.0,0.0,1.192,0.0,0.0,0.0,0.0,0.0,0.0,0.0,0.0,0.0,0.0,0.0,0.0,0.0,0.0,0.0,3.63,0.0,0.0,1.721,0.0,0.0,0.0,0.0,0.0,1.192,1.192,0.0,0.0,1.721,0.0,2.692,0.0,0.0,0.0,0.0,0.0,0.0,0.0,1.192,0.0,0.0,0.0,0.0,1.192,1.721,0.0,2.32,2.065,0.0,1.192,0.0,0.0,0.0,0.0,2.32,1.721,0.0,2.32,0.0,1.721,0.0,0.0,0.0,1.192,0.0,1.721,2.065,0.0,0.0,1.192,0.0,0.0,1.192,0.0,2.065,0.0,0.0,1.721,2.837,0.0,0.0,0.0,2.065,0.0,0.0,0.0,0.0,0.0,0.0,0.0,1.192,2.524,0.0,0.0,0.0,1.721,0.0,0.0,1.192,1.192,0.0,0.0,0.0,0.0,0.0,0.0,0.0,0.0,0.0,0.0,2.32,0.0,0.0,0.0,1.721,2.32,0.0,1.721,0.0,1.721,2.524,0.0,1.721,4.067,0.0,1.192,0.0,2.065,0.0,1.192,0.0,0.0,2.524,0.0,0.0,0.0,0.0,0.0,0.0,0.0,0.0,1.192,0.0,0.0,0.0,0.0,0.0,0.0,0.0,1.192,1.192,0.0,2.32,0.0,0.0,0.0,0.0,2.065,0.0,0.0,1.721,1.192,0.0,0.0,1.192,1.721,1.192,2.837,0.0,2.524,0.0,0.0,0.0,1.721,0.0,0.0,0.0,0.0,0.0,1.721,0.0,0.0,0.0,2.065,0.0,0.0,0.0,1.192,1.192,1.721,0.0,1.721,0.0,0.0,2.524,0.0,0.0,0.0,1.192,0.0,0.0,0.0,1.721,0.0,0.0,1.192,1.192,1.192,1.192,0.0,1.192,1.721,0.0,0.0,0.0,1.192,0.0,0.0,0.0,0.0,1.192,2.32,1.192,1.721,0.0,0.0,1.721,0.0,1.192,0.0,2.692,0.0,0.0,0.0,0.0,0.0,1.192,0.0,1.192,0.0,0.0,0.0,0.0,1.721,0.0,1.192,0.0,0.0,0.0,1.192,1.721,1.721,1.721,0.0,0.0,0.0,2.065,1.721,1.721,0.0,0.0,0.0,1.192,0.0,1.192,0.0,0.0,0.0,0.0,1.192,0.0,0.0,0.0,0.0,1.192,0.0,0.0,4.69,0.0,0.0,0.0,1.721,1.721,0.0,1.192,0.0,1.192,1.721,0.0,1.721,0.0,1.192,2.32,0.0,0.0,0.0,0.0,0.0,1.192,0.0,0.0,1.192,1.192,0.0,0.0,0.0,0.0,0.0,0.0,0.0,1.192,0.0,1.192,0.0,1.721,2.065,0.0,1.721,0.0,0.0,0.0,0.0,2.32,2.524,0.0,1.721,0.0,0.0,0.0,0.0,0.0,1.192,1.721,3.267,0.0,0.0,2.065,0.0,0.0,1.192,2.963,0.0,1.192,0.0,0.0,0.0,1.192,0.0,1.192,0.0,1.192,3.896,1.192,2.692,0.0,1.192,0.0,0.0,1.192,1.192,0.0,0.0,0.0,0.0,0.0,0.0,0.0,0.0,0.0,1.721,0.0,0.0,0.0,0.0,1.721,0.0,1.192,1.192,0.0,0.0,1.721,0.0,1.721,2.524,0.0,1.192,0.0,2.065,1.721,0.0,0.0,1.192,0.0,0.0,1.721,2.32,0.0,2.32,0.0,0.0,0.0
Dendritische Zelle,0.0,1.353,0.0,2.523,0.0,0.0,0.0,0.0,0.0,0.0,0.0,1.353,0.0,0.0,0.0,0.0,0.0,2.523,2.523,2.73,0.0,0.0,0.0,0.0,1.353,0.0,0.0,0.0,1.907,0.0,0.0,0.0,0.0,0.0,0.0,1.907,0.0,0.0,1.353,0.0,2.262,0.0,0.0,0.0,0.0,0.0,0.0,0.0,0.0,1.353,0.0,1.907,2.262,0.0,2.902,3.567,0.0,0.0,0.0,1.353,0.0,0.0,0.0,0.0,1.353,3.289,2.902,0.0,1.353,1.353,0.0,0.0,0.0,0.0,0.0,0.0,0.0,1.907,0.0,0.0,0.0,0.0,0.0,0.0,0.0,1.353,0.0,0.0,1.353,0.0,0.0,0.0,0.0,0.0,2.523,1.353,0.0,0.0,0.0,0.0,2.73,0.0,0.0,0.0,0.0,0.0,1.353,0.0,0.0,0.0,1.353,1.907,1.353,1.353,1.353,0.0,0.0,0.0,0.0,1.353,0.0,0.0,0.0,0.0,0.0,0.0,0.0,0.0,0.0,2.262,0.0,0.0,0.0,0.0,0.0,0.0,0.0,0.0,1.353,0.0,0.0,1.353,1.907,1.353,2.262,0.0,0.0,0.0,0.0,0.0,0.0,0.0,1.907,0.0,0.0,1.353,0.0,0.0,0.0,0.0,1.353,0.0,0.0,0.0,1.353,0.0,0.0,0.0,0.0,0.0,0.0,0.0,0.0,0.0,0.0,0.0,0.0,0.0,0.0,1.353,0.0,0.0,0.0,0.0,0.0,0.0,1.907,1.353,0.0,0.0,1.353,0.0,0.0,0.0,1.353,1.907,1.353,0.0,0.0,1.353,0.0,0.0,0.0,0.0,2.523,0.0,0.0,0.0,0.0,4.973,0.0,1.353,0.0,0.0,0.0,0.0,0.0,0.0,0.0,0.0,1.353,0.0,0.0,0.0,1.353,0.0,0.0,0.0,0.0,0.0,1.353,2.523,2.262,1.353,3.289,0.0,4.751,4.067,4.619,3.848,3.048,3.645,2.523,1.353,3.717,4.398,0.0,0.0,1.907,1.907,1.907,1.353,1.353,0.0,0.0,0.0,0.0,0.0,0.0,1.353,1.353,0.0,0.0,0.0,0.0,0.0,0.0,1.353,2.262,0.0,0.0,0.0,1.353,0.0,2.902,0.0,1.907,0.0,1.353,0.0,2.902,0.0,0.0,0.0,1.353,0.0,0.0,1.353,0.0,0.0,0.0,0.0,0.0,0.0,0.0,1.353,0.0,2.262,1.353,0.0,0.0,0.0,0.0,0.0,0.0,0.0,0.0,1.353,0.0,1.353,1.353,1.353,0.0,0.0,0.0,1.353,1.353,1.353,1.353,0.0,0.0,0.0,0.0,1.907,1.353,1.907,0.0,1.353,0.0,2.262,0.0,0.0,2.262,0.0,0.0,0.0,0.0,0.0,0.0,0.0,0.0,0.0,0.0,0.0,0.0,1.907,0.0,1.907,0.0,0.0,0.0,0.0,0.0,0.0,0.0,0.0,0.0,0.0,0.0,1.353,0.0,0.0,0.0,1.907,0.0,1.353,1.353,0.0,2.262,0.0,1.353,0.0,1.907,0.0,1.353,0.0,1.353,0.0,0.0,3.39,0.0,0.0,0.0,0.0,0.0,0.0,1.353,0.0,2.902,0.0,0.0,2.262,1.907,0.0,3.848,0.0,0.0,0.0,0.0,1.907,0.0,0.0,1.907,0.0,0.0,1.353,0.0,0.0,1.353,0.0,0.0,2.73,0.0,2.262,0.0,0.0,0.0,0.0,1.907,1.353,0.0,1.907,0.0,0.0,1.353,0.0,0.0,0.0,0.0,0.0,1.353,0.0,0.0,1.353,1.353,0.0,0.0,1.353,0.0,0.0,0.0,0.0,1.907,0.0,1.907,1.353,1.907,1.353,1.353,0.0,0.0,2.262,0.0,0.0,0.0,2.523,0.0,0.0,0.0,0.0,0.0,0.0,0.0,0.0,0.0,1.353,0.0,0.0,0.0,0.0,0.0,0.0,1.353,0.0,0.0,0.0,0.0,0.0,0.0,1.907,0.0,0.0,0.0,1.353,2.523,0.0,0.0,5.085,0.0,1.353,0.0,2.73,0.0,0.0,0.0,0.0,1.907,0.0,1.907,0.0,0.0,0.0,0.0,0.0,0.0,1.907,1.353,0.0,0.0,0.0,0.0,0.0,0.0,1.353,0.0,1.353,2.262,0.0,1.353,0.0,0.0,1.907,0.0,0.0,2.523,1.353,2.523,0.0,0.0,0.0,1.353,2.902,0.0,0.0,1.353,0.0,0.0,1.353,0.0,0.0,0.0,0.0,1.353,1.907,0.0,0.0,0.0,0.0,0.0,0.0,0.0,1.353,1.353,2.262,0.0,0.0,0.0,0.0,1.907,0.0,0.0,0.0,0.0,0.0,0.0,0.0,1.353,0.0,1.353,0.0,2.262,0.0,0.0,0.0,0.0,0.0,1.907,0.0,0.0,0.0,0.0,0.0,0.0,0.0,1.353,1.907,0.0,0.0,0.0,1.353,1.353,0.0,1.353,0.0,1.353,1.353,1.907,1.353,0.0,0.0,0.0,0.0,0.0,0.0,0.0,1.353,0.0,0.0,0.0,0.0,0.0,0.0,0.0,0.0,2.262,0.0,1.907,0.0,0.0,0.0,0.0,0.0,1.907,0.0,0.0,0.0,0.0,0.0,0.0,1.353,0.0,0.0,0.0,0.0,0.0,0.0,0.0,1.353,0.0,0.0,0.0,4.246,0.0,0.0,0.0,0.0,1.353,0.0,0.0,0.0,0.0,0.0,0.0,0.0,0.0,2.262,0.0,0.0,0.0,0.0,0.0,1.353,1.907,1.353,0.0,0.0,0.0,0.0,1.353,0.0,0.0,0.0,0.0,0.0,0.0,0.0,1.353,1.353,0.0,1.907,0.0,0.0,0.0,0.0,1.353,0.0,1.907,3.289,0.0,0.0,0.0,0.0,1.907,0.0,1.353,1.353,0.0,1.907,1.353,1.907,1.353,1.907,0.0,1.353,2.523,0.0,1.907,0.0,1.353,0.0,0.0,1.353,0.0,1.353,2.523,3.907,0.0,2.262,0.0,0.0,0.0,0.0,0.0,1.353,0.0,0.0,0.0,0.0,0.0,0.0,1.907,0.0,0.0,1.353,0.0,0.0,0.0,0.0,0.0,0.0,0.0,0.0,0.0,0.0,1.353,0.0,0.0,1.907,0.0,0.0,0.0,2.902,0.0,1.353,0.0,0.0,0.0,0.0,0.0,1.353,1.353,2.523,0.0,1.907,0.0
B-Zelle,0.0,0.0,0.0,2.386,0.0,0.0,0.0,0.0,0.0,0.0,1.243,0.0,0.0,0.0,0.0,1.243,0.0,2.76,1.243,0.0,0.0,0.0,0.0,0.0,0.0,1.243,0.0,0.0,0.0,1.243,0.0,1.781,0.0,0.0,1.781,1.781,0.0,0.0,2.128,0.0,0.0,0.0,0.0,0.0,0.0,0.0,0.0,0.0,0.0,2.128,0.0,2.59,0.0,0.0,2.386,3.032,0.0,2.59,1.243,1.243,1.781,1.243,0.0,0.0,0.0,0.0,3.421,0.0,0.0,0.0,0.0,0.0,0.0,0.0,1.243,0.0,0.0,0.0,0.0,0.0,1.243,0.0,2.128,0.0,0.0,0.0,0.0,0.0,0.0,0.0,0.0,1.243,1.243,0.0,1.781,0.0,1.243,0.0,0.0,0.0,2.59,0.0,0.0,0.0,0.0,0.0,0.0,0.0,1.243,0.0,0.0,0.0,1.243,0.0,0.0,0.0,0.0,0.0,0.0,1.243,0.0,0.0,0.0,0.0,0.0,1.243,1.243,0.0,0.0,0.0,1.243,0.0,0.0,0.0,0.0,2.128,1.243,0.0,0.0,1.781,1.781,0.0,0.0,1.781,2.128,0.0,0.0,0.0,0.0,1.243,0.0,0.0,1.243,0.0,0.0,0.0,0.0,0.0,0.0,1.243,1.781,1.243,2.128,0.0,1.781,0.0,0.0,0.0,0.0,0.0,0.0,0.0,0.0,1.781,2.386,0.0,0.0,0.0,1.781,1.781,0.0,2.386,0.0,1.781,1.243,0.0,1.243,0.0,2.59,1.243,0.0,0.0,0.0,0.0,1.243,2.76,0.0,0.0,0.0,1.243,1.781,1.243,0.0,1.243,0.0,0.0,0.0,1.243,1.243,4.843,0.0,2.128,1.243,1.781,1.243,0.0,0.0,1.243,0.0,0.0,1.243,1.243,1.243,0.0,0.0,0.0,0.0,0.0,0.0,0.0,4.412,0.0,0.0,0.0,2.905,2.128,4.284,3.638,4.098,3.337,2.128,2.76,2.386,1.781,3.337,4.098,0.0,1.243,0.0,0.0,0.0,1.243,0.0,0.0,0.0,0.0,0.0,0.0,0.0,0.0,0.0,0.0,0.0,0.0,0.0,0.0,0.0,0.0,2.386,0.0,0.0,0.0,2.128,1.781,0.0,0.0,1.781,0.0,0.0,0.0,3.144,1.243,0.0,1.243,0.0,0.0,1.243,1.781,0.0,1.243,0.0,0.0,0.0,0.0,0.0,1.243,0.0,1.781,0.0,1.243,0.0,0.0,2.905,0.0,0.0,1.243,0.0,1.243,0.0,1.781,0.0,0.0,0.0,0.0,0.0,1.243,0.0,0.0,0.0,0.0,1.243,1.781,0.0,1.781,1.243,0.0,0.0,0.0,0.0,1.243,0.0,0.0,2.59,0.0,1.243,0.0,1.781,0.0,0.0,0.0,0.0,0.0,0.0,1.243,1.243,1.243,2.128,2.59,0.0,0.0,1.781,0.0,0.0,2.128,0.0,0.0,0.0,0.0,0.0,1.243,0.0,0.0,0.0,1.243,0.0,2.128,0.0,0.0,0.0,0.0,1.243,1.243,0.0,0.0,1.781,0.0,1.243,0.0,0.0,2.59,0.0,0.0,0.0,0.0,0.0,0.0,0.0,0.0,1.243,1.243,0.0,0.0,1.243,1.781,3.499,0.0,1.243,1.781,0.0,1.243,1.243,0.0,0.0,0.0,0.0,0.0,0.0,0.0,1.243,0.0,0.0,0.0,0.0,2.128,0.0,0.0,0.0,0.0,0.0,0.0,0.0,1.243,0.0,0.0,0.0,1.781,2.128,1.781,1.243,0.0,0.0,0.0,1.243,0.0,1.243,0.0,0.0,0.0,1.781,1.243,3.032,1.243,1.781,0.0,0.0,0.0,1.243,0.0,0.0,0.0,0.0,1.243,0.0,0.0,0.0,0.0,0.0,0.0,0.0,0.0,0.0,1.243,1.243,0.0,0.0,0.0,0.0,0.0,0.0,0.0,0.0,1.243,0.0,0.0,2.386,0.0,0.0,0.0,0.0,1.781,0.0,0.0,0.0,0.0,0.0,0.0,1.781,0.0,0.0,1.781,0.0,2.386,1.243,0.0,0.0,0.0,1.781,0.0,1.243,0.0,0.0,0.0,0.0,0.0,0.0,0.0,0.0,1.243,0.0,0.0,0.0,0.0,0.0,0.0,0.0,0.0,2.128,1.243,0.0,0.0,0.0,0.0,0.0,0.0,2.128,1.781,1.781,0.0,1.243,0.0,0.0,0.0,0.0,1.781,0.0,0.0,0.0,2.59,1.243,0.0,0.0,1.243,0.0,1.781,0.0,0.0,1.781,0.0,0.0,1.243,1.781,1.243,1.781,2.128,0.0,0.0,0.0,1.781,0.0,1.781,1.781,0.0,0.0,0.0,0.0,1.243,0.0,0.0,0.0,1.781,2.386,0.0,1.243,0.0,0.0,0.0,0.0,0.0,0.0,1.243,0.0,0.0,1.243,0.0,1.243,1.781,1.781,0.0,0.0,0.0,1.243,1.243,0.0,0.0,2.128,0.0,2.128,1.781,2.128,0.0,0.0,0.0,0.0,1.243,0.0,0.0,1.781,0.0,0.0,0.0,1.243,0.0,0.0,0.0,0.0,1.243,0.0,0.0,1.243,2.905,2.59,0.0,0.0,0.0,0.0,0.0,0.0,0.0,0.0,0.0,0.0,1.243,0.0,1.243,0.0,0.0,0.0,1.243,0.0,0.0,0.0,0.0,0.0,0.0,0.0,1.243,0.0,0.0,0.0,0.0,0.0,1.781,1.781,0.0,1.243,2.59,1.781,0.0,0.0,0.0,1.781,0.0,1.781,1.243,0.0,1.781,1.243,0.0,0.0,1.781,0.0,0.0,0.0,0.0,1.243,0.0,1.781,0.0,0.0,1.243,0.0,1.243,0.0,0.0,0.0,0.0,1.243,1.781,1.781,0.0,1.243,1.243,0.0,0.0,1.243,1.243,0.0,0.0,0.0,0.0,1.781,1.243,0.0,0.0,0.0,0.0,1.243,2.128,0.0,3.638,0.0,0.0,0.0,0.0,2.128,3.499,0.0,3.032,0.0,0.0,0.0,2.386,0.0,0.0,0.0,0.0,0.0,0.0,0.0,0.0,0.0,1.781,1.243,0.0,0.0,0.0,2.386,0.0,2.128,2.905,1.781,1.243,0.0,1.781,1.781,0.0,0.0,2.128,1.781,1.243,0.0,0.0,1.243,1.243,0.0,2.128,0.0,1.781,1.243,0.0,0.0,1.243,0.0,0.0,0.0
B-Zelle,0.0,0.0,1.383,1.383,0.0,1.383,0.0,0.0,0.0,0.0,0.0,0.0,0.0,0.0,0.0,0.0,0.0,3.685,0.0,2.299,0.0,1.942,0.0,0.0,1.383,1.383,1.383,2.299,0.0,0.0,0.0,1.942,0.0,0.0,0.0,1.942,0.0,0.0,0.0,0.0,1.942,0.0,0.0,0.0,0.0,0.0,0.0,0.0,0.0,1.383,0.0,0.0,0.0,0.0,2.299,1.942,0.0,1.383,1.383,0.0,1.383,0.0,0.0,0.0,0.0,0.0,2.561,0.0,0.0,0.0,0.0,1.383,0.0,0.0,0.0,0.0,0.0,1.383,0.0,0.0,1.383,1.383,0.0,0.0,0.0,0.0,0.0,1.383,0.0,0.0,0.0,0.0,0.0,0.0,2.299,0.0,0.0,0.0,1.942,0.0,2.299,0.0,0.0,0.0,0.0,0.0,2.768,0.0,0.0,0.0,0.0,2.299,1.383,1.383,0.0,0.0,0.0,0.0,0.0,0.0,0.0,1.383,0.0,1.383,0.0,1.383,0.0,1.942,0.0,0.0,0.0,0.0,0.0,0.0,0.0,0.0,0.0,0.0,1.942,2.94,0.0,0.0,0.0,1.383,1.383,0.0,0.0,0.0,0.0,0.0,0.0,0.0,1.383,0.0,1.383,0.0,0.0,0.0,0.0,0.0,1.383,0.0,1.383,0.0,1.383,0.0,0.0,0.0,1.383,0.0,0.0,0.0,0.0,0.0,0.0,0.0,0.0,0.0,0.0,0.0,2.299,3.087,1.383,1.383,0.0,0.0,1.383,0.0,0.0,0.0,0.0,0.0,0.0,0.0,0.0,2.768,1.942,0.0,1.383,1.942,1.942,1.383,0.0,0.0,2.299,0.0,2.768,0.0,0.0,4.741,0.0,2.561,2.299,1.942,0.0,0.0,0.0,1.942,0.0,0.0,1.383,0.0,1.383,0.0,0.0,0.0,0.0,0.0,0.0,0.0,3.757,0.0,0.0,1.942,2.768,1.942,4.539,2.768,3.328,2.561,1.383,1.383,1.383,2.561,3.685,3.888,0.0,1.383,0.0,1.942,0.0,1.383,1.383,1.942,1.383,0.0,1.383,0.0,0.0,0.0,0.0,0.0,0.0,0.0,0.0,0.0,0.0,0.0,2.561,1.383,0.0,1.383,0.0,1.383,0.0,0.0,1.383,0.0,0.0,0.0,2.768,1.383,0.0,1.383,0.0,0.0,0.0,0.0,1.383,1.383,0.0,0.0,0.0,0.0,0.0,0.0,0.0,2.299,0.0,1.942,0.0,0.0,0.0,0.0,0.0,0.0,0.0,1.383,0.0,2.299,0.0,0.0,0.0,0.0,0.0,1.383,0.0,0.0,0.0,0.0,1.383,1.383,1.942,0.0,1.942,1.383,0.0,0.0,0.0,0.0,1.383,0.0,2.299,0.0,0.0,0.0,0.0,0.0,0.0,0.0,0.0,0.0,0.0,0.0,0.0,0.0,0.0,0.0,0.0,2.768,0.0,0.0,1.383,0.0,0.0,1.383,0.0,0.0,1.383,2.299,0.0,0.0,1.383,1.383,0.0,0.0,0.0,0.0,0.0,0.0,1.942,1.383,0.0,0.0,1.383,0.0,1.383,0.0,0.0,2.768,0.0,0.0,0.0,1.942,0.0,0.0,0.0,0.0,1.942,0.0,0.0,0.0,0.0,1.383,1.942,0.0,0.0,0.0,1.383,0.0,1.942,0.0,0.0,0.0,0.0,0.0,0.0,0.0,1.383,0.0,0.0,0.0,1.383,0.0,0.0,0.0,1.383,0.0,1.383,1.383,0.0,1.942,0.0,1.942,0.0,1.383,3.43,0.0,0.0,0.0,0.0,0.0,0.0,0.0,0.0,0.0,0.0,0.0,1.383,1.383,2.768,0.0,1.383,0.0,0.0,1.383,0.0,0.0,0.0,0.0,1.383,1.383,0.0,1.383,0.0,0.0,0.0,0.0,0.0,0.0,0.0,0.0,1.383,0.0,0.0,0.0,0.0,0.0,0.0,0.0,0.0,0.0,0.0,0.0,1.942,0.0,0.0,0.0,0.0,1.383,0.0,0.0,0.0,0.0,0.0,0.0,1.383,0.0,0.0,1.383,0.0,1.383,1.383,0.0,0.0,0.0,2.299,1.383,0.0,0.0,1.383,0.0,0.0,0.0,0.0,0.0,0.0,0.0,0.0,0.0,0.0,0.0,1.383,0.0,2.561,1.383,3.087,2.299,0.0,0.0,0.0,0.0,0.0,0.0,1.383,0.0,0.0,0.0,1.942,1.383,1.383,1.942,0.0,1.942,1.383,1.383,0.0,1.942,1.383,0.0,0.0,0.0,1.383,3.087,0.0,1.383,0.0,0.0,0.0,0.0,1.383,1.383,0.0,1.383,0.0,0.0,0.0,0.0,1.942,0.0,2.299,0.0,0.0,0.0,0.0,0.0,0.0,0.0,0.0,1.942,1.383,0.0,0.0,0.0,0.0,1.383,0.0,0.0,0.0,1.383,1.383,0.0,0.0,1.383,0.0,1.942,1.383,0.0,0.0,0.0,2.768,0.0,0.0,1.383,1.942,1.942,0.0,1.383,0.0,0.0,0.0,0.0,0.0,0.0,0.0,1.383,0.0,1.383,0.0,0.0,0.0,0.0,0.0,1.942,0.0,1.383,1.383,0.0,1.383,2.768,1.942,0.0,2.299,0.0,0.0,0.0,1.383,0.0,0.0,0.0,0.0,0.0,0.0,0.0,0.0,0.0,0.0,0.0,0.0,0.0,0.0,0.0,0.0,0.0,0.0,1.942,1.383,0.0,1.383,1.942,0.0,1.383,1.383,0.0,0.0,1.942,1.942,0.0,0.0,0.0,0.0,0.0,1.942,1.383,0.0,0.0,0.0,0.0,1.383,0.0,0.0,0.0,0.0,1.383,1.942,1.383,1.383,0.0,0.0,2.561,0.0,0.0,0.0,0.0,0.0,0.0,0.0,2.561,0.0,0.0,2.299,1.942,0.0,0.0,0.0,1.383,0.0,0.0,0.0,0.0,2.299,1.942,0.0,0.0,0.0,1.942,0.0,1.383,0.0,3.215,0.0,0.0,0.0,0.0,0.0,3.43,0.0,2.768,0.0,0.0,0.0,1.383,0.0,0.0,0.0,0.0,0.0,0.0,0.0,1.383,0.0,1.942,0.0,1.383,0.0,0.0,2.561,0.0,0.0,2.299,1.383,0.0,0.0,0.0,0.0,0.0,0.0,1.942,0.0,0.0,0.0,0.0,0.0,0.0,0.0,2.299,1.383,0.0,1.383,1.383,0.0,1.383,0.0,1.383,0.0
Monozyt,0.0,0.0,0.0,1.402,0.0,0.0,1.402,0.0,0.0,1.964,0.0,0.0,1.402,0.0,0.0,0.0,0.0,1.964,0.0,0.0,0.0,0.0,0.0,0.0,0.0,0.0,1.402,0.0,1.402,0.0,0.0,1.964,0.0,1.402,1.402,0.0,0.0,0.0,1.402,0.0,1.402,1.402,1.402,0.0,0.0,0.0,0.0,0.0,0.0,3.352,1.402,1.402,0.0,1.402,3.239,4.311,0.0,1.402,0.0,1.402,0.0,0.0,0.0,0.0,1.402,0.0,1.402,0.0,3.709,0.0,2.584,0.0,0.0,0.0,0.0,0.0,0.0,0.0,0.0,0.0,1.402,0.0,0.0,0.0,0.0,0.0,0.0,0.0,1.402,0.0,0.0,0.0,0.0,0.0,0.0,0.0,1.402,0.0,0.0,0.0,0.0,0.0,0.0,0.0,0.0,1.402,0.0,0.0,0.0,0.0,0.0,0.0,0.0,0.0,0.0,2.321,1.402,0.0,0.0,1.402,0.0,1.402,0.0,0.0,0.0,0.0,0.0,0.0,0.0,0.0,0.0,0.0,0.0,1.402,0.0,1.402,0.0,0.0,0.0,1.964,0.0,2.321,0.0,2.584,1.964,0.0,0.0,0.0,0.0,0.0,0.0,0.0,0.0,0.0,0.0,0.0,0.0,0.0,0.0,0.0,1.402,1.402,0.0,0.0,0.0,0.0,0.0,0.0,1.402,0.0,1.402,0.0,0.0,0.0,0.0,0.0,0.0,0.0,0.0,0.0,0.0,0.0,1.402,0.0,0.0,1.964,2.321,0.0,0.0,1.402,2.584,0.0,0.0,0.0,1.402,0.0,2.321,0.0,0.0,1.402,0.0,0.0,1.402,0.0,1.402,0.0,0.0,1.402,1.402,4.028,0.0,1.964,1.402,1.964,1.964,0.0,0.0,0.0,1.402,1.964,0.0,1.964,1.402,0.0,1.402,0.0,0.0,0.0,0.0,0.0,2.792,4.427,4.311,0.0,3.111,0.0,3.454,2.792,3.546,2.792,0.0,1.402,0.0,0.0,2.964,2.964,0.0,1.402,0.0,1.402,1.402,0.0,1.402,0.0,1.964,0.0,0.0,0.0,0.0,0.0,0.0,1.402,0.0,0.0,0.0,1.402,1.402,0.0,1.964,1.402,0.0,0.0,1.964,1.964,0.0,0.0,1.402,0.0,2.321,0.0,0.0,0.0,0.0,0.0,0.0,0.0,0.0,0.0,0.0,0.0,0.0,0.0,0.0,1.964,0.0,1.964,0.0,2.584,0.0,0.0,0.0,0.0,1.402,0.0,0.0,0.0,0.0,0.0,0.0,1.402,1.402,1.402,2.792,0.0,0.0,1.964,2.321,1.964,2.321,0.0,1.402,0.0,0.0,0.0,0.0,2.321,0.0,0.0,0.0,1.964,1.964,0.0,1.964,0.0,0.0,0.0,0.0,0.0,0.0,0.0,0.0,0.0,0.0,0.0,0.0,0.0,0.0,1.402,0.0,2.792,0.0,0.0,0.0,0.0,0.0,0.0,0.0,1.402,0.0,0.0,0.0,0.0,0.0,2.321,0.0,1.402,0.0,0.0,3.709,0.0,1.402,0.0,0.0,0.0,1.402,0.0,0.0,0.0,0.0,2.792,0.0,0.0,0.0,1.402,1.402,2.321,1.402,1.964,2.584,0.0,0.0,1.402,2.792,1.402,3.239,0.0,1.402,0.0,1.402,0.0,0.0,0.0,0.0,0.0,0.0,0.0,0.0,0.0,3.239,1.964,2.321,1.402,0.0,1.402,2.584,0.0,0.0,0.0,0.0,0.0,0.0,2.584,1.402,0.0,0.0,0.0,0.0,0.0,0.0,0.0,0.0,0.0,0.0,1.402,0.0,0.0,1.402,1.402,0.0,1.964,1.402,0.0,3.352,1.402,0.0,0.0,0.0,0.0,0.0,0.0,0.0,0.0,0.0,0.0,0.0,0.0,1.964,1.402,0.0,0.0,0.0,0.0,0.0,0.0,0.0,0.0,0.0,0.0,0.0,0.0,0.0,0.0,0.0,0.0,0.0,0.0,0.0,1.402,0.0,0.0,0.0,0.0,0.0,1.402,1.964,0.0,1.402,1.964,0.0,2.584,0.0,1.402,1.964,0.0,0.0,0.0,1.402,0.0,1.964,0.0,1.402,0.0,0.0,0.0,1.402,0.0,0.0,0.0,1.402,0.0,1.402,0.0,1.402,0.0,0.0,0.0,2.792,1.402,1.402,0.0,0.0,1.402,1.402,0.0,2.584,0.0,1.402,0.0,0.0,0.0,1.402,2.321,1.402,1.964,0.0,0.0,1.402,1.964,0.0,0.0,1.402,0.0,1.402,1.964,0.0,0.0,0.0,1.402,0.0,0.0,1.402,0.0,0.0,1.964,0.0,1.402,0.0,0.0,0.0,0.0,0.0,0.0,1.402,0.0,0.0,0.0,0.0,0.0,0.0,1.402,0.0,0.0,1.964,1.402,0.0,1.402,1.402,0.0,0.0,0.0,0.0,0.0,0.0,1.402,1.402,1.402,0.0,0.0,0.0,0.0,1.402,0.0,0.0,1.402,2.792,1.402,1.402,1.402,0.0,0.0,0.0,1.402,0.0,0.0,0.0,1.402,0.0,2.321,0.0,0.0,1.402,0.0,0.0,0.0,2.321,1.402,0.0,0.0,2.584,1.402,2.321,0.0,1.402,0.0,0.0,0.0,0.0,0.0,1.964,0.0,1.964,0.0,0.0,0.0,0.0,0.0,0.0,0.0,0.0,0.0,0.0,3.709,0.0,0.0,1.402,0.0,0.0,0.0,1.402,0.0,0.0,1.964,0.0,1.964,2.321,2.321,1.964,0.0,0.0,3.111,0.0,0.0,1.402,0.0,0.0,1.402,0.0,0.0,1.964,1.964,0.0,0.0,0.0,0.0,0.0,0.0,1.964,3.111,1.402,0.0,1.402,2.584,0.0,0.0,0.0,0.0,1.402,2.321,0.0,0.0,0.0,0.0,1.402,0.0,1.402,0.0,1.402,0.0,0.0,1.402,0.0,1.402,0.0,0.0,3.239,0.0,1.402,0.0,0.0,0.0,0.0,1.402,0.0,0.0,1.402,5.252,1.402,2.321,0.0,0.0,0.0,0.0,1.402,1.402,0.0,0.0,0.0,0.0,0.0,0.0,1.402,1.402,0.0,0.0,0.0,2.321,0.0,0.0,1.402,0.0,1.402,1.402,0.0,1.402,1.402,0.0,0.0,1.402,0.0,0.0,0.0,3.352,0.0,0.0,0.0,1.402,0.0,0.0,1.964,2.584,2.321,2.321,0.0,0.0,1.402
Dendritische Zelle,0.0,0.0,0.0,2.088,0.0,0.0,0.0,1.512,0.0,0.0,0.0,0.0,0.0,0.0,0.0,0.0,0.0,1.512,0.0,0.0,0.0,1.512,0.0,1.512,0.0,0.0,0.0,0.0,0.0,0.0,0.0,1.512,0.0,0.0,0.0,0.0,0.0,0.0,1.512,1.512,0.0,1.512,1.512,0.0,2.927,0.0,0.0,0.0,0.0,3.593,0.0,2.717,0.0,1.512,2.451,3.1,0.0,2.088,0.0,0.0,1.512,1.512,0.0,0.0,1.512,0.0,2.451,0.0,3.1,0.0,3.1,0.0,0.0,0.0,0.0,0.0,0.0,1.512,0.0,0.0,0.0,0.0,0.0,1.512,0.0,1.512,0.0,0.0,0.0,0.0,0.0,0.0,0.0,0.0,0.0,0.0,0.0,1.512,0.0,0.0,0.0,0.0,4.169,0.0,1.512,0.0,0.0,0.0,0.0,0.0,0.0,0.0,1.512,0.0,2.088,0.0,0.0,0.0,0.0,2.088,0.0,1.512,0.0,0.0,0.0,0.0,0.0,2.451,0.0,0.0,1.512,0.0,1.512,0.0,0.0,0.0,1.512,0.0,1.512,0.0,0.0,0.0,0.0,1.512,1.512,0.0,0.0,1.512,0.0,1.512,0.0,0.0,2.088,0.0,0.0,0.0,0.0,0.0,0.0,0.0,0.0,1.512,0.0,0.0,0.0,1.512,0.0,0.0,1.512,0.0,0.0,0.0,1.512,0.0,1.512,0.0,0.0,0.0,0.0,2.451,1.512,0.0,0.0,0.0,0.0,1.512,1.512,0.0,0.0,0.0,0.0,0.0,0.0,1.512,0.0,2.088,2.451,0.0,0.0,1.512,1.512,0.0,1.512,0.0,1.512,0.0,0.0,2.451,1.512,3.771,1.512,0.0,1.512,2.927,0.0,0.0,0.0,0.0,0.0,2.088,2.088,1.512,1.512,0.0,0.0,0.0,0.0,0.0,2.088,1.512,0.0,3.686,3.248,0.0,2.717,2.088,2.927,2.451,2.088,1.512,0.0,1.512,1.512,1.512,2.927,3.686,0.0,0.0,0.0,1.512,0.0,0.0,1.512,0.0,1.512,0.0,0.0,0.0,0.0,1.512,1.512,1.512,0.0,0.0,0.0,0.0,1.512,0.0,2.451,0.0,0.0,0.0,0.0,2.927,0.0,0.0,1.512,0.0,0.0,0.0,1.512,0.0,0.0,0.0,0.0,0.0,0.0,1.512,0.0,0.0,0.0,0.0,0.0,1.512,2.088,0.0,0.0,2.088,1.512,1.512,0.0,0.0,0.0,0.0,0.0,2.088,0.0,1.512,0.0,2.088,0.0,2.088,2.927,2.088,0.0,1.512,2.451,2.717,1.512,0.0,0.0,1.512,2.088,0.0,0.0,1.512,0.0,0.0,0.0,0.0,0.0,0.0,0.0,1.512,0.0,0.0,0.0,0.0,1.512,0.0,0.0,0.0,0.0,0.0,0.0,1.512,1.512,0.0,0.0,2.088,0.0,0.0,0.0,0.0,0.0,1.512,0.0,2.451,0.0,1.512,0.0,0.0,0.0,0.0,0.0,0.0,2.088,0.0,3.1,0.0,1.512,0.0,0.0,2.088,2.088,0.0,1.512,0.0,0.0,3.248,0.0,0.0,0.0,1.512,0.0,1.512,0.0,0.0,2.088,0.0,0.0,2.088,2.088,1.512,3.1,0.0,0.0,0.0,0.0,0.0,0.0,0.0,0.0,0.0,0.0,0.0,0.0,0.0,2.088,1.512,1.512,0.0,0.0,1.512,0.0,0.0,0.0,0.0,1.512,2.451,0.0,1.512,0.0,0.0,0.0,0.0,0.0,0.0,0.0,0.0,0.0,1.512,0.0,1.512,0.0,3.593,0.0,1.512,0.0,0.0,1.512,1.512,3.593,1.512,0.0,0.0,2.717,0.0,1.512,1.512,2.088,0.0,0.0,0.0,0.0,0.0,2.088,0.0,1.512,0.0,0.0,0.0,0.0,1.512,0.0,0.0,0.0,0.0,0.0,0.0,0.0,0.0,0.0,0.0,1.512,0.0,0.0,2.717,0.0,2.088,0.0,2.088,0.0,2.088,1.512,0.0,0.0,2.717,0.0,2.088,0.0,1.512,0.0,0.0,0.0,0.0,1.512,0.0,0.0,0.0,0.0,0.0,0.0,0.0,0.0,1.512,0.0,0.0,0.0,0.0,0.0,0.0,0.0,1.512,0.0,2.088,2.088,1.512,0.0,0.0,2.927,0.0,0.0,0.0,1.512,0.0,1.512,0.0,0.0,0.0,1.512,1.512,0.0,1.512,0.0,0.0,0.0,0.0,0.0,0.0,0.0,0.0,1.512,2.451,0.0,0.0,0.0,1.512,0.0,0.0,0.0,1.512,0.0,0.0,1.512,0.0,1.512,0.0,0.0,0.0,1.512,0.0,0.0,0.0,0.0,0.0,0.0,0.0,0.0,0.0,1.512,0.0,2.451,1.512,0.0,0.0,0.0,0.0,0.0,0.0,1.512,1.512,1.512,0.0,1.512,1.512,0.0,0.0,0.0,0.0,1.512,0.0,0.0,0.0,2.717,0.0,0.0,0.0,0.0,0.0,0.0,0.0,0.0,4.321,0.0,0.0,0.0,2.088,0.0,0.0,1.512,0.0,0.0,1.512,1.512,0.0,0.0,1.512,0.0,0.0,1.512,0.0,0.0,0.0,0.0,0.0,0.0,1.512,1.512,2.088,1.512,0.0,1.512,0.0,0.0,0.0,1.512,0.0,0.0,0.0,0.0,2.717,2.717,0.0,0.0,0.0,0.0,0.0,1.512,1.512,0.0,1.512,0.0,2.927,1.512,0.0,1.512,0.0,0.0,2.088,0.0,1.512,2.088,1.512,0.0,0.0,0.0,0.0,0.0,0.0,0.0,0.0,0.0,0.0,1.512,0.0,1.512,1.512,0.0,0.0,1.512,1.512,0.0,0.0,0.0,0.0,2.927,2.927,1.512,1.512,2.088,2.088,0.0,0.0,1.512,0.0,2.088,0.0,0.0,1.512,0.0,0.0,0.0,2.451,3.771,0.0,0.0,0.0,0.0,0.0,1.512,0.0,0.0,2.088,0.0,5.007,0.0,3.1,0.0,1.512,0.0,0.0,0.0,0.0,3.377,0.0,0.0,0.0,0.0,2.088,0.0,0.0,0.0,0.0,1.512,0.0,0.0,0.0,0.0,0.0,0.0,0.0,1.512,1.512,1.512,0.0,0.0,1.512,2.088,0.0,0.0,1.512,1.512,2.088,0.0,0.0,0.0,0.0,1.512,1.512,1.512,2.088,0.0,1.512,0.0
T-Zelle,0.0,0.0,0.0,1.339,0.0,0.0,1.892,0.0,0.0,0.0,2.246,0.0,0.0,0.0,0.0,0.0,0.0,2.246,0.0,0.0,0.0,1.339,2.507,0.0,0.0,0.0,1.339,1.339,1.339,0.0,0.0,1.339,0.0,0.0,0.0,0.0,1.339,1.339,1.892,0.0,0.0,0.0,0.0,0.0,1.892,0.0,0.0,0.0,1.339,1.339,0.0,0.0,0.0,0.0,1.339,3.031,0.0,0.0,0.0,0.0,0.0,0.0,1.339,0.0,0.0,0.0,2.246,0.0,0.0,0.0,0.0,0.0,1.339,0.0,0.0,0.0,0.0,0.0,0.0,0.0,1.892,0.0,1.892,0.0,1.892,0.0,0.0,0.0,0.0,0.0,1.339,2.246,1.339,0.0,1.339,0.0,0.0,1.339,0.0,0.0,0.0,0.0,1.892,0.0,1.339,1.339,1.339,1.339,0.0,0.0,0.0,1.892,0.0,1.339,1.892,0.0,1.339,0.0,1.339,0.0,0.0,1.339,0.0,0.0,0.0,1.339,0.0,0.0,0.0,1.339,1.339,0.0,0.0,0.0,0.0,0.0,0.0,0.0,1.339,2.714,0.0,0.0,0.0,0.0,0.0,0.0,0.0,0.0,0.0,0.0,0.0,0.0,0.0,1.339,0.0,0.0,0.0,0.0,0.0,0.0,0.0,2.714,0.0,0.0,0.0,0.0,0.0,0.0,0.0,1.339,0.0,0.0,0.0,1.339,0.0,1.339,1.892,0.0,0.0,0.0,1.339,0.0,0.0,0.0,1.339,1.892,0.0,0.0,0.0,0.0,1.892,0.0,1.339,1.892,1.339,1.892,0.0,1.339,0.0,1.339,0.0,1.339,0.0,0.0,1.339,0.0,0.0,1.892,1.339,1.892,1.339,3.373,1.892,1.339,0.0,0.0,0.0,1.339,0.0,0.0,0.0,0.0,0.0,0.0,0.0,0.0,0.0,0.0,0.0,0.0,3.373,1.339,0.0,0.0,2.246,2.246,0.0,0.0,0.0,0.0,0.0,0.0,0.0,0.0,0.0,0.0,0.0,1.892,0.0,1.892,0.0,0.0,0.0,0.0,1.339,0.0,0.0,1.339,0.0,0.0,0.0,1.339,0.0,0.0,0.0,0.0,0.0,0.0,1.339,0.0,0.0,0.0,1.339,2.507,0.0,0.0,1.339,0.0,0.0,0.0,1.892,0.0,0.0,0.0,0.0,1.339,1.339,0.0,0.0,0.0,0.0,0.0,0.0,0.0,1.339,0.0,0.0,0.0,0.0,0.0,0.0,0.0,0.0,0.0,0.0,0.0,0.0,0.0,0.0,2.246,1.339,1.892,0.0,0.0,1.339,1.892,0.0,0.0,0.0,0.0,1.339,0.0,0.0,1.339,1.339,0.0,0.0,0.0,0.0,0.0,1.339,0.0,2.714,0.0,0.0,1.339,0.0,0.0,0.0,0.0,0.0,0.0,0.0,1.339,0.0,0.0,1.892,1.339,0.0,1.892,0.0,0.0,0.0,1.339,0.0,2.246,0.0,0.0,1.892,1.339,0.0,0.0,0.0,1.339,0.0,0.0,0.0,0.0,0.0,0.0,0.0,0.0,0.0,0.0,0.0,0.0,0.0,1.892,0.0,2.507,0.0,0.0,0.0,0.0,1.339,1.339,0.0,1.892,1.339,0.0,0.0,0.0,0.0,0.0,3.031,1.339,0.0,0.0,0.0,0.0,0.0,1.339,0.0,0.0,0.0,0.0,0.0,1.339,2.885,1.892,0.0,1.339,0.0,1.339,0.0,1.339,0.0,1.339,1.339,0.0,0.0,0.0,0.0,0.0,0.0,0.0,0.0,0.0,1.892,0.0,0.0,0.0,0.0,0.0,0.0,0.0,1.339,0.0,0.0,1.892,2.507,0.0,1.892,0.0,1.892,0.0,0.0,0.0,1.339,0.0,1.339,0.0,0.0,0.0,0.0,1.339,3.031,2.246,1.339,1.892,0.0,2.246,0.0,0.0,0.0,0.0,1.339,0.0,0.0,0.0,1.892,0.0,0.0,0.0,3.031,1.339,1.339,0.0,0.0,3.158,0.0,1.339,0.0,0.0,0.0,0.0,0.0,0.0,0.0,2.714,1.339,3.55,3.031,0.0,1.339,1.339,2.246,0.0,1.339,0.0,0.0,0.0,0.0,0.0,0.0,1.892,0.0,0.0,0.0,0.0,0.0,1.339,0.0,0.0,0.0,0.0,1.892,1.892,0.0,0.0,0.0,1.892,1.339,0.0,1.892,1.892,0.0,0.0,0.0,0.0,0.0,2.507,1.892,1.892,0.0,1.892,0.0,1.339,0.0,0.0,1.339,0.0,0.0,1.339,1.339,0.0,0.0,0.0,0.0,1.339,1.339,1.339,0.0,1.892,1.339,0.0,0.0,0.0,0.0,1.339,1.339,0.0,1.892,0.0,0.0,0.0,0.0,0.0,0.0,0.0,1.339,0.0,1.339,3.031,0.0,1.339,1.892,0.0,1.339,0.0,2.246,0.0,0.0,0.0,0.0,0.0,0.0,0.0,0.0,0.0,1.339,0.0,0.0,0.0,1.892,0.0,1.339,0.0,0.0,0.0,0.0,0.0,0.0,2.714,0.0,0.0,0.0,0.0,0.0,0.0,1.339,0.0,0.0,1.339,1.339,0.0,0.0,0.0,0.0,0.0,2.246,0.0,0.0,0.0,0.0,0.0,0.0,0.0,0.0,1.339,2.246,0.0,0.0,0.0,0.0,0.0,0.0,0.0,0.0,0.0,0.0,0.0,0.0,0.0,0.0,1.339,0.0,0.0,1.339,0.0,0.0,0.0,0.0,1.339,1.339,2.246,0.0,2.246,0.0,0.0,0.0,1.339,1.339,0.0,0.0,0.0,0.0,0.0,2.507,1.892,0.0,0.0,0.0,0.0,0.0,1.339,0.0,1.339,0.0,1.339,0.0,0.0,0.0,1.339,0.0,0.0,1.892,3.272,1.339,0.0,0.0,2.246,0.0,0.0,1.339,1.339,0.0,0.0,1.339,0.0,1.339,0.0,0.0,1.339,0.0,0.0,0.0,0.0,0.0,0.0,0.0,0.0,0.0,1.339,1.339,4.143,0.0,0.0,1.339,2.507,0.0,0.0,0.0,0.0,1.339,0.0,0.0,0.0,0.0,1.339,1.339,1.892,1.339,0.0,0.0,0.0,0.0,0.0,1.339,0.0,0.0,0.0,0.0,0.0,2.246,0.0,0.0,1.892,0.0,1.339,0.0,0.0,1.339,1.892,0.0,1.339,1.339,0.0,1.339,0.0,0.0,1.339,0.0,0.0,0.0
Dendritische Zelle,0.0,0.0,0.0,0.0,0.0,0.0,0.0,0.0,0.0,1.339,0.0,1.891,0.0,0.0,0.0,0.0,1.339,3.158,1.339,2.245,0.0,0.0,0.0,0.0,0.0,0.0,0.0,0.0,1.339,1.339,0.0,0.0,0.0,1.339,1.339,1.339,0.0,0.0,2.506,0.0,0.0,1.339,1.339,0.0,2.506,0.0,0.0,0.0,1.339,2.884,0.0,2.506,1.339,0.0,3.372,3.829,0.0,1.339,0.0,0.0,0.0,0.0,0.0,0.0,1.339,0.0,1.891,0.0,3.03,0.0,2.506,0.0,1.891,0.0,1.339,0.0,0.0,0.0,0.0,0.0,2.506,0.0,1.891,0.0,1.891,0.0,0.0,0.0,0.0,0.0,1.339,1.339,0.0,1.339,2.506,0.0,0.0,0.0,0.0,0.0,1.339,0.0,0.0,0.0,0.0,0.0,0.0,0.0,0.0,0.0,1.339,0.0,1.891,1.339,0.0,0.0,0.0,0.0,0.0,0.0,0.0,1.891,0.0,0.0,0.0,0.0,1.339,0.0,0.0,0.0,0.0,0.0,0.0,0.0,0.0,0.0,1.891,0.0,0.0,0.0,0.0,0.0,0.0,2.506,2.245,0.0,0.0,1.891,0.0,0.0,0.0,0.0,0.0,0.0,0.0,0.0,2.245,0.0,1.339,0.0,1.339,1.891,0.0,0.0,1.339,0.0,0.0,0.0,0.0,0.0,0.0,0.0,0.0,0.0,0.0,1.339,0.0,0.0,0.0,1.891,2.713,0.0,1.339,0.0,0.0,1.339,2.245,0.0,1.891,1.339,0.0,0.0,0.0,0.0,1.339,2.245,1.339,0.0,0.0,1.339,0.0,0.0,1.891,0.0,2.245,0.0,0.0,2.245,0.0,3.549,0.0,2.245,1.339,0.0,1.339,0.0,0.0,1.339,1.339,0.0,1.891,1.891,0.0,0.0,0.0,0.0,0.0,0.0,0.0,1.339,2.506,2.884,3.464,0.0,2.506,1.891,3.158,1.339,2.713,0.0,1.339,0.0,1.339,0.0,2.884,2.884,1.891,0.0,1.339,2.245,0.0,0.0,0.0,0.0,2.245,0.0,1.339,0.0,0.0,0.0,1.339,0.0,0.0,0.0,1.891,1.339,1.891,1.891,1.891,0.0,0.0,1.339,1.891,2.506,1.339,0.0,1.891,0.0,1.891,0.0,2.506,0.0,0.0,0.0,0.0,0.0,1.339,1.339,0.0,0.0,0.0,0.0,0.0,1.339,0.0,1.339,0.0,0.0,1.339,1.339,0.0,0.0,0.0,0.0,0.0,1.891,0.0,0.0,0.0,0.0,0.0,1.339,1.339,0.0,0.0,2.506,2.245,0.0,0.0,0.0,0.0,0.0,1.339,1.339,0.0,0.0,0.0,0.0,0.0,0.0,0.0,0.0,1.891,0.0,0.0,0.0,0.0,0.0,1.339,0.0,0.0,0.0,0.0,0.0,1.339,0.0,0.0,1.891,0.0,2.713,0.0,0.0,0.0,2.245,1.339,1.339,0.0,3.372,1.339,1.339,0.0,0.0,0.0,0.0,0.0,0.0,2.245,0.0,0.0,0.0,0.0,0.0,0.0,0.0,1.891,0.0,1.339,0.0,0.0,3.464,0.0,0.0,0.0,0.0,0.0,1.339,0.0,1.891,2.506,0.0,0.0,2.245,2.245,0.0,2.506,1.891,0.0,0.0,1.339,1.339,0.0,0.0,0.0,0.0,0.0,0.0,0.0,0.0,3.03,0.0,2.245,1.339,0.0,0.0,0.0,0.0,0.0,0.0,1.339,0.0,0.0,1.891,0.0,2.245,0.0,0.0,0.0,0.0,2.506,0.0,0.0,1.339,0.0,1.891,0.0,1.891,1.339,0.0,0.0,0.0,2.884,0.0,2.506,1.339,1.339,0.0,1.339,1.339,1.891,0.0,0.0,0.0,0.0,0.0,0.0,1.891,1.891,0.0,0.0,0.0,1.339,1.891,0.0,1.339,0.0,0.0,0.0,0.0,0.0,0.0,0.0,0.0,0.0,0.0,1.339,0.0,1.891,1.339,0.0,2.884,0.0,0.0,0.0,0.0,1.339,0.0,0.0,3.158,0.0,1.891,0.0,2.713,1.339,0.0,0.0,0.0,1.891,0.0,0.0,0.0,0.0,0.0,0.0,0.0,0.0,0.0,1.339,0.0,1.339,0.0,1.339,1.339,1.339,0.0,0.0,0.0,1.339,2.245,0.0,0.0,0.0,2.245,0.0,0.0,3.03,0.0,0.0,0.0,1.339,1.891,0.0,2.713,1.339,1.339,1.339,1.339,0.0,1.339,0.0,0.0,1.339,0.0,0.0,2.884,0.0,0.0,0.0,1.891,0.0,0.0,1.891,0.0,0.0,0.0,0.0,0.0,1.339,0.0,0.0,0.0,1.339,0.0,0.0,0.0,0.0,1.339,0.0,0.0,0.0,1.339,1.339,1.339,1.891,3.03,0.0,1.339,0.0,0.0,0.0,0.0,1.339,0.0,0.0,1.339,1.891,0.0,0.0,1.339,0.0,0.0,1.339,0.0,0.0,0.0,1.339,0.0,0.0,0.0,0.0,0.0,1.339,0.0,0.0,0.0,0.0,0.0,0.0,1.339,0.0,0.0,0.0,0.0,1.339,0.0,2.245,1.339,1.891,1.339,1.339,2.245,3.03,0.0,2.713,0.0,0.0,0.0,0.0,0.0,0.0,0.0,1.891,0.0,0.0,0.0,0.0,0.0,0.0,0.0,0.0,1.339,0.0,3.03,0.0,0.0,0.0,0.0,0.0,0.0,1.891,0.0,0.0,1.891,0.0,1.891,0.0,1.891,0.0,0.0,0.0,3.03,0.0,0.0,0.0,1.339,0.0,0.0,0.0,0.0,0.0,0.0,0.0,0.0,0.0,0.0,1.339,0.0,1.339,2.245,0.0,0.0,0.0,2.245,0.0,0.0,0.0,0.0,2.713,3.766,2.245,1.339,1.339,1.339,0.0,0.0,0.0,1.339,2.884,1.339,1.339,1.339,1.339,0.0,0.0,0.0,3.03,0.0,0.0,0.0,0.0,0.0,1.891,0.0,0.0,0.0,0.0,4.682,0.0,2.884,0.0,0.0,0.0,0.0,0.0,1.339,0.0,0.0,0.0,0.0,0.0,0.0,1.339,0.0,0.0,0.0,0.0,0.0,0.0,0.0,1.339,0.0,0.0,0.0,0.0,1.339,1.891,0.0,0.0,1.339,0.0,0.0,0.0,0.0,1.891,2.245,0.0,1.339,1.339,1.339,2.245,1.339,0.0,1.891,0.0,0.0,1.339
Dendritische Zelle,0.0,0.0,1.285,0.0,0.0,0.0,1.285,1.829,0.0,1.285,1.829,0.0,0.0,1.285,0.0,0.0,0.0,1.829,0.0,1.285,0.0,0.0,0.0,0.0,2.179,1.829,1.285,1.285,0.0,0.0,0.0,1.829,0.0,1.829,0.0,0.0,0.0,0.0,1.829,0.0,2.179,0.0,1.285,0.0,1.285,0.0,0.0,0.0,0.0,3.087,0.0,2.179,3.2,1.829,3.087,2.96,0.0,0.0,0.0,1.829,0.0,1.285,2.179,0.0,1.285,3.301,2.96,0.0,3.087,0.0,0.0,0.0,0.0,0.0,0.0,0.0,0.0,1.285,0.0,0.0,0.0,1.829,1.285,0.0,0.0,1.285,1.285,1.285,0.0,0.0,0.0,2.438,0.0,0.0,2.438,0.0,1.285,0.0,1.829,0.0,1.285,0.0,0.0,0.0,0.0,0.0,1.829,0.0,1.829,1.285,0.0,0.0,0.0,0.0,0.0,0.0,0.0,0.0,0.0,0.0,0.0,0.0,0.0,0.0,0.0,0.0,0.0,1.285,0.0,0.0,0.0,1.285,0.0,0.0,0.0,0.0,0.0,1.829,0.0,2.644,1.829,0.0,2.179,2.179,1.829,0.0,1.285,0.0,0.0,0.0,0.0,0.0,0.0,1.285,1.285,0.0,0.0,1.285,0.0,0.0,0.0,1.829,0.0,0.0,0.0,0.0,0.0,0.0,1.829,0.0,0.0,0.0,0.0,0.0,1.285,0.0,0.0,0.0,0.0,1.285,0.0,0.0,0.0,0.0,1.285,0.0,0.0,0.0,1.285,0.0,0.0,0.0,0.0,0.0,1.285,2.179,0.0,0.0,0.0,1.285,1.829,0.0,0.0,1.285,1.829,0.0,0.0,0.0,0.0,5.2,0.0,1.829,0.0,1.285,1.285,0.0,0.0,0.0,0.0,1.285,0.0,0.0,2.179,0.0,0.0,0.0,0.0,0.0,0.0,1.285,0.0,2.96,3.393,0.0,2.814,1.829,5.243,3.816,4.634,3.816,3.975,3.393,2.96,3.087,4.498,4.555,0.0,1.285,0.0,2.438,0.0,1.285,0.0,0.0,0.0,0.0,0.0,1.285,0.0,1.285,1.285,0.0,0.0,0.0,0.0,0.0,0.0,1.829,1.829,1.285,0.0,0.0,2.438,0.0,2.644,0.0,1.285,1.829,0.0,0.0,2.438,0.0,0.0,0.0,0.0,0.0,0.0,0.0,1.285,0.0,0.0,0.0,0.0,0.0,0.0,2.179,0.0,1.285,0.0,1.285,0.0,0.0,0.0,0.0,0.0,0.0,0.0,1.285,0.0,1.285,1.285,1.285,1.285,0.0,0.0,2.438,2.438,2.179,0.0,0.0,1.285,2.438,0.0,0.0,1.285,1.285,0.0,0.0,0.0,0.0,1.285,0.0,1.829,0.0,0.0,0.0,0.0,0.0,0.0,0.0,0.0,1.285,0.0,0.0,0.0,0.0,0.0,1.285,0.0,1.285,0.0,0.0,0.0,0.0,0.0,0.0,0.0,3.087,0.0,1.829,0.0,0.0,1.285,2.179,1.285,0.0,1.285,0.0,3.393,0.0,0.0,1.285,0.0,0.0,0.0,0.0,0.0,0.0,0.0,2.438,0.0,0.0,1.829,0.0,0.0,0.0,1.285,0.0,2.96,1.285,0.0,1.285,1.285,1.285,2.96,0.0,1.829,0.0,1.285,0.0,0.0,0.0,1.285,0.0,0.0,0.0,0.0,0.0,1.285,0.0,1.285,1.285,0.0,2.179,0.0,0.0,1.829,0.0,0.0,1.829,0.0,3.2,0.0,1.285,1.829,0.0,0.0,0.0,1.285,1.285,0.0,1.285,0.0,0.0,0.0,0.0,0.0,1.285,1.285,0.0,0.0,0.0,2.96,1.285,1.285,0.0,1.285,1.285,1.285,0.0,0.0,1.829,0.0,0.0,0.0,2.438,0.0,0.0,0.0,1.285,1.285,0.0,0.0,0.0,0.0,1.285,0.0,0.0,0.0,0.0,0.0,0.0,0.0,0.0,1.285,1.829,0.0,0.0,1.285,2.179,0.0,0.0,0.0,0.0,1.829,0.0,0.0,5.11,0.0,1.829,1.285,0.0,1.285,0.0,0.0,0.0,2.179,0.0,1.285,0.0,0.0,0.0,0.0,0.0,0.0,0.0,1.285,0.0,0.0,0.0,0.0,0.0,0.0,0.0,1.285,1.829,1.829,1.285,0.0,0.0,0.0,1.829,0.0,0.0,2.179,1.285,1.829,0.0,1.285,0.0,0.0,2.438,0.0,1.285,0.0,0.0,1.829,0.0,0.0,0.0,1.285,1.285,1.829,2.438,0.0,0.0,0.0,2.438,0.0,0.0,0.0,1.829,1.829,1.285,1.285,0.0,0.0,1.285,2.644,0.0,0.0,0.0,1.285,0.0,0.0,0.0,0.0,0.0,0.0,0.0,1.829,0.0,1.829,0.0,0.0,0.0,1.829,0.0,0.0,0.0,0.0,0.0,0.0,0.0,0.0,0.0,0.0,0.0,0.0,1.285,0.0,0.0,0.0,0.0,2.814,0.0,1.829,1.285,0.0,0.0,0.0,0.0,0.0,0.0,0.0,0.0,0.0,0.0,0.0,0.0,0.0,0.0,0.0,0.0,1.829,1.285,0.0,0.0,1.285,0.0,1.285,0.0,1.829,0.0,0.0,0.0,0.0,1.285,0.0,0.0,0.0,1.285,0.0,0.0,0.0,0.0,0.0,1.829,0.0,0.0,0.0,4.527,0.0,1.285,1.285,0.0,0.0,1.285,1.285,0.0,0.0,1.285,0.0,2.96,1.285,0.0,1.285,0.0,0.0,0.0,0.0,1.829,2.438,0.0,0.0,1.285,0.0,0.0,0.0,0.0,0.0,0.0,0.0,0.0,1.285,0.0,2.179,2.179,0.0,1.285,0.0,1.829,0.0,0.0,0.0,0.0,2.644,2.644,0.0,0.0,0.0,1.285,0.0,0.0,1.285,0.0,0.0,1.285,0.0,2.438,1.829,1.285,0.0,0.0,2.644,1.285,1.285,0.0,0.0,0.0,1.285,0.0,0.0,0.0,2.179,4.375,0.0,1.285,0.0,2.438,0.0,0.0,0.0,2.438,0.0,0.0,0.0,0.0,0.0,0.0,0.0,0.0,1.285,1.829,1.285,1.285,0.0,0.0,0.0,1.829,1.829,0.0,0.0,0.0,0.0,0.0,2.179,0.0,0.0,1.285,0.0,2.179,0.0,1.285,0.0,0.0,0.0,0.0,0.0,1.285,0.0,2.179,0.0,0.0,0.0
NK-Zelle,0.0,0.0,2.129,2.129,0.0,0.0,1.548,0.0,0.0,1.548,0.0,0.0,0.0,0.0,0.0,0.0,0.0,2.761,0.0,1.548,0.0,1.548,1.548,0.0,0.0,1.548,0.0,1.548,2.129,0.0,0.0,0.0,0.0,0.0,1.548,0.0,0.0,0.0,0.0,1.548,2.761,1.548,1.548,0.0,2.129,0.0,0.0,0.0,0.0,0.0,0.0,0.0,0.0,0.0,0.0,0.0,0.0,2.129,0.0,0.0,0.0,0.0,1.548,0.0,0.0,0.0,2.494,0.0,2.971,1.548,0.0,0.0,1.548,0.0,0.0,0.0,1.548,0.0,0.0,0.0,0.0,0.0,0.0,0.0,2.129,0.0,0.0,0.0,0.0,0.0,0.0,2.129,0.0,0.0,2.494,0.0,0.0,0.0,0.0,0.0,0.0,0.0,4.099,0.0,2.761,0.0,0.0,0.0,0.0,0.0,0.0,2.494,2.761,0.0,0.0,0.0,1.548,0.0,0.0,2.129,0.0,2.129,0.0,0.0,0.0,0.0,0.0,0.0,0.0,1.548,0.0,0.0,0.0,0.0,0.0,0.0,1.548,0.0,0.0,0.0,0.0,1.548,0.0,0.0,0.0,2.129,0.0,0.0,1.548,1.548,0.0,0.0,0.0,1.548,0.0,0.0,0.0,0.0,1.548,0.0,1.548,2.129,0.0,0.0,0.0,0.0,0.0,0.0,0.0,0.0,0.0,0.0,0.0,0.0,0.0,1.548,0.0,0.0,0.0,0.0,2.494,2.761,0.0,0.0,1.548,0.0,2.129,2.129,0.0,0.0,1.548,0.0,0.0,3.145,0.0,0.0,2.129,0.0,0.0,1.548,0.0,0.0,0.0,0.0,0.0,0.0,0.0,1.548,1.548,0.0,1.548,2.971,2.129,0.0,1.548,0.0,0.0,0.0,0.0,1.548,0.0,0.0,0.0,0.0,0.0,0.0,0.0,0.0,0.0,0.0,2.129,0.0,0.0,1.548,2.494,2.761,1.548,0.0,0.0,0.0,0.0,0.0,0.0,0.0,1.548,0.0,0.0,0.0,0.0,1.548,0.0,0.0,0.0,0.0,0.0,1.548,0.0,0.0,0.0,0.0,0.0,0.0,0.0,2.494,1.548,0.0,1.548,0.0,1.548,1.548,0.0,0.0,0.0,1.548,0.0,0.0,2.129,1.548,2.129,0.0,2.971,0.0,1.548,1.548,0.0,0.0,0.0,1.548,0.0,0.0,0.0,0.0,0.0,0.0,0.0,0.0,0.0,1.548,0.0,1.548,0.0,0.0,0.0,0.0,0.0,0.0,0.0,1.548,0.0,0.0,0.0,2.494,0.0,0.0,0.0,1.548,0.0,0.0,0.0,0.0,1.548,0.0,0.0,1.548,2.494,0.0,0.0,2.494,0.0,0.0,1.548,0.0,1.548,0.0,0.0,0.0,0.0,0.0,0.0,0.0,0.0,0.0,1.548,1.548,0.0,0.0,0.0,0.0,0.0,2.494,0.0,1.548,1.548,1.548,0.0,0.0,0.0,1.548,0.0,1.548,0.0,0.0,0.0,2.129,0.0,0.0,0.0,0.0,0.0,0.0,1.548,0.0,0.0,2.494,0.0,0.0,0.0,1.548,0.0,2.129,0.0,0.0,0.0,1.548,0.0,0.0,0.0,0.0,0.0,2.129,0.0,0.0,0.0,1.548,3.536,1.548,0.0,0.0,0.0,0.0,0.0,0.0,1.548,0.0,0.0,1.548,0.0,0.0,2.494,2.129,1.548,0.0,0.0,1.548,0.0,0.0,0.0,0.0,2.129,1.548,0.0,0.0,0.0,0.0,0.0,0.0,0.0,1.548,0.0,0.0,0.0,0.0,0.0,0.0,0.0,1.548,0.0,0.0,0.0,0.0,1.548,0.0,2.494,0.0,1.548,0.0,0.0,0.0,1.548,0.0,0.0,0.0,0.0,0.0,0.0,0.0,0.0,1.548,0.0,0.0,0.0,1.548,0.0,1.548,0.0,0.0,0.0,1.548,0.0,0.0,0.0,0.0,0.0,0.0,3.145,0.0,1.548,1.548,0.0,2.761,0.0,2.129,0.0,0.0,1.548,0.0,0.0,1.548,1.548,1.548,2.129,3.536,0.0,0.0,0.0,0.0,1.548,0.0,0.0,0.0,0.0,0.0,0.0,0.0,0.0,1.548,0.0,1.548,0.0,0.0,0.0,0.0,0.0,0.0,0.0,0.0,0.0,0.0,0.0,2.494,2.761,2.129,0.0,0.0,3.422,0.0,0.0,0.0,0.0,1.548,0.0,1.548,0.0,3.293,0.0,0.0,0.0,1.548,0.0,0.0,2.129,0.0,0.0,0.0,2.129,0.0,0.0,2.129,0.0,0.0,0.0,0.0,1.548,0.0,1.548,0.0,0.0,0.0,0.0,0.0,2.129,0.0,0.0,0.0,0.0,0.0,0.0,0.0,0.0,0.0,0.0,2.129,0.0,2.129,0.0,1.548,0.0,0.0,2.129,0.0,0.0,0.0,0.0,0.0,0.0,0.0,0.0,0.0,0.0,0.0,0.0,0.0,0.0,0.0,2.129,0.0,1.548,0.0,0.0,0.0,0.0,0.0,2.129,0.0,0.0,2.971,0.0,1.548,0.0,0.0,0.0,0.0,0.0,0.0,0.0,1.548,0.0,0.0,0.0,0.0,2.494,0.0,1.548,0.0,0.0,0.0,0.0,1.548,1.548,2.761,1.548,0.0,0.0,0.0,0.0,2.129,1.548,0.0,0.0,0.0,1.548,0.0,0.0,0.0,1.548,0.0,0.0,0.0,2.129,1.548,0.0,0.0,0.0,0.0,0.0,0.0,0.0,2.129,0.0,0.0,1.548,0.0,1.548,0.0,0.0,0.0,0.0,0.0,2.129,0.0,0.0,2.129,0.0,1.548,2.971,0.0,0.0,0.0,0.0,1.548,0.0,1.548,0.0,1.548,0.0,0.0,2.129,3.536,1.548,0.0,0.0,0.0,1.548,0.0,0.0,0.0,1.548,0.0,1.548,0.0,2.129,0.0,0.0,2.129,1.548,2.129,0.0,0.0,0.0,0.0,0.0,0.0,0.0,0.0,1.548,3.816,0.0,2.129,0.0,2.129,0.0,0.0,0.0,0.0,3.731,0.0,0.0,0.0,0.0,0.0,1.548,0.0,0.0,1.548,1.548,0.0,0.0,0.0,0.0,0.0,0.0,1.548,0.0,0.0,1.548,0.0,0.0,1.548,1.548,1.548,1.548,0.0,1.548,0.0,0.0,2.494,0.0,0.0,1.548,1.548,2.129,2.494,0.0,1.548,1.548
Dendritische Zelle,0.0,0.0,0.0,1.675,0.0,1.153,0.0,1.153,0.0,1.153,0.0,0.0,0.0,0.0,0.0,0.0,0.0,2.784,1.675,0.0,0.0,1.153,0.0,0.0,0.0,1.675,0.0,1.675,0.0,1.153,0.0,0.0,0.0,2.472,2.64,1.153,0.0,0.0,2.016,0.0,2.27,1.675,0.0,0.0,1.675,0.0,0.0,0.0,1.153,2.016,0.0,2.64,0.0,0.0,1.153,2.472,0.0,1.153,0.0,0.0,0.0,2.016,0.0,0.0,1.153,0.0,2.472,0.0,2.784,1.153,0.0,0.0,0.0,1.153,0.0,0.0,0.0,1.675,0.0,1.153,0.0,0.0,0.0,0.0,0.0,0.0,0.0,0.0,0.0,0.0,0.0,1.153,0.0,0.0,1.675,1.153,0.0,0.0,1.675,0.0,0.0,1.153,0.0,0.0,0.0,0.0,0.0,0.0,0.0,2.016,0.0,1.153,0.0,0.0,0.0,0.0,0.0,0.0,0.0,1.153,0.0,0.0,0.0,0.0,0.0,0.0,0.0,1.153,0.0,1.675,1.675,0.0,1.675,0.0,0.0,1.153,2.016,0.0,1.153,2.64,1.675,0.0,0.0,0.0,1.153,0.0,0.0,0.0,0.0,1.153,0.0,0.0,1.675,0.0,1.153,1.153,0.0,0.0,0.0,0.0,0.0,1.675,0.0,0.0,0.0,0.0,0.0,0.0,2.016,0.0,0.0,0.0,0.0,0.0,0.0,0.0,0.0,1.153,0.0,1.675,0.0,0.0,0.0,1.153,0.0,1.675,0.0,0.0,0.0,0.0,0.0,1.153,0.0,0.0,0.0,1.675,0.0,0.0,0.0,1.675,0.0,0.0,0.0,0.0,2.27,0.0,0.0,0.0,1.675,5.211,0.0,2.016,0.0,2.27,1.153,0.0,0.0,1.153,1.675,0.0,0.0,1.153,2.27,0.0,0.0,0.0,1.153,0.0,0.0,0.0,0.0,2.472,2.64,0.0,2.64,2.016,5.111,3.297,4.123,3.971,2.91,3.513,2.64,2.472,4.591,4.634,0.0,0.0,0.0,0.0,0.0,0.0,1.153,2.016,1.675,0.0,1.153,0.0,0.0,0.0,0.0,1.153,0.0,0.0,0.0,0.0,1.153,0.0,1.675,1.153,0.0,0.0,1.153,1.675,1.675,0.0,0.0,1.153,0.0,0.0,1.153,1.153,0.0,0.0,0.0,1.153,1.153,0.0,0.0,0.0,0.0,0.0,0.0,1.153,0.0,0.0,0.0,2.27,0.0,0.0,0.0,0.0,0.0,0.0,0.0,1.153,0.0,1.153,1.153,1.153,0.0,0.0,0.0,0.0,1.153,1.153,0.0,2.27,0.0,0.0,2.27,1.153,0.0,0.0,1.153,0.0,0.0,0.0,0.0,0.0,1.153,0.0,2.27,1.153,0.0,0.0,0.0,0.0,0.0,0.0,0.0,1.153,1.153,0.0,0.0,1.675,1.675,0.0,0.0,1.153,0.0,0.0,0.0,1.153,0.0,0.0,0.0,2.016,0.0,1.153,0.0,1.153,0.0,1.153,0.0,0.0,0.0,1.153,0.0,0.0,1.675,1.153,0.0,0.0,1.675,0.0,0.0,0.0,0.0,2.91,0.0,0.0,1.675,0.0,0.0,0.0,0.0,0.0,2.27,1.153,0.0,0.0,1.153,0.0,3.374,0.0,0.0,0.0,0.0,0.0,0.0,0.0,2.016,0.0,0.0,1.153,0.0,0.0,0.0,0.0,0.0,2.27,0.0,1.153,0.0,0.0,0.0,0.0,2.27,0.0,0.0,2.64,0.0,1.153,0.0,0.0,0.0,0.0,0.0,0.0,0.0,0.0,0.0,0.0,1.153,0.0,1.153,0.0,1.153,1.153,0.0,1.153,3.022,1.675,0.0,0.0,2.27,0.0,0.0,0.0,1.153,0.0,0.0,0.0,0.0,2.64,0.0,0.0,0.0,0.0,1.153,0.0,0.0,1.675,0.0,0.0,0.0,0.0,0.0,0.0,0.0,0.0,0.0,0.0,1.153,0.0,0.0,1.153,1.153,2.472,0.0,1.153,0.0,0.0,1.675,0.0,1.675,4.734,0.0,1.153,1.153,2.64,0.0,1.675,0.0,0.0,2.016,1.675,2.016,0.0,1.153,0.0,0.0,0.0,0.0,0.0,1.153,0.0,0.0,0.0,0.0,0.0,1.153,0.0,1.675,1.153,2.016,2.016,0.0,0.0,0.0,1.153,1.153,0.0,1.675,0.0,0.0,0.0,0.0,0.0,0.0,2.016,1.153,1.153,1.153,0.0,1.153,1.675,0.0,0.0,0.0,0.0,0.0,2.016,0.0,0.0,0.0,1.153,0.0,0.0,1.153,1.153,1.153,0.0,1.153,0.0,1.153,0.0,0.0,0.0,0.0,0.0,0.0,0.0,0.0,0.0,0.0,0.0,0.0,0.0,0.0,0.0,1.675,0.0,0.0,0.0,0.0,0.0,0.0,0.0,0.0,0.0,0.0,0.0,0.0,2.472,0.0,0.0,0.0,0.0,2.016,0.0,1.153,0.0,2.784,1.153,1.153,1.153,0.0,0.0,0.0,1.153,0.0,0.0,0.0,0.0,0.0,0.0,0.0,0.0,1.153,0.0,0.0,0.0,1.675,0.0,2.016,0.0,1.675,0.0,1.675,0.0,2.27,0.0,0.0,0.0,1.153,1.675,1.153,1.153,1.153,0.0,0.0,0.0,0.0,0.0,0.0,0.0,0.0,0.0,0.0,4.523,0.0,0.0,0.0,0.0,1.153,1.675,0.0,0.0,0.0,1.675,0.0,1.153,1.675,1.153,1.675,0.0,0.0,0.0,1.153,0.0,1.153,0.0,0.0,0.0,0.0,0.0,0.0,0.0,0.0,0.0,0.0,0.0,0.0,0.0,1.675,0.0,0.0,0.0,0.0,1.675,0.0,1.153,0.0,0.0,2.016,3.575,0.0,0.0,0.0,0.0,0.0,0.0,0.0,0.0,1.153,0.0,0.0,1.153,2.27,1.675,0.0,0.0,2.784,0.0,0.0,2.016,0.0,0.0,1.153,0.0,0.0,0.0,2.016,3.743,0.0,2.27,0.0,1.153,0.0,0.0,1.153,1.153,0.0,0.0,0.0,0.0,0.0,0.0,0.0,0.0,0.0,0.0,0.0,0.0,0.0,0.0,0.0,0.0,1.153,0.0,0.0,0.0,1.153,0.0,3.022,2.27,0.0,0.0,0.0,1.153,0.0,1.675,0.0,0.0,1.153,0.0,1.153,1.675,1.153,2.27,0.0,0.0,1.153
Dendritische Zelle,0.0,0.0,0.0,2.727,0.0,1.35,0.0,0.0,0.0,0.0,0.0,1.35,0.0,0.0,0.0,0.0,0.0,0.0,1.35,0.0,0.0,0.0,0.0,1.35,1.35,1.35,1.35,1.904,1.35,1.35,1.904,0.0,0.0,0.0,0.0,1.35,0.0,0.0,1.35,0.0,1.35,0.0,0.0,1.35,0.0,0.0,0.0,0.0,0.0,0.0,0.0,3.714,0.0,0.0,3.714,3.903,0.0,0.0,0.0,0.0,0.0,0.0,1.35,0.0,1.35,1.35,1.904,1.35,3.045,0.0,0.0,0.0,0.0,0.0,0.0,0.0,0.0,0.0,0.0,0.0,0.0,0.0,0.0,0.0,1.35,0.0,0.0,0.0,0.0,0.0,0.0,0.0,0.0,1.35,0.0,0.0,0.0,1.904,0.0,0.0,1.35,0.0,1.35,0.0,0.0,0.0,1.904,0.0,1.35,0.0,0.0,0.0,1.35,0.0,0.0,1.35,0.0,0.0,0.0,0.0,0.0,1.35,0.0,0.0,0.0,0.0,0.0,0.0,1.35,0.0,1.35,0.0,1.35,1.904,0.0,0.0,0.0,0.0,0.0,3.844,0.0,0.0,1.35,0.0,0.0,0.0,1.35,1.35,0.0,0.0,0.0,0.0,2.259,0.0,1.35,0.0,0.0,0.0,1.35,0.0,0.0,0.0,2.52,0.0,0.0,0.0,0.0,0.0,1.35,0.0,0.0,0.0,0.0,0.0,0.0,0.0,0.0,1.35,0.0,0.0,2.727,3.641,0.0,0.0,1.904,0.0,1.904,0.0,1.904,0.0,0.0,0.0,0.0,0.0,1.35,1.35,0.0,0.0,0.0,1.904,0.0,0.0,0.0,0.0,2.259,0.0,1.35,0.0,1.35,4.928,1.35,3.285,2.52,1.904,1.35,0.0,0.0,1.35,1.35,0.0,1.35,0.0,0.0,0.0,0.0,0.0,0.0,0.0,0.0,0.0,0.0,0.0,0.0,0.0,1.35,0.0,4.321,3.285,3.714,2.898,1.35,2.52,0.0,2.727,3.641,3.714,0.0,1.35,0.0,1.35,0.0,0.0,2.259,0.0,2.52,3.172,1.35,0.0,0.0,1.35,0.0,1.35,0.0,0.0,1.35,0.0,1.35,0.0,2.259,0.0,0.0,0.0,1.904,1.35,0.0,0.0,0.0,0.0,0.0,0.0,2.727,0.0,0.0,0.0,0.0,1.904,0.0,1.35,1.904,1.35,0.0,0.0,0.0,1.35,1.35,1.904,0.0,0.0,0.0,1.35,0.0,0.0,0.0,0.0,0.0,0.0,0.0,0.0,1.35,0.0,0.0,0.0,0.0,0.0,1.35,0.0,1.35,0.0,0.0,0.0,0.0,0.0,1.35,0.0,1.35,0.0,1.35,0.0,0.0,0.0,2.259,0.0,3.285,0.0,0.0,0.0,0.0,0.0,0.0,0.0,0.0,1.35,0.0,0.0,0.0,1.35,1.35,0.0,0.0,1.35,0.0,0.0,1.35,0.0,0.0,1.35,0.0,2.259,0.0,1.35,0.0,0.0,0.0,2.259,1.35,0.0,0.0,0.0,0.0,0.0,1.35,0.0,1.904,3.172,0.0,0.0,0.0,0.0,0.0,3.641,0.0,1.904,1.904,1.35,0.0,0.0,0.0,0.0,2.259,0.0,0.0,1.35,1.35,0.0,2.898,0.0,0.0,0.0,1.35,0.0,0.0,0.0,1.35,0.0,0.0,1.35,0.0,1.35,1.904,0.0,1.35,0.0,1.904,1.904,1.35,1.35,0.0,0.0,1.904,0.0,0.0,1.904,0.0,1.35,1.35,0.0,0.0,2.727,1.35,0.0,0.0,0.0,1.35,1.35,0.0,0.0,0.0,0.0,0.0,0.0,0.0,1.35,2.898,1.35,1.904,0.0,2.898,0.0,0.0,0.0,1.35,0.0,0.0,0.0,0.0,1.904,0.0,0.0,0.0,0.0,0.0,0.0,0.0,1.904,0.0,0.0,0.0,0.0,0.0,0.0,0.0,0.0,0.0,0.0,2.52,0.0,0.0,1.35,1.35,2.52,0.0,1.35,0.0,0.0,1.904,0.0,0.0,4.111,0.0,0.0,0.0,1.35,0.0,0.0,0.0,0.0,1.904,1.35,1.35,0.0,0.0,0.0,0.0,0.0,0.0,1.35,1.35,2.727,0.0,0.0,0.0,0.0,0.0,0.0,1.904,1.35,2.259,2.898,1.35,0.0,0.0,0.0,0.0,0.0,1.35,0.0,0.0,0.0,0.0,1.35,1.904,0.0,1.35,2.727,0.0,0.0,1.35,1.904,0.0,0.0,0.0,1.904,2.52,2.727,0.0,1.35,0.0,0.0,0.0,0.0,0.0,0.0,0.0,1.35,1.35,0.0,0.0,0.0,1.904,0.0,0.0,0.0,1.35,0.0,0.0,0.0,0.0,1.35,1.35,1.35,0.0,0.0,0.0,0.0,0.0,0.0,1.35,0.0,0.0,2.259,0.0,0.0,0.0,0.0,0.0,1.35,0.0,3.045,0.0,0.0,1.35,0.0,0.0,0.0,3.479,0.0,1.904,0.0,0.0,0.0,0.0,1.35,1.904,1.35,0.0,0.0,0.0,0.0,0.0,0.0,0.0,0.0,0.0,0.0,1.35,1.904,1.35,0.0,0.0,0.0,1.904,0.0,2.52,0.0,0.0,0.0,1.35,0.0,0.0,1.35,0.0,1.904,0.0,0.0,0.0,0.0,0.0,1.904,0.0,0.0,1.35,4.463,0.0,0.0,1.35,0.0,1.35,0.0,1.904,0.0,0.0,0.0,0.0,2.259,1.35,1.35,1.904,0.0,0.0,0.0,0.0,0.0,2.259,1.35,1.35,2.259,0.0,0.0,0.0,0.0,0.0,0.0,0.0,1.35,0.0,1.35,1.904,0.0,0.0,1.904,2.259,1.904,0.0,0.0,1.35,0.0,0.0,2.259,1.35,0.0,0.0,1.35,0.0,0.0,1.35,0.0,1.904,0.0,1.35,1.35,1.35,0.0,0.0,1.35,3.172,1.35,1.35,2.259,0.0,0.0,1.35,0.0,0.0,0.0,1.35,2.52,0.0,2.52,0.0,0.0,0.0,1.35,0.0,0.0,0.0,0.0,0.0,0.0,0.0,0.0,1.35,0.0,1.35,2.259,0.0,0.0,0.0,0.0,1.35,1.35,1.35,0.0,0.0,0.0,1.35,0.0,0.0,1.904,1.35,1.35,0.0,1.904,1.35,0.0,0.0,1.35,1.904,1.35,1.904,1.35,0.0,1.35,0.0,1.35,0.0
Dendritische Zelle,0.0,0.0,0.0,2.253,0.0,1.14,1.14,1.14,0.0,0.0,0.0,0.0,0.0,0.0,1.659,0.0,0.0,2.892,0.0,1.14,0.0,1.14,0.0,0.0,1.14,1.659,1.999,0.0,1.14,0.0,0.0,0.0,0.0,1.14,1.14,0.0,0.0,0.0,0.0,0.0,1.14,0.0,1.14,0.0,1.999,0.0,0.0,1.14,1.999,1.999,0.0,2.454,0.0,0.0,1.14,1.659,0.0,1.14,0.0,0.0,0.0,1.14,1.14,0.0,1.659,3.195,1.659,0.0,2.253,0.0,0.0,0.0,0.0,1.14,0.0,0.0,0.0,1.14,0.0,0.0,1.14,0.0,1.14,0.0,1.659,0.0,0.0,0.0,0.0,0.0,0.0,1.659,0.0,0.0,0.0,0.0,0.0,0.0,0.0,0.0,1.659,0.0,0.0,0.0,0.0,0.0,1.659,0.0,0.0,0.0,0.0,0.0,0.0,1.659,1.659,0.0,0.0,0.0,0.0,0.0,0.0,1.999,0.0,0.0,0.0,1.659,0.0,1.14,0.0,1.659,0.0,0.0,0.0,1.14,0.0,0.0,1.659,1.14,0.0,1.14,0.0,0.0,1.14,1.14,1.14,0.0,0.0,0.0,0.0,0.0,0.0,0.0,1.999,1.14,0.0,0.0,0.0,0.0,1.14,1.14,0.0,0.0,0.0,0.0,1.14,0.0,0.0,0.0,1.14,0.0,0.0,0.0,0.0,1.14,0.0,0.0,0.0,0.0,0.0,0.0,1.999,0.0,0.0,0.0,1.14,0.0,1.14,1.14,0.0,0.0,0.0,0.0,0.0,0.0,0.0,1.659,1.14,0.0,0.0,1.659,1.659,0.0,0.0,0.0,2.766,0.0,0.0,1.659,1.14,5.227,1.14,2.454,1.659,1.659,1.14,0.0,0.0,1.659,1.14,1.659,1.14,1.659,1.14,0.0,1.14,0.0,0.0,0.0,1.14,0.0,1.659,2.622,2.622,0.0,1.659,1.659,5.01,3.822,4.636,4.068,3.356,3.104,2.253,2.766,4.431,4.677,0.0,0.0,0.0,1.14,1.14,0.0,0.0,1.659,0.0,1.14,0.0,1.659,0.0,1.999,1.14,0.0,0.0,0.0,0.0,0.0,0.0,1.14,2.253,0.0,1.14,0.0,1.999,1.14,3.003,0.0,0.0,1.659,0.0,0.0,1.999,0.0,0.0,1.659,1.14,0.0,0.0,0.0,1.14,1.14,0.0,0.0,0.0,0.0,0.0,1.659,0.0,2.253,1.659,0.0,0.0,0.0,1.14,0.0,0.0,1.14,1.14,1.14,0.0,0.0,0.0,1.14,0.0,0.0,0.0,2.454,1.14,2.622,1.659,0.0,0.0,1.659,1.14,0.0,0.0,0.0,0.0,0.0,1.14,0.0,1.14,0.0,2.454,0.0,0.0,0.0,0.0,0.0,0.0,0.0,0.0,1.14,1.659,1.659,0.0,1.659,0.0,0.0,0.0,0.0,0.0,0.0,0.0,0.0,1.14,0.0,0.0,1.999,0.0,0.0,0.0,0.0,1.14,1.999,1.14,0.0,0.0,0.0,1.14,0.0,0.0,1.14,1.14,0.0,1.14,0.0,1.14,0.0,0.0,2.622,0.0,0.0,0.0,0.0,0.0,1.659,1.14,0.0,2.892,2.253,0.0,0.0,1.14,2.622,3.104,1.14,0.0,0.0,1.14,0.0,0.0,0.0,1.14,1.14,0.0,1.14,0.0,0.0,1.14,0.0,1.14,2.253,0.0,1.14,0.0,0.0,0.0,0.0,0.0,1.14,0.0,0.0,0.0,1.659,0.0,0.0,0.0,0.0,2.253,0.0,0.0,0.0,1.14,0.0,0.0,0.0,0.0,0.0,1.659,0.0,0.0,0.0,3.427,1.14,1.14,0.0,1.14,0.0,0.0,0.0,1.14,0.0,0.0,0.0,0.0,2.892,0.0,0.0,0.0,0.0,0.0,0.0,0.0,0.0,0.0,0.0,0.0,0.0,0.0,0.0,0.0,0.0,0.0,1.659,0.0,0.0,0.0,1.14,0.0,2.892,0.0,0.0,1.14,0.0,1.659,0.0,0.0,5.143,0.0,1.659,0.0,1.14,1.14,0.0,0.0,0.0,1.659,1.14,1.14,0.0,0.0,0.0,0.0,0.0,0.0,1.659,1.14,0.0,0.0,0.0,0.0,0.0,0.0,0.0,1.659,0.0,2.454,1.14,1.14,0.0,0.0,1.659,0.0,0.0,1.14,1.14,1.14,0.0,1.14,0.0,1.659,1.659,0.0,1.14,1.14,0.0,1.14,0.0,0.0,0.0,0.0,1.659,0.0,1.659,0.0,0.0,0.0,1.999,0.0,0.0,0.0,1.999,1.14,1.999,0.0,0.0,1.14,0.0,2.253,0.0,0.0,0.0,1.14,0.0,0.0,0.0,0.0,0.0,1.14,1.14,1.999,0.0,1.659,0.0,0.0,0.0,1.14,0.0,0.0,0.0,0.0,0.0,0.0,0.0,0.0,1.659,0.0,0.0,1.14,1.14,1.999,0.0,2.766,0.0,3.003,0.0,1.659,0.0,0.0,0.0,1.14,0.0,0.0,0.0,0.0,1.14,0.0,0.0,0.0,0.0,0.0,0.0,1.14,1.14,0.0,0.0,2.253,0.0,1.14,0.0,1.999,1.14,1.14,0.0,0.0,0.0,1.14,1.14,1.999,0.0,0.0,1.14,0.0,1.14,0.0,0.0,0.0,1.999,0.0,1.14,0.0,4.324,0.0,0.0,1.659,0.0,0.0,1.14,1.659,0.0,0.0,0.0,0.0,1.999,0.0,2.253,1.659,0.0,0.0,0.0,0.0,0.0,2.253,0.0,1.14,1.659,0.0,1.14,0.0,0.0,0.0,0.0,0.0,0.0,1.999,0.0,1.14,0.0,0.0,1.659,0.0,0.0,0.0,0.0,0.0,0.0,1.14,3.104,0.0,0.0,0.0,0.0,0.0,0.0,0.0,0.0,1.659,0.0,1.999,1.14,1.14,1.14,0.0,1.999,1.14,1.659,2.253,0.0,0.0,0.0,1.14,1.14,0.0,1.14,1.659,4.172,0.0,1.14,0.0,1.659,0.0,0.0,0.0,1.14,0.0,0.0,0.0,0.0,0.0,0.0,1.14,0.0,0.0,1.14,0.0,1.14,0.0,0.0,0.0,0.0,1.14,0.0,0.0,0.0,2.253,0.0,1.14,2.454,0.0,0.0,0.0,2.253,1.14,1.14,0.0,1.14,1.659,0.0,1.999,1.14,0.0,2.253,0.0,0.0,1.14
T-Zelle,0.0,0.0,0.0,2.277,0.0,1.365,0.0,0.0,0.0,0.0,1.365,0.0,0.0,0.0,0.0,0.0,1.365,3.191,0.0,1.365,0.0,2.277,0.0,0.0,0.0,1.365,0.0,0.0,0.0,0.0,0.0,0.0,0.0,0.0,0.0,1.365,0.0,0.0,1.921,0.0,0.0,0.0,0.0,0.0,0.0,0.0,0.0,0.0,1.365,1.365,0.0,2.917,0.0,0.0,2.917,2.539,0.0,0.0,0.0,0.0,0.0,0.0,0.0,1.365,0.0,0.0,0.0,0.0,0.0,0.0,0.0,0.0,0.0,0.0,0.0,0.0,0.0,0.0,0.0,0.0,2.277,0.0,1.921,0.0,1.921,0.0,0.0,0.0,0.0,0.0,1.365,1.365,0.0,0.0,1.365,0.0,1.921,0.0,2.277,0.0,0.0,0.0,2.539,0.0,1.365,0.0,0.0,0.0,0.0,0.0,1.365,2.277,1.921,0.0,1.365,0.0,0.0,0.0,1.921,1.365,0.0,0.0,0.0,0.0,0.0,0.0,1.365,0.0,0.0,0.0,0.0,0.0,0.0,0.0,0.0,1.365,0.0,2.277,1.921,0.0,0.0,0.0,0.0,0.0,2.746,1.365,0.0,0.0,0.0,0.0,0.0,0.0,0.0,1.921,1.365,0.0,0.0,0.0,0.0,0.0,1.921,2.539,0.0,0.0,1.921,0.0,0.0,0.0,1.365,0.0,0.0,0.0,0.0,0.0,0.0,0.0,0.0,0.0,0.0,2.917,1.365,2.539,0.0,0.0,0.0,0.0,2.539,0.0,1.365,0.0,2.277,0.0,2.539,1.921,0.0,1.365,1.921,0.0,0.0,0.0,0.0,0.0,1.921,0.0,1.921,0.0,0.0,0.0,0.0,2.917,0.0,3.191,2.277,1.365,1.365,0.0,0.0,1.365,0.0,0.0,0.0,0.0,0.0,0.0,0.0,0.0,0.0,1.365,1.365,0.0,4.341,0.0,0.0,0.0,2.277,1.365,2.539,1.365,2.539,2.277,0.0,0.0,0.0,0.0,2.277,2.277,0.0,0.0,1.365,0.0,0.0,0.0,1.365,1.365,2.917,0.0,0.0,0.0,0.0,0.0,1.921,0.0,0.0,1.365,0.0,0.0,0.0,0.0,0.0,0.0,0.0,0.0,1.921,2.746,0.0,0.0,1.365,0.0,1.365,0.0,2.746,0.0,0.0,1.365,0.0,1.365,0.0,0.0,0.0,0.0,0.0,0.0,0.0,0.0,0.0,0.0,0.0,1.365,0.0,0.0,0.0,0.0,0.0,0.0,0.0,0.0,1.365,1.921,0.0,1.921,0.0,0.0,0.0,0.0,0.0,0.0,0.0,0.0,0.0,0.0,0.0,0.0,0.0,1.365,2.277,1.365,1.365,1.365,0.0,1.365,1.365,0.0,1.365,0.0,0.0,0.0,0.0,0.0,0.0,1.365,0.0,0.0,0.0,1.365,0.0,1.921,0.0,0.0,0.0,2.277,0.0,0.0,0.0,0.0,0.0,0.0,0.0,1.365,1.365,1.365,0.0,1.365,0.0,1.921,0.0,1.921,1.365,0.0,0.0,0.0,0.0,1.365,1.365,0.0,2.277,0.0,0.0,1.365,0.0,3.064,0.0,0.0,0.0,1.365,0.0,0.0,1.921,1.365,0.0,0.0,0.0,0.0,0.0,1.365,3.499,1.921,0.0,1.365,1.365,0.0,0.0,0.0,1.921,0.0,0.0,1.365,0.0,0.0,2.917,0.0,0.0,1.365,0.0,1.365,1.365,0.0,0.0,0.0,0.0,0.0,0.0,0.0,0.0,0.0,0.0,0.0,0.0,0.0,0.0,0.0,0.0,0.0,0.0,0.0,0.0,1.365,0.0,0.0,2.277,1.921,2.539,0.0,0.0,0.0,0.0,0.0,0.0,1.365,0.0,0.0,0.0,1.365,0.0,0.0,0.0,0.0,1.365,1.921,0.0,0.0,0.0,1.921,0.0,0.0,1.365,0.0,2.539,0.0,0.0,0.0,1.365,0.0,0.0,1.365,2.539,0.0,0.0,0.0,0.0,3.191,0.0,0.0,0.0,0.0,0.0,0.0,0.0,0.0,0.0,1.921,0.0,3.064,2.277,0.0,0.0,0.0,0.0,0.0,1.365,1.365,0.0,0.0,0.0,0.0,0.0,1.921,1.365,0.0,1.365,0.0,1.365,0.0,0.0,0.0,1.365,0.0,2.746,1.365,0.0,0.0,0.0,1.365,0.0,0.0,2.746,0.0,0.0,0.0,0.0,0.0,0.0,1.365,1.365,1.921,1.921,0.0,0.0,0.0,0.0,0.0,1.365,1.365,1.365,1.365,0.0,0.0,0.0,1.365,0.0,0.0,0.0,1.365,0.0,0.0,1.921,0.0,0.0,0.0,0.0,1.365,2.277,0.0,0.0,0.0,0.0,0.0,0.0,0.0,0.0,0.0,1.365,1.365,1.365,3.305,0.0,0.0,1.365,0.0,1.365,1.365,2.539,0.0,0.0,0.0,0.0,1.365,0.0,0.0,0.0,0.0,0.0,1.365,0.0,0.0,0.0,0.0,1.365,0.0,0.0,0.0,0.0,0.0,1.365,4.177,0.0,0.0,0.0,0.0,0.0,0.0,1.365,0.0,0.0,1.365,1.365,0.0,0.0,0.0,0.0,0.0,2.277,0.0,0.0,0.0,0.0,0.0,0.0,1.365,0.0,1.365,0.0,0.0,0.0,1.365,0.0,0.0,0.0,1.365,0.0,1.365,0.0,0.0,1.921,1.365,1.921,0.0,0.0,0.0,2.277,1.365,0.0,1.921,0.0,1.365,0.0,2.277,0.0,2.277,0.0,0.0,0.0,0.0,0.0,0.0,1.365,0.0,0.0,0.0,1.365,1.365,0.0,2.277,0.0,0.0,1.365,1.365,1.365,0.0,0.0,1.365,0.0,1.921,0.0,0.0,0.0,0.0,1.921,2.746,2.277,0.0,0.0,2.277,1.365,0.0,1.365,1.365,0.0,0.0,1.365,0.0,1.365,1.365,0.0,2.539,0.0,0.0,0.0,0.0,0.0,0.0,1.365,0.0,0.0,0.0,2.277,3.064,0.0,1.365,0.0,1.365,0.0,0.0,1.365,0.0,3.064,0.0,0.0,0.0,0.0,0.0,0.0,1.365,0.0,0.0,0.0,2.277,0.0,0.0,0.0,0.0,0.0,0.0,0.0,0.0,0.0,0.0,0.0,1.921,1.365,1.921,0.0,0.0,1.365,1.365,0.0,2.277,1.365,0.0,1.365,1.921,0.0,1.365,0.0,0.0,0.0
B-Zelle,0.0,0.0,0.0,0.0,0.0,0.0,0.0,0.0,0.0,0.0,0.0,0.0,0.0,0.0,0.0,0.0,2.359,2.832,0.0,0.0,0.0,0.0,0.0,1.434,0.0,0.0,2.0,0.0,1.434,0.0,0.0,2.623,0.0,0.0,0.0,2.0,0.0,0.0,2.0,0.0,1.434,0.0,0.0,0.0,1.434,0.0,0.0,0.0,1.434,2.623,0.0,0.0,0.0,0.0,0.0,2.0,0.0,1.434,1.434,0.0,1.434,0.0,0.0,0.0,0.0,0.0,2.832,0.0,0.0,0.0,0.0,1.434,0.0,0.0,1.434,0.0,0.0,0.0,0.0,0.0,1.434,0.0,0.0,0.0,0.0,0.0,0.0,0.0,0.0,0.0,0.0,0.0,0.0,0.0,2.0,0.0,0.0,0.0,1.434,0.0,1.434,0.0,0.0,0.0,0.0,0.0,0.0,0.0,0.0,0.0,0.0,1.434,2.0,1.434,0.0,0.0,0.0,0.0,1.434,2.0,0.0,2.0,0.0,0.0,0.0,0.0,1.434,0.0,0.0,0.0,0.0,0.0,0.0,0.0,0.0,0.0,0.0,0.0,0.0,1.434,0.0,0.0,0.0,1.434,1.434,1.434,0.0,1.434,0.0,0.0,1.434,0.0,0.0,0.0,0.0,0.0,0.0,0.0,0.0,0.0,1.434,2.0,0.0,0.0,1.434,0.0,0.0,0.0,0.0,0.0,0.0,0.0,0.0,0.0,2.359,0.0,0.0,0.0,0.0,0.0,0.0,2.832,1.434,1.434,1.434,0.0,1.434,0.0,2.832,0.0,0.0,0.0,0.0,0.0,0.0,2.359,2.359,0.0,0.0,1.434,1.434,0.0,1.434,0.0,2.0,0.0,0.0,0.0,0.0,4.637,0.0,3.004,0.0,1.434,2.0,0.0,0.0,1.434,0.0,0.0,0.0,0.0,2.0,0.0,0.0,0.0,1.434,0.0,0.0,0.0,3.823,0.0,0.0,0.0,2.359,1.434,4.267,3.588,4.069,3.151,2.359,2.623,0.0,3.004,3.588,4.122,0.0,0.0,0.0,1.434,0.0,0.0,0.0,0.0,0.0,0.0,0.0,1.434,0.0,0.0,0.0,0.0,0.0,0.0,0.0,0.0,0.0,1.434,2.0,0.0,0.0,0.0,1.434,0.0,0.0,0.0,1.434,0.0,1.434,0.0,2.832,0.0,0.0,0.0,0.0,1.434,1.434,1.434,0.0,0.0,0.0,0.0,0.0,0.0,0.0,0.0,0.0,0.0,0.0,1.434,0.0,0.0,0.0,0.0,0.0,1.434,0.0,2.359,0.0,0.0,0.0,0.0,0.0,0.0,0.0,2.0,0.0,0.0,0.0,1.434,1.434,2.623,0.0,0.0,0.0,0.0,0.0,0.0,0.0,0.0,1.434,0.0,0.0,0.0,1.434,1.434,0.0,0.0,0.0,0.0,1.434,0.0,0.0,2.0,1.434,2.0,2.359,0.0,0.0,2.832,0.0,0.0,0.0,2.0,1.434,0.0,0.0,0.0,0.0,1.434,0.0,1.434,1.434,1.434,0.0,1.434,0.0,0.0,0.0,0.0,2.359,0.0,0.0,0.0,1.434,0.0,0.0,0.0,0.0,2.359,0.0,0.0,1.434,0.0,0.0,0.0,1.434,1.434,0.0,1.434,0.0,0.0,0.0,0.0,2.623,0.0,0.0,0.0,0.0,0.0,0.0,0.0,0.0,0.0,0.0,0.0,0.0,1.434,0.0,0.0,0.0,1.434,0.0,0.0,0.0,0.0,0.0,0.0,0.0,0.0,0.0,0.0,0.0,2.0,0.0,0.0,0.0,2.623,0.0,2.0,0.0,0.0,0.0,0.0,0.0,0.0,0.0,0.0,1.434,2.0,2.623,0.0,1.434,0.0,0.0,0.0,0.0,0.0,0.0,0.0,0.0,0.0,1.434,0.0,0.0,0.0,0.0,0.0,0.0,0.0,0.0,2.359,0.0,1.434,0.0,0.0,0.0,0.0,0.0,0.0,0.0,0.0,0.0,0.0,2.359,0.0,0.0,1.434,0.0,0.0,0.0,1.434,0.0,0.0,0.0,0.0,0.0,0.0,0.0,1.434,0.0,3.151,0.0,1.434,0.0,0.0,3.279,0.0,0.0,0.0,0.0,0.0,0.0,0.0,0.0,2.0,0.0,1.434,1.434,0.0,0.0,0.0,1.434,0.0,2.0,0.0,1.434,0.0,0.0,0.0,0.0,1.434,2.0,0.0,2.359,1.434,0.0,0.0,0.0,0.0,0.0,2.0,0.0,0.0,1.434,0.0,1.434,2.623,0.0,0.0,0.0,0.0,0.0,2.359,0.0,0.0,0.0,1.434,0.0,0.0,0.0,2.359,0.0,0.0,0.0,0.0,0.0,0.0,0.0,0.0,2.0,0.0,0.0,0.0,0.0,0.0,0.0,0.0,1.434,0.0,0.0,1.434,0.0,0.0,0.0,0.0,0.0,0.0,0.0,0.0,0.0,1.434,0.0,0.0,0.0,0.0,0.0,0.0,1.434,1.434,0.0,0.0,0.0,0.0,1.434,0.0,0.0,1.434,1.434,0.0,0.0,0.0,0.0,0.0,0.0,0.0,0.0,0.0,1.434,0.0,0.0,0.0,0.0,0.0,0.0,2.359,1.434,0.0,0.0,3.151,1.434,0.0,0.0,0.0,0.0,0.0,0.0,0.0,0.0,0.0,0.0,0.0,0.0,0.0,0.0,0.0,0.0,0.0,0.0,0.0,0.0,0.0,0.0,0.0,0.0,2.0,0.0,0.0,0.0,0.0,0.0,2.0,1.434,1.434,0.0,2.0,0.0,0.0,0.0,1.434,2.0,1.434,2.359,0.0,0.0,0.0,0.0,0.0,1.434,1.434,0.0,0.0,0.0,0.0,0.0,0.0,0.0,0.0,0.0,2.623,0.0,0.0,0.0,1.434,0.0,1.434,2.623,3.279,0.0,2.0,0.0,2.0,0.0,0.0,0.0,0.0,1.434,0.0,0.0,0.0,1.434,1.434,1.434,1.434,0.0,0.0,0.0,0.0,0.0,3.279,2.359,2.359,1.434,0.0,0.0,3.588,0.0,3.004,0.0,2.0,0.0,0.0,0.0,0.0,0.0,0.0,0.0,0.0,0.0,1.434,0.0,2.0,0.0,0.0,0.0,0.0,3.495,0.0,2.359,0.0,2.359,0.0,0.0,0.0,0.0,0.0,0.0,1.434,1.434,0.0,0.0,1.434,0.0,1.434,0.0,0.0,0.0,0.0,0.0,0.0,2.0,2.0,0.0,0.0,0.0
Monozyt,2.09,0.0,0.0,0.0,0.0,0.0,0.0,1.513,0.0,0.0,0.0,0.0,0.0,0.0,0.0,0.0,0.0,2.09,1.513,0.0,0.0,1.513,0.0,2.09,0.0,0.0,0.0,0.0,3.103,0.0,0.0,0.0,0.0,2.09,0.0,0.0,0.0,0.0,1.513,0.0,3.103,3.25,0.0,0.0,0.0,0.0,0.0,0.0,0.0,3.103,1.513,1.513,1.513,0.0,3.688,4.739,0.0,2.719,0.0,0.0,1.513,0.0,1.513,0.0,0.0,0.0,2.09,0.0,4.495,0.0,4.171,0.0,0.0,0.0,0.0,0.0,0.0,0.0,0.0,0.0,0.0,0.0,0.0,0.0,1.513,0.0,0.0,0.0,0.0,0.0,0.0,2.09,0.0,1.513,2.09,0.0,0.0,0.0,1.513,0.0,1.513,1.513,0.0,0.0,0.0,0.0,0.0,0.0,0.0,0.0,0.0,0.0,0.0,0.0,0.0,0.0,0.0,0.0,0.0,1.513,0.0,1.513,0.0,0.0,1.513,0.0,0.0,0.0,0.0,0.0,0.0,0.0,0.0,1.513,0.0,0.0,0.0,0.0,0.0,1.513,0.0,0.0,0.0,0.0,2.09,0.0,0.0,1.513,0.0,1.513,0.0,0.0,2.09,0.0,1.513,0.0,0.0,0.0,0.0,0.0,0.0,0.0,0.0,0.0,0.0,0.0,0.0,0.0,0.0,2.453,0.0,0.0,0.0,1.513,0.0,0.0,0.0,0.0,0.0,0.0,2.09,0.0,0.0,0.0,0.0,0.0,2.453,0.0,0.0,0.0,1.513,0.0,0.0,0.0,0.0,1.513,1.513,0.0,0.0,1.513,0.0,2.09,1.513,0.0,2.453,0.0,0.0,1.513,0.0,4.224,0.0,1.513,2.09,2.453,0.0,0.0,0.0,2.09,1.513,2.09,0.0,0.0,1.513,0.0,0.0,0.0,1.513,0.0,0.0,0.0,1.513,4.171,4.323,0.0,1.513,0.0,3.379,3.103,3.379,1.513,0.0,1.513,0.0,1.513,3.851,3.103,0.0,0.0,0.0,0.0,0.0,0.0,2.09,0.0,2.09,0.0,0.0,0.0,0.0,0.0,0.0,0.0,0.0,0.0,0.0,2.09,0.0,1.513,2.453,2.09,0.0,0.0,1.513,1.513,0.0,0.0,0.0,0.0,0.0,0.0,2.453,0.0,0.0,1.513,0.0,0.0,1.513,0.0,0.0,2.09,0.0,0.0,0.0,1.513,0.0,0.0,0.0,3.25,1.513,0.0,0.0,0.0,0.0,0.0,0.0,0.0,0.0,1.513,0.0,2.09,2.09,1.513,1.513,2.09,0.0,2.09,0.0,2.453,1.513,0.0,0.0,2.719,1.513,1.513,0.0,0.0,0.0,0.0,0.0,0.0,1.513,0.0,0.0,0.0,0.0,0.0,0.0,0.0,0.0,0.0,0.0,1.513,0.0,0.0,0.0,0.0,0.0,1.513,2.453,2.09,0.0,0.0,0.0,0.0,0.0,0.0,0.0,1.513,2.719,0.0,0.0,1.513,2.09,0.0,1.513,1.513,1.513,0.0,0.0,0.0,0.0,0.0,0.0,0.0,2.09,0.0,0.0,0.0,0.0,2.719,0.0,0.0,0.0,0.0,0.0,0.0,0.0,0.0,2.719,1.513,0.0,2.453,3.379,2.453,2.09,1.513,2.929,0.0,0.0,0.0,0.0,0.0,1.513,0.0,0.0,2.09,0.0,0.0,3.493,0.0,3.688,2.09,0.0,2.09,2.09,1.513,1.513,0.0,2.09,0.0,0.0,2.929,0.0,0.0,1.513,0.0,0.0,0.0,2.09,0.0,1.513,0.0,0.0,1.513,0.0,0.0,0.0,0.0,1.513,0.0,0.0,2.453,2.09,1.513,0.0,0.0,0.0,0.0,1.513,0.0,0.0,0.0,0.0,0.0,0.0,1.513,0.0,0.0,0.0,0.0,0.0,0.0,0.0,0.0,0.0,0.0,0.0,0.0,0.0,0.0,0.0,0.0,0.0,0.0,0.0,0.0,0.0,0.0,1.513,2.09,0.0,0.0,0.0,0.0,2.09,0.0,0.0,2.453,0.0,2.453,2.453,0.0,0.0,0.0,0.0,0.0,0.0,1.513,2.09,0.0,0.0,0.0,0.0,0.0,0.0,0.0,0.0,0.0,0.0,0.0,0.0,0.0,0.0,0.0,0.0,0.0,2.09,1.513,0.0,0.0,0.0,0.0,0.0,0.0,0.0,1.513,2.453,0.0,0.0,1.513,0.0,1.513,0.0,2.719,1.513,0.0,0.0,2.09,0.0,0.0,1.513,1.513,0.0,2.453,0.0,0.0,0.0,0.0,1.513,0.0,1.513,0.0,0.0,1.513,0.0,0.0,0.0,2.453,0.0,1.513,0.0,0.0,1.513,0.0,0.0,0.0,0.0,0.0,0.0,0.0,0.0,1.513,2.09,0.0,0.0,0.0,0.0,0.0,0.0,0.0,0.0,0.0,0.0,0.0,1.513,0.0,0.0,0.0,0.0,0.0,1.513,0.0,0.0,0.0,2.929,2.09,1.513,0.0,0.0,0.0,0.0,1.513,0.0,0.0,0.0,0.0,0.0,0.0,0.0,0.0,0.0,0.0,0.0,0.0,2.719,1.513,0.0,2.719,0.0,1.513,2.09,2.09,2.453,0.0,0.0,0.0,1.513,0.0,0.0,0.0,0.0,0.0,0.0,0.0,0.0,1.513,0.0,0.0,0.0,1.513,0.0,4.055,0.0,1.513,1.513,0.0,0.0,0.0,1.513,0.0,0.0,1.513,0.0,1.513,1.513,2.719,3.103,0.0,0.0,3.379,2.453,0.0,1.513,1.513,0.0,1.513,0.0,0.0,0.0,0.0,0.0,0.0,0.0,0.0,2.09,1.513,0.0,3.103,1.513,1.513,0.0,0.0,0.0,0.0,0.0,0.0,2.453,3.595,1.513,1.513,0.0,2.09,0.0,0.0,1.513,0.0,1.513,2.09,0.0,1.513,1.513,1.513,0.0,1.513,3.688,0.0,0.0,0.0,0.0,0.0,1.513,0.0,0.0,1.513,2.09,5.033,0.0,2.09,0.0,1.513,0.0,0.0,0.0,0.0,0.0,0.0,0.0,0.0,0.0,0.0,2.453,0.0,0.0,0.0,0.0,0.0,0.0,0.0,2.719,0.0,0.0,0.0,0.0,2.09,0.0,0.0,0.0,1.513,0.0,2.453,0.0,2.09,1.513,1.513,0.0,2.09,0.0,0.0,0.0,2.929,0.0,2.929,0.0,2.453,0.0
B-Zelle,0.0,0.0,1.28,1.588,0.0,3.138,1.588,0.0,0.0,0.832,0.0,0.832,0.0,0.0,1.588,0.0,2.311,2.638,0.0,0.0,0.0,0.832,0.0,0.0,1.28,1.588,0.0,2.173,0.832,0.0,0.0,2.808,0.0,1.28,0.832,0.832,0.0,0.0,2.013,0.0,0.0,0.0,0.0,0.0,1.28,0.0,0.0,0.832,1.28,0.0,0.0,1.823,0.0,0.0,2.953,2.726,0.0,1.28,1.823,0.832,0.0,0.0,0.832,0.0,0.832,0.0,2.432,0.0,0.0,0.832,0.0,0.832,0.0,0.0,0.832,0.0,0.0,0.832,0.0,0.0,0.832,0.0,0.0,0.0,0.0,1.823,0.0,1.28,0.0,0.0,0.0,0.0,0.0,1.28,2.013,0.0,0.0,2.013,0.0,0.832,0.832,0.832,0.0,0.0,0.0,0.0,0.0,0.832,0.0,0.0,0.0,1.588,2.013,0.0,0.0,0.0,2.013,0.832,0.832,2.173,1.28,0.0,0.0,0.0,0.0,0.0,0.0,1.28,1.28,0.0,0.0,0.0,1.28,0.0,0.0,0.0,1.588,2.013,1.28,1.588,0.0,3.019,0.0,0.0,0.0,0.0,0.0,0.0,0.0,0.0,1.28,0.0,0.832,0.832,1.28,0.832,0.0,0.0,2.638,0.0,0.832,1.28,0.0,0.0,1.28,0.0,0.0,0.0,0.0,0.0,0.0,0.0,0.832,0.832,0.0,0.0,0.0,0.0,1.588,0.0,1.588,0.0,0.0,0.0,0.832,0.0,1.28,2.432,3.245,0.832,0.0,0.0,0.0,0.0,0.0,1.28,1.588,0.0,0.0,0.832,0.832,0.0,0.0,2.013,0.832,0.0,3.892,2.013,0.0,2.173,1.588,3.429,1.28,1.28,2.726,0.832,0.0,1.588,0.0,0.0,0.0,0.0,0.0,0.0,0.0,0.0,0.0,2.883,0.832,0.0,0.0,0.0,0.0,0.0,2.953,0.832,0.832,2.013,1.823,0.832,1.28,0.0,0.0,0.0,0.832,0.832,0.832,0.0,0.0,2.311,1.823,1.28,0.0,0.832,2.638,0.0,1.823,0.832,0.0,0.832,1.28,0.0,0.0,0.832,0.832,0.832,1.588,0.832,0.0,0.0,0.832,0.0,1.588,1.28,0.0,1.588,0.0,0.0,0.0,0.832,3.08,0.0,0.0,1.823,0.832,1.28,0.832,0.0,0.0,0.0,0.0,0.832,0.832,0.0,0.832,1.588,2.013,0.832,0.0,1.823,0.0,0.0,0.0,0.0,0.0,1.28,0.0,0.832,1.28,1.28,0.0,0.832,0.0,0.0,0.0,2.432,0.0,0.0,0.832,0.0,0.832,1.823,1.28,0.832,1.823,1.28,0.832,0.832,0.0,0.832,1.588,0.0,2.432,0.832,0.0,0.0,0.0,0.0,0.832,0.832,1.28,0.0,0.832,2.013,0.0,1.823,2.173,0.0,0.0,2.173,0.0,0.0,0.832,0.0,0.0,0.0,0.0,0.0,0.832,1.588,0.0,2.432,1.823,1.28,0.832,0.0,0.832,0.0,0.0,0.0,1.28,1.588,0.0,0.832,0.0,0.0,0.832,0.0,0.0,2.311,0.0,0.0,0.832,0.0,0.0,0.0,1.28,0.0,3.138,2.638,0.0,0.832,0.0,1.28,2.432,0.832,0.0,0.832,1.588,0.0,0.0,0.0,0.0,1.28,0.0,0.0,0.0,0.832,0.0,0.0,0.0,0.0,0.832,1.823,0.0,0.0,0.0,1.823,2.953,0.0,0.0,0.0,0.832,1.28,1.28,0.0,0.0,0.0,0.0,0.0,0.0,0.832,0.0,0.832,0.0,0.0,0.832,0.832,0.0,0.0,2.173,0.0,1.588,0.832,1.588,1.588,2.173,1.588,3.08,0.832,0.0,0.0,0.0,1.28,0.0,0.0,0.0,0.0,0.0,0.0,0.0,1.588,0.0,1.28,0.0,0.0,0.0,0.0,0.0,0.0,0.0,0.0,0.832,0.0,2.953,0.0,3.138,2.013,0.832,2.54,0.0,0.0,0.0,1.823,2.311,0.0,0.832,0.0,0.0,1.28,0.0,0.0,1.28,0.0,1.28,0.0,2.173,0.0,2.173,0.832,2.173,0.0,0.0,0.0,0.0,2.013,1.588,0.0,0.0,0.0,0.832,0.832,0.0,0.0,0.0,0.832,2.54,1.823,0.0,0.0,0.0,0.832,0.832,0.0,2.173,0.0,0.0,0.0,0.832,1.588,1.588,0.0,0.0,2.432,0.0,0.0,0.0,2.953,2.54,0.0,0.0,0.832,1.823,2.013,0.832,0.0,0.0,1.823,0.0,0.832,0.832,3.386,0.832,1.823,0.832,0.832,0.832,1.28,2.173,0.0,1.823,0.0,1.588,0.0,0.832,1.28,0.832,0.0,0.832,0.0,2.726,0.0,2.54,0.0,0.0,0.832,2.013,2.173,0.0,1.588,0.0,0.0,0.832,0.0,1.28,0.832,0.0,0.0,0.0,0.0,1.823,0.832,0.0,0.832,3.138,2.013,1.823,0.0,1.28,0.0,0.0,0.0,0.0,1.28,0.0,0.832,0.0,0.832,0.0,0.832,0.0,0.0,1.28,1.28,0.0,1.28,0.832,0.0,1.28,1.588,1.28,0.0,2.432,0.0,0.0,0.0,2.311,0.0,1.823,0.0,0.0,1.28,0.0,0.0,0.0,0.832,1.28,0.0,1.588,0.0,1.28,0.0,0.0,0.0,1.823,1.28,1.28,1.28,1.823,0.0,0.0,0.832,0.0,2.432,2.013,2.173,1.588,0.0,0.0,0.0,0.0,0.0,1.588,2.013,0.0,1.823,1.28,0.832,0.0,0.832,0.0,0.0,0.0,0.0,2.311,0.0,0.0,0.0,0.0,1.28,0.0,0.0,0.0,0.0,1.823,0.0,0.0,1.588,0.0,2.54,0.0,1.823,1.588,0.0,2.013,0.832,1.28,0.832,1.823,0.0,2.726,2.013,0.832,0.832,0.0,2.311,0.0,0.0,0.0,0.0,1.28,0.0,0.0,2.173,1.588,3.809,1.28,0.832,0.0,1.588,0.0,0.0,0.0,0.0,0.0,0.0,0.0,0.0,0.832,0.832,1.28,0.832,0.832,0.832,1.28,2.808,5.626,0.0,1.28,0.832,2.54,0.0,0.0,0.0,1.588,0.0,0.0,0.832,0.0,2.013,0.0,0.0,1.28,2.013,0.0,0.832,0.0,0.0,1.588,1.823,0.0,0.832,0.0,0.0,0.832
Dendritische Zelle,0.0,0.0,0.0,1.287,0.0,0.0,0.0,1.287,0.0,1.832,0.0,0.0,0.0,0.0,0.0,0.0,0.0,2.442,0.0,2.183,0.0,0.0,0.0,0.0,0.0,0.0,0.0,0.0,1.287,0.0,0.0,1.287,0.0,1.287,0.0,0.0,0.0,0.0,1.832,0.0,2.647,0.0,0.0,0.0,0.0,0.0,1.287,1.287,0.0,1.287,0.0,2.442,1.287,0.0,3.09,2.963,0.0,1.287,1.287,0.0,0.0,1.287,1.832,0.0,1.832,3.304,2.647,0.0,0.0,0.0,0.0,0.0,0.0,1.287,0.0,0.0,0.0,1.287,0.0,0.0,1.832,0.0,0.0,0.0,0.0,0.0,1.287,0.0,0.0,0.0,1.287,0.0,0.0,1.832,0.0,1.287,0.0,1.287,1.832,1.287,2.442,0.0,0.0,0.0,0.0,0.0,0.0,0.0,0.0,0.0,0.0,1.287,2.183,0.0,1.832,0.0,0.0,0.0,1.287,1.287,0.0,1.832,0.0,0.0,0.0,1.832,0.0,0.0,0.0,0.0,0.0,0.0,0.0,1.287,0.0,1.287,1.287,0.0,0.0,2.183,1.287,0.0,1.287,1.832,2.183,1.287,0.0,1.832,0.0,0.0,0.0,0.0,1.287,1.287,0.0,1.287,0.0,0.0,1.832,1.287,0.0,1.832,0.0,0.0,0.0,0.0,0.0,0.0,1.287,0.0,0.0,0.0,0.0,0.0,0.0,0.0,0.0,1.287,0.0,1.832,1.832,0.0,0.0,0.0,0.0,1.287,1.832,1.287,0.0,0.0,1.287,0.0,0.0,0.0,0.0,1.287,0.0,0.0,0.0,0.0,1.832,0.0,0.0,0.0,1.287,0.0,0.0,1.287,1.287,5.048,0.0,2.442,0.0,1.832,0.0,0.0,0.0,0.0,0.0,0.0,1.287,0.0,1.832,0.0,1.287,0.0,1.287,1.287,0.0,0.0,3.304,2.818,2.818,1.287,2.183,1.832,4.801,3.558,4.663,3.82,3.63,3.396,1.287,2.818,4.442,4.663,0.0,0.0,0.0,0.0,1.287,0.0,1.287,0.0,2.442,1.287,0.0,1.287,0.0,1.287,1.287,1.832,0.0,0.0,0.0,0.0,0.0,1.287,2.963,0.0,1.287,0.0,0.0,1.832,2.442,0.0,1.832,0.0,2.183,0.0,2.442,0.0,0.0,0.0,0.0,0.0,0.0,0.0,0.0,1.287,0.0,0.0,0.0,0.0,0.0,1.287,0.0,2.442,0.0,1.287,0.0,0.0,0.0,0.0,0.0,0.0,0.0,0.0,0.0,1.287,1.832,1.287,0.0,0.0,0.0,1.287,1.287,2.647,0.0,0.0,0.0,1.287,0.0,0.0,0.0,0.0,0.0,0.0,0.0,0.0,0.0,0.0,0.0,0.0,0.0,0.0,0.0,0.0,1.287,1.287,0.0,0.0,0.0,0.0,0.0,1.287,0.0,0.0,0.0,2.183,1.287,0.0,1.287,0.0,1.832,0.0,0.0,1.832,1.287,0.0,0.0,0.0,1.832,0.0,0.0,0.0,0.0,0.0,2.442,0.0,1.832,0.0,1.287,0.0,1.287,0.0,0.0,0.0,0.0,2.183,0.0,1.287,1.287,0.0,0.0,1.832,0.0,0.0,1.832,1.287,0.0,0.0,1.287,1.287,2.963,0.0,0.0,0.0,1.287,0.0,0.0,0.0,0.0,0.0,0.0,0.0,0.0,1.832,1.287,0.0,0.0,2.183,0.0,0.0,0.0,0.0,0.0,0.0,1.287,1.287,0.0,1.832,1.287,0.0,0.0,0.0,0.0,1.287,0.0,0.0,0.0,1.287,1.287,1.287,0.0,0.0,1.287,0.0,1.287,0.0,1.832,0.0,2.818,0.0,2.442,0.0,0.0,0.0,1.287,0.0,1.287,1.287,0.0,0.0,0.0,2.183,1.287,1.832,1.287,0.0,0.0,1.832,0.0,0.0,0.0,1.287,0.0,0.0,0.0,0.0,0.0,0.0,0.0,0.0,0.0,1.287,0.0,0.0,0.0,2.647,0.0,1.832,1.287,0.0,2.183,0.0,0.0,4.823,0.0,0.0,1.287,2.647,0.0,0.0,0.0,1.287,0.0,1.287,2.442,0.0,0.0,0.0,0.0,0.0,0.0,1.287,0.0,0.0,0.0,0.0,0.0,1.832,0.0,0.0,1.287,1.287,0.0,1.287,0.0,0.0,0.0,1.832,0.0,0.0,0.0,1.287,0.0,0.0,0.0,1.287,0.0,3.203,0.0,2.183,0.0,0.0,0.0,1.832,0.0,0.0,0.0,1.287,0.0,2.442,0.0,0.0,0.0,0.0,0.0,0.0,0.0,0.0,0.0,1.832,0.0,0.0,0.0,1.287,2.442,0.0,1.287,0.0,1.287,0.0,0.0,0.0,0.0,0.0,0.0,1.287,1.287,0.0,2.183,1.832,0.0,0.0,0.0,0.0,0.0,0.0,0.0,0.0,0.0,0.0,1.832,2.442,0.0,0.0,0.0,0.0,1.287,0.0,3.09,0.0,1.832,0.0,1.832,1.287,0.0,0.0,0.0,0.0,0.0,0.0,0.0,0.0,0.0,1.287,0.0,0.0,1.287,1.287,1.832,1.287,0.0,0.0,1.832,1.287,1.287,0.0,2.183,0.0,0.0,0.0,0.0,0.0,2.183,1.287,1.287,0.0,0.0,0.0,0.0,0.0,0.0,1.287,0.0,1.287,1.287,0.0,0.0,4.531,0.0,0.0,1.832,1.832,0.0,0.0,2.442,0.0,0.0,1.287,0.0,1.832,0.0,1.287,1.832,0.0,0.0,0.0,0.0,1.287,2.183,0.0,0.0,1.287,0.0,0.0,1.287,0.0,0.0,1.287,0.0,0.0,2.183,0.0,1.832,0.0,0.0,2.183,0.0,1.287,0.0,0.0,0.0,0.0,2.183,2.818,1.287,0.0,0.0,1.287,1.287,0.0,1.287,1.832,1.832,0.0,1.287,0.0,2.183,2.183,1.287,0.0,1.832,0.0,1.287,1.287,1.287,0.0,0.0,0.0,0.0,0.0,2.183,3.203,1.287,2.442,1.832,1.832,1.287,0.0,0.0,0.0,1.287,0.0,0.0,0.0,0.0,0.0,0.0,0.0,0.0,1.832,0.0,1.287,0.0,0.0,0.0,0.0,1.287,1.287,0.0,0.0,1.287,1.287,0.0,1.832,1.287,1.287,0.0,0.0,0.0,1.287,0.0,1.832,0.0,0.0,0.0,0.0,1.287,1.287,0.0,0.0,0.0
Dendritische Zelle,0.0,0.0,0.0,2.569,0.0,1.227,0.0,0.0,0.0,0.0,1.227,1.227,0.0,0.0,0.0,0.0,0.0,2.108,0.0,1.227,0.0,1.227,0.0,0.0,0.0,0.0,0.0,0.0,1.227,0.0,0.0,0.0,1.227,0.0,0.0,0.0,0.0,0.0,1.227,0.0,2.364,0.0,0.0,0.0,1.227,0.0,0.0,1.227,1.227,0.0,0.0,2.364,0.0,0.0,2.108,3.678,0.0,1.761,0.0,1.227,0.0,0.0,1.227,0.0,1.227,3.737,2.569,0.0,3.009,1.761,0.0,0.0,0.0,0.0,0.0,0.0,0.0,0.0,0.0,0.0,0.0,0.0,1.227,0.0,0.0,1.761,1.227,0.0,0.0,0.0,0.0,1.761,1.227,0.0,1.227,0.0,0.0,1.761,2.108,0.0,1.761,0.0,1.227,0.0,0.0,0.0,2.108,0.0,0.0,0.0,0.0,0.0,1.227,0.0,1.227,0.0,0.0,0.0,0.0,1.227,0.0,0.0,0.0,0.0,0.0,1.227,0.0,0.0,1.227,0.0,1.227,0.0,0.0,2.108,0.0,1.227,2.108,1.761,0.0,2.738,0.0,0.0,0.0,1.761,0.0,1.227,0.0,0.0,0.0,1.227,0.0,0.0,0.0,1.227,0.0,0.0,0.0,0.0,0.0,0.0,1.227,1.227,1.227,0.0,0.0,0.0,0.0,0.0,0.0,0.0,0.0,0.0,1.227,0.0,1.227,0.0,0.0,1.227,0.0,2.108,2.108,1.227,1.227,0.0,1.227,1.227,0.0,0.0,0.0,0.0,1.227,0.0,0.0,0.0,0.0,1.761,0.0,0.0,0.0,1.227,0.0,0.0,2.108,0.0,1.227,0.0,0.0,0.0,1.227,5.315,0.0,2.569,0.0,1.227,1.227,0.0,0.0,1.761,0.0,1.227,1.227,0.0,1.761,0.0,1.227,1.227,0.0,0.0,1.227,0.0,0.0,2.569,2.108,1.227,1.761,0.0,5.189,4.226,4.819,4.327,3.944,3.737,2.364,2.569,4.738,4.717,0.0,0.0,0.0,2.364,0.0,0.0,2.569,0.0,1.227,0.0,1.227,0.0,0.0,1.227,0.0,0.0,0.0,0.0,0.0,0.0,0.0,1.227,2.108,0.0,0.0,0.0,0.0,1.761,1.761,0.0,1.227,0.0,0.0,1.227,2.364,1.227,0.0,1.761,0.0,0.0,1.227,1.227,0.0,0.0,0.0,0.0,0.0,1.227,0.0,1.227,0.0,1.761,1.227,0.0,0.0,0.0,0.0,0.0,0.0,1.227,0.0,1.227,0.0,1.227,0.0,0.0,0.0,0.0,0.0,0.0,1.761,2.108,0.0,0.0,0.0,0.0,0.0,0.0,1.227,0.0,0.0,1.227,0.0,0.0,1.227,0.0,1.227,0.0,0.0,0.0,0.0,0.0,0.0,1.227,0.0,1.227,1.227,0.0,0.0,1.761,1.761,0.0,0.0,0.0,0.0,0.0,0.0,0.0,1.227,0.0,1.227,2.364,0.0,1.227,0.0,2.569,0.0,0.0,0.0,2.108,1.227,0.0,0.0,0.0,1.227,0.0,1.227,0.0,0.0,0.0,0.0,0.0,0.0,2.883,0.0,0.0,0.0,0.0,0.0,1.227,0.0,0.0,3.122,2.108,0.0,2.364,2.738,1.227,2.883,1.227,0.0,1.227,1.227,1.227,0.0,0.0,1.761,0.0,0.0,1.227,0.0,1.227,1.761,1.227,0.0,1.227,0.0,1.761,0.0,1.227,1.227,0.0,2.108,1.227,0.0,2.569,0.0,0.0,1.761,0.0,0.0,0.0,0.0,1.227,0.0,0.0,0.0,0.0,0.0,0.0,0.0,0.0,0.0,0.0,0.0,0.0,2.364,1.227,1.227,0.0,1.227,1.227,1.227,1.227,0.0,0.0,0.0,0.0,0.0,2.883,0.0,0.0,0.0,0.0,0.0,0.0,0.0,0.0,0.0,0.0,0.0,0.0,0.0,0.0,0.0,0.0,0.0,0.0,1.227,0.0,0.0,1.227,0.0,2.364,1.227,0.0,0.0,0.0,1.227,0.0,0.0,4.418,0.0,2.364,1.761,0.0,0.0,0.0,0.0,0.0,0.0,1.227,0.0,0.0,2.108,0.0,0.0,0.0,0.0,1.761,1.227,0.0,0.0,0.0,0.0,0.0,0.0,1.761,1.227,0.0,2.364,1.761,0.0,0.0,0.0,0.0,0.0,0.0,2.364,1.227,2.108,0.0,0.0,0.0,0.0,2.738,0.0,1.761,0.0,0.0,1.227,1.761,0.0,0.0,0.0,1.227,2.108,1.761,0.0,0.0,0.0,1.761,0.0,1.227,0.0,2.108,0.0,1.761,1.761,0.0,0.0,1.227,1.227,0.0,0.0,0.0,1.761,0.0,0.0,0.0,0.0,1.227,0.0,0.0,1.227,0.0,1.227,0.0,0.0,1.761,0.0,0.0,0.0,1.227,0.0,0.0,1.227,0.0,1.227,2.108,0.0,0.0,0.0,0.0,1.761,0.0,2.883,0.0,2.738,0.0,1.227,0.0,0.0,0.0,1.227,1.761,0.0,0.0,0.0,0.0,0.0,1.761,0.0,0.0,0.0,0.0,1.227,0.0,0.0,1.761,0.0,0.0,0.0,0.0,1.761,2.108,0.0,0.0,0.0,0.0,0.0,0.0,0.0,0.0,1.227,0.0,0.0,0.0,0.0,0.0,0.0,1.227,0.0,1.227,1.227,4.579,1.227,0.0,0.0,0.0,1.761,1.761,1.227,1.227,0.0,0.0,0.0,3.009,1.227,1.761,0.0,0.0,0.0,0.0,0.0,0.0,2.108,1.227,0.0,0.0,0.0,0.0,0.0,0.0,0.0,0.0,0.0,0.0,2.108,1.227,0.0,0.0,0.0,0.0,0.0,1.761,0.0,0.0,0.0,0.0,2.569,3.223,0.0,0.0,0.0,1.227,0.0,0.0,0.0,1.227,1.227,2.108,1.761,0.0,1.227,2.364,0.0,0.0,1.761,0.0,0.0,0.0,0.0,0.0,1.227,1.227,0.0,0.0,1.761,3.793,0.0,1.761,0.0,0.0,0.0,0.0,0.0,1.761,0.0,0.0,0.0,0.0,0.0,0.0,1.761,0.0,0.0,0.0,1.227,0.0,0.0,0.0,0.0,0.0,1.227,0.0,0.0,0.0,2.108,0.0,0.0,1.227,0.0,0.0,0.0,2.108,1.227,0.0,0.0,0.0,0.0,0.0,1.761,1.761,1.227,2.108,0.0,1.227,0.0
T-Zelle,0.0,0.0,0.0,0.0,0.0,1.577,0.0,0.0,0.0,0.0,1.577,2.161,0.0,0.0,1.577,0.0,3.005,3.457,0.0,2.527,0.0,0.0,0.0,0.0,0.0,0.0,1.577,0.0,1.577,0.0,0.0,2.527,0.0,0.0,0.0,2.161,0.0,0.0,0.0,0.0,0.0,0.0,0.0,0.0,0.0,0.0,0.0,0.0,0.0,1.577,0.0,2.795,0.0,0.0,3.457,3.328,0.0,1.577,1.577,0.0,0.0,0.0,1.577,0.0,0.0,0.0,0.0,0.0,0.0,0.0,0.0,0.0,0.0,0.0,1.577,0.0,0.0,1.577,0.0,0.0,1.577,0.0,2.161,0.0,1.577,0.0,0.0,0.0,1.577,0.0,0.0,0.0,0.0,0.0,1.577,0.0,0.0,0.0,0.0,0.0,0.0,0.0,0.0,0.0,0.0,0.0,0.0,0.0,0.0,0.0,0.0,0.0,2.161,0.0,0.0,0.0,0.0,2.161,0.0,2.161,0.0,0.0,0.0,0.0,0.0,0.0,1.577,0.0,0.0,0.0,0.0,0.0,1.577,0.0,0.0,2.795,1.577,0.0,1.577,3.005,0.0,0.0,0.0,0.0,0.0,2.161,0.0,1.577,0.0,1.577,0.0,0.0,1.577,1.577,0.0,0.0,0.0,0.0,0.0,0.0,1.577,0.0,0.0,0.0,0.0,0.0,0.0,0.0,0.0,0.0,0.0,1.577,0.0,1.577,0.0,0.0,0.0,0.0,0.0,1.577,0.0,0.0,0.0,0.0,1.577,0.0,1.577,4.651,0.0,0.0,2.527,0.0,0.0,0.0,0.0,2.161,1.577,0.0,0.0,0.0,0.0,0.0,0.0,0.0,0.0,0.0,0.0,2.527,0.0,1.577,0.0,1.577,0.0,1.577,0.0,0.0,0.0,0.0,0.0,0.0,0.0,0.0,0.0,0.0,2.161,0.0,1.577,0.0,0.0,1.577,2.161,0.0,0.0,0.0,2.161,0.0,0.0,0.0,0.0,0.0,0.0,0.0,0.0,0.0,0.0,0.0,0.0,1.577,1.577,2.527,3.179,1.577,0.0,0.0,0.0,1.577,0.0,0.0,0.0,0.0,0.0,0.0,0.0,0.0,0.0,0.0,0.0,1.577,0.0,0.0,0.0,0.0,0.0,0.0,0.0,0.0,2.527,0.0,0.0,0.0,3.005,0.0,0.0,0.0,1.577,1.577,1.577,0.0,0.0,0.0,0.0,0.0,0.0,0.0,1.577,2.161,0.0,1.577,0.0,1.577,0.0,0.0,2.527,0.0,0.0,0.0,0.0,0.0,0.0,0.0,0.0,1.577,0.0,0.0,0.0,2.527,0.0,0.0,0.0,0.0,0.0,1.577,1.577,1.577,2.161,0.0,2.161,0.0,0.0,0.0,1.577,0.0,0.0,0.0,0.0,0.0,0.0,0.0,1.577,0.0,0.0,0.0,1.577,0.0,0.0,2.161,1.577,2.161,0.0,2.161,0.0,2.161,0.0,0.0,0.0,1.577,0.0,0.0,1.577,1.577,0.0,1.577,0.0,1.577,0.0,0.0,0.0,0.0,0.0,0.0,0.0,0.0,0.0,0.0,1.577,0.0,0.0,2.527,0.0,3.852,0.0,0.0,0.0,0.0,0.0,0.0,0.0,0.0,1.577,2.161,0.0,0.0,0.0,1.577,2.527,1.577,0.0,0.0,1.577,0.0,0.0,0.0,2.527,0.0,0.0,0.0,0.0,0.0,0.0,0.0,0.0,1.577,0.0,1.577,0.0,0.0,0.0,0.0,1.577,0.0,0.0,0.0,0.0,1.577,0.0,0.0,0.0,0.0,1.577,0.0,1.577,0.0,0.0,2.161,2.161,0.0,0.0,0.0,2.527,2.161,2.527,0.0,2.161,0.0,0.0,0.0,2.161,0.0,1.577,1.577,1.577,0.0,0.0,0.0,0.0,0.0,0.0,3.571,0.0,0.0,0.0,2.527,0.0,1.577,1.577,0.0,0.0,0.0,0.0,0.0,0.0,0.0,1.577,0.0,3.328,0.0,0.0,2.161,0.0,3.571,0.0,2.161,0.0,0.0,2.527,0.0,0.0,0.0,0.0,2.527,0.0,2.527,0.0,0.0,3.179,0.0,2.161,1.577,2.527,0.0,0.0,0.0,0.0,1.577,0.0,1.577,1.577,0.0,0.0,0.0,0.0,0.0,0.0,0.0,0.0,0.0,1.577,1.577,0.0,0.0,0.0,2.161,0.0,0.0,1.577,2.795,0.0,0.0,0.0,1.577,0.0,0.0,2.161,1.577,2.161,0.0,0.0,2.161,0.0,0.0,0.0,0.0,0.0,2.527,0.0,0.0,0.0,1.577,0.0,0.0,0.0,0.0,0.0,0.0,2.161,0.0,0.0,0.0,0.0,1.577,2.161,0.0,0.0,0.0,0.0,0.0,0.0,0.0,0.0,0.0,0.0,0.0,2.527,0.0,1.577,1.577,0.0,0.0,0.0,0.0,2.527,0.0,0.0,0.0,0.0,0.0,0.0,0.0,0.0,0.0,0.0,0.0,0.0,0.0,2.161,0.0,2.161,1.577,0.0,0.0,0.0,0.0,0.0,0.0,0.0,0.0,0.0,2.161,0.0,0.0,0.0,0.0,0.0,0.0,1.577,0.0,0.0,0.0,1.577,0.0,2.161,0.0,1.577,0.0,1.577,0.0,1.577,0.0,1.577,2.161,0.0,0.0,0.0,0.0,0.0,0.0,0.0,0.0,0.0,0.0,0.0,0.0,0.0,0.0,0.0,1.577,0.0,0.0,2.795,1.577,0.0,0.0,0.0,1.577,0.0,1.577,0.0,0.0,0.0,0.0,2.161,2.795,0.0,0.0,0.0,1.577,0.0,0.0,2.795,1.577,0.0,0.0,1.577,0.0,1.577,0.0,0.0,2.161,0.0,1.577,0.0,0.0,0.0,0.0,1.577,0.0,0.0,0.0,1.577,0.0,0.0,1.577,2.527,1.577,1.577,0.0,0.0,0.0,2.161,0.0,1.577,0.0,1.577,2.161,0.0,1.577,0.0,0.0,0.0,0.0,0.0,0.0,0.0,2.161,3.179,1.577,0.0,0.0,0.0,3.005,0.0,0.0,1.577,0.0,0.0,0.0,0.0,0.0,0.0,0.0,0.0,0.0,0.0,0.0,1.577,0.0,0.0,0.0,0.0,0.0,1.577,0.0,0.0,0.0,0.0,0.0,0.0,2.161,1.577,0.0,0.0,0.0,0.0,0.0,0.0,1.577,0.0,0.0,0.0,0.0,0.0,0.0,0.0,0.0,0.0
Monozyt,0.0,0.0,0.0,0.0,1.59,0.0,0.0,0.0,0.0,1.59,0.0,0.0,0.0,0.0,0.0,0.0,0.0,2.176,2.176,0.0,0.0,1.59,0.0,0.0,0.0,0.0,0.0,1.59,2.176,0.0,0.0,1.59,0.0,0.0,0.0,1.59,0.0,2.176,2.176,0.0,1.59,0.0,0.0,0.0,0.0,0.0,0.0,0.0,0.0,3.587,0.0,2.176,2.176,0.0,3.69,4.267,0.0,2.811,0.0,1.59,0.0,0.0,0.0,0.0,2.543,0.0,2.176,0.0,3.022,0.0,2.543,0.0,0.0,0.0,0.0,0.0,0.0,1.59,0.0,0.0,2.176,0.0,0.0,0.0,2.176,1.59,0.0,0.0,0.0,0.0,0.0,0.0,0.0,1.59,0.0,0.0,0.0,1.59,0.0,0.0,0.0,0.0,0.0,0.0,0.0,0.0,0.0,0.0,0.0,0.0,0.0,0.0,1.59,0.0,0.0,0.0,0.0,0.0,0.0,0.0,0.0,1.59,0.0,0.0,2.176,1.59,0.0,1.59,2.176,0.0,0.0,0.0,0.0,1.59,0.0,0.0,0.0,0.0,0.0,0.0,1.59,0.0,0.0,1.59,2.176,0.0,0.0,0.0,0.0,0.0,1.59,0.0,0.0,0.0,0.0,0.0,0.0,0.0,1.59,0.0,0.0,1.59,0.0,0.0,1.59,0.0,0.0,0.0,0.0,2.176,0.0,0.0,0.0,0.0,0.0,0.0,0.0,0.0,0.0,1.59,0.0,2.176,1.59,0.0,0.0,0.0,0.0,0.0,1.59,0.0,0.0,0.0,0.0,0.0,0.0,1.59,0.0,0.0,0.0,2.176,1.59,0.0,0.0,0.0,0.0,0.0,0.0,0.0,1.59,4.419,0.0,0.0,2.176,2.543,0.0,0.0,0.0,0.0,0.0,2.176,0.0,0.0,1.59,0.0,0.0,1.59,0.0,0.0,0.0,0.0,1.59,3.947,4.465,0.0,2.176,0.0,4.019,3.473,4.019,2.543,1.59,2.176,1.59,2.543,3.473,3.344,0.0,0.0,0.0,0.0,0.0,0.0,0.0,0.0,1.59,0.0,0.0,0.0,0.0,0.0,1.59,0.0,0.0,0.0,0.0,1.59,0.0,0.0,2.811,0.0,1.59,0.0,2.543,1.59,0.0,0.0,0.0,0.0,0.0,0.0,1.59,0.0,0.0,0.0,0.0,0.0,1.59,0.0,0.0,0.0,0.0,0.0,0.0,2.811,0.0,1.59,0.0,2.176,0.0,0.0,0.0,0.0,0.0,0.0,0.0,0.0,0.0,0.0,0.0,1.59,1.59,0.0,2.176,0.0,0.0,1.59,3.587,2.811,0.0,0.0,0.0,1.59,0.0,0.0,0.0,0.0,0.0,0.0,0.0,1.59,1.59,0.0,0.0,0.0,0.0,0.0,0.0,0.0,0.0,0.0,0.0,0.0,0.0,0.0,0.0,0.0,1.59,0.0,1.59,2.176,0.0,0.0,0.0,0.0,0.0,1.59,0.0,0.0,2.176,2.176,0.0,0.0,2.176,2.543,2.176,1.59,0.0,0.0,3.022,0.0,1.59,0.0,0.0,0.0,1.59,0.0,1.59,0.0,0.0,1.59,0.0,0.0,0.0,1.59,0.0,0.0,0.0,1.59,3.196,0.0,0.0,1.59,3.587,0.0,3.022,0.0,1.59,0.0,0.0,0.0,1.59,0.0,0.0,0.0,0.0,0.0,0.0,0.0,4.087,0.0,3.868,1.59,0.0,2.543,1.59,0.0,1.59,0.0,0.0,2.176,0.0,3.196,0.0,0.0,0.0,0.0,0.0,0.0,0.0,0.0,1.59,0.0,1.59,1.59,0.0,1.59,1.59,0.0,0.0,1.59,0.0,0.0,1.59,2.176,2.176,0.0,0.0,0.0,1.59,0.0,2.543,1.59,0.0,0.0,0.0,1.59,0.0,0.0,0.0,0.0,1.59,0.0,0.0,0.0,0.0,1.59,0.0,0.0,0.0,0.0,0.0,0.0,0.0,1.59,0.0,1.59,0.0,0.0,0.0,1.59,0.0,0.0,0.0,0.0,2.543,0.0,0.0,2.543,0.0,2.811,0.0,0.0,0.0,1.59,0.0,0.0,0.0,2.543,2.811,0.0,0.0,0.0,0.0,0.0,0.0,2.811,0.0,0.0,1.59,0.0,1.59,0.0,0.0,0.0,0.0,1.59,2.543,0.0,0.0,0.0,0.0,0.0,0.0,0.0,2.176,0.0,1.59,0.0,1.59,1.59,1.59,1.59,0.0,1.59,0.0,0.0,1.59,0.0,0.0,0.0,0.0,0.0,1.59,2.543,0.0,0.0,0.0,0.0,0.0,1.59,2.176,0.0,0.0,1.59,0.0,1.59,1.59,1.59,0.0,0.0,0.0,0.0,1.59,0.0,0.0,0.0,0.0,0.0,1.59,0.0,1.59,0.0,1.59,0.0,0.0,1.59,0.0,0.0,0.0,0.0,0.0,0.0,1.59,0.0,1.59,1.59,0.0,0.0,0.0,0.0,1.59,2.176,0.0,1.59,1.59,0.0,1.59,0.0,0.0,0.0,0.0,0.0,0.0,0.0,0.0,0.0,0.0,0.0,0.0,0.0,1.59,0.0,0.0,0.0,2.176,0.0,0.0,1.59,0.0,1.59,2.811,1.59,0.0,0.0,0.0,0.0,0.0,0.0,0.0,0.0,0.0,1.59,0.0,0.0,1.59,0.0,0.0,0.0,0.0,0.0,0.0,3.473,0.0,0.0,0.0,0.0,0.0,0.0,0.0,0.0,0.0,2.176,0.0,2.543,1.59,3.344,2.176,0.0,0.0,2.543,0.0,0.0,0.0,1.59,0.0,0.0,0.0,0.0,0.0,1.59,0.0,0.0,0.0,0.0,0.0,0.0,0.0,3.196,0.0,2.176,0.0,1.59,0.0,0.0,0.0,0.0,2.176,0.0,0.0,1.59,1.59,1.59,0.0,0.0,2.543,0.0,1.59,2.176,1.59,2.176,0.0,0.0,0.0,0.0,3.196,0.0,1.59,0.0,1.59,0.0,0.0,0.0,0.0,1.59,1.59,5.279,0.0,3.196,0.0,0.0,0.0,0.0,1.59,0.0,0.0,0.0,0.0,0.0,0.0,1.59,2.811,0.0,0.0,1.59,1.59,0.0,0.0,0.0,0.0,0.0,1.59,0.0,0.0,1.59,0.0,0.0,0.0,2.543,0.0,0.0,0.0,1.59,0.0,2.543,0.0,0.0,0.0,0.0,0.0,2.176,0.0,1.59,0.0,1.59,0.0
B-Zelle,0.0,0.0,0.0,1.743,0.0,0.0,0.0,0.0,0.0,0.0,0.0,0.0,0.0,0.0,0.0,0.0,0.0,3.294,1.211,0.0,0.0,1.211,0.0,0.0,0.0,0.0,1.211,0.0,0.0,0.0,0.0,1.743,0.0,0.0,1.211,0.0,0.0,0.0,2.718,0.0,1.211,0.0,0.0,0.0,0.0,0.0,0.0,1.743,1.211,0.0,0.0,2.345,0.0,0.0,2.345,2.549,0.0,1.743,1.211,0.0,0.0,1.743,1.743,0.0,1.211,0.0,2.863,0.0,1.211,1.211,0.0,1.211,0.0,0.0,1.743,0.0,0.0,0.0,0.0,0.0,1.211,1.211,1.743,0.0,2.089,0.0,0.0,0.0,0.0,0.0,0.0,1.211,0.0,0.0,1.211,0.0,1.743,0.0,1.211,0.0,1.743,1.211,0.0,0.0,0.0,0.0,0.0,0.0,0.0,0.0,0.0,2.089,0.0,0.0,0.0,0.0,0.0,0.0,1.211,1.743,1.211,2.089,0.0,0.0,0.0,1.211,0.0,1.211,0.0,0.0,1.211,0.0,1.211,0.0,0.0,1.743,1.211,1.743,0.0,2.089,0.0,0.0,0.0,1.743,2.089,0.0,1.211,0.0,0.0,0.0,0.0,0.0,1.211,0.0,1.211,1.211,0.0,0.0,0.0,0.0,0.0,2.718,1.211,0.0,2.089,0.0,0.0,0.0,1.211,0.0,0.0,0.0,0.0,0.0,1.743,0.0,0.0,0.0,0.0,1.743,2.089,3.101,0.0,1.211,1.743,0.0,1.211,1.211,0.0,1.211,0.0,0.0,0.0,1.211,0.0,1.743,1.743,0.0,1.211,0.0,0.0,0.0,1.211,1.211,0.0,0.0,0.0,1.211,0.0,4.717,0.0,2.863,0.0,1.211,1.211,0.0,0.0,0.0,0.0,0.0,0.0,0.0,2.089,0.0,0.0,0.0,1.743,1.743,0.0,1.211,4.012,0.0,1.211,1.211,2.989,0.0,4.012,3.378,3.772,2.718,2.549,2.549,1.743,2.089,3.527,3.968,0.0,0.0,0.0,1.743,0.0,0.0,1.743,0.0,0.0,1.211,1.211,0.0,0.0,2.089,0.0,0.0,0.0,0.0,0.0,0.0,1.211,0.0,0.0,1.743,1.211,0.0,1.743,1.743,0.0,1.743,1.743,0.0,0.0,0.0,2.549,0.0,0.0,0.0,1.211,0.0,0.0,1.211,1.743,0.0,0.0,0.0,0.0,0.0,1.211,0.0,0.0,2.089,0.0,1.211,0.0,0.0,0.0,0.0,0.0,0.0,0.0,1.743,0.0,1.743,0.0,2.718,0.0,0.0,0.0,1.211,0.0,0.0,0.0,0.0,1.211,0.0,0.0,1.211,1.211,0.0,1.211,1.211,0.0,0.0,1.211,0.0,0.0,0.0,2.089,0.0,2.345,0.0,0.0,0.0,1.211,0.0,0.0,0.0,1.211,0.0,1.211,0.0,0.0,1.743,1.211,2.089,0.0,0.0,0.0,0.0,0.0,1.211,1.211,1.211,0.0,1.743,0.0,1.743,0.0,0.0,1.743,0.0,0.0,0.0,1.743,0.0,0.0,0.0,0.0,0.0,1.211,1.211,0.0,1.743,0.0,0.0,0.0,1.743,0.0,1.743,0.0,0.0,0.0,2.089,0.0,0.0,1.743,1.211,2.345,0.0,0.0,0.0,0.0,0.0,0.0,0.0,2.089,0.0,0.0,0.0,1.211,1.211,0.0,0.0,0.0,0.0,0.0,0.0,0.0,0.0,0.0,0.0,0.0,0.0,0.0,1.743,0.0,0.0,1.743,0.0,2.549,1.211,0.0,0.0,0.0,0.0,0.0,0.0,0.0,0.0,0.0,1.211,2.345,1.743,3.294,0.0,0.0,0.0,1.211,0.0,2.089,0.0,1.211,0.0,0.0,0.0,0.0,0.0,0.0,0.0,1.743,0.0,0.0,0.0,0.0,2.345,0.0,0.0,0.0,0.0,0.0,0.0,0.0,0.0,0.0,0.0,0.0,0.0,1.743,1.211,0.0,1.211,1.211,2.089,0.0,0.0,0.0,1.211,0.0,0.0,1.211,0.0,0.0,1.743,0.0,2.549,0.0,0.0,0.0,0.0,2.718,0.0,1.211,0.0,0.0,0.0,0.0,0.0,0.0,0.0,1.211,0.0,0.0,0.0,0.0,1.211,0.0,0.0,1.211,1.211,1.211,0.0,0.0,0.0,0.0,0.0,1.743,0.0,2.089,0.0,0.0,0.0,0.0,0.0,0.0,1.743,0.0,0.0,0.0,0.0,0.0,2.549,0.0,0.0,1.211,0.0,1.211,2.089,2.089,0.0,0.0,0.0,0.0,0.0,1.211,1.211,0.0,0.0,1.211,0.0,0.0,0.0,0.0,1.211,2.549,0.0,1.211,0.0,0.0,0.0,0.0,0.0,1.211,1.743,1.211,0.0,0.0,0.0,1.211,0.0,1.211,0.0,0.0,1.743,0.0,0.0,1.211,0.0,0.0,1.743,0.0,0.0,0.0,0.0,1.211,1.743,0.0,0.0,2.089,0.0,1.743,0.0,1.743,0.0,0.0,0.0,1.211,1.211,0.0,1.743,0.0,0.0,1.211,0.0,0.0,0.0,0.0,0.0,0.0,0.0,0.0,0.0,1.211,3.294,1.211,0.0,0.0,0.0,0.0,0.0,1.743,1.211,0.0,0.0,0.0,0.0,1.211,0.0,0.0,0.0,1.211,0.0,0.0,0.0,0.0,0.0,0.0,1.743,0.0,1.211,0.0,0.0,1.211,0.0,0.0,2.089,0.0,0.0,0.0,2.089,1.211,0.0,0.0,0.0,0.0,0.0,1.743,0.0,0.0,1.743,1.743,0.0,1.743,2.089,0.0,0.0,0.0,1.211,0.0,0.0,0.0,0.0,0.0,1.211,0.0,0.0,0.0,0.0,0.0,1.211,1.743,3.378,1.743,0.0,0.0,0.0,0.0,0.0,1.211,0.0,0.0,0.0,1.211,0.0,1.743,1.743,1.743,0.0,0.0,0.0,0.0,1.211,0.0,3.294,1.211,0.0,0.0,1.211,1.211,3.202,0.0,2.549,1.211,0.0,0.0,1.211,1.211,0.0,0.0,0.0,0.0,0.0,0.0,0.0,0.0,0.0,0.0,0.0,0.0,0.0,1.211,0.0,0.0,2.345,0.0,0.0,1.211,0.0,2.718,0.0,0.0,2.089,0.0,0.0,0.0,1.211,0.0,1.743,0.0,0.0,0.0,0.0,2.345,0.0,0.0,0.0,0.0,1.743,0.0
Monozyt,2.886,0.0,0.0,2.05,0.0,0.0,0.0,0.0,0.0,1.478,0.0,0.0,3.207,0.0,0.0,0.0,0.0,2.05,1.478,1.478,0.0,0.0,0.0,1.478,0.0,0.0,0.0,1.478,2.05,1.478,0.0,0.0,0.0,1.478,0.0,0.0,0.0,0.0,2.412,0.0,2.677,2.412,0.0,0.0,2.412,0.0,0.0,0.0,0.0,3.449,0.0,3.059,1.478,0.0,3.551,3.807,0.0,2.05,0.0,0.0,1.478,0.0,0.0,0.0,1.478,0.0,1.478,0.0,3.207,0.0,3.207,0.0,0.0,2.05,0.0,0.0,0.0,0.0,0.0,0.0,0.0,0.0,0.0,0.0,0.0,1.478,0.0,0.0,0.0,0.0,0.0,2.05,0.0,1.478,2.05,0.0,0.0,1.478,0.0,1.478,0.0,0.0,0.0,0.0,0.0,0.0,0.0,0.0,0.0,0.0,0.0,1.478,0.0,0.0,0.0,0.0,1.478,0.0,0.0,0.0,0.0,2.05,0.0,0.0,0.0,0.0,0.0,1.478,0.0,0.0,1.478,0.0,0.0,0.0,0.0,0.0,2.05,1.478,0.0,2.05,1.478,0.0,0.0,2.05,1.478,0.0,0.0,0.0,0.0,0.0,0.0,0.0,1.478,0.0,0.0,0.0,0.0,0.0,1.478,2.05,0.0,1.478,0.0,1.478,1.478,0.0,0.0,0.0,0.0,0.0,2.05,0.0,0.0,0.0,0.0,0.0,0.0,0.0,0.0,1.478,2.05,0.0,2.05,0.0,1.478,1.478,0.0,0.0,0.0,0.0,1.478,0.0,0.0,0.0,0.0,2.05,0.0,0.0,0.0,0.0,1.478,1.478,0.0,0.0,2.412,0.0,0.0,0.0,1.478,3.879,0.0,0.0,0.0,2.05,0.0,0.0,0.0,2.05,1.478,0.0,0.0,1.478,0.0,0.0,0.0,0.0,2.05,0.0,0.0,0.0,1.478,4.01,3.551,0.0,2.677,1.478,2.05,1.478,2.412,1.478,1.478,0.0,0.0,0.0,2.886,2.886,1.478,1.478,0.0,0.0,0.0,0.0,2.412,0.0,2.05,0.0,0.0,1.478,0.0,0.0,1.478,0.0,0.0,0.0,0.0,1.478,1.478,0.0,1.478,0.0,0.0,0.0,1.478,0.0,1.478,0.0,0.0,0.0,0.0,0.0,1.478,0.0,0.0,0.0,0.0,0.0,0.0,1.478,0.0,0.0,0.0,0.0,0.0,1.478,0.0,0.0,0.0,0.0,2.412,2.05,0.0,0.0,0.0,0.0,0.0,0.0,0.0,0.0,0.0,1.478,0.0,0.0,1.478,0.0,0.0,2.05,3.059,2.05,0.0,0.0,2.05,0.0,0.0,0.0,1.478,0.0,0.0,0.0,0.0,0.0,0.0,0.0,1.478,0.0,0.0,0.0,0.0,0.0,0.0,0.0,0.0,0.0,0.0,0.0,0.0,0.0,0.0,0.0,0.0,2.412,1.478,0.0,0.0,0.0,0.0,0.0,0.0,0.0,1.478,2.05,0.0,1.478,0.0,0.0,1.478,0.0,0.0,0.0,0.0,0.0,1.478,2.05,0.0,0.0,2.05,0.0,2.05,0.0,0.0,1.478,0.0,1.478,0.0,0.0,0.0,1.478,0.0,0.0,3.059,0.0,0.0,2.05,2.412,0.0,3.207,0.0,0.0,0.0,1.478,0.0,1.478,0.0,1.478,0.0,0.0,1.478,1.478,0.0,2.886,0.0,0.0,1.478,0.0,0.0,1.478,0.0,0.0,0.0,2.05,0.0,0.0,3.335,1.478,0.0,0.0,0.0,0.0,0.0,1.478,0.0,0.0,1.478,0.0,2.412,0.0,0.0,0.0,2.05,2.677,2.05,0.0,1.478,0.0,1.478,0.0,0.0,1.478,2.05,1.478,0.0,1.478,1.478,1.478,0.0,0.0,0.0,1.478,0.0,0.0,0.0,0.0,0.0,2.412,1.478,0.0,0.0,0.0,0.0,0.0,0.0,0.0,0.0,0.0,0.0,0.0,0.0,0.0,2.05,0.0,1.478,0.0,0.0,1.478,0.0,0.0,0.0,1.478,2.05,0.0,2.412,0.0,1.478,0.0,1.478,0.0,0.0,0.0,2.677,2.412,0.0,1.478,0.0,0.0,0.0,0.0,0.0,1.478,0.0,0.0,0.0,0.0,0.0,0.0,0.0,0.0,1.478,2.05,0.0,0.0,0.0,0.0,1.478,0.0,0.0,1.478,0.0,1.478,0.0,1.478,1.478,0.0,3.335,1.478,0.0,1.478,0.0,0.0,0.0,0.0,0.0,1.478,0.0,1.478,2.05,0.0,0.0,0.0,0.0,0.0,0.0,0.0,1.478,0.0,0.0,0.0,1.478,0.0,0.0,1.478,0.0,1.478,0.0,0.0,0.0,0.0,0.0,0.0,0.0,1.478,1.478,0.0,0.0,2.05,0.0,0.0,0.0,1.478,0.0,0.0,0.0,0.0,0.0,0.0,0.0,1.478,1.478,0.0,1.478,0.0,0.0,0.0,0.0,0.0,0.0,2.05,1.478,0.0,0.0,0.0,0.0,0.0,1.478,0.0,0.0,0.0,0.0,0.0,0.0,0.0,0.0,0.0,0.0,0.0,0.0,2.412,0.0,0.0,0.0,1.478,0.0,2.886,0.0,2.05,0.0,0.0,0.0,0.0,0.0,0.0,0.0,1.478,0.0,0.0,1.478,0.0,1.478,0.0,1.478,0.0,0.0,0.0,3.644,0.0,0.0,0.0,2.05,0.0,0.0,0.0,1.478,0.0,1.478,0.0,2.412,0.0,2.412,2.677,0.0,0.0,2.886,1.478,0.0,0.0,0.0,0.0,0.0,0.0,0.0,0.0,0.0,0.0,0.0,0.0,0.0,0.0,0.0,0.0,2.677,1.478,2.05,0.0,0.0,0.0,0.0,0.0,0.0,1.478,3.947,0.0,1.478,2.412,1.478,0.0,0.0,0.0,0.0,2.05,2.05,0.0,0.0,2.412,2.05,0.0,1.478,4.01,1.478,0.0,0.0,0.0,0.0,0.0,0.0,0.0,0.0,2.05,5.414,0.0,2.677,0.0,0.0,0.0,0.0,0.0,0.0,0.0,0.0,0.0,0.0,0.0,0.0,1.478,0.0,0.0,1.478,1.478,1.478,0.0,0.0,2.05,0.0,0.0,0.0,0.0,2.05,0.0,0.0,0.0,1.478,0.0,0.0,0.0,2.05,1.478,2.412,0.0,1.478,0.0,0.0,1.478,2.412,0.0,1.478,0.0,1.478,0.0
T-Zelle,0.0,0.0,0.0,2.027,0.0,0.0,0.0,0.0,0.0,0.0,0.0,0.0,0.0,0.0,1.458,0.0,1.458,3.703,0.0,1.458,0.0,2.027,1.458,0.0,0.0,1.458,2.388,0.0,1.458,0.0,0.0,2.027,0.0,0.0,1.458,2.027,0.0,0.0,0.0,0.0,0.0,0.0,2.027,0.0,0.0,0.0,0.0,1.458,1.458,0.0,0.0,3.181,0.0,0.0,2.652,2.027,0.0,0.0,1.458,0.0,0.0,0.0,1.458,0.0,0.0,0.0,2.388,0.0,0.0,0.0,0.0,0.0,1.458,0.0,0.0,0.0,0.0,1.458,0.0,2.027,1.458,0.0,0.0,0.0,2.027,0.0,0.0,0.0,2.027,0.0,0.0,0.0,1.458,0.0,0.0,0.0,2.027,0.0,1.458,1.458,0.0,0.0,0.0,0.0,0.0,0.0,0.0,0.0,2.027,0.0,0.0,1.458,2.027,0.0,0.0,0.0,0.0,0.0,2.027,0.0,0.0,0.0,2.027,0.0,0.0,2.027,0.0,0.0,0.0,1.458,0.0,0.0,0.0,0.0,0.0,1.458,0.0,0.0,2.027,1.458,0.0,0.0,1.458,0.0,3.034,0.0,1.458,1.458,0.0,0.0,0.0,0.0,0.0,1.458,0.0,0.0,0.0,0.0,0.0,0.0,0.0,2.027,0.0,0.0,0.0,0.0,0.0,0.0,2.027,0.0,0.0,0.0,0.0,0.0,0.0,0.0,0.0,0.0,0.0,0.0,1.458,2.652,0.0,0.0,1.458,1.458,1.458,1.458,0.0,0.0,1.458,1.458,0.0,0.0,1.458,2.027,0.0,0.0,0.0,0.0,1.458,0.0,1.458,0.0,0.0,0.0,0.0,0.0,1.458,0.0,1.458,2.652,0.0,1.458,0.0,0.0,0.0,1.458,0.0,0.0,2.027,0.0,0.0,2.027,1.458,0.0,2.388,1.458,0.0,0.0,0.0,0.0,0.0,0.0,0.0,2.388,0.0,0.0,0.0,0.0,0.0,0.0,0.0,0.0,0.0,0.0,0.0,0.0,0.0,1.458,0.0,0.0,1.458,0.0,0.0,2.027,1.458,0.0,0.0,0.0,1.458,1.458,0.0,0.0,0.0,0.0,0.0,0.0,0.0,2.027,1.458,0.0,2.652,1.458,0.0,0.0,0.0,0.0,1.458,0.0,2.652,0.0,0.0,0.0,0.0,0.0,0.0,0.0,0.0,1.458,0.0,0.0,0.0,2.388,1.458,2.388,0.0,0.0,0.0,2.027,0.0,0.0,0.0,0.0,0.0,0.0,0.0,1.458,1.458,1.458,1.458,3.31,0.0,0.0,0.0,1.458,0.0,0.0,0.0,0.0,2.027,0.0,1.458,0.0,0.0,1.458,1.458,1.458,0.0,0.0,1.458,0.0,0.0,0.0,0.0,1.458,0.0,0.0,2.027,0.0,0.0,1.458,0.0,1.458,1.458,1.458,1.458,1.458,0.0,2.027,1.458,1.458,0.0,0.0,1.458,0.0,0.0,0.0,1.458,0.0,0.0,1.458,1.458,0.0,1.458,0.0,0.0,0.0,0.0,0.0,0.0,0.0,1.458,0.0,0.0,0.0,1.458,2.027,1.458,3.31,0.0,0.0,0.0,1.458,0.0,0.0,0.0,2.027,2.027,0.0,0.0,0.0,1.458,0.0,2.861,1.458,0.0,0.0,0.0,1.458,1.458,0.0,2.027,0.0,0.0,1.458,0.0,0.0,0.0,0.0,0.0,0.0,1.458,0.0,0.0,0.0,0.0,0.0,0.0,0.0,0.0,0.0,1.458,0.0,0.0,0.0,0.0,0.0,0.0,0.0,0.0,0.0,0.0,1.458,0.0,0.0,1.458,0.0,3.034,1.458,2.652,1.458,0.0,0.0,0.0,1.458,0.0,0.0,0.0,1.458,0.0,0.0,1.458,0.0,0.0,1.458,3.034,2.027,0.0,1.458,1.458,2.861,0.0,0.0,2.027,0.0,0.0,0.0,0.0,0.0,0.0,0.0,0.0,1.458,3.181,0.0,0.0,2.652,1.458,3.31,0.0,0.0,0.0,0.0,1.458,0.0,0.0,0.0,0.0,1.458,1.458,2.861,1.458,0.0,1.458,2.027,0.0,0.0,2.027,0.0,1.458,0.0,0.0,0.0,0.0,2.027,1.458,1.458,0.0,0.0,0.0,0.0,0.0,0.0,1.458,0.0,1.458,2.027,0.0,0.0,0.0,0.0,0.0,0.0,2.027,0.0,0.0,0.0,1.458,0.0,0.0,0.0,0.0,2.388,2.652,1.458,0.0,2.388,0.0,0.0,0.0,0.0,0.0,2.388,0.0,0.0,0.0,1.458,0.0,2.027,0.0,2.027,1.458,2.388,0.0,2.027,1.458,1.458,0.0,0.0,2.861,0.0,0.0,0.0,0.0,0.0,0.0,0.0,0.0,0.0,2.027,0.0,0.0,3.525,0.0,1.458,0.0,0.0,0.0,0.0,1.458,0.0,0.0,0.0,0.0,0.0,0.0,0.0,0.0,0.0,2.388,1.458,0.0,2.027,3.181,0.0,1.458,0.0,0.0,0.0,0.0,0.0,0.0,0.0,0.0,2.027,0.0,0.0,0.0,1.458,0.0,0.0,0.0,0.0,0.0,1.458,1.458,0.0,2.388,0.0,2.652,0.0,2.027,0.0,1.458,0.0,0.0,2.027,0.0,0.0,0.0,0.0,0.0,0.0,0.0,0.0,0.0,0.0,0.0,0.0,0.0,0.0,0.0,0.0,1.458,2.027,1.458,0.0,2.388,0.0,0.0,1.458,0.0,0.0,1.458,0.0,0.0,1.458,0.0,0.0,2.027,2.027,0.0,0.0,0.0,0.0,0.0,0.0,2.027,2.861,0.0,0.0,0.0,0.0,1.458,1.458,2.027,1.458,0.0,2.027,0.0,2.027,0.0,0.0,0.0,2.027,1.458,0.0,1.458,0.0,0.0,1.458,0.0,0.0,0.0,1.458,0.0,0.0,0.0,0.0,1.458,0.0,0.0,0.0,0.0,1.458,1.458,0.0,0.0,1.458,1.458,2.027,2.027,0.0,1.458,2.652,0.0,2.027,0.0,3.618,0.0,0.0,0.0,0.0,0.0,0.0,0.0,0.0,0.0,0.0,0.0,0.0,0.0,0.0,0.0,1.458,0.0,0.0,0.0,1.458,0.0,0.0,1.458,0.0,1.458,0.0,0.0,2.388,0.0,0.0,0.0,0.0,1.458,1.458,0.0,1.458,0.0,0.0,0.0,2.652,0.0,0.0,0.0,0.0,0.0
Dendritische Zelle,1.573,0.0,0.0,2.79,0.0,0.0,0.0,0.0,2.523,0.0,0.0,0.0,0.0,0.0,0.0,0.0,0.0,0.0,2.157,1.573,0.0,1.573,0.0,1.573,0.0,1.573,0.0,0.0,1.573,0.0,0.0,1.573,0.0,0.0,0.0,1.573,0.0,0.0,2.523,0.0,0.0,1.573,0.0,0.0,0.0,0.0,0.0,1.573,1.573,3.175,0.0,0.0,3.452,2.157,3.566,3.847,0.0,1.573,0.0,1.573,0.0,0.0,0.0,0.0,0.0,0.0,2.523,0.0,3.323,0.0,3.998,0.0,0.0,0.0,0.0,0.0,0.0,0.0,0.0,1.573,2.157,0.0,0.0,0.0,2.523,0.0,0.0,0.0,1.573,0.0,0.0,0.0,0.0,2.157,1.573,0.0,0.0,0.0,0.0,0.0,0.0,1.573,0.0,0.0,0.0,0.0,0.0,0.0,0.0,0.0,0.0,0.0,2.523,0.0,0.0,0.0,1.573,0.0,0.0,0.0,1.573,1.573,0.0,0.0,0.0,0.0,0.0,0.0,0.0,0.0,1.573,0.0,0.0,0.0,0.0,0.0,0.0,0.0,0.0,0.0,2.157,0.0,0.0,2.157,2.157,1.573,1.573,1.573,0.0,0.0,0.0,0.0,0.0,0.0,2.523,0.0,0.0,2.157,1.573,1.573,0.0,1.573,0.0,0.0,2.157,0.0,0.0,0.0,0.0,0.0,0.0,0.0,0.0,0.0,0.0,0.0,0.0,0.0,0.0,0.0,0.0,2.157,1.573,0.0,0.0,0.0,2.157,0.0,0.0,0.0,1.573,0.0,0.0,0.0,0.0,2.157,0.0,0.0,0.0,0.0,0.0,0.0,0.0,0.0,1.573,0.0,0.0,0.0,0.0,3.847,0.0,2.523,1.573,1.573,0.0,0.0,0.0,0.0,0.0,2.79,0.0,0.0,0.0,0.0,0.0,0.0,0.0,0.0,1.573,0.0,0.0,4.129,3.847,0.0,3.001,0.0,3.323,2.523,2.523,1.573,1.573,0.0,2.157,2.157,3.323,3.452,0.0,0.0,0.0,0.0,0.0,0.0,0.0,0.0,2.157,0.0,1.573,1.573,0.0,0.0,1.573,1.573,0.0,0.0,0.0,0.0,0.0,1.573,2.523,0.0,0.0,0.0,1.573,0.0,1.573,0.0,2.157,0.0,0.0,0.0,0.0,0.0,0.0,1.573,0.0,0.0,1.573,0.0,0.0,1.573,0.0,0.0,0.0,1.573,0.0,1.573,0.0,0.0,0.0,0.0,0.0,0.0,0.0,0.0,0.0,1.573,0.0,2.523,0.0,1.573,1.573,1.573,1.573,0.0,0.0,1.573,0.0,2.157,0.0,0.0,0.0,0.0,1.573,1.573,0.0,0.0,0.0,0.0,0.0,0.0,0.0,0.0,0.0,0.0,0.0,0.0,0.0,0.0,0.0,0.0,0.0,0.0,1.573,1.573,0.0,1.573,0.0,0.0,0.0,1.573,0.0,0.0,0.0,0.0,0.0,0.0,0.0,0.0,0.0,0.0,0.0,0.0,0.0,0.0,1.573,0.0,1.573,0.0,1.573,0.0,0.0,0.0,0.0,0.0,1.573,0.0,1.573,0.0,0.0,2.79,0.0,0.0,1.573,0.0,0.0,0.0,1.573,0.0,2.157,0.0,0.0,3.175,3.175,0.0,3.175,1.573,0.0,0.0,1.573,0.0,0.0,0.0,1.573,0.0,0.0,0.0,0.0,0.0,3.762,0.0,3.001,1.573,1.573,0.0,0.0,0.0,2.157,0.0,0.0,2.157,0.0,1.573,0.0,1.573,0.0,0.0,0.0,0.0,0.0,0.0,0.0,0.0,0.0,0.0,0.0,0.0,0.0,0.0,0.0,1.573,0.0,0.0,2.157,0.0,1.573,1.573,0.0,1.573,1.573,0.0,2.79,1.573,1.573,0.0,0.0,0.0,0.0,0.0,0.0,0.0,2.157,0.0,0.0,1.573,0.0,2.157,0.0,0.0,0.0,0.0,0.0,0.0,0.0,0.0,0.0,0.0,0.0,2.79,0.0,2.157,0.0,0.0,0.0,0.0,1.573,0.0,1.573,3.762,0.0,2.79,0.0,2.79,1.573,0.0,0.0,0.0,1.573,0.0,1.573,0.0,0.0,0.0,0.0,0.0,0.0,2.523,0.0,0.0,0.0,0.0,0.0,1.573,1.573,0.0,0.0,0.0,2.157,2.157,1.573,0.0,0.0,0.0,0.0,0.0,0.0,0.0,1.573,0.0,0.0,0.0,0.0,0.0,0.0,2.157,0.0,0.0,0.0,1.573,0.0,0.0,0.0,2.157,1.573,2.79,0.0,0.0,0.0,0.0,0.0,1.573,0.0,1.573,1.573,2.157,0.0,0.0,1.573,0.0,1.573,0.0,0.0,0.0,1.573,0.0,0.0,0.0,0.0,0.0,0.0,0.0,1.573,2.157,2.157,1.573,0.0,1.573,0.0,0.0,0.0,0.0,0.0,0.0,1.573,0.0,0.0,2.157,0.0,0.0,0.0,0.0,2.157,0.0,0.0,1.573,1.573,1.573,2.157,0.0,0.0,0.0,0.0,1.573,1.573,0.0,0.0,0.0,0.0,0.0,0.0,0.0,0.0,0.0,0.0,1.573,1.573,1.573,0.0,1.573,0.0,1.573,2.157,2.157,2.157,0.0,0.0,0.0,0.0,0.0,0.0,0.0,0.0,0.0,0.0,0.0,1.573,0.0,0.0,1.573,0.0,0.0,0.0,3.175,0.0,0.0,0.0,1.573,0.0,0.0,1.573,0.0,0.0,1.573,0.0,1.573,2.157,1.573,1.573,0.0,0.0,2.523,0.0,0.0,0.0,0.0,1.573,0.0,0.0,0.0,0.0,2.157,0.0,0.0,0.0,0.0,1.573,0.0,0.0,2.79,0.0,0.0,2.523,1.573,0.0,0.0,0.0,0.0,1.573,2.157,0.0,0.0,0.0,0.0,0.0,0.0,0.0,0.0,1.573,1.573,1.573,2.523,1.573,0.0,0.0,2.157,2.79,0.0,1.573,0.0,0.0,0.0,0.0,0.0,0.0,2.157,0.0,5.648,0.0,2.79,0.0,0.0,0.0,0.0,0.0,2.523,0.0,0.0,0.0,0.0,0.0,1.573,2.523,0.0,0.0,0.0,1.573,2.157,0.0,0.0,0.0,0.0,1.573,0.0,1.573,1.573,0.0,0.0,0.0,2.523,0.0,1.573,0.0,2.523,0.0,2.523,0.0,0.0,0.0,0.0,0.0,1.573,0.0,2.523,0.0,0.0,0.0
T-Zelle,0.0,0.0,2.039,0.0,0.0,0.0,0.0,0.0,0.0,0.0,0.0,1.469,0.0,0.0,1.469,0.0,0.0,2.665,0.0,0.0,0.0,0.0,1.469,0.0,0.0,0.0,1.469,0.0,1.469,0.0,0.0,1.469,0.0,1.469,1.469,0.0,1.469,0.0,2.039,0.0,0.0,1.469,1.469,0.0,1.469,0.0,0.0,1.469,1.469,1.469,0.0,2.665,0.0,0.0,2.039,2.039,0.0,2.401,1.469,1.469,1.469,0.0,2.039,0.0,0.0,0.0,0.0,1.469,0.0,0.0,0.0,0.0,2.039,0.0,0.0,0.0,0.0,0.0,0.0,0.0,2.039,0.0,2.039,0.0,2.401,0.0,0.0,0.0,0.0,0.0,0.0,0.0,0.0,0.0,2.401,0.0,0.0,1.469,2.039,0.0,0.0,1.469,0.0,0.0,0.0,0.0,1.469,1.469,0.0,0.0,0.0,2.401,1.469,0.0,1.469,0.0,0.0,0.0,0.0,0.0,0.0,0.0,1.469,0.0,0.0,0.0,0.0,0.0,0.0,0.0,0.0,0.0,0.0,0.0,0.0,0.0,1.469,0.0,1.469,2.401,0.0,1.469,0.0,1.469,0.0,1.469,1.469,0.0,0.0,0.0,0.0,0.0,0.0,0.0,0.0,0.0,0.0,0.0,1.469,0.0,0.0,2.665,0.0,0.0,0.0,0.0,0.0,0.0,0.0,0.0,0.0,0.0,0.0,1.469,0.0,0.0,0.0,0.0,0.0,1.469,2.401,1.469,0.0,0.0,0.0,0.0,0.0,1.469,0.0,3.195,0.0,0.0,0.0,0.0,0.0,0.0,0.0,0.0,0.0,0.0,0.0,0.0,0.0,0.0,0.0,0.0,0.0,0.0,2.039,1.469,1.469,3.323,0.0,1.469,0.0,0.0,0.0,2.039,1.469,0.0,1.469,1.469,0.0,0.0,1.469,0.0,0.0,0.0,0.0,0.0,3.632,0.0,0.0,0.0,1.469,1.469,0.0,0.0,0.0,0.0,1.469,0.0,0.0,0.0,1.469,0.0,0.0,0.0,0.0,1.469,0.0,0.0,0.0,0.0,1.469,0.0,0.0,1.469,0.0,0.0,0.0,0.0,0.0,0.0,0.0,2.039,1.469,1.469,0.0,0.0,0.0,1.469,1.469,2.665,0.0,0.0,0.0,0.0,0.0,0.0,0.0,0.0,0.0,0.0,1.469,0.0,1.469,0.0,0.0,0.0,0.0,0.0,0.0,0.0,1.469,0.0,0.0,0.0,0.0,1.469,0.0,0.0,0.0,0.0,0.0,1.469,1.469,2.039,0.0,2.039,1.469,2.875,0.0,0.0,0.0,0.0,2.039,1.469,0.0,0.0,1.469,1.469,0.0,0.0,2.039,0.0,1.469,0.0,1.469,0.0,0.0,1.469,2.401,0.0,0.0,0.0,0.0,0.0,2.039,1.469,0.0,0.0,0.0,1.469,0.0,0.0,1.469,1.469,0.0,1.469,0.0,0.0,0.0,0.0,0.0,0.0,0.0,0.0,0.0,2.039,0.0,2.039,0.0,2.401,0.0,1.469,0.0,0.0,0.0,0.0,0.0,0.0,0.0,0.0,2.665,0.0,0.0,0.0,0.0,3.632,0.0,0.0,0.0,0.0,2.039,0.0,0.0,0.0,1.469,2.039,0.0,1.469,1.469,2.039,3.717,0.0,0.0,0.0,0.0,0.0,1.469,0.0,1.469,0.0,0.0,0.0,0.0,1.469,2.665,3.047,0.0,0.0,0.0,2.039,0.0,1.469,1.469,1.469,0.0,0.0,0.0,0.0,0.0,1.469,0.0,0.0,0.0,0.0,0.0,0.0,1.469,2.401,0.0,0.0,1.469,1.469,0.0,0.0,0.0,0.0,2.401,0.0,2.401,0.0,0.0,1.469,1.469,0.0,0.0,0.0,0.0,0.0,0.0,0.0,0.0,0.0,2.039,2.875,0.0,0.0,0.0,2.039,0.0,0.0,0.0,0.0,1.469,0.0,0.0,0.0,0.0,0.0,0.0,0.0,3.323,0.0,0.0,2.665,1.469,3.047,0.0,0.0,0.0,1.469,1.469,0.0,0.0,0.0,0.0,2.039,0.0,2.875,0.0,0.0,0.0,1.469,0.0,0.0,2.039,0.0,0.0,0.0,0.0,0.0,0.0,0.0,1.469,0.0,0.0,0.0,0.0,0.0,0.0,0.0,1.469,0.0,2.401,1.469,0.0,0.0,0.0,1.469,1.469,0.0,1.469,0.0,0.0,0.0,2.665,0.0,0.0,1.469,1.469,2.401,2.039,0.0,0.0,1.469,0.0,0.0,0.0,1.469,0.0,2.875,0.0,0.0,0.0,2.039,0.0,0.0,0.0,1.469,0.0,1.469,0.0,0.0,0.0,1.469,0.0,0.0,0.0,0.0,2.039,0.0,0.0,0.0,0.0,0.0,0.0,0.0,2.401,0.0,0.0,3.195,0.0,1.469,1.469,0.0,0.0,0.0,0.0,0.0,0.0,0.0,0.0,0.0,1.469,0.0,0.0,0.0,2.401,0.0,0.0,0.0,0.0,0.0,0.0,0.0,0.0,0.0,0.0,0.0,0.0,0.0,0.0,0.0,0.0,0.0,1.469,0.0,0.0,0.0,0.0,0.0,0.0,0.0,0.0,0.0,0.0,0.0,2.039,0.0,1.469,0.0,0.0,0.0,2.039,0.0,1.469,1.469,1.469,0.0,0.0,0.0,0.0,0.0,0.0,0.0,0.0,0.0,0.0,0.0,1.469,0.0,0.0,0.0,0.0,1.469,1.469,0.0,0.0,1.469,0.0,1.469,0.0,2.039,1.469,2.039,0.0,0.0,2.039,0.0,2.039,2.039,0.0,0.0,0.0,0.0,2.401,0.0,0.0,1.469,0.0,0.0,2.039,0.0,0.0,0.0,0.0,0.0,0.0,0.0,0.0,0.0,0.0,0.0,1.469,2.875,1.469,0.0,0.0,1.469,0.0,0.0,0.0,1.469,0.0,0.0,0.0,0.0,2.039,0.0,0.0,1.469,0.0,1.469,0.0,0.0,0.0,0.0,1.469,0.0,0.0,1.469,0.0,3.323,0.0,2.665,1.469,0.0,0.0,0.0,1.469,0.0,0.0,0.0,0.0,0.0,0.0,0.0,0.0,0.0,0.0,0.0,0.0,0.0,0.0,0.0,0.0,1.469,2.039,0.0,1.469,0.0,0.0,0.0,0.0,2.039,0.0,1.469,0.0,0.0,0.0,0.0,0.0,0.0,0.0,0.0,0.0,2.401,2.039,0.0,2.039,0.0,0.0
Monozyt,1.511,0.0,0.0,1.511,0.0,0.0,0.0,1.511,2.087,1.511,0.0,0.0,3.49,0.0,0.0,0.0,0.0,0.0,2.087,1.511,0.0,0.0,0.0,0.0,0.0,1.511,0.0,1.511,0.0,2.087,0.0,1.511,0.0,2.087,1.511,1.511,1.511,1.511,2.451,0.0,2.451,1.511,0.0,0.0,2.451,0.0,0.0,0.0,1.511,3.248,0.0,2.451,2.087,0.0,2.717,3.685,0.0,1.511,0.0,0.0,0.0,0.0,0.0,0.0,0.0,0.0,0.0,0.0,4.272,0.0,3.592,0.0,0.0,0.0,0.0,0.0,0.0,0.0,0.0,1.511,0.0,0.0,0.0,0.0,0.0,0.0,0.0,0.0,0.0,0.0,0.0,2.087,0.0,0.0,2.087,0.0,0.0,0.0,0.0,0.0,0.0,0.0,0.0,0.0,0.0,0.0,0.0,0.0,0.0,0.0,0.0,0.0,0.0,2.087,1.511,0.0,1.511,0.0,0.0,0.0,0.0,2.087,0.0,0.0,0.0,1.511,0.0,1.511,0.0,0.0,1.511,0.0,0.0,0.0,0.0,0.0,0.0,0.0,1.511,0.0,1.511,0.0,0.0,2.087,0.0,0.0,0.0,1.511,0.0,0.0,0.0,0.0,2.087,0.0,0.0,0.0,0.0,0.0,0.0,0.0,0.0,0.0,0.0,0.0,0.0,0.0,0.0,0.0,0.0,0.0,0.0,0.0,1.511,1.511,0.0,0.0,0.0,0.0,0.0,2.087,0.0,0.0,2.087,0.0,0.0,0.0,0.0,0.0,0.0,0.0,2.451,0.0,0.0,0.0,0.0,2.087,0.0,0.0,0.0,1.511,2.087,1.511,0.0,0.0,0.0,0.0,0.0,1.511,1.511,4.052,0.0,1.511,1.511,0.0,1.511,0.0,0.0,0.0,1.511,0.0,0.0,1.511,0.0,0.0,0.0,0.0,1.511,0.0,1.511,0.0,1.511,4.32,4.221,0.0,2.451,1.511,3.989,2.451,3.685,1.511,2.451,2.087,1.511,0.0,2.717,3.1,0.0,0.0,0.0,0.0,0.0,0.0,0.0,0.0,1.511,0.0,0.0,0.0,0.0,0.0,0.0,0.0,0.0,0.0,2.451,1.511,0.0,0.0,2.451,0.0,0.0,0.0,2.451,1.511,1.511,0.0,0.0,1.511,0.0,0.0,1.511,0.0,0.0,0.0,0.0,0.0,1.511,0.0,0.0,0.0,0.0,0.0,0.0,2.451,0.0,0.0,0.0,1.511,2.087,0.0,0.0,0.0,0.0,2.087,0.0,0.0,0.0,1.511,0.0,1.511,0.0,2.087,2.926,1.511,0.0,2.087,2.451,1.511,0.0,0.0,1.511,1.511,0.0,1.511,0.0,0.0,0.0,0.0,0.0,1.511,1.511,0.0,0.0,0.0,0.0,0.0,0.0,0.0,1.511,0.0,0.0,0.0,0.0,0.0,0.0,0.0,2.087,0.0,0.0,1.511,1.511,0.0,0.0,0.0,0.0,0.0,0.0,1.511,1.511,0.0,0.0,1.511,1.511,1.511,1.511,0.0,0.0,1.511,3.1,0.0,0.0,0.0,0.0,0.0,1.511,0.0,0.0,0.0,0.0,2.717,0.0,1.511,0.0,0.0,0.0,0.0,1.511,0.0,1.511,0.0,0.0,2.087,3.77,0.0,2.926,0.0,0.0,0.0,0.0,0.0,0.0,0.0,1.511,0.0,0.0,3.1,1.511,0.0,2.717,0.0,1.511,2.087,0.0,2.717,1.511,0.0,0.0,0.0,2.087,0.0,0.0,2.717,0.0,0.0,0.0,0.0,0.0,0.0,1.511,0.0,0.0,0.0,0.0,0.0,0.0,0.0,2.087,0.0,2.087,0.0,0.0,0.0,2.926,2.087,1.511,0.0,2.087,1.511,0.0,0.0,1.511,0.0,1.511,0.0,0.0,0.0,0.0,0.0,0.0,0.0,0.0,1.511,0.0,0.0,0.0,2.451,0.0,0.0,0.0,0.0,0.0,0.0,1.511,0.0,0.0,0.0,0.0,0.0,0.0,2.451,0.0,3.248,0.0,1.511,0.0,0.0,0.0,2.451,0.0,2.451,0.0,1.511,0.0,1.511,0.0,0.0,1.511,0.0,2.087,0.0,0.0,0.0,0.0,0.0,0.0,0.0,0.0,0.0,0.0,0.0,1.511,0.0,1.511,0.0,0.0,0.0,2.087,0.0,0.0,0.0,0.0,0.0,0.0,0.0,2.087,1.511,1.511,0.0,1.511,0.0,0.0,1.511,0.0,2.087,1.511,0.0,0.0,0.0,0.0,0.0,0.0,0.0,0.0,2.717,0.0,0.0,0.0,0.0,0.0,0.0,0.0,2.087,0.0,2.087,0.0,1.511,2.087,0.0,0.0,0.0,1.511,0.0,1.511,0.0,0.0,0.0,0.0,0.0,0.0,0.0,0.0,0.0,2.451,0.0,0.0,0.0,1.511,0.0,0.0,1.511,0.0,0.0,0.0,2.087,1.511,0.0,0.0,0.0,0.0,0.0,0.0,1.511,0.0,0.0,1.511,0.0,1.511,0.0,0.0,0.0,0.0,2.087,0.0,0.0,0.0,0.0,0.0,0.0,0.0,0.0,0.0,0.0,0.0,0.0,1.511,0.0,0.0,0.0,0.0,0.0,2.451,0.0,2.087,0.0,0.0,0.0,0.0,2.087,0.0,0.0,0.0,0.0,1.511,0.0,0.0,0.0,0.0,2.451,0.0,0.0,1.511,3.848,0.0,0.0,0.0,0.0,1.511,0.0,2.451,0.0,0.0,1.511,0.0,2.926,0.0,2.087,1.511,0.0,0.0,3.248,2.087,0.0,1.511,0.0,0.0,2.087,0.0,1.511,0.0,2.451,0.0,0.0,0.0,0.0,1.511,0.0,0.0,1.511,0.0,0.0,0.0,2.451,0.0,1.511,0.0,1.511,2.451,2.451,1.511,0.0,0.0,0.0,0.0,0.0,0.0,0.0,0.0,2.087,0.0,2.451,2.451,0.0,0.0,0.0,3.248,0.0,0.0,0.0,0.0,0.0,0.0,0.0,0.0,0.0,2.087,5.609,0.0,2.451,0.0,2.087,0.0,0.0,0.0,0.0,0.0,0.0,0.0,0.0,0.0,2.451,1.511,1.511,0.0,0.0,0.0,0.0,0.0,0.0,0.0,0.0,0.0,0.0,0.0,2.087,1.511,0.0,0.0,2.087,0.0,0.0,0.0,2.087,0.0,1.511,0.0,0.0,0.0,0.0,2.087,1.511,2.451,1.511,0.0,0.0,1.511
T-Zelle,0.0,1.768,0.0,2.891,0.0,0.0,0.0,1.233,1.233,0.0,0.0,1.233,0.0,0.0,0.0,0.0,0.0,3.623,0.0,1.233,0.0,0.0,2.891,0.0,0.0,0.0,2.577,1.233,2.372,0.0,0.0,1.233,0.0,1.233,0.0,1.233,0.0,1.768,2.115,1.233,0.0,0.0,1.768,0.0,1.768,0.0,0.0,0.0,0.0,0.0,0.0,1.768,0.0,0.0,2.115,3.854,0.0,0.0,0.0,0.0,1.233,0.0,0.0,1.768,0.0,0.0,3.13,0.0,0.0,1.768,0.0,0.0,1.233,0.0,0.0,0.0,0.0,0.0,0.0,1.768,2.115,0.0,1.768,0.0,0.0,1.233,2.115,1.233,1.233,0.0,2.115,1.233,1.768,0.0,1.233,0.0,1.233,0.0,1.768,0.0,0.0,0.0,0.0,0.0,0.0,0.0,0.0,0.0,1.233,0.0,0.0,3.018,2.115,0.0,0.0,1.233,0.0,0.0,0.0,0.0,0.0,0.0,0.0,0.0,0.0,0.0,0.0,1.233,0.0,1.233,0.0,0.0,0.0,0.0,0.0,0.0,0.0,0.0,1.233,0.0,0.0,0.0,1.233,1.233,1.233,0.0,0.0,1.768,1.233,0.0,0.0,0.0,1.233,1.233,0.0,0.0,0.0,0.0,1.233,0.0,0.0,1.768,0.0,0.0,1.233,0.0,0.0,0.0,0.0,1.233,0.0,0.0,0.0,0.0,1.768,0.0,0.0,0.0,0.0,0.0,1.233,0.0,0.0,0.0,1.768,1.233,1.233,1.768,1.768,1.233,1.233,1.233,0.0,2.115,0.0,2.372,0.0,0.0,0.0,0.0,0.0,1.233,1.233,0.0,1.233,0.0,0.0,0.0,0.0,3.623,0.0,2.115,2.372,2.372,0.0,0.0,0.0,0.0,0.0,0.0,1.233,0.0,0.0,0.0,1.233,0.0,0.0,1.233,0.0,0.0,3.952,0.0,0.0,0.0,2.891,2.115,1.768,2.577,3.018,0.0,1.233,0.0,0.0,0.0,1.233,2.115,0.0,1.768,0.0,0.0,0.0,1.233,0.0,1.233,0.0,1.233,0.0,2.372,0.0,0.0,0.0,2.115,0.0,0.0,0.0,0.0,0.0,1.233,0.0,0.0,0.0,0.0,1.768,0.0,0.0,1.233,0.0,0.0,0.0,0.0,1.233,1.233,0.0,1.233,0.0,0.0,0.0,0.0,0.0,1.768,0.0,0.0,0.0,0.0,1.233,1.768,0.0,1.233,0.0,2.115,0.0,0.0,0.0,0.0,0.0,1.233,0.0,1.233,0.0,2.746,0.0,0.0,0.0,0.0,0.0,2.115,1.768,0.0,1.233,0.0,1.233,0.0,2.115,0.0,2.577,0.0,2.372,1.233,1.233,0.0,1.233,1.233,2.115,0.0,0.0,1.233,0.0,0.0,1.233,1.768,0.0,0.0,0.0,1.233,0.0,1.233,1.233,1.233,0.0,2.891,0.0,0.0,1.768,1.768,1.233,0.0,0.0,1.233,1.233,1.768,0.0,0.0,0.0,2.372,2.372,1.233,2.115,0.0,0.0,0.0,1.233,1.233,0.0,0.0,2.115,0.0,0.0,0.0,0.0,3.556,0.0,0.0,1.233,1.233,0.0,0.0,2.577,0.0,0.0,1.768,1.233,1.233,0.0,0.0,3.323,1.768,0.0,0.0,0.0,0.0,1.768,0.0,1.233,0.0,0.0,1.233,0.0,2.372,2.577,1.768,1.233,0.0,1.233,1.233,2.115,0.0,1.233,0.0,2.577,0.0,1.233,0.0,1.768,1.233,0.0,0.0,0.0,1.233,1.768,0.0,1.233,1.233,0.0,1.233,0.0,0.0,1.233,0.0,1.233,1.768,3.13,2.372,0.0,0.0,0.0,0.0,0.0,0.0,1.233,0.0,0.0,0.0,0.0,0.0,0.0,0.0,2.115,3.018,2.372,0.0,1.233,3.323,0.0,1.233,0.0,0.0,0.0,0.0,0.0,0.0,0.0,0.0,1.768,0.0,2.746,1.233,0.0,1.768,0.0,2.115,0.0,1.233,0.0,0.0,2.115,0.0,0.0,0.0,0.0,2.372,0.0,2.115,0.0,0.0,1.233,0.0,2.115,0.0,2.372,0.0,0.0,0.0,1.768,0.0,0.0,1.233,0.0,0.0,0.0,0.0,0.0,0.0,0.0,0.0,0.0,0.0,2.577,1.233,0.0,0.0,0.0,1.768,0.0,0.0,2.891,1.233,0.0,0.0,1.233,0.0,0.0,0.0,1.233,1.233,2.115,1.233,0.0,1.768,0.0,0.0,1.233,1.233,1.233,2.746,0.0,0.0,0.0,0.0,0.0,2.372,1.233,1.233,0.0,2.115,0.0,1.768,1.233,0.0,0.0,0.0,3.13,0.0,0.0,0.0,0.0,0.0,0.0,0.0,0.0,1.233,1.233,1.233,0.0,3.407,0.0,1.768,0.0,0.0,0.0,1.233,2.577,0.0,0.0,0.0,1.768,0.0,0.0,0.0,0.0,0.0,0.0,1.233,0.0,0.0,1.768,1.768,1.768,1.233,0.0,0.0,0.0,0.0,0.0,0.0,0.0,0.0,0.0,0.0,0.0,0.0,1.233,0.0,1.233,1.233,0.0,0.0,0.0,0.0,0.0,1.768,2.577,0.0,2.115,0.0,0.0,1.233,1.233,1.233,1.233,0.0,0.0,0.0,1.233,0.0,0.0,0.0,0.0,1.233,1.233,0.0,0.0,0.0,0.0,0.0,1.233,1.233,1.233,0.0,1.768,0.0,0.0,2.115,0.0,2.372,0.0,2.577,0.0,1.233,0.0,0.0,2.746,1.233,1.233,2.115,0.0,0.0,0.0,0.0,2.577,2.115,0.0,0.0,0.0,0.0,2.372,1.233,1.768,0.0,0.0,1.768,0.0,1.768,0.0,0.0,0.0,1.768,2.891,3.407,1.768,0.0,0.0,1.233,1.768,0.0,0.0,1.233,1.233,0.0,0.0,0.0,1.768,0.0,1.233,2.115,0.0,2.372,0.0,0.0,0.0,0.0,0.0,0.0,0.0,2.577,1.768,3.686,1.233,2.372,1.233,3.018,0.0,0.0,1.233,1.233,0.0,0.0,0.0,0.0,0.0,0.0,0.0,0.0,0.0,0.0,0.0,0.0,0.0,0.0,0.0,0.0,2.115,0.0,1.768,0.0,1.233,0.0,0.0,2.372,0.0,1.233,0.0,0.0,1.768,2.746,0.0,1.768,1.768,0.0,1.233,2.372,0.0,0.0,0.0,2.115,0.0
Dendritische Zelle,0.0,0.0,0.0,1.913,0.0,0.0,0.0,0.0,0.0,0.0,0.0,0.0,0.0,0.0,0.0,0.0,0.0,2.529,0.0,1.357,0.0,1.913,0.0,0.0,0.0,0.0,0.0,0.0,1.913,0.0,0.0,0.0,0.0,1.357,0.0,1.357,0.0,0.0,1.913,0.0,1.357,0.0,2.268,0.0,0.0,0.0,0.0,0.0,1.357,1.913,0.0,3.295,3.054,1.357,3.181,4.072,0.0,1.357,0.0,1.357,0.0,0.0,0.0,0.0,1.357,3.054,2.736,0.0,2.268,0.0,0.0,0.0,0.0,0.0,0.0,0.0,0.0,1.357,0.0,0.0,1.357,0.0,1.357,0.0,1.357,1.357,0.0,0.0,0.0,0.0,0.0,1.357,0.0,0.0,1.357,0.0,0.0,0.0,0.0,0.0,2.268,1.357,0.0,0.0,0.0,0.0,1.357,0.0,0.0,0.0,0.0,1.913,2.268,0.0,1.913,0.0,1.357,0.0,1.357,0.0,0.0,1.357,0.0,0.0,0.0,0.0,0.0,1.357,0.0,0.0,1.357,0.0,0.0,0.0,0.0,1.357,0.0,0.0,1.357,2.529,1.357,0.0,0.0,0.0,0.0,0.0,0.0,0.0,0.0,1.357,0.0,0.0,1.357,1.357,1.357,0.0,0.0,0.0,0.0,0.0,1.357,0.0,0.0,0.0,0.0,0.0,0.0,0.0,0.0,0.0,0.0,0.0,1.357,0.0,0.0,0.0,0.0,1.357,0.0,0.0,0.0,1.357,0.0,0.0,0.0,0.0,1.357,0.0,0.0,1.913,1.357,0.0,0.0,0.0,0.0,2.268,1.357,0.0,0.0,0.0,1.357,0.0,0.0,0.0,1.913,0.0,0.0,0.0,0.0,4.896,0.0,2.529,1.357,2.529,0.0,0.0,0.0,1.913,0.0,1.357,1.357,0.0,2.268,0.0,0.0,0.0,0.0,0.0,0.0,0.0,1.357,2.736,2.268,0.0,1.913,0.0,4.68,3.295,4.166,3.489,2.529,2.529,0.0,2.529,3.573,4.292,0.0,0.0,0.0,1.357,1.357,0.0,1.913,0.0,0.0,0.0,1.357,1.357,0.0,0.0,0.0,0.0,0.0,0.0,0.0,0.0,0.0,0.0,1.357,0.0,0.0,0.0,1.357,1.357,0.0,0.0,0.0,0.0,0.0,1.357,1.913,0.0,0.0,0.0,1.357,0.0,0.0,1.357,0.0,0.0,0.0,0.0,0.0,0.0,0.0,1.357,0.0,1.357,0.0,0.0,0.0,0.0,0.0,0.0,0.0,0.0,0.0,1.357,0.0,2.268,0.0,2.268,0.0,0.0,1.913,1.357,1.913,2.268,0.0,0.0,1.357,0.0,0.0,0.0,1.913,1.357,0.0,0.0,0.0,1.913,2.529,1.357,1.357,0.0,0.0,0.0,0.0,0.0,0.0,0.0,1.357,0.0,0.0,1.357,0.0,1.913,1.357,0.0,0.0,2.268,0.0,0.0,0.0,0.0,0.0,1.913,0.0,3.054,1.357,2.268,0.0,1.913,0.0,1.913,0.0,0.0,0.0,0.0,0.0,0.0,2.268,0.0,0.0,0.0,0.0,0.0,0.0,1.357,0.0,3.79,0.0,0.0,0.0,0.0,0.0,1.913,2.529,0.0,1.357,1.357,0.0,1.357,1.357,0.0,3.054,1.357,0.0,0.0,0.0,0.0,0.0,0.0,0.0,1.357,0.0,0.0,0.0,1.357,1.913,0.0,1.913,1.913,1.357,1.913,0.0,0.0,0.0,0.0,0.0,0.0,0.0,2.268,0.0,0.0,2.268,0.0,0.0,0.0,1.357,0.0,0.0,1.357,0.0,0.0,0.0,0.0,0.0,0.0,1.357,0.0,1.357,1.357,3.054,1.357,0.0,0.0,1.913,0.0,0.0,0.0,1.357,1.913,0.0,0.0,0.0,2.529,0.0,1.913,0.0,0.0,0.0,0.0,1.357,0.0,0.0,0.0,0.0,0.0,0.0,0.0,0.0,0.0,0.0,0.0,2.529,0.0,0.0,0.0,1.913,2.529,0.0,2.268,0.0,0.0,0.0,0.0,1.357,4.805,0.0,1.357,0.0,2.268,1.357,0.0,0.0,0.0,1.357,0.0,1.913,0.0,0.0,0.0,0.0,0.0,0.0,2.268,1.357,0.0,0.0,0.0,0.0,0.0,0.0,0.0,0.0,1.357,1.357,1.357,0.0,0.0,0.0,1.357,0.0,0.0,1.357,1.357,1.913,0.0,1.913,1.357,0.0,0.0,0.0,2.736,1.357,0.0,0.0,2.736,0.0,0.0,0.0,0.0,0.0,2.529,0.0,0.0,0.0,1.913,0.0,0.0,0.0,0.0,1.357,1.357,0.0,0.0,0.0,0.0,1.913,0.0,0.0,0.0,0.0,0.0,0.0,0.0,0.0,0.0,0.0,1.357,1.357,0.0,1.357,1.357,2.268,0.0,0.0,0.0,0.0,1.357,0.0,0.0,0.0,0.0,0.0,1.357,1.357,0.0,0.0,0.0,1.357,0.0,2.268,1.357,3.396,0.0,2.268,1.357,0.0,0.0,0.0,1.357,1.357,1.357,0.0,1.357,0.0,0.0,0.0,0.0,0.0,0.0,0.0,0.0,1.357,1.357,0.0,0.0,0.0,0.0,2.736,0.0,0.0,1.357,0.0,0.0,0.0,1.913,0.0,1.357,0.0,0.0,1.357,0.0,0.0,0.0,1.913,2.529,0.0,0.0,0.0,4.21,1.357,0.0,0.0,0.0,2.268,0.0,1.913,0.0,0.0,1.357,0.0,1.913,0.0,2.529,0.0,0.0,0.0,0.0,0.0,1.357,1.913,0.0,0.0,0.0,0.0,0.0,1.357,0.0,0.0,0.0,0.0,0.0,1.357,1.357,1.357,1.913,0.0,1.357,0.0,1.357,0.0,0.0,0.0,0.0,1.913,2.529,1.357,0.0,0.0,1.913,0.0,1.357,2.268,0.0,1.357,1.357,0.0,0.0,1.913,2.268,1.357,0.0,2.736,0.0,0.0,0.0,0.0,0.0,1.357,1.357,1.357,0.0,2.268,4.166,0.0,2.908,0.0,1.357,0.0,0.0,0.0,1.913,0.0,0.0,0.0,1.357,0.0,0.0,0.0,0.0,0.0,0.0,1.357,1.357,0.0,0.0,0.0,0.0,0.0,0.0,0.0,0.0,0.0,0.0,1.913,1.357,1.357,0.0,0.0,1.357,1.357,1.913,0.0,2.736,0.0,0.0,0.0,2.529,0.0,2.529,0.0,1.357,0.0
B-Zelle,0.0,0.0,1.735,2.336,0.0,2.708,0.0,0.0,0.0,0.0,0.0,0.0,0.0,0.0,2.08,0.0,0.0,2.853,0.0,2.853,0.0,2.539,0.0,0.0,0.0,1.204,0.0,1.204,0.0,1.735,0.0,2.539,1.204,1.735,1.204,0.0,0.0,0.0,1.204,0.0,0.0,0.0,0.0,0.0,2.08,0.0,0.0,1.204,0.0,0.0,0.0,0.0,0.0,0.0,1.735,2.539,0.0,0.0,1.735,0.0,0.0,1.735,1.735,0.0,0.0,0.0,1.204,0.0,0.0,0.0,1.204,0.0,0.0,0.0,1.204,0.0,0.0,1.735,0.0,1.204,0.0,1.204,0.0,0.0,2.08,2.08,0.0,1.204,0.0,0.0,0.0,0.0,1.204,0.0,1.204,1.735,0.0,2.08,0.0,1.735,0.0,0.0,0.0,0.0,0.0,0.0,0.0,0.0,0.0,0.0,0.0,1.204,1.735,0.0,0.0,0.0,1.735,1.204,0.0,2.08,0.0,2.08,0.0,0.0,0.0,0.0,0.0,1.204,2.336,1.735,0.0,0.0,0.0,0.0,0.0,0.0,0.0,1.204,0.0,2.08,0.0,2.08,0.0,1.204,1.204,1.735,0.0,0.0,0.0,1.204,0.0,0.0,1.204,1.204,0.0,0.0,0.0,0.0,1.204,0.0,1.735,1.204,0.0,0.0,0.0,0.0,0.0,0.0,1.204,0.0,0.0,0.0,0.0,1.204,0.0,0.0,0.0,0.0,2.979,1.204,1.204,0.0,0.0,0.0,0.0,1.204,1.204,0.0,2.539,0.0,0.0,0.0,0.0,1.204,1.735,1.735,2.08,0.0,0.0,2.08,1.204,0.0,2.08,0.0,1.735,0.0,4.47,0.0,0.0,3.912,0.0,2.336,1.204,1.204,2.08,0.0,0.0,0.0,1.735,0.0,0.0,0.0,0.0,0.0,0.0,1.204,0.0,0.0,0.0,0.0,1.735,0.0,0.0,0.0,2.708,1.735,2.336,1.735,2.336,0.0,1.204,0.0,0.0,0.0,1.735,1.735,0.0,1.735,0.0,1.204,1.204,2.08,0.0,0.0,1.735,0.0,2.708,1.735,0.0,1.204,0.0,0.0,0.0,1.204,0.0,0.0,0.0,1.204,2.336,0.0,1.204,0.0,2.539,1.735,0.0,0.0,0.0,0.0,1.204,1.735,2.708,0.0,0.0,0.0,0.0,0.0,1.735,0.0,2.336,0.0,0.0,0.0,0.0,0.0,1.204,0.0,0.0,0.0,0.0,2.08,0.0,0.0,0.0,0.0,0.0,0.0,0.0,1.204,0.0,0.0,1.204,0.0,0.0,0.0,0.0,2.853,0.0,0.0,0.0,0.0,1.204,1.204,0.0,1.204,1.735,0.0,1.204,0.0,0.0,0.0,1.204,0.0,3.445,0.0,0.0,0.0,1.204,0.0,0.0,0.0,1.204,1.735,0.0,1.204,1.204,1.735,1.204,1.204,0.0,1.735,0.0,0.0,0.0,0.0,0.0,0.0,0.0,0.0,0.0,0.0,0.0,1.204,1.204,2.08,0.0,1.204,0.0,0.0,0.0,0.0,0.0,1.204,1.204,0.0,0.0,0.0,1.204,0.0,0.0,1.735,0.0,1.204,1.204,0.0,0.0,0.0,1.204,0.0,2.336,1.735,0.0,1.204,1.204,1.204,2.979,1.204,0.0,0.0,1.204,0.0,0.0,0.0,0.0,1.204,0.0,0.0,1.735,1.204,1.204,0.0,0.0,1.204,1.204,1.204,0.0,0.0,0.0,2.708,2.708,0.0,0.0,0.0,0.0,0.0,0.0,0.0,0.0,0.0,1.204,1.735,0.0,1.735,0.0,0.0,0.0,0.0,0.0,0.0,1.204,0.0,2.539,1.204,2.979,0.0,1.204,0.0,1.204,0.0,2.336,0.0,1.204,1.204,0.0,0.0,0.0,0.0,1.204,0.0,0.0,0.0,0.0,1.735,0.0,0.0,0.0,0.0,0.0,0.0,0.0,0.0,0.0,0.0,1.204,0.0,2.539,0.0,3.284,2.336,0.0,1.735,0.0,1.204,0.0,1.204,2.539,1.204,0.0,0.0,1.204,0.0,0.0,1.735,1.204,0.0,0.0,0.0,1.735,0.0,2.539,0.0,0.0,0.0,0.0,0.0,0.0,1.204,2.08,0.0,0.0,0.0,0.0,1.735,0.0,0.0,0.0,0.0,3.762,1.735,1.204,0.0,0.0,0.0,0.0,0.0,2.979,0.0,0.0,0.0,0.0,2.08,0.0,0.0,0.0,1.735,0.0,0.0,0.0,0.0,0.0,2.08,0.0,1.204,2.853,2.708,0.0,0.0,0.0,1.735,0.0,0.0,0.0,3.706,0.0,2.336,0.0,1.735,0.0,0.0,1.204,0.0,2.979,0.0,1.204,0.0,0.0,2.08,0.0,0.0,1.735,1.204,1.735,0.0,1.735,1.204,0.0,0.0,0.0,1.735,0.0,1.204,0.0,0.0,0.0,0.0,2.08,1.735,0.0,0.0,0.0,1.204,2.08,0.0,0.0,1.204,2.08,1.204,1.735,1.204,1.735,0.0,0.0,0.0,0.0,0.0,0.0,0.0,0.0,0.0,0.0,1.204,1.204,0.0,1.735,0.0,0.0,1.204,1.735,0.0,1.204,1.204,2.539,1.204,2.08,0.0,0.0,0.0,1.204,0.0,0.0,0.0,0.0,0.0,0.0,0.0,0.0,0.0,0.0,0.0,0.0,0.0,0.0,0.0,0.0,0.0,2.336,2.336,1.204,1.735,1.204,0.0,1.204,0.0,0.0,1.204,1.735,1.204,0.0,0.0,0.0,0.0,1.735,1.204,2.08,1.204,0.0,1.735,2.08,1.735,0.0,2.08,0.0,0.0,0.0,0.0,1.735,0.0,0.0,0.0,0.0,1.735,0.0,0.0,0.0,0.0,1.204,0.0,1.735,1.204,1.735,2.08,0.0,2.336,1.204,0.0,1.735,0.0,1.735,0.0,0.0,0.0,2.539,0.0,0.0,1.735,0.0,1.204,0.0,0.0,0.0,2.539,1.204,0.0,0.0,1.204,0.0,3.368,1.204,1.735,1.204,0.0,0.0,0.0,0.0,0.0,1.204,0.0,0.0,0.0,0.0,0.0,1.204,0.0,1.204,0.0,0.0,2.336,3.762,0.0,0.0,0.0,2.08,0.0,0.0,0.0,0.0,0.0,0.0,0.0,0.0,0.0,0.0,0.0,1.204,0.0,0.0,1.735,0.0,0.0,0.0,2.08,1.204,0.0,0.0,0.0,0.0
Monozyt,1.522,0.0,1.522,2.1,0.0,1.522,1.522,2.1,1.522,0.0,0.0,0.0,3.862,3.261,0.0,0.0,0.0,1.522,2.1,0.0,0.0,1.522,0.0,0.0,1.522,0.0,0.0,0.0,2.464,0.0,0.0,0.0,1.522,1.522,0.0,0.0,0.0,0.0,2.464,0.0,0.0,3.261,0.0,0.0,1.522,0.0,0.0,0.0,0.0,3.261,0.0,3.113,2.1,0.0,3.113,3.504,0.0,1.522,1.522,0.0,0.0,0.0,0.0,0.0,0.0,0.0,0.0,0.0,4.066,0.0,3.261,0.0,0.0,1.522,0.0,0.0,0.0,2.1,0.0,0.0,2.1,0.0,0.0,0.0,0.0,0.0,0.0,0.0,0.0,0.0,0.0,2.73,0.0,0.0,0.0,1.522,0.0,0.0,0.0,0.0,0.0,0.0,0.0,0.0,0.0,0.0,0.0,0.0,0.0,0.0,0.0,0.0,2.1,0.0,0.0,1.522,0.0,0.0,0.0,1.522,0.0,0.0,0.0,0.0,2.464,0.0,0.0,0.0,0.0,0.0,0.0,0.0,0.0,1.522,0.0,0.0,1.522,0.0,0.0,0.0,0.0,0.0,0.0,3.39,0.0,0.0,1.522,0.0,0.0,2.1,0.0,0.0,1.522,0.0,1.522,0.0,0.0,0.0,0.0,0.0,0.0,0.0,0.0,0.0,1.522,0.0,0.0,0.0,0.0,0.0,1.522,0.0,0.0,0.0,0.0,0.0,0.0,0.0,0.0,2.464,2.1,2.1,0.0,0.0,0.0,1.522,2.1,0.0,1.522,0.0,0.0,0.0,0.0,0.0,0.0,1.522,0.0,0.0,2.1,0.0,0.0,0.0,1.522,0.0,0.0,0.0,0.0,0.0,0.0,3.935,0.0,2.1,1.522,1.522,1.522,0.0,0.0,0.0,1.522,0.0,0.0,0.0,0.0,0.0,0.0,0.0,0.0,0.0,2.1,0.0,1.522,4.182,4.182,1.522,2.94,1.522,3.935,2.1,3.261,0.0,0.0,0.0,0.0,0.0,3.504,2.1,0.0,0.0,0.0,2.1,0.0,0.0,2.1,0.0,1.522,0.0,0.0,1.522,0.0,0.0,0.0,0.0,0.0,0.0,0.0,2.1,0.0,0.0,1.522,0.0,0.0,0.0,3.113,0.0,2.1,0.0,2.464,0.0,0.0,0.0,3.113,0.0,0.0,0.0,0.0,1.522,0.0,1.522,0.0,1.522,0.0,0.0,0.0,2.464,0.0,2.1,0.0,2.94,2.73,0.0,0.0,0.0,0.0,0.0,0.0,0.0,0.0,2.1,0.0,2.1,0.0,0.0,2.1,1.522,0.0,0.0,2.464,2.73,0.0,0.0,0.0,0.0,0.0,2.1,0.0,0.0,0.0,0.0,0.0,0.0,0.0,0.0,0.0,0.0,0.0,0.0,0.0,0.0,0.0,0.0,0.0,1.522,0.0,0.0,0.0,1.522,1.522,0.0,0.0,2.73,0.0,0.0,0.0,0.0,0.0,0.0,0.0,1.522,0.0,0.0,0.0,1.522,1.522,1.522,0.0,0.0,0.0,0.0,4.126,0.0,1.522,0.0,0.0,0.0,1.522,0.0,0.0,0.0,0.0,3.784,0.0,0.0,0.0,0.0,0.0,1.522,0.0,0.0,2.1,0.0,0.0,2.464,3.699,0.0,3.113,0.0,1.522,0.0,0.0,0.0,0.0,1.522,1.522,0.0,0.0,0.0,0.0,0.0,2.464,0.0,1.522,1.522,0.0,1.522,2.1,0.0,0.0,0.0,2.73,0.0,1.522,3.504,1.522,0.0,0.0,0.0,0.0,0.0,0.0,0.0,0.0,0.0,1.522,0.0,1.522,0.0,1.522,0.0,2.464,1.522,0.0,2.1,2.94,1.522,0.0,0.0,1.522,2.1,0.0,0.0,0.0,0.0,1.522,0.0,0.0,2.1,0.0,0.0,0.0,0.0,0.0,0.0,0.0,2.1,0.0,0.0,0.0,0.0,0.0,0.0,0.0,0.0,0.0,0.0,0.0,0.0,0.0,0.0,1.522,2.1,0.0,2.1,0.0,0.0,1.522,0.0,1.522,2.464,0.0,2.94,0.0,2.73,1.522,0.0,0.0,0.0,0.0,1.522,2.464,0.0,0.0,0.0,0.0,0.0,0.0,1.522,0.0,0.0,0.0,0.0,0.0,0.0,0.0,0.0,0.0,0.0,1.522,2.1,0.0,0.0,0.0,0.0,0.0,0.0,1.522,1.522,0.0,0.0,0.0,1.522,0.0,1.522,0.0,0.0,1.522,0.0,0.0,2.1,0.0,0.0,0.0,0.0,1.522,0.0,0.0,0.0,0.0,0.0,0.0,0.0,0.0,0.0,0.0,2.1,0.0,1.522,0.0,1.522,0.0,0.0,0.0,0.0,0.0,0.0,0.0,0.0,0.0,0.0,0.0,0.0,0.0,0.0,1.522,0.0,0.0,0.0,0.0,0.0,0.0,0.0,0.0,0.0,0.0,0.0,0.0,1.522,0.0,0.0,0.0,0.0,2.1,0.0,0.0,0.0,2.464,0.0,2.1,1.522,0.0,0.0,0.0,1.522,0.0,0.0,0.0,1.522,0.0,0.0,0.0,0.0,0.0,0.0,0.0,0.0,3.261,1.522,1.522,0.0,0.0,2.73,1.522,1.522,1.522,0.0,0.0,0.0,0.0,1.522,0.0,0.0,0.0,0.0,0.0,0.0,0.0,1.522,0.0,0.0,1.522,0.0,0.0,3.784,0.0,0.0,0.0,0.0,1.522,0.0,1.522,0.0,0.0,2.1,0.0,2.73,1.522,2.464,2.94,0.0,0.0,1.522,0.0,0.0,2.1,0.0,0.0,0.0,0.0,0.0,1.522,1.522,0.0,0.0,0.0,0.0,0.0,0.0,0.0,1.522,1.522,1.522,1.522,0.0,0.0,0.0,0.0,0.0,0.0,3.784,0.0,0.0,0.0,0.0,0.0,1.522,0.0,0.0,0.0,2.464,0.0,1.522,0.0,0.0,0.0,1.522,4.066,0.0,0.0,0.0,0.0,0.0,0.0,0.0,0.0,0.0,0.0,5.57,0.0,2.1,0.0,0.0,0.0,0.0,0.0,0.0,0.0,0.0,0.0,0.0,0.0,1.522,2.94,2.1,0.0,0.0,0.0,0.0,0.0,0.0,1.522,0.0,1.522,1.522,0.0,2.1,0.0,0.0,0.0,1.522,0.0,0.0,0.0,2.464,1.522,1.522,0.0,1.522,0.0,0.0,0.0,2.73,0.0,2.73,0.0,0.0,0.0
Dendritische Zelle,0.0,0.0,0.0,2.33,0.0,1.41,0.0,0.0,0.0,1.41,0.0,0.0,0.0,0.0,0.0,0.0,0.0,1.41,1.41,0.0,0.0,1.41,0.0,0.0,0.0,0.0,0.0,1.972,1.41,0.0,0.0,0.0,0.0,1.41,0.0,1.972,0.0,1.41,0.0,0.0,1.972,0.0,0.0,0.0,1.972,0.0,0.0,0.0,1.41,3.362,0.0,1.972,1.972,0.0,3.719,3.641,0.0,0.0,0.0,0.0,0.0,0.0,1.41,0.0,1.41,0.0,2.974,0.0,3.249,0.0,2.33,0.0,0.0,0.0,0.0,0.0,0.0,0.0,0.0,2.33,0.0,0.0,0.0,0.0,0.0,1.41,0.0,0.0,0.0,0.0,0.0,1.41,1.41,0.0,1.972,0.0,0.0,1.41,2.33,0.0,0.0,1.41,2.802,0.0,0.0,0.0,0.0,0.0,1.972,0.0,0.0,0.0,2.33,1.41,1.41,1.41,0.0,0.0,1.41,0.0,0.0,0.0,0.0,0.0,0.0,0.0,0.0,1.41,1.41,1.972,0.0,0.0,0.0,0.0,0.0,0.0,0.0,0.0,0.0,1.972,0.0,0.0,0.0,0.0,0.0,0.0,0.0,0.0,0.0,0.0,0.0,0.0,1.41,0.0,2.33,0.0,0.0,0.0,1.41,0.0,0.0,0.0,0.0,0.0,1.972,0.0,1.41,0.0,0.0,1.41,0.0,0.0,0.0,0.0,0.0,1.972,0.0,0.0,0.0,0.0,1.41,1.972,0.0,0.0,1.41,1.41,1.41,0.0,1.41,0.0,0.0,0.0,1.41,1.41,0.0,1.972,0.0,0.0,0.0,1.41,0.0,0.0,0.0,0.0,1.972,0.0,0.0,0.0,1.972,4.141,1.41,2.33,1.41,2.33,1.972,0.0,0.0,0.0,1.41,1.972,0.0,0.0,1.41,0.0,0.0,0.0,2.593,0.0,0.0,1.41,3.121,3.922,3.719,1.41,2.33,1.972,2.974,2.974,3.121,1.972,1.972,2.33,1.41,0.0,3.249,2.33,0.0,1.41,0.0,1.41,0.0,1.41,1.41,1.41,1.41,0.0,0.0,1.41,0.0,0.0,0.0,0.0,0.0,0.0,0.0,0.0,0.0,2.33,2.33,0.0,0.0,0.0,0.0,1.972,1.41,0.0,0.0,0.0,0.0,0.0,1.972,0.0,1.41,1.41,0.0,0.0,0.0,0.0,1.41,0.0,0.0,0.0,0.0,0.0,0.0,1.41,0.0,1.41,1.41,1.972,0.0,0.0,0.0,0.0,0.0,1.41,0.0,0.0,0.0,1.41,0.0,0.0,2.593,1.41,0.0,1.972,2.802,0.0,0.0,0.0,0.0,0.0,1.41,0.0,0.0,0.0,0.0,0.0,0.0,0.0,0.0,0.0,1.41,0.0,0.0,0.0,0.0,0.0,1.41,0.0,0.0,0.0,0.0,0.0,0.0,0.0,1.972,0.0,0.0,1.972,1.41,0.0,0.0,0.0,0.0,0.0,0.0,1.41,0.0,0.0,0.0,1.41,0.0,1.41,0.0,1.41,0.0,0.0,2.593,0.0,0.0,2.33,0.0,1.41,1.41,0.0,1.972,0.0,0.0,3.249,0.0,1.972,0.0,1.41,0.0,0.0,0.0,0.0,2.802,1.972,0.0,0.0,2.974,0.0,3.121,0.0,0.0,0.0,0.0,0.0,0.0,0.0,0.0,0.0,0.0,0.0,0.0,0.0,2.33,1.41,1.972,2.33,0.0,1.41,1.41,0.0,0.0,0.0,0.0,0.0,0.0,1.41,0.0,0.0,0.0,0.0,0.0,0.0,2.33,1.41,0.0,0.0,1.41,1.41,1.41,1.972,0.0,1.972,1.972,0.0,1.972,0.0,3.249,0.0,0.0,0.0,1.41,0.0,0.0,0.0,1.41,0.0,1.41,0.0,0.0,2.802,1.972,1.972,0.0,1.41,0.0,0.0,0.0,0.0,0.0,0.0,0.0,1.41,0.0,0.0,0.0,0.0,1.41,0.0,1.41,0.0,1.41,1.41,1.41,1.972,0.0,1.972,0.0,0.0,1.972,0.0,1.41,2.33,0.0,0.0,0.0,1.41,0.0,0.0,1.41,0.0,1.972,0.0,0.0,0.0,0.0,0.0,0.0,1.41,0.0,0.0,1.41,0.0,0.0,0.0,0.0,0.0,0.0,0.0,0.0,1.41,1.972,1.41,0.0,0.0,0.0,2.593,0.0,0.0,2.33,0.0,1.972,0.0,1.972,1.41,1.41,1.972,0.0,1.41,0.0,0.0,0.0,0.0,0.0,0.0,1.41,0.0,0.0,1.41,0.0,0.0,0.0,1.41,0.0,0.0,1.41,2.974,0.0,1.41,0.0,0.0,0.0,0.0,0.0,0.0,0.0,0.0,0.0,0.0,0.0,0.0,0.0,0.0,0.0,0.0,0.0,0.0,0.0,2.593,0.0,1.41,1.41,0.0,0.0,1.972,1.41,0.0,0.0,0.0,1.41,0.0,0.0,0.0,0.0,0.0,1.972,1.41,0.0,0.0,1.972,0.0,0.0,0.0,0.0,0.0,0.0,0.0,0.0,1.41,0.0,0.0,0.0,0.0,1.41,0.0,0.0,0.0,0.0,0.0,2.33,1.41,0.0,0.0,0.0,1.41,2.33,0.0,1.41,0.0,0.0,0.0,1.41,0.0,1.41,1.41,0.0,0.0,0.0,0.0,0.0,1.41,0.0,1.972,0.0,0.0,0.0,3.464,0.0,0.0,0.0,2.33,1.972,0.0,0.0,0.0,1.41,0.0,0.0,2.33,1.41,1.972,0.0,1.41,0.0,2.33,0.0,0.0,1.41,0.0,0.0,1.41,0.0,0.0,1.41,1.41,0.0,0.0,1.41,0.0,0.0,0.0,1.41,2.593,0.0,1.972,0.0,1.972,0.0,1.41,0.0,0.0,2.593,2.593,0.0,1.972,0.0,1.972,2.33,0.0,1.41,0.0,1.41,1.972,1.41,0.0,0.0,1.972,0.0,2.802,3.249,1.41,0.0,0.0,0.0,0.0,2.33,0.0,0.0,1.41,1.41,5.161,0.0,1.972,0.0,0.0,0.0,0.0,0.0,0.0,2.33,0.0,1.41,1.41,0.0,0.0,0.0,0.0,1.41,0.0,1.972,0.0,0.0,0.0,1.41,1.41,0.0,0.0,0.0,1.41,0.0,0.0,0.0,1.972,0.0,0.0,0.0,1.41,0.0,0.0,0.0,0.0,0.0,0.0,1.41,1.972,0.0,0.0,0.0,1.41,1.41
Dendritische Zelle,0.0,0.0,0.0,1.322,0.0,1.872,0.0,1.322,0.0,1.322,0.0,0.0,0.0,0.0,0.0,0.0,0.0,0.0,0.0,0.0,0.0,1.322,0.0,1.322,1.872,0.0,1.872,0.0,2.224,0.0,0.0,0.0,0.0,0.0,1.872,0.0,0.0,0.0,1.322,0.0,2.691,1.322,0.0,0.0,1.322,0.0,0.0,1.322,0.0,2.224,1.872,3.248,1.872,0.0,1.322,0.0,0.0,1.872,0.0,0.0,0.0,0.0,0.0,0.0,1.322,0.0,2.485,0.0,2.224,0.0,0.0,0.0,0.0,1.322,0.0,0.0,0.0,0.0,0.0,0.0,0.0,0.0,0.0,0.0,0.0,1.322,0.0,0.0,0.0,0.0,0.0,1.322,0.0,0.0,1.322,1.322,0.0,0.0,0.0,0.0,0.0,0.0,0.0,0.0,0.0,0.0,2.691,0.0,0.0,0.0,0.0,2.691,0.0,1.322,0.0,0.0,0.0,0.0,1.322,0.0,0.0,0.0,0.0,0.0,0.0,0.0,0.0,1.322,1.872,0.0,0.0,0.0,0.0,0.0,0.0,0.0,0.0,0.0,0.0,3.008,1.322,0.0,0.0,0.0,0.0,0.0,0.0,0.0,0.0,0.0,0.0,0.0,1.872,0.0,0.0,0.0,0.0,0.0,1.322,1.322,0.0,1.872,0.0,0.0,1.322,0.0,0.0,0.0,0.0,1.322,0.0,0.0,0.0,0.0,0.0,0.0,0.0,1.872,0.0,1.322,0.0,0.0,0.0,0.0,0.0,0.0,1.322,0.0,1.872,0.0,0.0,0.0,0.0,0.0,0.0,1.872,0.0,0.0,0.0,0.0,0.0,0.0,1.322,0.0,1.872,0.0,0.0,1.322,1.322,5.537,0.0,2.485,0.0,0.0,1.322,0.0,0.0,0.0,2.224,0.0,0.0,0.0,0.0,0.0,1.322,0.0,1.322,1.872,1.872,0.0,0.0,0.0,2.485,1.322,0.0,0.0,5.191,3.526,4.548,3.922,2.691,2.485,1.322,1.872,5.207,5.128,0.0,0.0,0.0,1.322,1.872,0.0,0.0,0.0,0.0,0.0,0.0,0.0,0.0,1.322,1.322,0.0,0.0,0.0,0.0,1.322,0.0,0.0,2.224,0.0,0.0,0.0,1.322,1.322,4.025,0.0,0.0,0.0,1.322,0.0,2.485,0.0,0.0,0.0,0.0,1.872,0.0,0.0,0.0,0.0,0.0,0.0,0.0,0.0,0.0,1.872,0.0,0.0,0.0,1.872,0.0,0.0,0.0,0.0,0.0,0.0,0.0,0.0,0.0,1.322,0.0,0.0,0.0,0.0,0.0,2.224,0.0,1.872,0.0,0.0,1.322,2.485,0.0,0.0,0.0,0.0,0.0,0.0,0.0,0.0,0.0,0.0,1.872,0.0,0.0,0.0,0.0,0.0,0.0,0.0,0.0,0.0,0.0,0.0,0.0,0.0,0.0,1.322,0.0,0.0,0.0,0.0,0.0,0.0,0.0,1.872,0.0,0.0,1.872,1.322,0.0,1.322,0.0,1.322,0.0,0.0,1.322,0.0,0.0,0.0,1.322,1.322,0.0,0.0,2.224,0.0,0.0,0.0,0.0,2.862,0.0,1.322,0.0,0.0,0.0,0.0,0.0,0.0,1.872,2.485,0.0,1.872,3.008,1.322,3.35,0.0,0.0,0.0,1.322,0.0,0.0,0.0,0.0,0.0,1.872,0.0,0.0,0.0,0.0,0.0,0.0,2.691,0.0,1.322,0.0,0.0,0.0,0.0,1.872,1.872,0.0,1.322,0.0,1.322,0.0,0.0,0.0,1.322,1.322,0.0,0.0,0.0,0.0,0.0,0.0,0.0,0.0,0.0,1.322,0.0,0.0,0.0,3.743,0.0,1.322,0.0,0.0,0.0,0.0,0.0,0.0,0.0,0.0,0.0,0.0,1.322,0.0,0.0,0.0,0.0,0.0,0.0,0.0,1.322,0.0,0.0,0.0,0.0,0.0,0.0,0.0,0.0,0.0,0.0,1.872,1.872,0.0,2.224,1.322,2.224,0.0,0.0,0.0,0.0,1.322,1.322,0.0,4.519,0.0,1.322,1.322,2.224,2.224,0.0,1.322,0.0,2.691,0.0,1.872,0.0,0.0,0.0,0.0,0.0,0.0,1.322,0.0,0.0,0.0,0.0,0.0,0.0,0.0,0.0,0.0,0.0,2.485,1.322,1.322,0.0,0.0,1.322,0.0,0.0,2.862,1.872,0.0,0.0,0.0,0.0,0.0,2.485,0.0,1.872,0.0,0.0,0.0,0.0,0.0,0.0,1.322,0.0,0.0,2.862,1.322,0.0,0.0,1.872,0.0,0.0,0.0,1.872,0.0,2.224,0.0,0.0,0.0,1.322,0.0,0.0,0.0,0.0,0.0,0.0,0.0,1.322,1.322,0.0,0.0,1.872,0.0,0.0,1.872,0.0,0.0,0.0,0.0,0.0,0.0,0.0,0.0,0.0,0.0,0.0,0.0,1.322,0.0,1.872,0.0,1.322,1.872,0.0,0.0,1.322,2.485,1.322,1.322,0.0,0.0,0.0,2.224,1.322,0.0,0.0,0.0,0.0,0.0,0.0,0.0,0.0,1.322,0.0,0.0,1.322,0.0,0.0,0.0,0.0,0.0,0.0,2.224,0.0,1.322,0.0,0.0,0.0,1.322,0.0,0.0,0.0,1.872,0.0,0.0,0.0,0.0,1.322,1.872,2.224,0.0,1.322,0.0,5.025,0.0,0.0,0.0,0.0,1.872,0.0,1.322,0.0,0.0,0.0,0.0,2.224,1.322,2.224,0.0,0.0,0.0,0.0,1.322,0.0,1.322,1.322,0.0,2.224,1.872,0.0,0.0,1.322,0.0,1.322,0.0,0.0,0.0,1.872,0.0,0.0,0.0,1.322,0.0,0.0,0.0,0.0,1.322,0.0,1.322,1.872,1.872,1.322,0.0,0.0,0.0,0.0,1.322,0.0,0.0,0.0,1.322,0.0,1.322,1.872,0.0,0.0,0.0,1.322,1.322,0.0,0.0,0.0,0.0,0.0,0.0,1.322,1.322,3.604,1.322,1.322,0.0,1.322,1.322,0.0,0.0,1.322,0.0,0.0,0.0,0.0,0.0,2.224,0.0,0.0,1.322,0.0,0.0,0.0,0.0,0.0,0.0,0.0,0.0,0.0,0.0,0.0,2.485,0.0,1.322,1.322,0.0,1.322,0.0,1.322,1.322,0.0,0.0,1.322,0.0,0.0,0.0,2.224,1.322,2.224,0.0,0.0,1.322
Monozyt,2.192,0.0,0.0,0.0,0.0,0.0,0.0,0.0,1.605,0.0,0.0,1.605,0.0,0.0,0.0,0.0,0.0,0.0,2.192,2.192,0.0,1.605,0.0,1.605,0.0,0.0,1.605,1.605,2.192,0.0,0.0,1.605,0.0,1.605,0.0,0.0,0.0,0.0,0.0,0.0,2.56,2.192,0.0,0.0,2.192,0.0,0.0,0.0,1.605,3.214,0.0,2.828,2.192,0.0,3.801,4.389,0.0,1.605,0.0,0.0,0.0,0.0,1.605,0.0,1.605,0.0,0.0,0.0,4.169,0.0,3.886,0.0,0.0,0.0,0.0,0.0,0.0,0.0,0.0,0.0,0.0,0.0,0.0,2.56,0.0,0.0,0.0,1.605,1.605,0.0,0.0,1.605,0.0,1.605,1.605,0.0,0.0,2.192,0.0,0.0,0.0,2.192,0.0,0.0,0.0,0.0,0.0,0.0,1.605,0.0,0.0,0.0,0.0,0.0,0.0,0.0,0.0,1.605,0.0,0.0,0.0,0.0,0.0,0.0,1.605,1.605,0.0,0.0,0.0,0.0,0.0,0.0,0.0,0.0,0.0,0.0,2.56,0.0,0.0,0.0,2.192,0.0,0.0,2.192,2.192,0.0,0.0,0.0,0.0,0.0,0.0,0.0,2.192,0.0,0.0,0.0,0.0,0.0,0.0,0.0,0.0,1.605,0.0,0.0,1.605,0.0,1.605,0.0,0.0,0.0,1.605,0.0,0.0,0.0,0.0,0.0,0.0,0.0,0.0,2.192,1.605,0.0,0.0,0.0,0.0,0.0,1.605,0.0,0.0,0.0,0.0,0.0,0.0,0.0,1.605,2.192,2.192,0.0,0.0,2.192,1.605,0.0,1.605,0.0,0.0,0.0,0.0,1.605,0.0,2.56,0.0,0.0,2.192,3.039,0.0,0.0,0.0,1.605,1.605,1.605,2.192,0.0,1.605,0.0,1.605,0.0,0.0,0.0,0.0,0.0,0.0,3.965,4.038,0.0,2.192,1.605,3.039,2.192,1.605,0.0,0.0,0.0,0.0,0.0,0.0,0.0,0.0,0.0,0.0,0.0,0.0,0.0,2.828,0.0,0.0,0.0,0.0,0.0,0.0,1.605,0.0,1.605,0.0,0.0,1.605,2.192,1.605,1.605,2.192,0.0,0.0,0.0,1.605,1.605,0.0,0.0,0.0,0.0,0.0,0.0,2.192,0.0,0.0,0.0,0.0,2.192,1.605,0.0,0.0,0.0,0.0,0.0,0.0,1.605,1.605,0.0,0.0,2.828,0.0,0.0,0.0,0.0,0.0,0.0,0.0,0.0,1.605,2.192,1.605,2.192,0.0,1.605,2.192,0.0,0.0,0.0,1.605,2.56,0.0,1.605,0.0,0.0,0.0,0.0,0.0,1.605,0.0,0.0,0.0,1.605,0.0,0.0,0.0,0.0,0.0,0.0,0.0,0.0,0.0,0.0,0.0,1.605,0.0,0.0,0.0,0.0,1.605,0.0,1.605,1.605,1.605,0.0,1.605,0.0,1.605,0.0,0.0,1.605,0.0,0.0,0.0,0.0,0.0,1.605,0.0,0.0,1.605,0.0,3.039,0.0,0.0,0.0,0.0,0.0,2.56,0.0,0.0,0.0,0.0,3.039,0.0,0.0,0.0,0.0,0.0,0.0,1.605,0.0,2.192,0.0,0.0,1.605,2.828,0.0,3.039,0.0,0.0,0.0,0.0,0.0,0.0,0.0,0.0,0.0,0.0,0.0,0.0,0.0,3.886,1.605,3.491,1.605,0.0,0.0,0.0,0.0,0.0,0.0,0.0,0.0,0.0,3.801,0.0,0.0,0.0,0.0,0.0,0.0,1.605,0.0,2.192,0.0,0.0,0.0,0.0,0.0,0.0,1.605,2.192,2.192,0.0,0.0,3.039,3.039,0.0,0.0,0.0,2.192,0.0,0.0,1.605,0.0,0.0,0.0,0.0,0.0,0.0,0.0,0.0,0.0,1.605,0.0,0.0,0.0,0.0,0.0,0.0,0.0,0.0,0.0,0.0,0.0,1.605,0.0,0.0,0.0,0.0,0.0,0.0,0.0,0.0,0.0,0.0,0.0,0.0,0.0,1.605,2.56,0.0,1.605,1.605,1.605,0.0,1.605,0.0,0.0,0.0,1.605,2.828,0.0,0.0,0.0,0.0,0.0,0.0,2.56,0.0,0.0,0.0,0.0,1.605,0.0,0.0,0.0,1.605,0.0,1.605,1.605,0.0,0.0,0.0,0.0,0.0,0.0,1.605,1.605,1.605,0.0,0.0,0.0,1.605,3.362,0.0,1.605,0.0,0.0,2.192,1.605,0.0,0.0,0.0,0.0,0.0,1.605,0.0,0.0,0.0,2.56,0.0,2.192,2.56,0.0,0.0,0.0,1.605,0.0,0.0,0.0,0.0,0.0,0.0,0.0,0.0,0.0,0.0,0.0,1.605,0.0,2.192,0.0,0.0,1.605,2.56,0.0,1.605,0.0,2.192,0.0,0.0,2.192,0.0,0.0,0.0,0.0,0.0,0.0,0.0,2.192,0.0,0.0,0.0,0.0,0.0,0.0,1.605,1.605,0.0,2.56,0.0,0.0,0.0,1.605,0.0,0.0,0.0,0.0,0.0,0.0,0.0,0.0,0.0,0.0,0.0,0.0,2.56,0.0,0.0,1.605,2.192,2.192,2.192,2.828,3.039,0.0,0.0,0.0,0.0,0.0,1.605,0.0,0.0,0.0,0.0,0.0,1.605,0.0,1.605,0.0,0.0,0.0,1.605,3.965,0.0,0.0,1.605,0.0,0.0,0.0,0.0,0.0,0.0,1.605,0.0,2.192,0.0,3.214,0.0,0.0,0.0,3.214,0.0,0.0,1.605,0.0,0.0,1.605,0.0,0.0,2.192,0.0,0.0,0.0,0.0,0.0,1.605,1.605,2.192,3.214,1.605,0.0,0.0,0.0,0.0,0.0,0.0,0.0,2.56,2.828,0.0,2.56,1.605,0.0,0.0,0.0,0.0,1.605,1.605,3.214,1.605,2.828,0.0,0.0,0.0,0.0,3.886,0.0,0.0,0.0,0.0,0.0,1.605,0.0,0.0,0.0,0.0,5.479,0.0,2.56,0.0,0.0,0.0,0.0,0.0,1.605,0.0,0.0,0.0,0.0,0.0,0.0,0.0,0.0,0.0,1.605,0.0,1.605,0.0,0.0,1.605,0.0,1.605,0.0,0.0,0.0,0.0,0.0,0.0,0.0,0.0,2.192,0.0,0.0,0.0,1.605,0.0,2.828,0.0,0.0,1.605,0.0,1.605,2.56,0.0,0.0,0.0
T-Zelle,0.0,0.0,1.437,2.363,0.0,1.437,0.0,0.0,0.0,0.0,0.0,0.0,0.0,0.0,0.0,0.0,0.0,3.676,0.0,0.0,0.0,0.0,1.437,0.0,0.0,0.0,0.0,0.0,2.627,0.0,0.0,1.437,0.0,1.437,2.004,1.437,1.437,1.437,2.004,1.437,0.0,1.437,0.0,0.0,2.363,0.0,0.0,0.0,0.0,1.437,0.0,2.627,0.0,0.0,3.008,3.592,0.0,0.0,0.0,0.0,0.0,0.0,0.0,0.0,0.0,0.0,2.627,0.0,0.0,0.0,2.836,0.0,0.0,0.0,2.004,2.004,0.0,0.0,1.437,2.004,1.437,0.0,1.437,0.0,1.437,0.0,2.004,0.0,1.437,0.0,0.0,3.008,0.0,0.0,0.0,0.0,0.0,0.0,0.0,0.0,0.0,1.437,4.577,0.0,1.437,0.0,1.437,0.0,1.437,0.0,0.0,2.836,0.0,0.0,0.0,0.0,0.0,1.437,0.0,0.0,1.437,2.004,0.0,0.0,0.0,0.0,0.0,0.0,0.0,0.0,0.0,0.0,0.0,0.0,0.0,1.437,1.437,0.0,0.0,0.0,0.0,0.0,1.437,0.0,1.437,1.437,0.0,0.0,0.0,0.0,0.0,0.0,2.363,0.0,1.437,1.437,0.0,0.0,1.437,0.0,0.0,1.437,0.0,0.0,0.0,0.0,0.0,0.0,0.0,1.437,0.0,0.0,0.0,0.0,0.0,1.437,0.0,0.0,0.0,1.437,2.004,2.363,0.0,0.0,0.0,1.437,2.363,0.0,1.437,2.363,0.0,0.0,0.0,3.008,0.0,0.0,0.0,0.0,0.0,0.0,0.0,1.437,1.437,0.0,0.0,0.0,0.0,0.0,2.004,1.437,0.0,2.004,2.004,0.0,0.0,0.0,0.0,0.0,0.0,0.0,2.363,0.0,0.0,0.0,2.004,0.0,0.0,0.0,0.0,0.0,3.155,0.0,0.0,0.0,2.627,1.437,0.0,0.0,0.0,0.0,2.004,0.0,0.0,0.0,0.0,2.004,0.0,0.0,0.0,2.004,1.437,1.437,0.0,0.0,2.004,0.0,0.0,1.437,0.0,1.437,1.437,0.0,0.0,0.0,0.0,0.0,0.0,1.437,0.0,0.0,1.437,0.0,0.0,2.004,0.0,0.0,1.437,0.0,1.437,2.004,1.437,0.0,0.0,1.437,0.0,0.0,1.437,1.437,1.437,1.437,0.0,0.0,0.0,0.0,0.0,1.437,1.437,2.004,0.0,1.437,0.0,0.0,0.0,0.0,0.0,2.004,0.0,1.437,0.0,2.627,2.363,0.0,0.0,0.0,1.437,1.437,1.437,0.0,0.0,1.437,0.0,1.437,0.0,1.437,1.437,0.0,0.0,0.0,0.0,0.0,0.0,0.0,2.004,0.0,0.0,0.0,0.0,0.0,0.0,1.437,0.0,0.0,0.0,1.437,0.0,0.0,2.004,1.437,0.0,2.363,0.0,0.0,0.0,1.437,1.437,0.0,0.0,2.627,1.437,0.0,0.0,0.0,1.437,1.437,0.0,1.437,0.0,0.0,0.0,0.0,0.0,0.0,1.437,0.0,0.0,0.0,0.0,0.0,0.0,2.627,0.0,0.0,0.0,2.004,1.437,0.0,0.0,0.0,0.0,2.004,3.397,0.0,0.0,3.008,2.836,0.0,0.0,0.0,0.0,0.0,0.0,0.0,0.0,0.0,0.0,0.0,0.0,0.0,2.363,1.437,0.0,2.004,0.0,0.0,0.0,1.437,0.0,0.0,2.004,1.437,1.437,0.0,0.0,0.0,0.0,0.0,0.0,0.0,0.0,1.437,1.437,1.437,0.0,0.0,0.0,2.836,0.0,0.0,0.0,1.437,3.155,2.627,2.004,0.0,0.0,0.0,1.437,0.0,1.437,0.0,0.0,1.437,0.0,0.0,0.0,0.0,3.008,3.155,2.004,0.0,0.0,2.004,0.0,0.0,0.0,0.0,1.437,0.0,1.437,0.0,0.0,0.0,0.0,0.0,2.627,0.0,2.004,0.0,0.0,2.004,0.0,2.363,0.0,0.0,0.0,0.0,1.437,0.0,0.0,2.004,1.437,2.627,0.0,0.0,0.0,1.437,2.004,0.0,2.004,0.0,0.0,0.0,0.0,0.0,0.0,2.004,0.0,0.0,0.0,0.0,0.0,0.0,0.0,0.0,0.0,1.437,2.363,2.363,0.0,3.155,3.676,2.004,0.0,0.0,2.363,0.0,0.0,0.0,0.0,0.0,0.0,0.0,0.0,2.363,2.363,1.437,0.0,2.004,0.0,0.0,0.0,0.0,0.0,2.004,0.0,0.0,0.0,0.0,0.0,0.0,1.437,2.004,0.0,1.437,1.437,1.437,2.004,0.0,0.0,0.0,0.0,0.0,0.0,0.0,0.0,1.437,1.437,0.0,2.004,0.0,1.437,2.004,0.0,3.283,0.0,1.437,0.0,0.0,1.437,0.0,1.437,1.437,0.0,0.0,0.0,1.437,0.0,0.0,0.0,0.0,0.0,0.0,0.0,2.004,2.004,0.0,1.437,0.0,0.0,1.437,1.437,0.0,0.0,3.827,0.0,0.0,0.0,2.004,0.0,0.0,0.0,0.0,1.437,0.0,1.437,0.0,0.0,1.437,1.437,0.0,2.627,0.0,2.004,0.0,0.0,0.0,2.363,1.437,0.0,1.437,1.437,0.0,2.004,0.0,0.0,0.0,0.0,0.0,0.0,0.0,0.0,0.0,2.004,0.0,2.004,0.0,1.437,0.0,2.836,1.437,0.0,2.004,0.0,1.437,0.0,2.627,0.0,2.004,0.0,0.0,2.627,0.0,1.437,2.627,0.0,0.0,0.0,0.0,1.437,2.004,0.0,0.0,0.0,0.0,2.004,0.0,1.437,0.0,0.0,1.437,0.0,0.0,0.0,1.437,0.0,0.0,2.004,3.283,0.0,0.0,0.0,1.437,0.0,0.0,2.004,1.437,0.0,0.0,0.0,0.0,1.437,0.0,0.0,2.363,2.004,0.0,0.0,0.0,0.0,0.0,0.0,0.0,0.0,0.0,2.004,3.397,0.0,1.437,0.0,1.437,0.0,0.0,0.0,0.0,3.676,0.0,0.0,0.0,0.0,0.0,0.0,0.0,0.0,0.0,0.0,1.437,0.0,0.0,0.0,0.0,1.437,0.0,0.0,0.0,0.0,1.437,0.0,1.437,0.0,0.0,0.0,0.0,0.0,2.363,0.0,0.0,1.437,1.437,0.0,0.0,0.0,2.004,0.0,0.0,0.0
Dendritische Zelle,0.0,0.0,0.0,1.331,0.0,1.331,0.0,0.0,0.0,0.0,1.882,1.331,0.0,0.0,0.0,0.0,0.0,3.02,0.0,1.331,0.0,0.0,0.0,1.331,0.0,1.331,0.0,1.331,1.331,0.0,0.0,1.331,0.0,2.236,1.331,0.0,0.0,1.331,1.331,1.331,0.0,1.882,1.331,0.0,0.0,0.0,0.0,1.331,1.331,2.236,0.0,3.148,3.02,0.0,2.874,3.689,0.0,1.331,0.0,1.882,0.0,0.0,0.0,0.0,1.331,0.0,2.703,0.0,2.496,1.331,0.0,0.0,1.331,0.0,0.0,0.0,0.0,1.331,0.0,1.882,0.0,1.331,1.331,0.0,1.331,0.0,1.331,0.0,0.0,0.0,0.0,1.331,2.236,0.0,2.236,0.0,0.0,0.0,1.882,0.0,1.331,1.331,0.0,0.0,0.0,0.0,0.0,1.331,0.0,0.0,0.0,1.331,1.882,0.0,1.331,1.331,1.331,0.0,0.0,0.0,1.331,0.0,0.0,0.0,0.0,0.0,0.0,0.0,0.0,1.331,0.0,0.0,0.0,1.331,0.0,0.0,1.882,0.0,0.0,3.261,1.331,0.0,0.0,1.331,0.0,0.0,1.331,0.0,0.0,1.331,0.0,0.0,1.331,0.0,1.331,0.0,0.0,0.0,1.331,0.0,0.0,1.331,0.0,0.0,1.882,0.0,0.0,0.0,1.331,0.0,0.0,0.0,0.0,0.0,0.0,0.0,0.0,1.331,0.0,0.0,0.0,0.0,0.0,0.0,0.0,0.0,0.0,0.0,0.0,1.331,0.0,0.0,0.0,0.0,0.0,2.236,2.874,0.0,0.0,0.0,0.0,0.0,0.0,0.0,1.331,0.0,0.0,1.331,0.0,4.982,0.0,1.882,2.236,3.02,0.0,0.0,0.0,0.0,0.0,1.882,1.331,0.0,1.331,0.0,1.331,0.0,0.0,1.331,0.0,0.0,3.148,1.882,2.703,0.0,1.331,1.882,4.501,3.878,4.531,3.362,3.02,2.874,2.496,2.496,3.616,4.257,0.0,0.0,0.0,0.0,0.0,0.0,1.331,0.0,1.882,0.0,0.0,0.0,0.0,1.331,1.331,1.882,0.0,0.0,1.882,0.0,0.0,0.0,1.331,0.0,0.0,0.0,1.331,3.02,1.331,0.0,0.0,0.0,0.0,0.0,1.882,0.0,0.0,0.0,0.0,0.0,0.0,0.0,0.0,0.0,0.0,0.0,0.0,1.331,0.0,2.236,0.0,2.703,0.0,1.331,0.0,0.0,0.0,0.0,0.0,0.0,0.0,0.0,0.0,1.331,0.0,1.331,0.0,0.0,0.0,1.882,1.882,2.703,0.0,0.0,1.331,0.0,0.0,1.331,0.0,1.331,0.0,1.331,0.0,0.0,2.236,0.0,2.236,0.0,0.0,0.0,0.0,0.0,0.0,0.0,0.0,0.0,0.0,0.0,0.0,2.236,2.236,0.0,0.0,1.331,0.0,0.0,0.0,0.0,1.882,1.882,0.0,2.496,1.331,1.331,0.0,1.882,0.0,1.331,0.0,0.0,0.0,0.0,1.331,0.0,1.331,0.0,0.0,0.0,1.882,0.0,1.331,0.0,0.0,3.987,0.0,0.0,1.331,1.331,0.0,0.0,0.0,0.0,2.496,0.0,0.0,0.0,1.882,0.0,2.874,1.331,0.0,0.0,0.0,0.0,1.331,0.0,2.236,1.331,0.0,0.0,1.331,0.0,2.236,0.0,0.0,1.882,0.0,0.0,0.0,0.0,0.0,0.0,2.236,2.236,0.0,1.882,0.0,1.331,0.0,0.0,0.0,0.0,1.331,0.0,1.331,0.0,1.331,1.331,0.0,0.0,1.331,0.0,0.0,0.0,1.882,1.331,3.02,1.331,2.236,0.0,2.236,0.0,1.331,0.0,0.0,0.0,0.0,0.0,0.0,1.882,0.0,1.882,0.0,0.0,0.0,1.331,0.0,1.882,0.0,0.0,0.0,0.0,0.0,0.0,0.0,0.0,0.0,0.0,2.236,0.0,0.0,0.0,0.0,2.703,0.0,1.882,0.0,1.331,0.0,0.0,1.331,4.982,0.0,0.0,0.0,1.882,2.236,0.0,0.0,0.0,2.703,0.0,0.0,0.0,0.0,0.0,0.0,0.0,0.0,1.331,0.0,0.0,0.0,0.0,0.0,0.0,0.0,0.0,1.331,0.0,2.703,2.496,0.0,0.0,0.0,1.331,0.0,0.0,1.331,1.331,1.882,0.0,0.0,0.0,0.0,2.874,1.331,1.882,0.0,0.0,0.0,0.0,0.0,0.0,0.0,0.0,0.0,1.882,1.331,0.0,0.0,1.331,0.0,0.0,0.0,2.236,0.0,0.0,1.331,0.0,0.0,0.0,1.331,1.331,1.331,0.0,0.0,0.0,0.0,0.0,0.0,0.0,0.0,1.331,0.0,0.0,1.331,2.703,0.0,0.0,1.331,0.0,0.0,1.331,0.0,0.0,0.0,0.0,1.882,2.236,0.0,0.0,0.0,0.0,0.0,0.0,2.496,0.0,3.148,0.0,0.0,0.0,0.0,0.0,1.331,0.0,0.0,0.0,0.0,1.331,0.0,0.0,0.0,0.0,1.331,0.0,0.0,0.0,0.0,0.0,0.0,0.0,1.331,1.331,0.0,1.331,1.882,0.0,0.0,0.0,0.0,0.0,1.331,0.0,0.0,0.0,1.331,0.0,0.0,0.0,1.331,1.331,0.0,0.0,0.0,4.131,0.0,0.0,0.0,0.0,0.0,0.0,1.331,0.0,1.882,0.0,0.0,2.703,0.0,1.331,0.0,1.331,0.0,0.0,1.882,1.331,1.882,0.0,0.0,0.0,0.0,0.0,1.331,1.331,0.0,0.0,0.0,0.0,1.882,0.0,0.0,0.0,0.0,2.496,0.0,1.882,0.0,0.0,1.331,0.0,1.331,2.874,0.0,1.331,0.0,1.882,1.331,0.0,0.0,0.0,1.331,0.0,0.0,0.0,1.331,1.331,0.0,1.331,2.874,0.0,1.331,0.0,0.0,0.0,1.331,0.0,0.0,2.236,1.882,4.437,1.882,1.331,0.0,1.331,0.0,0.0,0.0,1.882,0.0,0.0,0.0,0.0,0.0,0.0,0.0,0.0,0.0,0.0,0.0,1.882,0.0,0.0,1.331,0.0,0.0,0.0,0.0,0.0,0.0,0.0,2.874,0.0,0.0,0.0,0.0,0.0,1.331,1.331,0.0,1.331,0.0,0.0,1.882,1.882,1.331,2.236,0.0,0.0,0.0
Monozyt,1.463,0.0,0.0,2.033,0.0,0.0,0.0,1.463,0.0,1.463,0.0,1.463,0.0,0.0,0.0,0.0,0.0,2.033,0.0,0.0,0.0,0.0,0.0,0.0,0.0,0.0,0.0,1.463,1.463,1.463,0.0,2.033,0.0,0.0,1.463,0.0,0.0,0.0,2.394,0.0,2.394,2.394,0.0,0.0,1.463,0.0,0.0,0.0,0.0,3.43,0.0,2.659,2.394,0.0,4.05,4.469,0.0,2.394,0.0,0.0,0.0,0.0,1.463,0.0,1.463,0.0,2.394,0.0,4.05,0.0,3.316,0.0,0.0,0.0,0.0,0.0,0.0,1.463,0.0,1.463,2.033,0.0,0.0,0.0,1.463,0.0,0.0,0.0,1.463,0.0,0.0,0.0,0.0,1.463,2.033,0.0,0.0,0.0,1.463,0.0,0.0,2.033,0.0,0.0,0.0,0.0,0.0,0.0,0.0,0.0,0.0,0.0,0.0,1.463,0.0,0.0,0.0,0.0,0.0,2.033,1.463,0.0,0.0,0.0,1.463,2.394,0.0,0.0,0.0,0.0,0.0,0.0,0.0,0.0,0.0,2.033,0.0,1.463,1.463,2.033,2.394,0.0,0.0,2.033,2.033,0.0,0.0,1.463,0.0,1.463,0.0,0.0,1.463,0.0,0.0,0.0,0.0,0.0,1.463,0.0,1.463,1.463,0.0,1.463,1.463,0.0,1.463,0.0,0.0,0.0,0.0,0.0,0.0,0.0,0.0,0.0,0.0,0.0,0.0,2.033,0.0,0.0,0.0,0.0,0.0,1.463,2.033,1.463,0.0,0.0,0.0,0.0,0.0,0.0,0.0,1.463,0.0,0.0,0.0,0.0,0.0,0.0,1.463,0.0,2.033,0.0,0.0,0.0,0.0,4.21,0.0,2.033,0.0,1.463,0.0,0.0,0.0,0.0,1.463,0.0,0.0,1.463,1.463,0.0,1.463,0.0,0.0,1.463,0.0,0.0,1.463,3.625,3.991,2.033,2.659,0.0,3.43,3.43,3.788,2.033,1.463,1.463,0.0,1.463,3.709,2.659,0.0,0.0,0.0,1.463,0.0,0.0,1.463,0.0,2.394,0.0,1.463,2.033,0.0,0.0,0.0,0.0,0.0,0.0,0.0,1.463,0.0,0.0,2.659,0.0,0.0,0.0,1.463,0.0,1.463,1.463,0.0,0.0,0.0,0.0,2.394,0.0,2.033,2.033,0.0,1.463,0.0,0.0,0.0,0.0,0.0,0.0,0.0,1.463,0.0,2.033,0.0,2.394,2.394,2.033,0.0,0.0,0.0,0.0,0.0,0.0,0.0,1.463,0.0,1.463,0.0,0.0,2.868,1.463,0.0,0.0,1.463,0.0,1.463,1.463,0.0,0.0,1.463,1.463,0.0,0.0,0.0,0.0,0.0,0.0,2.033,0.0,0.0,0.0,0.0,0.0,0.0,0.0,0.0,0.0,0.0,0.0,0.0,1.463,0.0,0.0,0.0,0.0,0.0,0.0,1.463,0.0,0.0,0.0,0.0,0.0,0.0,0.0,1.463,0.0,0.0,2.659,1.463,1.463,1.463,0.0,0.0,0.0,0.0,0.0,0.0,0.0,0.0,0.0,2.033,0.0,0.0,0.0,0.0,3.188,0.0,0.0,1.463,0.0,0.0,1.463,0.0,0.0,2.868,0.0,0.0,2.659,2.659,0.0,3.04,0.0,1.463,0.0,2.394,0.0,0.0,0.0,0.0,0.0,0.0,0.0,0.0,1.463,3.625,1.463,2.033,2.659,0.0,3.04,2.868,0.0,0.0,0.0,2.394,1.463,0.0,2.394,2.033,0.0,1.463,0.0,0.0,0.0,0.0,0.0,1.463,0.0,0.0,0.0,0.0,0.0,0.0,1.463,2.868,0.0,0.0,2.033,3.188,1.463,2.033,1.463,1.463,0.0,0.0,0.0,2.033,0.0,0.0,0.0,0.0,0.0,0.0,0.0,0.0,0.0,0.0,0.0,0.0,0.0,0.0,1.463,0.0,0.0,0.0,0.0,0.0,0.0,0.0,0.0,0.0,0.0,0.0,1.463,1.463,2.659,0.0,0.0,0.0,0.0,1.463,0.0,1.463,2.659,0.0,2.394,0.0,2.033,0.0,1.463,0.0,0.0,1.463,2.033,1.463,0.0,0.0,0.0,0.0,0.0,0.0,0.0,2.033,0.0,0.0,0.0,0.0,0.0,0.0,0.0,0.0,0.0,3.04,0.0,0.0,0.0,0.0,0.0,0.0,1.463,1.463,0.0,1.463,0.0,2.394,0.0,0.0,2.033,0.0,0.0,2.033,0.0,0.0,0.0,0.0,0.0,0.0,0.0,0.0,1.463,0.0,0.0,0.0,0.0,0.0,0.0,0.0,2.033,0.0,2.033,1.463,0.0,0.0,0.0,1.463,0.0,1.463,0.0,0.0,0.0,0.0,0.0,0.0,0.0,2.033,0.0,0.0,1.463,2.394,0.0,0.0,0.0,0.0,0.0,0.0,0.0,0.0,0.0,1.463,0.0,0.0,0.0,0.0,0.0,0.0,0.0,2.394,0.0,0.0,0.0,2.033,1.463,2.394,1.463,0.0,0.0,0.0,0.0,0.0,0.0,0.0,0.0,0.0,2.868,0.0,0.0,1.463,0.0,0.0,0.0,2.394,0.0,0.0,1.463,2.394,2.659,0.0,0.0,1.463,0.0,0.0,0.0,2.033,0.0,1.463,0.0,0.0,0.0,0.0,0.0,0.0,0.0,0.0,2.033,0.0,0.0,0.0,3.188,0.0,0.0,0.0,0.0,0.0,0.0,1.463,1.463,0.0,0.0,0.0,2.394,1.463,1.463,1.463,0.0,0.0,1.463,0.0,2.033,2.868,0.0,0.0,0.0,0.0,0.0,0.0,0.0,0.0,0.0,0.0,0.0,2.659,0.0,0.0,2.033,0.0,1.463,1.463,0.0,0.0,0.0,0.0,0.0,0.0,3.04,0.0,0.0,1.463,1.463,0.0,0.0,0.0,0.0,2.394,2.659,0.0,1.463,2.033,1.463,0.0,0.0,3.709,0.0,0.0,0.0,0.0,0.0,0.0,0.0,0.0,0.0,0.0,5.585,1.463,3.04,0.0,0.0,0.0,0.0,0.0,0.0,0.0,0.0,0.0,0.0,0.0,0.0,1.463,1.463,1.463,1.463,0.0,0.0,0.0,0.0,1.463,0.0,0.0,0.0,0.0,2.394,1.463,0.0,0.0,2.033,0.0,2.033,0.0,3.188,0.0,2.394,0.0,1.463,1.463,0.0,1.463,2.033,0.0,1.463,0.0,0.0,0.0
Monozyt,1.572,0.0,1.572,2.155,0.0,0.0,0.0,0.0,0.0,0.0,0.0,0.0,0.0,0.0,1.572,0.0,0.0,1.572,0.0,0.0,0.0,0.0,0.0,0.0,0.0,0.0,0.0,1.572,2.155,0.0,0.0,1.572,0.0,0.0,1.572,1.572,0.0,1.572,1.572,0.0,0.0,0.0,0.0,0.0,1.572,0.0,0.0,0.0,0.0,3.321,0.0,2.155,0.0,0.0,4.187,4.243,0.0,1.572,2.155,0.0,0.0,0.0,1.572,0.0,0.0,0.0,0.0,0.0,4.064,0.0,3.845,0.0,0.0,0.0,0.0,0.0,0.0,1.572,0.0,0.0,2.155,0.0,0.0,0.0,1.572,0.0,0.0,0.0,0.0,0.0,0.0,0.0,0.0,2.155,1.572,0.0,0.0,0.0,0.0,0.0,0.0,1.572,0.0,0.0,0.0,0.0,0.0,0.0,0.0,0.0,0.0,0.0,2.155,1.572,0.0,0.0,1.572,0.0,1.572,1.572,0.0,0.0,0.0,0.0,0.0,1.572,0.0,1.572,0.0,0.0,1.572,0.0,0.0,2.155,0.0,0.0,0.0,2.521,0.0,0.0,0.0,1.572,0.0,2.999,0.0,1.572,1.572,0.0,0.0,1.572,0.0,0.0,1.572,1.572,1.572,0.0,0.0,0.0,0.0,0.0,0.0,1.572,0.0,0.0,0.0,0.0,0.0,0.0,1.572,0.0,0.0,0.0,0.0,0.0,0.0,0.0,0.0,0.0,0.0,0.0,2.155,0.0,0.0,0.0,0.0,0.0,2.521,2.155,1.572,0.0,0.0,0.0,0.0,0.0,0.0,2.521,0.0,0.0,0.0,2.155,1.572,2.521,1.572,0.0,2.155,0.0,0.0,1.572,0.0,3.996,0.0,0.0,2.155,2.155,2.155,0.0,1.572,1.572,2.155,0.0,1.572,1.572,0.0,0.0,2.788,0.0,0.0,0.0,1.572,0.0,2.155,4.347,3.924,1.572,2.788,0.0,3.321,1.572,2.999,0.0,1.572,0.0,2.155,1.572,3.173,2.788,0.0,0.0,0.0,0.0,0.0,0.0,1.572,0.0,1.572,0.0,0.0,0.0,0.0,0.0,0.0,0.0,0.0,0.0,0.0,2.155,0.0,0.0,2.155,0.0,0.0,0.0,0.0,2.155,2.155,1.572,0.0,0.0,0.0,0.0,2.155,0.0,0.0,0.0,0.0,0.0,0.0,0.0,0.0,1.572,0.0,0.0,0.0,1.572,0.0,0.0,0.0,0.0,2.155,2.155,0.0,0.0,0.0,0.0,0.0,0.0,1.572,1.572,0.0,1.572,1.572,0.0,2.788,0.0,0.0,0.0,2.155,0.0,1.572,0.0,0.0,0.0,0.0,1.572,2.155,0.0,0.0,0.0,0.0,1.572,0.0,0.0,1.572,0.0,0.0,0.0,0.0,0.0,0.0,0.0,0.0,0.0,1.572,1.572,0.0,0.0,2.521,0.0,0.0,2.521,1.572,0.0,0.0,0.0,0.0,2.155,0.0,1.572,1.572,1.572,0.0,0.0,1.572,0.0,1.572,0.0,0.0,1.572,3.845,0.0,0.0,0.0,0.0,0.0,2.155,0.0,0.0,0.0,0.0,2.999,0.0,1.572,0.0,0.0,0.0,1.572,2.155,0.0,2.788,0.0,0.0,2.788,2.999,1.572,2.521,0.0,0.0,0.0,0.0,0.0,0.0,0.0,0.0,0.0,0.0,0.0,0.0,2.521,2.999,0.0,1.572,2.788,0.0,1.572,0.0,0.0,1.572,0.0,0.0,0.0,0.0,3.845,0.0,0.0,0.0,0.0,0.0,0.0,0.0,2.155,1.572,0.0,0.0,3.173,0.0,0.0,0.0,0.0,0.0,1.572,0.0,0.0,2.155,0.0,0.0,0.0,2.155,0.0,0.0,0.0,0.0,0.0,0.0,0.0,0.0,0.0,0.0,0.0,0.0,0.0,0.0,0.0,0.0,0.0,0.0,0.0,0.0,0.0,0.0,0.0,0.0,0.0,0.0,0.0,0.0,0.0,0.0,0.0,0.0,3.173,0.0,2.155,0.0,0.0,1.572,0.0,1.572,2.999,0.0,1.572,0.0,2.155,1.572,0.0,1.572,0.0,2.155,0.0,0.0,0.0,0.0,0.0,0.0,0.0,0.0,2.521,0.0,0.0,0.0,0.0,0.0,0.0,0.0,2.155,1.572,0.0,2.788,0.0,1.572,0.0,0.0,0.0,1.572,0.0,0.0,0.0,2.521,0.0,1.572,1.572,0.0,2.155,0.0,0.0,1.572,0.0,0.0,1.572,0.0,0.0,0.0,0.0,0.0,2.788,0.0,0.0,0.0,0.0,0.0,0.0,0.0,2.155,1.572,1.572,0.0,0.0,2.155,0.0,0.0,1.572,0.0,0.0,0.0,0.0,0.0,0.0,1.572,0.0,0.0,0.0,1.572,0.0,1.572,0.0,0.0,0.0,2.155,0.0,0.0,0.0,0.0,0.0,0.0,2.155,0.0,0.0,0.0,0.0,0.0,0.0,0.0,1.572,0.0,0.0,2.521,0.0,1.572,0.0,0.0,0.0,0.0,2.155,0.0,0.0,0.0,1.572,0.0,2.521,0.0,0.0,0.0,0.0,0.0,0.0,2.788,0.0,2.155,2.155,0.0,2.788,2.999,0.0,0.0,0.0,0.0,0.0,0.0,1.572,0.0,0.0,0.0,0.0,0.0,0.0,0.0,0.0,1.572,1.572,0.0,0.0,0.0,3.76,0.0,1.572,1.572,0.0,0.0,0.0,2.155,0.0,0.0,1.572,0.0,0.0,0.0,1.572,2.155,0.0,0.0,3.321,1.572,1.572,0.0,1.572,0.0,1.572,0.0,0.0,0.0,0.0,0.0,0.0,0.0,0.0,1.572,0.0,0.0,1.572,0.0,1.572,2.155,1.572,0.0,0.0,1.572,0.0,1.572,2.999,0.0,1.572,1.572,1.572,0.0,0.0,1.572,0.0,0.0,0.0,0.0,2.155,1.572,0.0,0.0,1.572,3.321,1.572,0.0,0.0,0.0,0.0,0.0,0.0,0.0,0.0,1.572,5.47,1.572,2.155,0.0,1.572,0.0,0.0,0.0,0.0,0.0,1.572,0.0,0.0,0.0,0.0,2.788,0.0,0.0,0.0,1.572,0.0,0.0,0.0,1.572,0.0,0.0,0.0,0.0,1.572,0.0,0.0,0.0,2.788,0.0,0.0,0.0,2.788,1.572,2.155,0.0,2.155,0.0,0.0,1.572,2.155,1.572,2.521,0.0,0.0,0.0
Dendritische Zelle,0.0,0.0,1.395,1.395,0.0,0.0,0.0,1.395,0.0,1.395,0.0,0.0,0.0,0.0,0.0,0.0,0.0,1.395,0.0,1.395,0.0,0.0,1.395,0.0,0.0,1.395,0.0,0.0,1.956,0.0,0.0,0.0,0.0,1.395,1.395,0.0,0.0,0.0,1.395,0.0,2.784,0.0,0.0,0.0,1.956,0.0,0.0,0.0,1.956,2.314,0.0,0.0,1.956,0.0,3.231,3.623,0.0,1.395,0.0,0.0,0.0,0.0,0.0,0.0,1.956,3.841,1.956,0.0,2.784,1.395,0.0,0.0,0.0,0.0,0.0,0.0,0.0,0.0,0.0,0.0,1.395,0.0,0.0,0.0,1.395,0.0,0.0,0.0,0.0,0.0,1.395,2.314,0.0,1.395,1.956,1.395,0.0,0.0,0.0,0.0,1.395,0.0,0.0,0.0,0.0,0.0,1.395,0.0,0.0,0.0,0.0,0.0,1.395,0.0,1.956,1.395,0.0,0.0,0.0,0.0,1.395,1.395,0.0,0.0,0.0,0.0,1.395,0.0,1.395,1.956,1.395,0.0,1.395,0.0,0.0,0.0,1.956,1.395,0.0,2.314,0.0,0.0,1.956,1.395,1.395,0.0,0.0,0.0,0.0,1.395,0.0,0.0,1.956,1.395,0.0,0.0,0.0,0.0,0.0,1.956,0.0,1.395,0.0,0.0,0.0,0.0,0.0,0.0,1.395,0.0,0.0,0.0,0.0,0.0,0.0,0.0,0.0,1.395,0.0,0.0,0.0,0.0,0.0,0.0,0.0,0.0,1.956,0.0,2.314,0.0,0.0,0.0,0.0,0.0,0.0,1.395,1.395,0.0,0.0,1.395,0.0,0.0,1.395,0.0,1.956,0.0,0.0,0.0,0.0,5.259,0.0,1.395,1.395,2.314,1.956,0.0,0.0,0.0,0.0,2.314,0.0,0.0,1.395,0.0,1.395,0.0,0.0,0.0,0.0,0.0,0.0,2.956,2.576,0.0,2.784,1.956,5.16,3.904,4.587,4.072,2.784,3.904,1.395,3.103,4.455,4.617,0.0,0.0,1.395,0.0,0.0,0.0,2.314,0.0,2.314,0.0,0.0,0.0,0.0,0.0,0.0,0.0,0.0,0.0,0.0,0.0,0.0,0.0,0.0,0.0,0.0,0.0,2.956,0.0,1.395,0.0,1.395,0.0,0.0,1.395,2.314,0.0,0.0,0.0,0.0,1.395,0.0,1.395,1.395,0.0,0.0,0.0,0.0,0.0,0.0,1.956,0.0,1.956,0.0,1.395,0.0,0.0,1.395,0.0,0.0,0.0,0.0,0.0,0.0,1.395,0.0,0.0,0.0,0.0,0.0,1.956,2.314,1.956,0.0,0.0,0.0,1.395,0.0,0.0,0.0,0.0,0.0,0.0,0.0,1.956,1.395,0.0,1.395,0.0,0.0,0.0,0.0,0.0,0.0,0.0,0.0,0.0,0.0,1.395,0.0,0.0,0.0,1.395,0.0,0.0,0.0,1.956,1.395,0.0,0.0,0.0,0.0,0.0,0.0,1.956,0.0,0.0,1.395,1.395,0.0,0.0,0.0,0.0,0.0,0.0,0.0,0.0,0.0,0.0,0.0,0.0,0.0,0.0,0.0,2.314,0.0,0.0,0.0,0.0,0.0,1.395,0.0,0.0,3.103,1.395,0.0,0.0,2.314,0.0,1.956,1.395,0.0,0.0,0.0,0.0,0.0,0.0,0.0,0.0,0.0,0.0,0.0,0.0,0.0,0.0,0.0,1.395,0.0,2.314,0.0,0.0,0.0,0.0,1.956,1.956,0.0,1.395,0.0,1.395,0.0,0.0,0.0,0.0,0.0,0.0,0.0,0.0,0.0,0.0,0.0,0.0,1.395,0.0,0.0,0.0,0.0,0.0,2.956,0.0,2.576,1.395,2.784,0.0,0.0,0.0,0.0,0.0,0.0,0.0,0.0,2.314,0.0,0.0,0.0,0.0,0.0,0.0,0.0,1.395,0.0,0.0,0.0,0.0,0.0,0.0,0.0,0.0,1.395,0.0,0.0,1.395,0.0,1.956,0.0,2.956,0.0,0.0,0.0,0.0,1.395,0.0,0.0,4.523,0.0,1.956,1.395,0.0,0.0,0.0,1.395,0.0,1.956,0.0,1.956,0.0,1.395,0.0,0.0,0.0,0.0,1.395,1.395,0.0,1.395,0.0,0.0,0.0,0.0,0.0,1.395,0.0,1.956,1.395,0.0,0.0,0.0,0.0,0.0,0.0,1.395,0.0,2.314,0.0,0.0,0.0,1.395,2.956,0.0,1.956,1.395,0.0,1.395,1.395,0.0,0.0,0.0,0.0,1.395,1.395,0.0,0.0,1.395,1.395,0.0,0.0,1.395,1.956,0.0,1.395,0.0,0.0,0.0,0.0,2.576,1.395,0.0,0.0,0.0,0.0,0.0,0.0,0.0,0.0,0.0,0.0,1.395,1.395,1.395,0.0,0.0,0.0,1.395,0.0,0.0,1.395,0.0,0.0,1.395,0.0,0.0,1.395,1.395,0.0,0.0,0.0,0.0,0.0,2.576,0.0,3.231,1.956,1.956,0.0,0.0,0.0,0.0,1.395,0.0,0.0,0.0,0.0,0.0,0.0,0.0,0.0,1.395,0.0,0.0,0.0,1.395,1.395,1.395,0.0,0.0,0.0,2.576,1.395,1.395,0.0,0.0,0.0,1.395,0.0,1.395,0.0,0.0,1.395,0.0,0.0,0.0,0.0,0.0,1.956,1.395,0.0,1.395,4.489,0.0,0.0,0.0,0.0,0.0,0.0,1.395,0.0,1.395,0.0,0.0,2.314,0.0,2.576,1.956,0.0,0.0,0.0,1.395,0.0,1.956,1.395,0.0,0.0,1.395,0.0,0.0,0.0,0.0,0.0,0.0,0.0,1.395,0.0,1.395,0.0,0.0,0.0,0.0,2.314,0.0,1.395,0.0,0.0,2.576,3.103,0.0,1.395,1.395,1.956,0.0,0.0,0.0,0.0,1.395,1.395,0.0,0.0,2.576,1.956,0.0,1.395,2.956,0.0,2.314,0.0,0.0,0.0,1.395,1.395,0.0,0.0,1.956,4.343,0.0,2.314,0.0,0.0,0.0,0.0,0.0,1.395,0.0,0.0,0.0,0.0,0.0,0.0,0.0,0.0,0.0,1.395,0.0,0.0,0.0,0.0,0.0,0.0,0.0,0.0,0.0,0.0,1.395,0.0,1.395,2.314,0.0,0.0,0.0,0.0,1.395,1.395,0.0,1.395,0.0,0.0,1.395,1.395,1.395,2.784,0.0,0.0,0.0
Dendritische Zelle,0.0,0.0,0.0,2.176,0.0,1.282,0.0,0.0,0.0,0.0,1.282,1.282,0.0,0.0,1.282,0.0,0.0,0.0,0.0,1.826,0.0,1.282,0.0,0.0,0.0,0.0,1.282,0.0,1.282,1.282,0.0,0.0,0.0,1.282,2.176,1.282,0.0,0.0,0.0,0.0,2.811,0.0,0.0,0.0,1.282,0.0,0.0,1.282,1.282,2.435,0.0,2.956,0.0,0.0,1.826,3.083,0.0,1.282,0.0,0.0,0.0,0.0,0.0,0.0,1.282,3.473,2.176,0.0,2.176,0.0,0.0,0.0,0.0,1.282,0.0,0.0,0.0,1.282,0.0,0.0,0.0,1.826,0.0,0.0,0.0,0.0,1.282,0.0,1.282,0.0,0.0,1.826,0.0,0.0,1.282,0.0,0.0,0.0,1.282,0.0,0.0,0.0,0.0,0.0,0.0,0.0,0.0,0.0,0.0,0.0,0.0,0.0,2.176,0.0,1.282,0.0,0.0,0.0,0.0,1.282,0.0,0.0,0.0,0.0,0.0,1.282,0.0,0.0,1.282,2.176,1.826,0.0,0.0,1.282,0.0,0.0,0.0,1.282,0.0,3.083,1.282,0.0,1.282,1.282,0.0,0.0,0.0,0.0,0.0,0.0,0.0,0.0,0.0,1.826,0.0,0.0,0.0,0.0,1.826,0.0,0.0,1.826,1.826,0.0,1.282,0.0,0.0,0.0,0.0,1.282,0.0,0.0,0.0,0.0,0.0,0.0,0.0,0.0,0.0,1.282,1.282,1.282,1.826,0.0,0.0,0.0,0.0,1.282,1.826,0.0,0.0,0.0,0.0,0.0,0.0,2.64,1.282,0.0,0.0,1.826,0.0,0.0,1.282,0.0,1.282,0.0,0.0,1.282,1.282,5.239,0.0,2.176,0.0,2.176,1.282,0.0,0.0,1.826,0.0,2.435,0.0,0.0,1.282,0.0,0.0,0.0,0.0,0.0,0.0,1.826,0.0,3.083,1.826,0.0,2.176,0.0,5.137,3.921,4.604,4.303,3.389,3.297,1.826,2.435,4.523,4.403,0.0,1.282,0.0,0.0,0.0,0.0,1.826,0.0,1.826,0.0,0.0,1.826,0.0,0.0,0.0,0.0,0.0,0.0,0.0,1.282,0.0,0.0,1.282,0.0,0.0,0.0,1.826,1.826,2.176,0.0,2.176,0.0,0.0,0.0,2.811,0.0,0.0,0.0,0.0,0.0,0.0,0.0,1.282,0.0,0.0,0.0,0.0,1.282,0.0,1.826,0.0,0.0,0.0,0.0,0.0,0.0,0.0,0.0,0.0,0.0,0.0,1.282,1.282,1.282,0.0,0.0,0.0,0.0,0.0,2.176,1.826,2.956,1.282,0.0,0.0,0.0,0.0,0.0,1.282,2.176,0.0,0.0,0.0,1.282,0.0,0.0,1.282,0.0,0.0,0.0,0.0,0.0,0.0,0.0,0.0,0.0,0.0,0.0,0.0,2.176,0.0,2.176,0.0,3.196,0.0,0.0,1.826,0.0,0.0,0.0,0.0,1.282,1.826,0.0,0.0,1.282,1.282,0.0,0.0,2.176,0.0,0.0,2.435,0.0,0.0,1.282,0.0,0.0,1.826,0.0,1.282,0.0,0.0,2.956,0.0,0.0,2.435,0.0,0.0,0.0,1.282,0.0,2.435,2.435,0.0,1.826,1.282,1.282,3.473,0.0,1.282,0.0,0.0,0.0,0.0,0.0,1.282,0.0,0.0,0.0,1.282,0.0,1.826,0.0,2.176,0.0,0.0,1.282,0.0,0.0,0.0,0.0,0.0,0.0,1.282,1.282,0.0,1.282,0.0,0.0,0.0,0.0,0.0,0.0,1.282,0.0,1.282,1.282,0.0,0.0,1.826,0.0,0.0,0.0,1.282,0.0,3.083,1.282,1.826,0.0,2.435,1.282,1.282,0.0,0.0,0.0,0.0,0.0,0.0,1.282,0.0,0.0,0.0,0.0,0.0,0.0,1.282,0.0,0.0,0.0,0.0,0.0,0.0,0.0,0.0,0.0,1.282,0.0,0.0,0.0,0.0,0.0,1.282,0.0,0.0,2.435,0.0,1.282,1.282,0.0,0.0,5.024,0.0,1.282,0.0,2.435,0.0,0.0,1.282,0.0,1.282,0.0,1.826,0.0,0.0,0.0,0.0,0.0,0.0,1.282,0.0,0.0,0.0,0.0,1.282,0.0,0.0,0.0,0.0,0.0,1.282,1.282,1.282,0.0,0.0,1.282,0.0,0.0,1.282,1.826,1.826,0.0,1.282,0.0,0.0,2.64,0.0,0.0,0.0,0.0,2.176,1.282,0.0,0.0,1.826,0.0,0.0,3.083,1.282,0.0,0.0,0.0,0.0,0.0,1.826,1.826,0.0,1.282,1.282,1.282,1.826,0.0,0.0,0.0,1.282,0.0,1.282,0.0,0.0,1.282,0.0,1.282,1.282,0.0,2.176,1.282,2.435,0.0,0.0,1.282,1.826,0.0,0.0,0.0,0.0,0.0,0.0,0.0,0.0,2.435,0.0,0.0,0.0,0.0,1.282,0.0,3.196,0.0,2.176,0.0,1.282,1.282,0.0,0.0,0.0,1.282,0.0,0.0,0.0,0.0,0.0,0.0,0.0,0.0,0.0,0.0,0.0,0.0,1.282,1.282,1.282,0.0,0.0,0.0,1.826,0.0,1.282,0.0,0.0,0.0,1.282,0.0,0.0,0.0,0.0,1.826,0.0,0.0,0.0,0.0,1.282,2.176,0.0,0.0,0.0,4.934,1.282,1.282,0.0,0.0,1.826,0.0,1.826,0.0,0.0,0.0,0.0,2.435,0.0,2.64,0.0,0.0,0.0,0.0,0.0,1.826,0.0,1.282,0.0,1.282,0.0,0.0,1.282,0.0,0.0,0.0,0.0,0.0,0.0,1.282,1.282,0.0,0.0,1.826,0.0,1.282,0.0,1.282,0.0,0.0,1.282,2.956,0.0,1.282,0.0,1.282,0.0,1.282,1.282,0.0,2.64,2.176,1.282,0.0,1.826,0.0,0.0,2.435,2.811,0.0,0.0,0.0,1.282,0.0,0.0,0.0,1.282,0.0,1.826,4.019,0.0,0.0,0.0,1.282,0.0,1.282,0.0,2.64,1.282,0.0,0.0,0.0,0.0,1.282,1.282,0.0,0.0,2.176,0.0,1.282,0.0,0.0,0.0,0.0,0.0,0.0,0.0,0.0,1.282,0.0,2.435,0.0,0.0,1.826,0.0,1.826,0.0,0.0,0.0,2.176,0.0,1.282,0.0,1.826,0.0,1.282,0.0,0.0,0.0
Monozyt,0.0,0.0,0.0,1.502,0.0,0.0,1.502,1.502,1.502,0.0,0.0,0.0,2.705,3.478,1.502,0.0,0.0,2.915,0.0,0.0,0.0,0.0,0.0,2.44,0.0,0.0,2.077,0.0,2.44,0.0,0.0,0.0,0.0,1.502,0.0,1.502,0.0,1.502,1.502,0.0,1.502,2.915,0.0,0.0,0.0,0.0,0.0,0.0,0.0,3.581,1.502,2.077,2.077,0.0,3.581,3.673,0.0,1.502,2.077,1.502,1.502,1.502,0.0,0.0,0.0,0.0,2.44,0.0,3.909,0.0,3.673,0.0,0.0,0.0,0.0,0.0,0.0,0.0,0.0,2.077,0.0,0.0,0.0,0.0,1.502,0.0,0.0,0.0,0.0,0.0,0.0,0.0,0.0,0.0,1.502,0.0,0.0,1.502,0.0,0.0,0.0,0.0,0.0,0.0,0.0,0.0,0.0,0.0,0.0,0.0,0.0,0.0,0.0,0.0,0.0,1.502,0.0,0.0,0.0,1.502,0.0,0.0,0.0,0.0,0.0,0.0,0.0,0.0,1.502,0.0,0.0,0.0,1.502,0.0,0.0,0.0,0.0,2.077,0.0,0.0,0.0,0.0,1.502,1.502,2.44,0.0,0.0,1.502,0.0,0.0,3.236,0.0,2.077,0.0,0.0,1.502,0.0,0.0,0.0,0.0,0.0,0.0,0.0,0.0,0.0,0.0,0.0,0.0,1.502,0.0,1.502,0.0,0.0,1.502,0.0,0.0,0.0,1.502,0.0,0.0,0.0,1.502,0.0,0.0,0.0,0.0,2.915,1.502,0.0,0.0,0.0,0.0,0.0,0.0,0.0,2.077,0.0,0.0,0.0,0.0,0.0,0.0,1.502,0.0,0.0,0.0,0.0,1.502,1.502,4.308,0.0,2.44,2.915,0.0,0.0,0.0,0.0,0.0,0.0,0.0,0.0,0.0,0.0,0.0,0.0,0.0,1.502,0.0,0.0,0.0,1.502,3.673,3.909,0.0,2.915,1.502,3.836,3.364,3.673,2.44,2.44,2.077,2.077,2.44,3.581,3.836,0.0,0.0,0.0,1.502,0.0,0.0,0.0,0.0,0.0,0.0,0.0,0.0,0.0,0.0,0.0,0.0,0.0,0.0,0.0,2.077,0.0,0.0,0.0,0.0,0.0,0.0,0.0,2.077,2.077,0.0,0.0,1.502,0.0,1.502,2.44,0.0,0.0,1.502,0.0,0.0,0.0,0.0,0.0,1.502,0.0,0.0,0.0,0.0,0.0,1.502,0.0,2.077,1.502,0.0,0.0,0.0,0.0,0.0,0.0,0.0,0.0,1.502,0.0,2.44,0.0,2.44,3.364,1.502,1.502,0.0,2.705,2.705,0.0,0.0,0.0,0.0,1.502,2.077,0.0,0.0,0.0,0.0,0.0,2.44,2.077,0.0,1.502,0.0,0.0,0.0,0.0,0.0,0.0,0.0,0.0,1.502,0.0,0.0,0.0,1.502,2.077,0.0,2.077,2.077,0.0,0.0,0.0,0.0,0.0,0.0,0.0,0.0,0.0,1.502,0.0,2.077,0.0,1.502,0.0,0.0,0.0,0.0,3.478,0.0,0.0,0.0,0.0,0.0,0.0,0.0,0.0,0.0,0.0,3.088,0.0,0.0,0.0,1.502,0.0,0.0,0.0,0.0,2.915,0.0,0.0,2.077,3.364,1.502,3.088,0.0,0.0,0.0,0.0,0.0,0.0,0.0,0.0,1.502,0.0,0.0,1.502,0.0,2.705,1.502,2.44,0.0,0.0,0.0,1.502,0.0,2.077,0.0,1.502,1.502,0.0,3.673,1.502,0.0,0.0,0.0,0.0,1.502,0.0,0.0,0.0,0.0,0.0,1.502,0.0,0.0,0.0,0.0,2.077,0.0,0.0,0.0,2.077,0.0,0.0,1.502,2.077,0.0,1.502,0.0,2.44,0.0,0.0,0.0,0.0,0.0,0.0,0.0,0.0,0.0,0.0,0.0,0.0,0.0,0.0,2.077,0.0,0.0,0.0,0.0,0.0,0.0,0.0,0.0,1.502,0.0,0.0,2.077,1.502,2.077,0.0,0.0,1.502,0.0,1.502,0.0,1.502,3.236,0.0,2.705,0.0,2.077,0.0,0.0,1.502,0.0,1.502,2.077,0.0,0.0,0.0,0.0,0.0,0.0,0.0,1.502,1.502,0.0,0.0,0.0,0.0,0.0,0.0,0.0,0.0,1.502,1.502,2.077,0.0,0.0,0.0,2.44,0.0,0.0,1.502,0.0,2.44,0.0,0.0,1.502,1.502,2.077,0.0,0.0,0.0,0.0,0.0,0.0,0.0,0.0,1.502,0.0,1.502,2.705,0.0,0.0,0.0,0.0,0.0,0.0,1.502,0.0,1.502,1.502,1.502,0.0,0.0,0.0,1.502,0.0,0.0,0.0,0.0,0.0,0.0,1.502,0.0,0.0,0.0,0.0,0.0,0.0,1.502,0.0,0.0,0.0,0.0,0.0,0.0,0.0,0.0,0.0,1.502,1.502,0.0,0.0,0.0,0.0,0.0,0.0,1.502,0.0,0.0,0.0,2.44,0.0,2.077,0.0,0.0,0.0,0.0,2.077,0.0,1.502,0.0,0.0,0.0,0.0,0.0,0.0,1.502,0.0,0.0,0.0,2.44,0.0,1.502,0.0,0.0,1.502,2.705,1.502,2.44,0.0,0.0,0.0,1.502,0.0,2.077,0.0,0.0,0.0,0.0,0.0,0.0,0.0,0.0,1.502,0.0,0.0,0.0,2.915,0.0,2.077,1.502,0.0,1.502,0.0,0.0,0.0,0.0,2.077,0.0,2.077,0.0,0.0,2.705,0.0,0.0,2.705,0.0,0.0,0.0,0.0,0.0,0.0,0.0,1.502,0.0,2.705,0.0,0.0,0.0,0.0,1.502,1.502,0.0,0.0,1.502,0.0,2.077,1.502,0.0,0.0,0.0,0.0,1.502,3.236,0.0,0.0,0.0,0.0,1.502,0.0,0.0,0.0,2.077,2.705,0.0,1.502,2.077,1.502,0.0,2.077,3.236,0.0,1.502,0.0,0.0,0.0,1.502,0.0,0.0,0.0,0.0,5.764,0.0,3.088,0.0,0.0,0.0,0.0,0.0,0.0,0.0,0.0,0.0,0.0,0.0,1.502,2.077,0.0,0.0,0.0,0.0,0.0,0.0,0.0,0.0,0.0,1.502,0.0,0.0,2.077,0.0,0.0,0.0,2.44,0.0,2.44,0.0,0.0,0.0,2.44,0.0,0.0,0.0,0.0,0.0,2.44,0.0,2.44,0.0,0.0,0.0
Dendritische Zelle,0.0,0.0,0.0,2.111,0.0,0.0,1.533,0.0,0.0,0.0,0.0,0.0,0.0,0.0,1.533,0.0,0.0,2.111,0.0,0.0,0.0,0.0,0.0,1.533,0.0,1.533,0.0,1.533,0.0,0.0,0.0,0.0,0.0,0.0,0.0,0.0,0.0,0.0,0.0,0.0,1.533,0.0,1.533,0.0,0.0,0.0,0.0,0.0,0.0,0.0,0.0,3.402,4.138,3.517,3.875,4.079,0.0,0.0,0.0,1.533,0.0,0.0,0.0,0.0,2.111,3.619,2.111,0.0,1.533,0.0,0.0,0.0,0.0,0.0,1.533,0.0,0.0,2.111,0.0,0.0,0.0,0.0,0.0,0.0,2.742,1.533,0.0,0.0,0.0,0.0,0.0,1.533,0.0,2.742,1.533,0.0,0.0,0.0,2.111,1.533,1.533,1.533,1.533,0.0,0.0,0.0,1.533,0.0,0.0,0.0,0.0,0.0,2.952,0.0,1.533,0.0,0.0,0.0,0.0,0.0,0.0,1.533,0.0,0.0,0.0,0.0,0.0,0.0,1.533,0.0,0.0,0.0,0.0,0.0,0.0,0.0,1.533,0.0,0.0,2.742,1.533,0.0,0.0,2.111,0.0,1.533,0.0,0.0,0.0,0.0,0.0,0.0,2.111,0.0,1.533,0.0,0.0,0.0,0.0,0.0,0.0,2.111,0.0,0.0,0.0,0.0,0.0,0.0,2.111,0.0,0.0,0.0,0.0,0.0,0.0,0.0,0.0,2.952,0.0,1.533,2.111,0.0,0.0,0.0,0.0,0.0,2.111,0.0,0.0,0.0,0.0,0.0,0.0,0.0,0.0,1.533,0.0,0.0,0.0,1.533,0.0,0.0,1.533,1.533,1.533,0.0,0.0,2.111,0.0,5.265,0.0,2.111,2.476,2.742,0.0,0.0,0.0,0.0,0.0,1.533,0.0,2.111,1.533,0.0,0.0,0.0,0.0,0.0,0.0,0.0,0.0,2.742,2.111,0.0,2.952,1.533,4.732,3.712,4.393,3.402,2.476,2.476,0.0,1.533,2.952,3.797,0.0,0.0,0.0,2.111,0.0,1.533,1.533,0.0,0.0,0.0,0.0,0.0,0.0,1.533,0.0,0.0,0.0,0.0,0.0,0.0,0.0,0.0,2.111,0.0,0.0,0.0,0.0,2.111,2.111,0.0,1.533,0.0,0.0,0.0,2.742,0.0,0.0,1.533,1.533,0.0,0.0,0.0,0.0,0.0,0.0,0.0,0.0,0.0,1.533,2.111,0.0,2.111,0.0,0.0,0.0,0.0,0.0,0.0,0.0,0.0,0.0,1.533,0.0,2.111,0.0,0.0,0.0,0.0,0.0,0.0,2.111,1.533,0.0,0.0,2.111,2.111,1.533,0.0,0.0,0.0,0.0,0.0,0.0,1.533,0.0,1.533,2.111,1.533,0.0,0.0,0.0,0.0,0.0,0.0,0.0,0.0,0.0,0.0,0.0,1.533,0.0,0.0,0.0,2.476,0.0,0.0,0.0,0.0,0.0,0.0,0.0,0.0,0.0,0.0,0.0,0.0,0.0,1.533,0.0,0.0,0.0,1.533,2.111,0.0,0.0,0.0,0.0,0.0,2.111,0.0,1.533,0.0,0.0,3.712,0.0,0.0,2.111,1.533,0.0,0.0,0.0,0.0,2.111,0.0,0.0,2.476,1.533,1.533,3.126,0.0,0.0,1.533,0.0,0.0,0.0,0.0,0.0,0.0,0.0,0.0,0.0,0.0,1.533,0.0,0.0,1.533,0.0,2.742,1.533,1.533,1.533,0.0,0.0,0.0,0.0,2.476,0.0,0.0,0.0,0.0,0.0,0.0,0.0,1.533,1.533,0.0,1.533,1.533,0.0,0.0,1.533,1.533,2.742,0.0,0.0,0.0,3.274,0.0,2.111,0.0,1.533,0.0,0.0,0.0,0.0,1.533,0.0,0.0,1.533,2.476,0.0,0.0,0.0,0.0,1.533,0.0,0.0,0.0,0.0,0.0,0.0,0.0,0.0,0.0,0.0,0.0,0.0,0.0,0.0,0.0,0.0,1.533,2.111,2.952,1.533,2.952,1.533,1.533,2.476,0.0,0.0,4.299,2.111,1.533,0.0,0.0,1.533,0.0,0.0,0.0,2.111,0.0,1.533,0.0,0.0,0.0,0.0,0.0,0.0,2.111,0.0,0.0,0.0,0.0,0.0,0.0,1.533,1.533,1.533,0.0,2.111,0.0,0.0,0.0,0.0,0.0,0.0,0.0,1.533,0.0,0.0,0.0,0.0,2.111,0.0,2.111,0.0,0.0,0.0,0.0,1.533,0.0,0.0,0.0,0.0,1.533,0.0,0.0,0.0,0.0,0.0,0.0,0.0,0.0,0.0,3.126,0.0,2.111,1.533,1.533,1.533,0.0,0.0,0.0,0.0,0.0,0.0,0.0,0.0,0.0,0.0,1.533,1.533,0.0,0.0,0.0,1.533,0.0,0.0,0.0,0.0,0.0,0.0,2.111,0.0,0.0,0.0,0.0,1.533,0.0,0.0,0.0,0.0,0.0,1.533,0.0,0.0,1.533,2.111,2.111,1.533,0.0,0.0,0.0,1.533,0.0,0.0,0.0,0.0,0.0,0.0,1.533,0.0,0.0,1.533,0.0,1.533,0.0,0.0,1.533,0.0,0.0,0.0,0.0,2.476,0.0,0.0,0.0,0.0,0.0,0.0,1.533,1.533,0.0,0.0,0.0,0.0,0.0,0.0,0.0,0.0,0.0,0.0,1.533,0.0,4.393,0.0,0.0,1.533,0.0,0.0,0.0,2.476,0.0,0.0,0.0,0.0,1.533,1.533,1.533,2.111,0.0,0.0,0.0,1.533,0.0,1.533,0.0,0.0,0.0,0.0,0.0,1.533,0.0,0.0,0.0,0.0,0.0,2.111,0.0,1.533,2.111,0.0,0.0,0.0,1.533,0.0,0.0,0.0,0.0,0.0,1.533,0.0,0.0,0.0,0.0,0.0,0.0,1.533,0.0,2.476,2.111,1.533,0.0,2.476,0.0,0.0,1.533,2.742,0.0,0.0,0.0,0.0,0.0,1.533,0.0,0.0,0.0,2.952,4.299,0.0,1.533,0.0,0.0,0.0,0.0,0.0,1.533,0.0,2.111,0.0,0.0,0.0,0.0,2.111,0.0,0.0,0.0,0.0,0.0,0.0,0.0,0.0,0.0,0.0,0.0,0.0,0.0,1.533,0.0,1.533,0.0,0.0,0.0,0.0,1.533,0.0,0.0,0.0,2.111,0.0,0.0,0.0,2.111,0.0,2.111,0.0,0.0,1.533
B-Zelle,0.0,0.0,1.521,2.296,0.0,0.0,1.025,0.0,0.0,0.0,0.0,0.0,0.0,0.0,1.025,0.0,3.502,2.938,0.0,2.296,0.0,1.521,0.0,1.025,1.025,1.521,1.025,1.521,1.025,0.0,0.0,2.098,0.0,1.025,0.0,1.85,0.0,0.0,1.85,0.0,0.0,0.0,0.0,0.0,0.0,0.0,0.0,1.025,1.025,1.025,1.025,1.521,0.0,0.0,1.521,2.938,0.0,1.521,0.0,0.0,0.0,1.025,0.0,0.0,0.0,0.0,2.296,0.0,0.0,1.025,0.0,1.025,0.0,1.025,0.0,0.0,0.0,0.0,0.0,1.025,1.85,0.0,1.521,0.0,0.0,1.85,0.0,0.0,0.0,0.0,1.025,0.0,0.0,0.0,1.521,1.025,1.025,1.025,1.025,0.0,1.85,1.521,0.0,0.0,0.0,0.0,0.0,0.0,1.025,0.0,1.521,1.85,2.296,0.0,0.0,1.025,1.025,1.025,0.0,0.0,0.0,1.521,0.0,0.0,0.0,1.025,1.025,1.025,0.0,0.0,0.0,1.025,0.0,0.0,0.0,0.0,1.85,0.0,1.025,2.296,1.521,0.0,0.0,0.0,0.0,1.025,0.0,1.025,0.0,1.025,0.0,0.0,1.85,0.0,0.0,0.0,0.0,0.0,0.0,0.0,0.0,1.521,1.85,0.0,1.85,0.0,0.0,0.0,0.0,0.0,0.0,0.0,0.0,0.0,0.0,1.025,0.0,0.0,1.025,0.0,1.85,2.462,0.0,1.521,1.025,1.025,2.098,3.111,2.838,0.0,0.0,0.0,0.0,0.0,0.0,2.098,2.098,0.0,1.025,0.0,0.0,0.0,1.521,0.0,2.098,0.0,0.0,0.0,0.0,4.308,0.0,2.604,1.521,2.098,1.521,0.0,0.0,0.0,0.0,0.0,1.521,1.025,2.098,0.0,2.098,0.0,0.0,3.325,0.0,1.025,2.462,0.0,0.0,1.85,2.838,1.025,3.967,2.838,3.111,3.028,1.025,2.296,0.0,1.025,3.446,3.502,0.0,1.521,1.025,1.025,2.728,1.025,1.025,1.025,0.0,0.0,1.025,1.025,0.0,1.85,0.0,0.0,0.0,0.0,0.0,0.0,1.025,0.0,1.521,0.0,0.0,1.521,2.296,2.098,0.0,1.025,1.025,0.0,0.0,1.025,3.259,0.0,0.0,2.098,0.0,1.521,1.025,0.0,0.0,0.0,0.0,0.0,0.0,0.0,0.0,1.85,1.521,0.0,0.0,1.025,0.0,0.0,1.85,0.0,0.0,1.025,0.0,1.025,0.0,1.521,0.0,0.0,0.0,0.0,0.0,2.296,0.0,0.0,1.521,0.0,0.0,2.296,1.025,1.025,1.025,1.521,0.0,0.0,0.0,1.521,0.0,0.0,1.025,0.0,0.0,0.0,1.025,1.025,0.0,1.025,0.0,1.025,0.0,1.025,1.025,1.025,1.025,1.025,0.0,1.521,1.025,0.0,0.0,1.85,1.025,0.0,0.0,1.025,1.025,0.0,0.0,1.025,1.025,0.0,0.0,1.025,0.0,0.0,0.0,0.0,0.0,0.0,1.025,0.0,1.521,0.0,0.0,0.0,0.0,3.028,0.0,0.0,0.0,1.025,0.0,1.521,1.85,1.025,0.0,1.521,0.0,0.0,1.025,1.025,3.502,1.025,1.85,1.025,1.025,1.025,0.0,0.0,0.0,0.0,0.0,1.025,0.0,1.025,0.0,0.0,0.0,1.521,0.0,2.098,0.0,0.0,0.0,1.025,1.85,0.0,0.0,1.521,1.521,1.025,1.85,0.0,2.604,0.0,1.521,0.0,0.0,0.0,0.0,0.0,0.0,0.0,1.521,1.025,1.521,1.025,2.604,0.0,0.0,0.0,1.025,1.521,1.85,0.0,1.521,0.0,1.85,1.85,0.0,0.0,0.0,0.0,1.025,0.0,0.0,0.0,0.0,0.0,1.521,1.025,0.0,0.0,0.0,0.0,0.0,0.0,0.0,0.0,0.0,0.0,2.838,0.0,0.0,0.0,0.0,3.388,0.0,1.025,1.025,0.0,2.462,0.0,0.0,0.0,0.0,1.85,1.025,1.521,0.0,1.521,1.025,0.0,1.521,0.0,2.098,0.0,0.0,0.0,0.0,0.0,1.025,1.521,1.025,0.0,0.0,0.0,1.025,0.0,1.521,0.0,0.0,0.0,1.521,1.521,0.0,0.0,0.0,0.0,1.025,0.0,2.604,0.0,1.025,0.0,0.0,0.0,0.0,0.0,1.025,2.462,0.0,0.0,1.025,2.938,3.86,0.0,0.0,0.0,0.0,2.296,1.85,0.0,0.0,2.098,0.0,1.025,1.025,1.025,1.025,2.098,1.521,0.0,1.025,1.025,0.0,0.0,1.521,0.0,1.025,0.0,0.0,0.0,1.025,0.0,1.025,0.0,1.025,1.025,1.521,0.0,0.0,1.521,1.521,0.0,0.0,0.0,0.0,0.0,1.025,0.0,1.85,2.098,0.0,0.0,0.0,0.0,1.025,0.0,0.0,1.521,1.85,0.0,1.521,0.0,1.025,0.0,0.0,0.0,0.0,1.025,0.0,1.025,1.025,1.85,0.0,1.025,0.0,0.0,0.0,0.0,0.0,1.521,0.0,0.0,0.0,3.188,1.025,0.0,1.521,0.0,0.0,0.0,2.098,0.0,0.0,0.0,1.025,1.025,0.0,0.0,0.0,1.025,0.0,1.025,2.098,1.025,0.0,0.0,0.0,0.0,1.025,0.0,0.0,0.0,1.85,0.0,1.025,1.521,0.0,1.025,1.025,2.728,0.0,1.025,0.0,0.0,1.85,1.025,1.025,0.0,0.0,0.0,0.0,0.0,2.462,1.85,0.0,0.0,0.0,0.0,0.0,0.0,0.0,0.0,0.0,1.521,0.0,2.098,0.0,0.0,0.0,1.025,1.025,1.025,2.098,0.0,0.0,1.025,1.521,0.0,1.85,0.0,0.0,0.0,2.098,0.0,2.296,1.025,0.0,0.0,0.0,0.0,0.0,1.025,0.0,2.938,1.025,1.85,1.025,2.098,2.462,2.938,0.0,2.296,0.0,1.025,0.0,1.521,0.0,0.0,0.0,0.0,0.0,0.0,0.0,0.0,0.0,0.0,0.0,0.0,0.0,1.521,0.0,0.0,1.025,1.85,2.098,0.0,0.0,0.0,0.0,0.0,0.0,2.462,1.025,0.0,0.0,0.0,1.521,1.521,0.0,2.098,0.0,0.0,2.604,1.521,1.521,0.0,0.0,0.0,1.025
Dendritische Zelle,0.0,0.0,0.0,0.0,0.0,1.767,0.0,0.0,0.0,1.232,0.0,0.0,0.0,0.0,0.0,0.0,0.0,1.767,1.232,1.232,0.0,0.0,0.0,0.0,0.0,1.232,1.232,0.0,0.0,0.0,0.0,0.0,0.0,1.232,0.0,0.0,0.0,0.0,1.767,0.0,1.767,1.767,0.0,0.0,2.114,0.0,0.0,0.0,0.0,2.114,0.0,1.232,0.0,0.0,1.767,2.89,0.0,1.232,0.0,0.0,0.0,0.0,0.0,0.0,2.114,3.622,2.576,0.0,3.23,1.767,0.0,0.0,0.0,0.0,0.0,0.0,0.0,0.0,0.0,1.232,0.0,0.0,1.767,0.0,0.0,0.0,0.0,1.232,0.0,0.0,0.0,2.114,0.0,0.0,1.767,0.0,0.0,0.0,1.232,0.0,1.767,0.0,0.0,0.0,0.0,0.0,0.0,0.0,0.0,1.232,0.0,0.0,1.232,1.232,2.371,0.0,1.232,0.0,0.0,1.232,0.0,1.767,0.0,0.0,1.232,0.0,0.0,0.0,0.0,0.0,0.0,0.0,1.232,0.0,0.0,0.0,2.114,2.371,1.767,3.406,1.767,0.0,0.0,2.371,0.0,0.0,0.0,0.0,0.0,0.0,0.0,0.0,1.232,0.0,0.0,1.232,0.0,0.0,1.232,1.232,1.232,1.232,1.232,0.0,0.0,0.0,0.0,0.0,0.0,0.0,0.0,0.0,0.0,0.0,0.0,0.0,0.0,0.0,0.0,1.767,1.232,0.0,0.0,0.0,0.0,0.0,1.767,0.0,0.0,0.0,0.0,1.232,0.0,0.0,0.0,2.371,2.114,0.0,0.0,0.0,0.0,0.0,0.0,0.0,1.767,0.0,0.0,0.0,1.232,5.223,1.232,2.89,0.0,1.767,0.0,0.0,0.0,1.232,0.0,2.371,0.0,1.767,2.371,0.0,0.0,0.0,1.232,0.0,0.0,0.0,1.232,2.89,3.23,0.0,2.576,2.371,5.037,4.234,4.725,3.744,3.322,3.483,2.576,2.745,4.535,4.827,0.0,0.0,0.0,0.0,1.232,0.0,1.232,1.232,1.767,0.0,0.0,1.232,0.0,0.0,0.0,0.0,0.0,0.0,0.0,1.232,0.0,0.0,1.767,1.232,0.0,0.0,1.232,2.114,1.767,0.0,1.232,1.232,1.232,0.0,2.89,0.0,0.0,1.232,1.232,0.0,0.0,2.114,0.0,0.0,0.0,0.0,0.0,0.0,0.0,0.0,0.0,2.745,0.0,0.0,0.0,0.0,1.232,0.0,0.0,1.232,0.0,1.232,0.0,1.767,0.0,0.0,0.0,1.767,0.0,0.0,2.371,2.576,0.0,0.0,1.767,0.0,1.232,0.0,0.0,1.232,0.0,0.0,1.232,0.0,0.0,0.0,1.767,1.232,0.0,0.0,0.0,0.0,0.0,0.0,0.0,0.0,0.0,1.232,0.0,0.0,1.767,0.0,0.0,1.767,0.0,0.0,0.0,0.0,0.0,1.767,0.0,0.0,0.0,0.0,0.0,2.114,0.0,0.0,1.232,0.0,0.0,1.232,0.0,0.0,1.767,0.0,0.0,0.0,1.232,0.0,0.0,0.0,0.0,2.89,0.0,1.232,0.0,1.767,0.0,0.0,1.767,1.232,2.745,0.0,0.0,2.114,0.0,0.0,3.017,1.232,0.0,0.0,1.767,0.0,0.0,0.0,2.371,0.0,0.0,0.0,0.0,1.232,0.0,0.0,0.0,2.371,0.0,2.371,0.0,0.0,0.0,0.0,1.232,1.232,0.0,1.767,0.0,1.232,0.0,0.0,0.0,0.0,0.0,0.0,0.0,1.232,0.0,1.767,1.232,0.0,1.232,1.232,0.0,0.0,0.0,1.767,2.745,1.232,1.232,0.0,2.114,0.0,1.232,0.0,1.232,1.232,0.0,0.0,0.0,2.371,0.0,0.0,0.0,1.232,0.0,0.0,0.0,0.0,0.0,0.0,0.0,0.0,0.0,0.0,0.0,0.0,1.232,0.0,1.767,0.0,0.0,1.232,0.0,1.767,1.232,2.576,1.232,0.0,1.232,0.0,1.767,4.366,0.0,0.0,0.0,0.0,1.232,0.0,0.0,0.0,2.371,0.0,1.232,0.0,0.0,0.0,0.0,0.0,0.0,1.232,1.232,0.0,0.0,0.0,0.0,0.0,0.0,1.232,1.767,0.0,0.0,1.767,0.0,0.0,0.0,0.0,0.0,0.0,2.371,1.232,0.0,0.0,1.232,0.0,0.0,3.23,0.0,1.232,0.0,0.0,0.0,1.767,0.0,0.0,0.0,0.0,1.232,1.232,0.0,0.0,0.0,2.114,0.0,0.0,0.0,1.232,2.114,2.576,0.0,0.0,0.0,0.0,1.232,0.0,0.0,0.0,1.232,0.0,0.0,0.0,0.0,0.0,0.0,0.0,2.114,0.0,2.114,0.0,0.0,0.0,1.232,0.0,0.0,0.0,0.0,0.0,0.0,0.0,0.0,1.232,1.232,0.0,0.0,1.232,2.114,0.0,3.23,1.232,1.767,1.232,2.371,0.0,0.0,0.0,0.0,1.232,1.232,2.371,0.0,0.0,1.232,0.0,0.0,0.0,0.0,0.0,0.0,1.767,1.767,0.0,0.0,0.0,0.0,0.0,2.745,0.0,1.232,0.0,0.0,0.0,1.767,1.232,1.232,0.0,0.0,1.232,0.0,0.0,0.0,0.0,1.767,2.114,0.0,0.0,0.0,4.988,0.0,0.0,0.0,2.371,0.0,0.0,2.371,1.232,0.0,1.767,0.0,0.0,0.0,1.767,1.232,0.0,0.0,0.0,0.0,0.0,2.371,0.0,1.232,0.0,1.232,0.0,1.232,0.0,0.0,0.0,0.0,0.0,0.0,1.232,1.232,0.0,1.232,0.0,0.0,1.232,0.0,0.0,0.0,0.0,1.767,3.685,0.0,0.0,1.232,0.0,0.0,0.0,0.0,1.232,0.0,0.0,1.232,0.0,0.0,1.767,0.0,0.0,2.114,0.0,1.232,0.0,0.0,0.0,0.0,0.0,0.0,2.114,2.371,4.302,0.0,2.114,0.0,0.0,0.0,0.0,0.0,0.0,0.0,0.0,0.0,0.0,0.0,1.232,1.232,0.0,0.0,0.0,0.0,0.0,0.0,0.0,1.232,0.0,1.767,0.0,0.0,0.0,1.232,0.0,1.232,2.576,0.0,1.232,0.0,1.232,1.232,1.767,0.0,0.0,1.767,0.0,1.232,1.767,1.232,2.576,0.0,1.232,0.0
Monozyt,0.0,0.0,0.0,2.46,2.46,0.0,0.0,0.0,2.096,0.0,0.0,0.0,2.936,0.0,0.0,0.0,0.0,2.726,1.519,0.0,0.0,0.0,0.0,1.519,0.0,2.096,2.096,2.096,2.096,1.519,0.0,2.096,0.0,0.0,0.0,0.0,0.0,0.0,2.096,0.0,2.46,0.0,0.0,0.0,2.096,0.0,0.0,1.519,0.0,3.602,0.0,3.385,3.257,0.0,3.93,4.281,0.0,1.519,1.519,1.519,0.0,0.0,0.0,0.0,2.096,0.0,2.096,0.0,3.695,0.0,3.998,0.0,0.0,1.519,0.0,0.0,0.0,0.0,0.0,0.0,1.519,0.0,0.0,0.0,0.0,0.0,0.0,0.0,0.0,0.0,0.0,0.0,0.0,0.0,0.0,0.0,0.0,0.0,0.0,0.0,2.096,2.096,0.0,0.0,0.0,0.0,0.0,0.0,0.0,0.0,0.0,0.0,2.096,2.096,0.0,0.0,1.519,0.0,0.0,1.519,0.0,0.0,0.0,0.0,0.0,1.519,0.0,0.0,0.0,0.0,1.519,0.0,0.0,1.519,0.0,0.0,2.096,1.519,0.0,2.726,1.519,0.0,0.0,2.096,1.519,1.519,0.0,1.519,0.0,0.0,1.519,0.0,1.519,1.519,0.0,0.0,0.0,0.0,1.519,0.0,0.0,1.519,0.0,0.0,1.519,0.0,0.0,0.0,0.0,1.519,0.0,0.0,0.0,0.0,0.0,0.0,0.0,0.0,0.0,1.519,1.519,0.0,0.0,0.0,0.0,0.0,3.257,1.519,0.0,0.0,0.0,0.0,0.0,0.0,0.0,2.46,1.519,0.0,0.0,0.0,0.0,0.0,0.0,0.0,1.519,0.0,0.0,1.519,0.0,4.329,0.0,2.096,2.46,2.46,0.0,0.0,0.0,0.0,0.0,1.519,1.519,0.0,1.519,0.0,0.0,0.0,1.519,1.519,0.0,0.0,1.519,4.177,4.329,0.0,0.0,0.0,3.998,2.936,3.385,2.096,2.096,2.936,0.0,0.0,3.602,2.936,0.0,0.0,0.0,2.096,0.0,0.0,2.096,0.0,2.46,0.0,1.519,0.0,0.0,0.0,0.0,0.0,0.0,0.0,0.0,1.519,0.0,0.0,2.096,0.0,0.0,0.0,0.0,1.519,0.0,0.0,0.0,0.0,0.0,0.0,1.519,1.519,0.0,0.0,0.0,0.0,0.0,0.0,0.0,1.519,0.0,0.0,1.519,0.0,0.0,1.519,0.0,1.519,2.096,0.0,0.0,0.0,0.0,0.0,0.0,1.519,0.0,2.096,1.519,2.46,0.0,1.519,2.46,2.46,0.0,0.0,3.385,2.936,0.0,0.0,0.0,1.519,0.0,0.0,0.0,0.0,0.0,0.0,0.0,0.0,0.0,0.0,0.0,0.0,0.0,0.0,0.0,0.0,0.0,0.0,0.0,0.0,0.0,1.519,0.0,1.519,2.096,0.0,0.0,2.46,0.0,0.0,0.0,0.0,0.0,0.0,0.0,1.519,1.519,0.0,0.0,1.519,0.0,0.0,1.519,0.0,1.519,0.0,2.936,0.0,0.0,0.0,0.0,0.0,1.519,0.0,1.519,0.0,0.0,3.257,0.0,0.0,1.519,1.519,0.0,0.0,0.0,0.0,3.499,1.519,0.0,2.46,3.78,0.0,3.257,0.0,0.0,0.0,1.519,0.0,0.0,0.0,1.519,0.0,0.0,0.0,0.0,0.0,3.109,0.0,2.096,0.0,0.0,2.726,1.519,0.0,0.0,0.0,0.0,2.096,0.0,2.096,0.0,1.519,0.0,0.0,0.0,0.0,0.0,0.0,0.0,1.519,0.0,2.096,0.0,0.0,0.0,0.0,2.096,0.0,0.0,0.0,0.0,2.096,0.0,0.0,2.096,1.519,0.0,0.0,2.096,1.519,0.0,0.0,0.0,0.0,1.519,0.0,0.0,0.0,0.0,0.0,0.0,2.096,0.0,1.519,0.0,0.0,0.0,0.0,0.0,0.0,0.0,0.0,1.519,0.0,0.0,1.519,0.0,3.109,0.0,0.0,0.0,2.096,2.096,0.0,2.096,2.936,0.0,1.519,0.0,2.46,1.519,0.0,0.0,0.0,1.519,0.0,1.519,0.0,0.0,0.0,0.0,0.0,0.0,0.0,0.0,0.0,0.0,0.0,0.0,0.0,2.096,1.519,0.0,0.0,2.46,2.096,1.519,0.0,0.0,2.096,0.0,0.0,2.096,0.0,1.519,0.0,1.519,1.519,0.0,0.0,0.0,2.096,1.519,0.0,0.0,2.726,0.0,0.0,0.0,0.0,1.519,0.0,0.0,0.0,0.0,2.096,0.0,1.519,0.0,2.726,0.0,2.936,0.0,2.096,0.0,0.0,0.0,0.0,0.0,0.0,1.519,0.0,0.0,0.0,0.0,0.0,0.0,1.519,0.0,0.0,2.936,0.0,0.0,0.0,0.0,0.0,0.0,0.0,0.0,0.0,0.0,2.096,0.0,0.0,0.0,0.0,2.096,0.0,2.096,0.0,0.0,0.0,2.46,0.0,2.096,1.519,0.0,0.0,1.519,1.519,0.0,0.0,0.0,1.519,0.0,0.0,0.0,0.0,0.0,0.0,0.0,0.0,1.519,1.519,0.0,0.0,0.0,0.0,2.46,0.0,1.519,0.0,0.0,0.0,1.519,2.726,0.0,0.0,0.0,0.0,0.0,0.0,0.0,0.0,1.519,0.0,0.0,1.519,0.0,3.78,0.0,0.0,0.0,0.0,0.0,0.0,1.519,0.0,0.0,0.0,0.0,2.096,1.519,2.726,1.519,0.0,0.0,3.602,0.0,1.519,1.519,0.0,0.0,1.519,0.0,0.0,0.0,1.519,0.0,0.0,0.0,0.0,0.0,0.0,0.0,3.499,0.0,1.519,1.519,2.726,0.0,1.519,0.0,0.0,2.46,2.46,0.0,2.096,0.0,0.0,0.0,0.0,2.096,0.0,2.096,1.519,0.0,0.0,2.096,1.519,0.0,0.0,3.602,0.0,0.0,0.0,0.0,0.0,1.519,1.519,0.0,0.0,2.096,5.579,0.0,2.096,0.0,0.0,0.0,0.0,0.0,0.0,1.519,1.519,0.0,0.0,0.0,0.0,0.0,2.096,0.0,1.519,0.0,0.0,0.0,0.0,0.0,0.0,2.096,0.0,0.0,0.0,1.519,0.0,0.0,1.519,0.0,1.519,0.0,2.936,0.0,2.096,0.0,1.519,0.0,0.0,0.0,1.519,0.0,2.096,1.519,0.0,0.0
B-Zelle,0.0,0.0,0.0,1.535,0.0,0.0,0.0,0.0,0.0,0.0,0.0,0.0,0.0,0.0,0.0,0.0,1.535,2.955,0.0,1.535,0.0,2.114,1.535,0.0,0.0,2.478,0.0,2.114,0.0,0.0,1.535,1.535,0.0,0.0,1.535,1.535,0.0,0.0,0.0,0.0,0.0,0.0,0.0,0.0,0.0,0.0,0.0,0.0,0.0,0.0,0.0,1.535,0.0,0.0,0.0,2.478,0.0,0.0,2.114,2.478,0.0,0.0,2.478,0.0,0.0,0.0,3.128,0.0,0.0,0.0,0.0,1.535,1.535,0.0,0.0,0.0,0.0,1.535,0.0,0.0,0.0,0.0,0.0,0.0,0.0,0.0,0.0,0.0,0.0,0.0,0.0,2.955,0.0,0.0,1.535,0.0,0.0,0.0,0.0,0.0,0.0,0.0,1.535,1.535,2.114,0.0,0.0,0.0,0.0,0.0,1.535,0.0,1.535,0.0,0.0,1.535,0.0,0.0,0.0,1.535,0.0,0.0,0.0,0.0,0.0,0.0,0.0,0.0,0.0,0.0,0.0,0.0,0.0,0.0,0.0,1.535,0.0,1.535,0.0,2.478,1.535,2.478,0.0,0.0,0.0,1.535,1.535,1.535,0.0,0.0,0.0,0.0,1.535,1.535,0.0,0.0,0.0,0.0,1.535,0.0,0.0,2.744,0.0,0.0,1.535,0.0,1.535,0.0,0.0,0.0,0.0,0.0,0.0,0.0,2.114,0.0,0.0,0.0,1.535,1.535,0.0,2.478,0.0,0.0,0.0,1.535,0.0,0.0,1.535,0.0,0.0,0.0,0.0,0.0,0.0,2.114,0.0,0.0,0.0,0.0,0.0,0.0,0.0,2.114,1.535,0.0,0.0,0.0,0.0,4.883,0.0,1.535,2.114,2.114,0.0,0.0,0.0,1.535,0.0,0.0,0.0,0.0,1.535,0.0,0.0,2.114,0.0,0.0,0.0,0.0,3.276,0.0,0.0,0.0,2.478,2.114,3.621,2.114,3.621,2.744,2.114,2.114,2.114,1.535,3.276,3.799,0.0,0.0,0.0,0.0,0.0,0.0,0.0,0.0,2.955,0.0,0.0,0.0,0.0,0.0,0.0,2.114,0.0,1.535,0.0,0.0,0.0,2.114,0.0,0.0,0.0,0.0,1.535,0.0,0.0,1.535,2.114,0.0,1.535,0.0,2.478,0.0,0.0,1.535,0.0,0.0,0.0,0.0,1.535,0.0,0.0,0.0,0.0,0.0,0.0,2.114,0.0,1.535,0.0,1.535,0.0,0.0,1.535,0.0,0.0,0.0,0.0,0.0,1.535,2.114,0.0,1.535,0.0,0.0,0.0,0.0,0.0,0.0,0.0,1.535,1.535,1.535,0.0,0.0,1.535,0.0,0.0,0.0,0.0,0.0,2.114,0.0,1.535,0.0,0.0,0.0,0.0,0.0,0.0,0.0,0.0,0.0,0.0,0.0,0.0,0.0,0.0,1.535,0.0,2.478,0.0,0.0,0.0,0.0,0.0,0.0,0.0,1.535,0.0,2.114,0.0,0.0,2.114,0.0,0.0,1.535,1.535,0.0,0.0,0.0,2.114,0.0,1.535,0.0,0.0,0.0,0.0,0.0,0.0,1.535,0.0,0.0,0.0,1.535,0.0,0.0,0.0,0.0,0.0,2.478,0.0,0.0,0.0,1.535,3.405,0.0,1.535,0.0,0.0,0.0,0.0,0.0,1.535,0.0,0.0,0.0,0.0,0.0,0.0,0.0,0.0,0.0,0.0,0.0,0.0,0.0,0.0,0.0,2.114,0.0,0.0,0.0,0.0,0.0,0.0,0.0,1.535,2.478,2.114,0.0,2.114,1.535,1.535,0.0,0.0,0.0,0.0,0.0,0.0,2.114,3.519,0.0,1.535,0.0,0.0,0.0,0.0,0.0,0.0,0.0,0.0,0.0,0.0,0.0,0.0,0.0,2.478,1.535,0.0,0.0,0.0,1.535,0.0,0.0,0.0,0.0,0.0,0.0,0.0,0.0,1.535,0.0,1.535,0.0,2.114,1.535,0.0,0.0,0.0,2.114,0.0,0.0,0.0,0.0,2.114,0.0,0.0,0.0,0.0,0.0,1.535,2.955,2.114,2.114,1.535,0.0,2.744,0.0,1.535,0.0,0.0,0.0,0.0,0.0,0.0,2.114,0.0,0.0,1.535,0.0,0.0,0.0,1.535,0.0,2.744,0.0,0.0,1.535,0.0,0.0,0.0,1.535,0.0,0.0,2.478,0.0,0.0,0.0,1.535,0.0,0.0,0.0,0.0,2.114,2.114,0.0,1.535,1.535,0.0,0.0,0.0,0.0,1.535,2.955,0.0,0.0,0.0,1.535,0.0,0.0,0.0,0.0,1.535,0.0,0.0,1.535,0.0,1.535,0.0,1.535,1.535,0.0,0.0,0.0,0.0,0.0,0.0,0.0,0.0,0.0,1.535,0.0,0.0,2.114,0.0,0.0,1.535,0.0,0.0,0.0,0.0,0.0,0.0,0.0,2.114,0.0,0.0,0.0,0.0,0.0,1.535,0.0,0.0,0.0,2.478,0.0,2.114,0.0,0.0,0.0,0.0,1.535,0.0,2.744,0.0,0.0,0.0,0.0,0.0,0.0,0.0,0.0,0.0,0.0,0.0,0.0,0.0,0.0,2.114,3.276,1.535,0.0,1.535,0.0,0.0,0.0,0.0,0.0,2.114,2.478,0.0,0.0,0.0,0.0,0.0,0.0,0.0,1.535,0.0,0.0,1.535,0.0,0.0,0.0,0.0,1.535,0.0,0.0,0.0,1.535,1.535,2.744,0.0,2.114,2.114,2.114,2.478,0.0,0.0,0.0,1.535,1.535,2.744,0.0,0.0,2.114,0.0,0.0,1.535,0.0,0.0,0.0,0.0,0.0,2.478,0.0,0.0,0.0,0.0,0.0,0.0,1.535,0.0,0.0,0.0,0.0,2.114,3.128,0.0,0.0,0.0,2.114,0.0,1.535,0.0,0.0,0.0,0.0,1.535,0.0,0.0,0.0,2.114,2.478,0.0,0.0,1.535,0.0,0.0,2.744,0.0,0.0,1.535,0.0,0.0,2.955,0.0,2.114,0.0,2.744,0.0,1.535,0.0,0.0,2.114,0.0,0.0,0.0,0.0,0.0,1.535,0.0,0.0,0.0,1.535,0.0,2.478,0.0,0.0,2.114,0.0,0.0,0.0,0.0,2.744,0.0,0.0,0.0,0.0,0.0,0.0,0.0,1.535,1.535,0.0,2.478,0.0,0.0,0.0,1.535,2.114,1.535,0.0,0.0,0.0
Dendritische Zelle,0.0,0.0,1.905,2.521,0.0,1.905,0.0,1.351,0.0,0.0,0.0,0.0,0.0,0.0,0.0,0.0,1.351,1.351,0.0,0.0,0.0,1.905,0.0,0.0,0.0,0.0,0.0,1.351,1.351,0.0,0.0,0.0,0.0,0.0,0.0,0.0,0.0,0.0,1.905,0.0,2.728,0.0,1.351,0.0,0.0,0.0,0.0,0.0,0.0,1.905,1.351,2.521,3.045,0.0,3.045,3.173,0.0,1.905,0.0,0.0,0.0,0.0,0.0,0.0,1.351,3.904,2.26,0.0,2.521,1.351,0.0,0.0,0.0,0.0,0.0,0.0,0.0,1.351,0.0,0.0,0.0,0.0,1.351,0.0,0.0,1.351,0.0,1.351,1.351,0.0,0.0,2.728,1.351,0.0,0.0,1.351,0.0,1.351,0.0,0.0,0.0,0.0,1.351,0.0,0.0,0.0,0.0,0.0,0.0,1.905,1.351,1.351,1.351,1.905,0.0,0.0,0.0,0.0,1.351,1.905,0.0,0.0,0.0,0.0,0.0,0.0,0.0,0.0,1.351,1.351,0.0,0.0,0.0,0.0,0.0,0.0,1.905,0.0,0.0,3.286,1.351,0.0,0.0,1.351,0.0,1.351,1.905,0.0,0.0,0.0,0.0,0.0,1.905,0.0,0.0,0.0,0.0,0.0,0.0,0.0,0.0,0.0,0.0,0.0,0.0,0.0,0.0,0.0,0.0,0.0,0.0,0.0,0.0,0.0,0.0,0.0,0.0,1.905,0.0,1.905,0.0,1.351,0.0,0.0,0.0,0.0,2.26,1.905,1.351,0.0,0.0,0.0,0.0,0.0,0.0,0.0,0.0,0.0,0.0,1.351,0.0,0.0,0.0,0.0,2.26,0.0,0.0,0.0,0.0,5.151,0.0,1.351,0.0,1.351,1.351,0.0,0.0,1.351,0.0,2.521,0.0,0.0,2.26,0.0,1.351,0.0,0.0,0.0,0.0,0.0,0.0,2.521,2.26,1.351,2.26,1.351,4.395,4.013,4.671,3.714,3.845,3.564,2.899,2.899,4.112,4.201,0.0,1.351,0.0,1.351,2.26,0.0,2.521,0.0,1.905,1.351,0.0,0.0,0.0,0.0,0.0,1.351,0.0,0.0,0.0,0.0,0.0,1.351,2.26,0.0,1.351,0.0,1.905,0.0,2.728,0.0,0.0,0.0,0.0,1.351,2.26,1.905,0.0,1.351,0.0,0.0,0.0,0.0,0.0,0.0,0.0,0.0,0.0,1.351,0.0,0.0,0.0,1.351,1.905,0.0,0.0,0.0,0.0,0.0,0.0,0.0,0.0,1.351,0.0,1.351,0.0,0.0,1.351,0.0,0.0,2.26,0.0,1.905,0.0,1.905,0.0,0.0,1.351,1.351,0.0,0.0,0.0,0.0,0.0,1.351,1.905,0.0,2.521,0.0,0.0,0.0,0.0,0.0,0.0,0.0,1.351,0.0,0.0,1.351,0.0,1.905,0.0,0.0,0.0,1.351,0.0,0.0,0.0,0.0,0.0,1.351,0.0,2.728,1.351,0.0,0.0,1.351,0.0,1.351,0.0,0.0,1.351,1.351,0.0,0.0,0.0,1.905,0.0,0.0,0.0,0.0,0.0,0.0,0.0,3.48,0.0,0.0,1.351,1.351,0.0,0.0,0.0,0.0,3.045,1.351,0.0,1.905,2.521,1.351,3.173,0.0,0.0,0.0,1.351,0.0,0.0,0.0,1.905,0.0,0.0,0.0,0.0,0.0,1.351,0.0,0.0,2.521,0.0,1.351,0.0,0.0,0.0,0.0,1.351,0.0,0.0,2.728,0.0,1.351,0.0,0.0,0.0,0.0,0.0,0.0,0.0,0.0,0.0,0.0,0.0,1.905,0.0,0.0,1.905,0.0,0.0,0.0,3.388,0.0,1.905,0.0,1.351,1.351,1.351,1.351,1.351,0.0,0.0,0.0,0.0,1.905,0.0,0.0,0.0,0.0,0.0,0.0,0.0,0.0,0.0,0.0,0.0,0.0,0.0,0.0,0.0,0.0,0.0,1.351,2.728,0.0,0.0,1.351,1.905,3.045,0.0,1.351,0.0,1.351,0.0,0.0,0.0,4.322,1.351,0.0,0.0,2.899,0.0,0.0,0.0,0.0,1.905,0.0,2.26,1.351,1.351,0.0,0.0,0.0,0.0,0.0,0.0,0.0,0.0,0.0,0.0,0.0,0.0,0.0,0.0,1.351,2.728,1.351,0.0,0.0,0.0,1.351,0.0,0.0,0.0,1.351,1.351,0.0,1.351,0.0,0.0,3.045,0.0,2.521,0.0,1.351,0.0,1.351,0.0,0.0,0.0,1.351,0.0,2.728,0.0,0.0,0.0,1.351,0.0,0.0,0.0,0.0,0.0,2.521,0.0,0.0,0.0,0.0,1.905,0.0,0.0,0.0,0.0,0.0,0.0,0.0,0.0,0.0,1.351,1.351,1.351,0.0,0.0,1.351,0.0,0.0,1.905,0.0,0.0,1.905,0.0,0.0,0.0,0.0,1.351,1.351,1.351,0.0,0.0,0.0,2.26,0.0,2.521,0.0,2.26,1.905,1.905,0.0,0.0,0.0,0.0,1.351,0.0,0.0,0.0,1.905,1.351,0.0,0.0,0.0,0.0,0.0,1.351,0.0,1.351,0.0,0.0,0.0,0.0,0.0,1.905,1.351,2.521,0.0,0.0,0.0,2.521,1.351,0.0,0.0,0.0,0.0,0.0,0.0,0.0,1.351,1.351,0.0,0.0,1.905,1.351,4.112,0.0,1.351,1.351,1.351,0.0,0.0,1.351,0.0,0.0,0.0,0.0,2.521,0.0,0.0,2.521,0.0,0.0,0.0,1.351,0.0,0.0,0.0,0.0,0.0,0.0,0.0,0.0,0.0,0.0,0.0,0.0,0.0,1.351,0.0,1.351,0.0,1.351,1.905,0.0,2.26,0.0,0.0,0.0,0.0,0.0,3.173,1.351,0.0,0.0,1.351,0.0,0.0,0.0,1.351,0.0,1.905,0.0,1.351,1.905,1.905,0.0,1.351,2.899,0.0,1.905,0.0,0.0,0.0,0.0,0.0,0.0,0.0,2.521,3.845,0.0,2.26,0.0,0.0,0.0,0.0,1.351,1.351,1.351,0.0,0.0,1.351,0.0,1.351,0.0,0.0,0.0,1.351,0.0,0.0,0.0,0.0,1.351,1.351,0.0,0.0,0.0,0.0,1.905,0.0,0.0,2.26,0.0,1.351,0.0,2.521,2.728,1.351,0.0,1.905,0.0,1.351,1.351,1.351,0.0,2.728,0.0,0.0,0.0
Dendritische Zelle,0.0,0.0,1.321,2.224,0.0,0.0,0.0,0.0,0.0,0.0,0.0,0.0,0.0,0.0,0.0,0.0,0.0,0.0,1.871,0.0,0.0,1.321,0.0,1.321,0.0,1.321,0.0,0.0,1.321,1.321,0.0,1.321,0.0,0.0,1.321,1.321,0.0,0.0,1.871,0.0,2.691,0.0,1.321,0.0,1.871,0.0,0.0,1.321,0.0,2.691,0.0,3.604,3.743,1.871,3.248,4.073,0.0,0.0,0.0,1.321,0.0,1.871,0.0,0.0,1.321,4.119,0.0,0.0,2.224,0.0,0.0,0.0,0.0,0.0,0.0,0.0,0.0,1.321,0.0,0.0,1.321,0.0,0.0,0.0,0.0,1.871,0.0,0.0,0.0,0.0,0.0,0.0,0.0,0.0,2.224,0.0,0.0,1.321,1.321,0.0,1.871,0.0,1.321,0.0,0.0,0.0,0.0,0.0,0.0,0.0,1.871,0.0,0.0,1.321,0.0,1.871,0.0,0.0,0.0,1.321,1.321,0.0,0.0,0.0,0.0,0.0,0.0,1.871,0.0,0.0,1.321,0.0,0.0,1.871,0.0,0.0,0.0,0.0,0.0,3.008,1.321,0.0,0.0,2.691,0.0,0.0,0.0,0.0,0.0,0.0,1.321,0.0,1.871,0.0,0.0,0.0,0.0,0.0,0.0,0.0,1.321,2.224,0.0,0.0,0.0,0.0,0.0,0.0,0.0,0.0,0.0,0.0,1.321,0.0,0.0,0.0,0.0,2.224,0.0,1.321,1.321,0.0,0.0,0.0,0.0,1.871,1.871,0.0,1.871,0.0,0.0,0.0,0.0,0.0,0.0,0.0,0.0,0.0,1.871,0.0,0.0,1.321,0.0,1.321,2.484,0.0,0.0,1.321,0.0,5.025,0.0,1.871,1.321,1.871,1.321,0.0,0.0,1.321,0.0,0.0,0.0,1.321,2.224,0.0,1.321,0.0,1.321,1.321,0.0,0.0,1.321,1.871,2.691,0.0,2.484,1.871,4.969,3.866,4.356,3.442,2.862,2.484,2.484,3.008,4.162,4.548,0.0,0.0,0.0,1.321,0.0,0.0,1.321,0.0,1.321,0.0,0.0,1.321,0.0,1.321,0.0,1.321,0.0,0.0,0.0,1.321,0.0,0.0,2.224,0.0,0.0,0.0,1.871,0.0,2.224,0.0,1.321,0.0,0.0,1.321,1.321,0.0,0.0,0.0,0.0,0.0,0.0,0.0,0.0,0.0,0.0,0.0,0.0,0.0,0.0,1.871,0.0,1.321,1.321,0.0,0.0,0.0,0.0,0.0,0.0,1.871,0.0,1.321,0.0,1.871,0.0,1.321,0.0,0.0,0.0,2.224,1.321,1.321,0.0,0.0,1.871,1.321,0.0,1.321,0.0,0.0,0.0,0.0,0.0,0.0,1.321,0.0,1.321,0.0,0.0,0.0,0.0,0.0,0.0,1.321,0.0,0.0,1.321,0.0,0.0,1.321,0.0,1.321,0.0,0.0,0.0,0.0,0.0,0.0,0.0,0.0,0.0,2.484,1.871,1.321,0.0,0.0,1.321,0.0,0.0,1.321,0.0,0.0,2.862,0.0,0.0,1.871,0.0,0.0,1.321,0.0,0.0,0.0,0.0,3.248,0.0,0.0,0.0,1.321,0.0,0.0,0.0,0.0,2.484,1.871,0.0,1.321,1.321,0.0,3.526,1.871,0.0,0.0,1.321,0.0,0.0,0.0,1.871,0.0,0.0,0.0,0.0,1.321,1.321,0.0,0.0,1.871,0.0,1.321,1.871,0.0,0.0,0.0,1.871,0.0,0.0,2.691,0.0,0.0,0.0,1.321,0.0,0.0,0.0,0.0,0.0,1.321,1.321,0.0,0.0,0.0,0.0,0.0,0.0,0.0,0.0,0.0,2.484,1.321,2.484,0.0,1.321,0.0,1.321,1.871,2.224,0.0,0.0,0.0,0.0,1.871,0.0,0.0,0.0,0.0,0.0,0.0,0.0,0.0,0.0,0.0,0.0,0.0,0.0,0.0,0.0,0.0,0.0,0.0,1.871,0.0,0.0,0.0,0.0,2.484,0.0,1.321,1.321,0.0,2.691,0.0,0.0,4.93,0.0,0.0,0.0,1.321,0.0,0.0,2.224,0.0,2.862,0.0,2.224,0.0,1.321,0.0,0.0,0.0,0.0,0.0,1.321,0.0,2.224,0.0,0.0,0.0,0.0,0.0,0.0,0.0,0.0,1.871,0.0,0.0,0.0,0.0,0.0,0.0,1.871,1.871,1.871,0.0,1.321,1.871,0.0,2.484,0.0,1.321,0.0,0.0,1.321,0.0,0.0,0.0,0.0,1.321,0.0,1.871,0.0,0.0,0.0,0.0,0.0,0.0,0.0,2.224,0.0,2.484,2.224,0.0,1.321,1.321,1.871,1.321,0.0,0.0,0.0,0.0,1.321,0.0,0.0,0.0,1.321,0.0,1.321,0.0,0.0,0.0,0.0,1.321,1.321,0.0,0.0,0.0,0.0,0.0,1.321,0.0,1.871,1.321,0.0,0.0,0.0,0.0,0.0,0.0,1.871,0.0,2.862,1.321,1.321,0.0,0.0,0.0,0.0,2.224,1.321,0.0,0.0,1.321,0.0,1.871,1.321,0.0,0.0,0.0,1.321,1.321,1.871,1.321,1.871,0.0,1.321,0.0,2.691,0.0,2.224,0.0,0.0,0.0,0.0,0.0,1.871,0.0,0.0,0.0,0.0,0.0,0.0,0.0,0.0,2.224,0.0,0.0,0.0,4.119,0.0,0.0,0.0,1.871,1.321,1.321,0.0,0.0,0.0,0.0,0.0,1.871,1.321,0.0,1.871,0.0,0.0,1.321,1.321,0.0,1.321,2.224,0.0,1.321,0.0,0.0,0.0,0.0,0.0,0.0,0.0,0.0,1.321,0.0,0.0,0.0,1.321,1.321,0.0,0.0,0.0,1.321,0.0,0.0,0.0,3.604,0.0,0.0,1.321,1.871,0.0,0.0,0.0,0.0,1.321,0.0,0.0,0.0,1.321,1.321,0.0,0.0,3.135,0.0,1.871,1.321,0.0,0.0,2.224,0.0,0.0,0.0,2.691,4.488,0.0,1.321,0.0,0.0,0.0,0.0,0.0,1.321,0.0,0.0,0.0,0.0,0.0,0.0,1.321,0.0,0.0,0.0,0.0,0.0,0.0,0.0,0.0,1.321,0.0,1.321,0.0,0.0,1.321,0.0,2.224,1.321,1.321,0.0,0.0,1.321,1.871,0.0,0.0,1.871,0.0,0.0,2.484,2.224,0.0,0.0,0.0,0.0,0.0
Dendritische Zelle,0.0,0.0,0.0,1.37,0.0,0.0,0.0,1.37,0.0,0.0,0.0,0.0,0.0,0.0,1.927,0.0,0.0,0.0,1.37,1.37,0.0,0.0,0.0,0.0,0.0,0.0,0.0,0.0,1.927,0.0,0.0,1.37,1.37,0.0,0.0,0.0,0.0,0.0,1.37,0.0,1.37,0.0,0.0,0.0,2.282,0.0,0.0,0.0,1.927,2.282,0.0,1.927,3.412,1.37,2.923,3.667,0.0,1.37,0.0,0.0,0.0,0.0,0.0,0.0,1.37,3.667,0.0,0.0,2.752,1.37,0.0,0.0,0.0,0.0,1.37,0.0,0.0,0.0,0.0,0.0,1.37,0.0,0.0,0.0,0.0,0.0,0.0,0.0,0.0,0.0,0.0,1.37,0.0,1.37,0.0,0.0,0.0,0.0,1.37,0.0,0.0,0.0,0.0,0.0,0.0,0.0,0.0,0.0,1.37,0.0,0.0,0.0,1.927,1.37,0.0,0.0,0.0,0.0,1.37,1.37,0.0,1.37,0.0,0.0,0.0,0.0,0.0,0.0,1.927,1.37,2.282,0.0,0.0,1.37,0.0,1.37,0.0,0.0,0.0,2.282,2.282,0.0,1.37,2.282,1.37,0.0,0.0,1.927,0.0,0.0,0.0,0.0,1.927,0.0,0.0,0.0,0.0,0.0,0.0,0.0,1.37,0.0,1.927,0.0,1.37,0.0,1.37,0.0,1.37,0.0,1.37,0.0,0.0,0.0,0.0,0.0,0.0,0.0,0.0,0.0,0.0,0.0,1.37,0.0,0.0,1.37,0.0,0.0,1.37,0.0,2.544,1.37,0.0,0.0,0.0,1.927,0.0,0.0,1.37,0.0,0.0,0.0,0.0,0.0,1.37,0.0,0.0,1.37,1.37,5.159,0.0,0.0,2.282,2.544,0.0,0.0,0.0,1.37,0.0,2.282,1.37,1.37,2.752,0.0,0.0,0.0,0.0,0.0,0.0,0.0,0.0,2.282,2.923,0.0,2.923,1.927,4.868,3.807,4.489,3.739,3.589,3.07,2.282,2.282,4.183,4.268,0.0,0.0,0.0,1.927,0.0,0.0,0.0,0.0,1.927,0.0,0.0,1.37,0.0,1.37,0.0,0.0,0.0,0.0,0.0,0.0,0.0,0.0,2.544,0.0,0.0,0.0,1.37,1.37,2.282,1.37,0.0,0.0,0.0,0.0,1.37,0.0,0.0,0.0,0.0,1.927,1.37,0.0,0.0,0.0,0.0,0.0,0.0,0.0,0.0,1.927,0.0,2.282,0.0,0.0,0.0,0.0,0.0,0.0,0.0,0.0,0.0,0.0,0.0,1.927,0.0,0.0,0.0,0.0,1.37,1.37,2.544,1.927,0.0,0.0,0.0,1.37,0.0,0.0,0.0,0.0,0.0,0.0,0.0,0.0,0.0,0.0,0.0,0.0,0.0,0.0,0.0,0.0,0.0,1.37,0.0,0.0,0.0,0.0,0.0,1.37,0.0,1.37,0.0,1.37,0.0,0.0,0.0,0.0,0.0,0.0,0.0,1.37,0.0,0.0,0.0,1.927,1.927,1.37,0.0,0.0,0.0,0.0,0.0,0.0,1.927,0.0,0.0,0.0,1.927,0.0,0.0,0.0,0.0,3.311,0.0,0.0,0.0,0.0,0.0,0.0,0.0,0.0,0.0,0.0,0.0,1.37,2.282,0.0,3.07,0.0,0.0,1.37,1.37,0.0,0.0,0.0,1.927,0.0,0.0,1.37,0.0,0.0,1.37,0.0,0.0,1.927,0.0,2.544,1.37,0.0,0.0,0.0,1.37,0.0,0.0,1.927,0.0,0.0,1.37,0.0,0.0,0.0,0.0,0.0,0.0,0.0,0.0,1.927,0.0,1.37,0.0,0.0,0.0,1.37,0.0,0.0,3.07,1.37,0.0,0.0,2.544,0.0,0.0,0.0,2.282,1.927,0.0,0.0,0.0,1.37,0.0,0.0,0.0,0.0,0.0,0.0,0.0,1.37,0.0,0.0,0.0,0.0,0.0,0.0,0.0,0.0,0.0,0.0,1.927,0.0,0.0,1.927,0.0,2.923,0.0,1.927,0.0,1.37,2.752,0.0,0.0,4.723,0.0,0.0,0.0,1.927,0.0,0.0,0.0,0.0,1.37,0.0,0.0,0.0,0.0,0.0,0.0,0.0,0.0,1.927,1.37,0.0,0.0,0.0,0.0,0.0,0.0,0.0,2.282,0.0,0.0,0.0,0.0,0.0,0.0,2.282,0.0,0.0,0.0,1.37,0.0,0.0,0.0,0.0,0.0,2.544,0.0,1.927,1.37,0.0,2.282,0.0,0.0,0.0,0.0,0.0,0.0,2.282,0.0,0.0,0.0,1.37,1.37,0.0,0.0,1.927,0.0,0.0,1.37,1.927,0.0,0.0,1.927,1.37,0.0,0.0,1.927,0.0,0.0,0.0,0.0,0.0,1.37,0.0,1.927,0.0,1.927,0.0,0.0,0.0,1.37,0.0,0.0,0.0,0.0,0.0,1.37,1.37,0.0,0.0,0.0,0.0,0.0,0.0,0.0,0.0,1.927,0.0,3.505,1.37,2.544,0.0,0.0,0.0,0.0,0.0,0.0,0.0,0.0,0.0,0.0,0.0,0.0,0.0,1.37,0.0,1.927,0.0,0.0,1.927,1.37,0.0,1.37,0.0,2.544,0.0,2.282,0.0,0.0,0.0,0.0,0.0,1.37,0.0,0.0,0.0,0.0,0.0,0.0,0.0,0.0,1.37,0.0,0.0,0.0,4.521,1.37,1.37,1.927,2.282,1.927,1.37,1.37,0.0,0.0,1.927,0.0,2.544,1.37,0.0,0.0,0.0,1.37,0.0,0.0,0.0,0.0,1.37,0.0,2.544,0.0,0.0,0.0,0.0,0.0,0.0,0.0,0.0,0.0,1.37,1.37,0.0,0.0,1.37,0.0,1.37,0.0,0.0,0.0,0.0,1.37,2.752,1.37,1.37,0.0,1.37,0.0,0.0,0.0,0.0,1.37,1.37,1.37,0.0,0.0,1.37,0.0,1.37,3.197,1.37,1.927,0.0,0.0,0.0,0.0,0.0,0.0,0.0,1.927,4.226,0.0,1.37,1.37,1.37,0.0,0.0,0.0,2.544,0.0,0.0,0.0,0.0,0.0,0.0,0.0,0.0,0.0,1.37,0.0,0.0,0.0,0.0,0.0,1.37,1.37,0.0,0.0,0.0,2.282,0.0,1.37,1.927,0.0,1.37,0.0,2.282,1.37,1.37,0.0,2.282,0.0,0.0,1.37,0.0,0.0,2.752,1.37,0.0,0.0
Monozyt,1.57,1.57,0.0,0.0,0.0,0.0,0.0,1.57,0.0,0.0,0.0,0.0,1.57,0.0,1.57,0.0,0.0,1.57,0.0,0.0,0.0,1.57,0.0,0.0,0.0,0.0,1.57,1.57,1.57,0.0,0.0,0.0,0.0,2.154,0.0,0.0,0.0,0.0,3.32,0.0,2.154,2.998,0.0,0.0,1.57,0.0,0.0,0.0,0.0,4.186,0.0,1.57,3.172,1.57,3.995,3.922,0.0,2.52,0.0,0.0,0.0,2.154,0.0,0.0,2.154,0.0,0.0,0.0,3.922,0.0,3.666,0.0,0.0,0.0,0.0,0.0,0.0,1.57,0.0,0.0,0.0,0.0,0.0,0.0,0.0,0.0,0.0,0.0,0.0,0.0,0.0,0.0,0.0,0.0,0.0,0.0,0.0,1.57,1.57,0.0,0.0,0.0,0.0,0.0,0.0,0.0,0.0,0.0,0.0,0.0,1.57,0.0,0.0,1.57,0.0,0.0,0.0,0.0,2.154,0.0,0.0,0.0,0.0,0.0,0.0,1.57,0.0,0.0,0.0,0.0,0.0,0.0,0.0,0.0,0.0,0.0,1.57,2.154,0.0,2.154,0.0,0.0,0.0,1.57,2.154,0.0,0.0,0.0,0.0,0.0,0.0,0.0,1.57,2.52,0.0,1.57,0.0,0.0,0.0,0.0,0.0,0.0,0.0,0.0,0.0,0.0,0.0,0.0,0.0,0.0,0.0,0.0,1.57,0.0,0.0,0.0,0.0,0.0,0.0,0.0,0.0,0.0,1.57,0.0,0.0,1.57,1.57,0.0,0.0,0.0,1.57,0.0,0.0,0.0,2.154,1.57,1.57,0.0,0.0,1.57,0.0,0.0,0.0,0.0,1.57,0.0,0.0,2.52,0.0,4.346,0.0,1.57,1.57,2.52,1.57,0.0,0.0,0.0,0.0,0.0,0.0,0.0,0.0,0.0,0.0,0.0,0.0,0.0,2.52,0.0,1.57,3.449,4.126,0.0,2.154,1.57,3.563,2.998,3.666,0.0,0.0,0.0,1.57,0.0,4.063,3.172,0.0,0.0,0.0,1.57,0.0,0.0,0.0,0.0,1.57,0.0,1.57,0.0,0.0,0.0,0.0,1.57,0.0,0.0,0.0,1.57,0.0,1.57,2.154,0.0,0.0,0.0,2.52,2.154,0.0,0.0,0.0,1.57,0.0,0.0,1.57,0.0,0.0,0.0,0.0,1.57,1.57,0.0,0.0,0.0,0.0,0.0,0.0,1.57,0.0,1.57,0.0,0.0,0.0,1.57,0.0,0.0,0.0,0.0,0.0,1.57,0.0,0.0,0.0,0.0,1.57,2.154,2.154,2.154,0.0,0.0,1.57,1.57,0.0,0.0,0.0,1.57,0.0,0.0,1.57,0.0,0.0,0.0,0.0,0.0,0.0,0.0,1.57,0.0,0.0,0.0,0.0,0.0,0.0,0.0,0.0,2.154,0.0,0.0,0.0,0.0,0.0,0.0,0.0,2.52,0.0,0.0,0.0,0.0,0.0,0.0,0.0,1.57,0.0,0.0,0.0,1.57,0.0,1.57,0.0,0.0,0.0,1.57,3.172,0.0,0.0,2.154,0.0,0.0,0.0,0.0,0.0,0.0,0.0,2.998,0.0,1.57,0.0,1.57,1.57,0.0,1.57,0.0,2.787,0.0,0.0,2.52,2.52,0.0,2.52,1.57,0.0,0.0,0.0,0.0,0.0,0.0,1.57,0.0,0.0,0.0,2.154,0.0,2.787,0.0,2.154,2.787,0.0,1.57,2.154,0.0,0.0,0.0,1.57,1.57,0.0,2.52,1.57,0.0,0.0,0.0,0.0,0.0,0.0,1.57,0.0,0.0,0.0,1.57,0.0,0.0,2.154,0.0,2.154,0.0,0.0,1.57,2.154,2.154,0.0,0.0,1.57,0.0,0.0,0.0,2.787,0.0,0.0,0.0,0.0,0.0,0.0,0.0,0.0,0.0,0.0,0.0,0.0,1.57,0.0,2.154,0.0,0.0,0.0,0.0,0.0,0.0,0.0,0.0,1.57,0.0,0.0,1.57,1.57,2.52,0.0,0.0,0.0,0.0,1.57,0.0,1.57,2.787,0.0,2.52,0.0,1.57,0.0,1.57,1.57,0.0,0.0,1.57,0.0,0.0,0.0,0.0,0.0,0.0,0.0,2.52,0.0,0.0,1.57,0.0,0.0,0.0,0.0,0.0,0.0,0.0,2.154,0.0,0.0,0.0,0.0,1.57,0.0,0.0,2.52,0.0,1.57,0.0,0.0,2.154,0.0,2.52,0.0,2.154,1.57,0.0,0.0,0.0,0.0,0.0,1.57,1.57,0.0,2.154,0.0,0.0,0.0,0.0,0.0,0.0,0.0,0.0,0.0,0.0,0.0,0.0,0.0,0.0,0.0,0.0,0.0,0.0,0.0,0.0,0.0,0.0,0.0,0.0,0.0,1.57,1.57,0.0,2.154,0.0,0.0,0.0,0.0,0.0,0.0,2.154,0.0,0.0,1.57,0.0,0.0,0.0,0.0,0.0,0.0,0.0,0.0,1.57,0.0,0.0,2.154,1.57,1.57,0.0,0.0,0.0,0.0,0.0,0.0,0.0,0.0,1.57,0.0,1.57,0.0,0.0,0.0,0.0,0.0,0.0,2.52,0.0,0.0,0.0,1.57,0.0,2.52,0.0,1.57,0.0,0.0,0.0,0.0,0.0,2.154,0.0,0.0,0.0,0.0,1.57,0.0,0.0,0.0,0.0,0.0,0.0,0.0,3.449,0.0,0.0,0.0,0.0,1.57,0.0,1.57,0.0,0.0,2.154,0.0,1.57,1.57,2.154,2.154,0.0,0.0,0.0,2.154,0.0,1.57,0.0,0.0,0.0,0.0,0.0,1.57,2.154,0.0,0.0,0.0,0.0,1.57,2.52,0.0,1.57,0.0,0.0,0.0,2.154,0.0,0.0,0.0,0.0,0.0,3.449,0.0,0.0,1.57,2.52,0.0,0.0,0.0,1.57,0.0,1.57,0.0,0.0,2.787,1.57,0.0,0.0,3.32,0.0,0.0,0.0,0.0,0.0,0.0,0.0,0.0,0.0,0.0,5.254,0.0,1.57,0.0,0.0,0.0,0.0,0.0,0.0,0.0,0.0,0.0,2.154,0.0,0.0,2.154,0.0,1.57,1.57,0.0,0.0,0.0,0.0,1.57,0.0,0.0,0.0,1.57,1.57,1.57,0.0,0.0,0.0,0.0,0.0,0.0,2.154,0.0,2.154,0.0,0.0,0.0,0.0,1.57,2.52,0.0,2.154,0.0,0.0,0.0
Dendritische Zelle,0.0,0.0,1.822,1.279,0.0,1.279,1.279,0.0,0.0,1.279,1.279,1.822,0.0,0.0,1.279,0.0,0.0,1.279,1.822,1.279,0.0,0.0,0.0,0.0,1.279,0.0,0.0,1.279,0.0,1.279,0.0,0.0,1.279,0.0,1.279,2.172,1.279,0.0,1.279,0.0,1.279,1.279,0.0,0.0,1.822,0.0,0.0,0.0,1.279,1.279,0.0,3.191,1.279,0.0,3.079,3.864,0.0,1.822,1.279,1.279,0.0,1.279,0.0,0.0,0.0,2.952,1.279,0.0,2.431,0.0,0.0,0.0,0.0,1.279,0.0,0.0,0.0,0.0,0.0,0.0,0.0,0.0,0.0,0.0,0.0,0.0,1.822,0.0,0.0,0.0,0.0,0.0,0.0,0.0,1.279,1.279,0.0,1.279,0.0,0.0,1.822,0.0,0.0,0.0,0.0,0.0,1.822,0.0,0.0,0.0,0.0,1.279,0.0,0.0,0.0,0.0,0.0,0.0,0.0,0.0,0.0,0.0,0.0,0.0,0.0,1.279,1.279,0.0,0.0,0.0,1.279,0.0,0.0,1.279,0.0,1.822,0.0,0.0,0.0,2.431,1.822,0.0,0.0,1.279,1.279,0.0,1.279,0.0,0.0,0.0,0.0,0.0,1.279,0.0,0.0,0.0,0.0,0.0,0.0,1.279,0.0,0.0,0.0,0.0,0.0,0.0,0.0,0.0,0.0,0.0,0.0,0.0,0.0,0.0,1.279,0.0,0.0,0.0,0.0,0.0,0.0,0.0,1.279,0.0,1.279,0.0,1.822,0.0,0.0,0.0,0.0,0.0,0.0,0.0,0.0,1.279,0.0,0.0,0.0,1.279,0.0,0.0,0.0,0.0,0.0,0.0,0.0,0.0,1.279,5.148,0.0,1.279,2.172,1.279,1.279,0.0,0.0,1.822,1.279,1.279,1.822,0.0,2.431,0.0,1.822,0.0,1.279,0.0,0.0,0.0,0.0,2.806,2.431,1.279,1.822,1.822,4.831,3.808,4.573,3.808,3.079,2.806,3.079,2.806,4.333,4.6,0.0,0.0,0.0,1.822,0.0,0.0,1.279,0.0,0.0,1.822,0.0,0.0,0.0,0.0,1.279,0.0,0.0,0.0,0.0,0.0,0.0,0.0,0.0,0.0,0.0,0.0,2.172,0.0,1.279,1.279,1.279,0.0,1.279,0.0,2.806,1.279,0.0,0.0,0.0,1.822,1.279,0.0,0.0,0.0,0.0,0.0,0.0,1.279,1.822,1.279,0.0,1.279,0.0,0.0,0.0,0.0,0.0,0.0,0.0,0.0,0.0,1.279,0.0,0.0,0.0,0.0,0.0,0.0,0.0,1.279,2.431,2.806,0.0,0.0,0.0,0.0,1.822,1.279,1.279,0.0,0.0,1.279,0.0,0.0,0.0,0.0,1.822,0.0,0.0,0.0,0.0,0.0,0.0,0.0,1.279,0.0,1.279,0.0,0.0,2.172,0.0,1.279,0.0,0.0,0.0,1.279,1.822,0.0,0.0,0.0,1.279,2.431,2.636,1.822,0.0,1.279,1.822,1.279,0.0,0.0,0.0,0.0,0.0,0.0,0.0,1.279,1.279,0.0,0.0,0.0,0.0,0.0,0.0,3.618,0.0,1.279,0.0,0.0,0.0,0.0,0.0,0.0,0.0,1.822,0.0,0.0,0.0,0.0,2.952,0.0,0.0,1.279,0.0,0.0,0.0,0.0,1.822,0.0,0.0,0.0,0.0,1.279,1.822,0.0,0.0,1.279,0.0,1.822,0.0,0.0,0.0,0.0,0.0,1.822,0.0,1.279,0.0,0.0,0.0,0.0,0.0,0.0,1.279,0.0,0.0,0.0,0.0,0.0,0.0,1.279,1.279,0.0,1.279,0.0,1.822,0.0,3.546,1.279,1.279,0.0,1.822,1.822,0.0,1.279,0.0,1.279,0.0,0.0,0.0,1.279,0.0,0.0,0.0,0.0,0.0,0.0,0.0,1.279,0.0,1.279,0.0,0.0,0.0,0.0,0.0,0.0,0.0,0.0,1.279,0.0,0.0,1.822,0.0,2.172,0.0,1.822,0.0,0.0,1.279,0.0,0.0,4.546,0.0,2.431,1.822,1.279,0.0,0.0,0.0,0.0,2.952,0.0,2.172,0.0,0.0,0.0,0.0,0.0,0.0,1.279,0.0,1.822,0.0,0.0,0.0,0.0,1.279,0.0,2.172,1.279,1.822,1.279,0.0,0.0,0.0,1.279,0.0,0.0,2.431,2.172,1.822,0.0,0.0,0.0,0.0,1.822,0.0,1.279,1.279,0.0,0.0,0.0,0.0,0.0,0.0,0.0,0.0,2.172,0.0,0.0,0.0,1.822,1.279,0.0,0.0,1.822,0.0,1.279,1.279,0.0,1.279,0.0,1.279,0.0,0.0,0.0,1.279,0.0,0.0,0.0,0.0,0.0,1.822,0.0,1.279,0.0,2.172,0.0,0.0,0.0,0.0,0.0,0.0,1.279,0.0,0.0,0.0,0.0,0.0,0.0,0.0,0.0,0.0,0.0,0.0,0.0,1.279,0.0,2.806,1.279,1.279,1.279,0.0,0.0,1.279,0.0,1.279,0.0,0.0,0.0,0.0,0.0,0.0,0.0,0.0,0.0,1.279,0.0,0.0,0.0,1.279,0.0,0.0,0.0,1.822,0.0,1.822,1.279,0.0,0.0,1.822,1.279,1.279,0.0,0.0,0.0,0.0,0.0,0.0,1.822,2.172,0.0,0.0,1.279,0.0,4.573,0.0,0.0,2.172,0.0,1.279,0.0,2.172,0.0,0.0,1.279,0.0,1.822,0.0,2.172,1.822,0.0,0.0,0.0,0.0,0.0,1.822,2.172,0.0,0.0,0.0,0.0,1.279,0.0,0.0,0.0,0.0,0.0,1.279,1.279,0.0,0.0,0.0,1.279,1.279,0.0,0.0,0.0,0.0,0.0,1.822,3.079,1.279,0.0,0.0,1.279,0.0,0.0,1.279,0.0,1.279,0.0,0.0,1.279,1.822,1.822,0.0,1.279,2.952,0.0,1.279,0.0,0.0,0.0,0.0,0.0,1.279,0.0,1.822,3.917,0.0,2.172,0.0,1.279,0.0,0.0,0.0,1.279,0.0,0.0,0.0,0.0,0.0,0.0,0.0,0.0,0.0,0.0,0.0,0.0,0.0,0.0,0.0,0.0,1.279,0.0,0.0,0.0,1.279,0.0,0.0,2.806,0.0,1.279,0.0,1.822,1.279,1.279,0.0,1.279,1.279,0.0,1.822,1.279,1.822,1.822,0.0,0.0,0.0
Dendritische Zelle,0.0,0.0,0.0,1.076,0.0,1.076,0.0,0.0,0.0,1.076,0.0,0.0,0.0,0.0,1.583,0.0,0.0,0.0,0.0,1.076,0.0,1.917,0.0,0.0,1.076,1.076,1.917,1.583,0.0,0.0,0.0,1.583,1.076,0.0,0.0,0.0,0.0,0.0,0.0,0.0,2.167,0.0,0.0,0.0,0.0,0.0,0.0,0.0,1.917,1.076,1.076,3.335,0.0,0.0,1.583,0.0,1.076,1.917,0.0,0.0,0.0,0.0,1.076,0.0,0.0,0.0,3.263,0.0,1.076,1.583,0.0,0.0,0.0,0.0,0.0,0.0,0.0,0.0,0.0,1.076,0.0,0.0,1.076,0.0,0.0,1.583,1.076,0.0,0.0,0.0,0.0,1.076,0.0,0.0,1.583,0.0,0.0,1.076,1.076,0.0,1.583,0.0,0.0,0.0,0.0,0.0,1.076,1.076,0.0,0.0,0.0,1.583,0.0,0.0,0.0,0.0,1.917,0.0,0.0,1.917,0.0,1.076,0.0,0.0,0.0,0.0,0.0,0.0,0.0,1.583,0.0,0.0,1.076,1.076,0.0,0.0,1.583,1.583,1.917,2.677,1.917,0.0,0.0,1.583,0.0,0.0,1.583,1.076,0.0,1.583,1.076,0.0,1.583,0.0,0.0,0.0,0.0,0.0,1.076,1.076,1.076,1.917,0.0,0.0,0.0,0.0,0.0,0.0,0.0,0.0,0.0,0.0,0.0,0.0,1.076,0.0,0.0,1.076,0.0,1.917,1.076,1.076,1.076,1.583,1.076,1.583,2.367,1.076,1.917,0.0,0.0,0.0,0.0,0.0,1.076,2.677,0.0,0.0,0.0,0.0,0.0,0.0,1.076,0.0,1.917,0.0,0.0,0.0,0.0,5.187,0.0,2.167,2.534,2.167,0.0,0.0,0.0,0.0,1.076,0.0,1.917,0.0,1.583,0.0,0.0,0.0,0.0,0.0,0.0,0.0,0.0,1.076,2.802,0.0,2.367,1.076,4.857,3.681,4.621,4.01,3.187,3.263,2.167,3.013,4.795,4.694,0.0,1.076,1.076,1.583,1.076,0.0,0.0,0.0,1.076,1.583,0.0,1.076,0.0,1.076,0.0,1.076,0.0,0.0,1.076,1.076,1.076,1.076,2.802,0.0,1.076,0.0,2.534,1.583,2.913,0.0,0.0,0.0,0.0,1.583,2.167,0.0,0.0,0.0,0.0,1.583,0.0,0.0,1.583,0.0,0.0,0.0,0.0,0.0,1.917,1.917,0.0,1.583,0.0,2.167,0.0,0.0,1.076,0.0,0.0,0.0,0.0,2.167,0.0,1.583,1.076,0.0,0.0,0.0,1.076,1.917,1.583,1.076,0.0,1.076,0.0,1.076,1.583,0.0,0.0,1.917,0.0,1.076,0.0,0.0,2.367,0.0,2.167,0.0,0.0,0.0,0.0,1.076,1.076,0.0,0.0,0.0,0.0,0.0,1.076,1.076,1.583,1.917,0.0,0.0,0.0,0.0,0.0,0.0,0.0,1.076,0.0,0.0,1.076,1.076,0.0,1.076,0.0,0.0,0.0,0.0,0.0,0.0,0.0,0.0,0.0,0.0,1.076,0.0,1.917,0.0,1.917,0.0,0.0,4.044,0.0,0.0,0.0,0.0,0.0,0.0,1.583,0.0,2.534,1.076,0.0,0.0,1.583,1.076,3.774,0.0,0.0,0.0,0.0,0.0,0.0,0.0,1.583,1.076,0.0,1.076,0.0,0.0,0.0,0.0,0.0,2.677,1.076,2.167,0.0,1.076,1.076,0.0,2.167,0.0,0.0,1.583,1.076,1.076,0.0,0.0,0.0,1.076,1.917,1.076,0.0,0.0,1.076,0.0,0.0,0.0,0.0,0.0,1.917,0.0,0.0,0.0,3.103,0.0,1.583,0.0,1.583,0.0,1.076,0.0,0.0,1.076,0.0,0.0,0.0,0.0,0.0,0.0,0.0,1.076,0.0,0.0,0.0,1.076,0.0,1.076,0.0,0.0,0.0,0.0,0.0,0.0,1.076,0.0,0.0,1.583,0.0,1.076,0.0,1.917,0.0,0.0,0.0,0.0,1.917,0.0,0.0,4.64,0.0,2.534,0.0,1.076,1.076,0.0,1.076,0.0,1.076,0.0,2.677,0.0,0.0,0.0,1.076,0.0,0.0,1.917,1.076,0.0,1.583,0.0,0.0,1.076,0.0,0.0,1.917,1.076,1.583,1.917,0.0,0.0,0.0,0.0,0.0,0.0,2.167,0.0,1.583,0.0,1.076,1.076,0.0,1.583,0.0,2.167,0.0,1.076,0.0,1.076,0.0,0.0,1.076,0.0,1.583,3.103,1.076,0.0,0.0,1.076,0.0,0.0,0.0,1.917,0.0,2.677,0.0,0.0,1.076,1.076,0.0,0.0,0.0,0.0,0.0,0.0,0.0,0.0,0.0,1.076,0.0,1.076,1.917,0.0,1.583,0.0,0.0,0.0,1.583,0.0,0.0,1.076,0.0,1.076,0.0,0.0,1.583,1.076,0.0,2.367,0.0,0.0,1.583,0.0,0.0,0.0,2.534,0.0,1.076,1.917,0.0,0.0,0.0,0.0,0.0,0.0,0.0,0.0,1.076,0.0,0.0,0.0,1.076,0.0,0.0,0.0,0.0,0.0,0.0,0.0,1.076,0.0,1.917,0.0,2.167,0.0,0.0,0.0,2.167,1.583,0.0,0.0,1.076,0.0,0.0,0.0,1.076,0.0,1.076,1.917,0.0,1.583,0.0,4.929,0.0,0.0,1.917,0.0,0.0,0.0,1.583,1.583,1.076,1.076,0.0,2.367,0.0,1.583,1.917,0.0,0.0,0.0,1.917,1.583,1.917,0.0,0.0,1.076,1.076,0.0,0.0,0.0,0.0,0.0,0.0,0.0,1.076,0.0,1.583,0.0,0.0,1.583,0.0,0.0,0.0,1.076,0.0,1.583,2.367,2.913,0.0,1.076,0.0,0.0,0.0,0.0,1.583,1.583,0.0,1.583,1.076,0.0,1.583,1.917,0.0,0.0,1.583,0.0,2.167,0.0,1.076,0.0,0.0,1.076,0.0,1.076,1.583,3.774,0.0,1.917,0.0,1.076,0.0,0.0,0.0,0.0,0.0,0.0,0.0,0.0,0.0,1.076,1.583,0.0,0.0,1.583,0.0,0.0,0.0,0.0,0.0,0.0,1.076,0.0,0.0,1.076,1.076,0.0,2.167,1.076,0.0,1.076,0.0,0.0,1.583,0.0,0.0,1.583,0.0,0.0,1.076,1.917,0.0,1.917,0.0,0.0,1.076
NK-Zelle,0.0,0.0,0.0,2.285,0.0,1.688,0.0,0.0,0.0,1.688,0.0,0.0,0.0,0.0,1.688,0.0,0.0,3.138,0.0,0.0,0.0,0.0,0.0,1.688,1.688,0.0,0.0,0.0,0.0,1.688,0.0,0.0,0.0,0.0,0.0,2.285,0.0,0.0,0.0,0.0,1.688,2.285,0.0,0.0,2.285,0.0,0.0,0.0,0.0,0.0,0.0,1.688,0.0,0.0,2.285,2.656,0.0,2.285,1.688,0.0,1.688,1.688,0.0,1.688,0.0,0.0,0.0,0.0,3.313,1.688,2.285,0.0,3.138,0.0,0.0,1.688,0.0,0.0,0.0,0.0,0.0,0.0,0.0,0.0,0.0,0.0,0.0,0.0,1.688,0.0,0.0,3.138,1.688,1.688,0.0,1.688,0.0,0.0,0.0,0.0,0.0,1.688,4.859,0.0,0.0,0.0,0.0,0.0,0.0,0.0,1.688,0.0,0.0,1.688,0.0,1.688,0.0,2.285,0.0,0.0,0.0,0.0,0.0,0.0,0.0,0.0,0.0,0.0,1.688,1.688,0.0,0.0,0.0,0.0,0.0,0.0,0.0,2.285,0.0,2.285,2.285,0.0,1.688,1.688,2.285,0.0,0.0,0.0,0.0,1.688,0.0,0.0,1.688,0.0,1.688,0.0,0.0,0.0,0.0,0.0,0.0,1.688,0.0,0.0,1.688,2.285,0.0,0.0,0.0,0.0,0.0,2.285,0.0,0.0,0.0,2.926,0.0,1.688,0.0,2.285,1.688,2.285,0.0,0.0,2.285,0.0,0.0,1.688,0.0,0.0,0.0,2.285,0.0,0.0,0.0,2.285,2.285,0.0,1.688,0.0,1.688,1.688,0.0,0.0,1.688,0.0,0.0,2.285,0.0,2.285,0.0,1.688,0.0,2.285,0.0,0.0,0.0,1.688,0.0,0.0,2.285,1.688,0.0,0.0,1.688,0.0,0.0,0.0,1.688,0.0,0.0,0.0,0.0,0.0,2.926,0.0,0.0,1.688,1.688,0.0,0.0,0.0,0.0,0.0,0.0,0.0,1.688,0.0,0.0,2.926,0.0,0.0,0.0,0.0,2.656,0.0,0.0,1.688,0.0,0.0,0.0,0.0,1.688,0.0,1.688,0.0,0.0,0.0,0.0,0.0,0.0,0.0,1.688,1.688,0.0,0.0,1.688,0.0,1.688,0.0,2.285,1.688,0.0,1.688,0.0,0.0,1.688,0.0,0.0,0.0,0.0,0.0,0.0,0.0,0.0,0.0,0.0,1.688,0.0,1.688,0.0,0.0,0.0,0.0,0.0,1.688,0.0,1.688,0.0,2.285,0.0,2.285,0.0,0.0,0.0,1.688,0.0,0.0,0.0,0.0,0.0,1.688,2.285,0.0,2.285,0.0,0.0,0.0,0.0,0.0,1.688,0.0,0.0,0.0,0.0,0.0,0.0,0.0,0.0,0.0,0.0,0.0,1.688,0.0,0.0,1.688,0.0,0.0,0.0,0.0,0.0,0.0,0.0,0.0,0.0,0.0,0.0,2.285,0.0,2.285,0.0,0.0,1.688,1.688,0.0,0.0,2.285,0.0,0.0,0.0,0.0,0.0,1.688,1.688,0.0,0.0,0.0,1.688,1.688,2.656,0.0,0.0,1.688,0.0,0.0,0.0,1.688,0.0,3.138,0.0,2.656,0.0,0.0,1.688,2.656,0.0,0.0,0.0,0.0,0.0,0.0,0.0,0.0,0.0,0.0,0.0,0.0,1.688,3.706,1.688,2.656,0.0,0.0,0.0,0.0,1.688,0.0,0.0,3.313,0.0,0.0,0.0,0.0,0.0,1.688,0.0,0.0,0.0,1.688,0.0,0.0,0.0,0.0,1.688,0.0,3.902,1.688,0.0,0.0,0.0,2.285,0.0,2.656,0.0,1.688,1.688,1.688,0.0,2.285,1.688,2.656,0.0,0.0,0.0,0.0,0.0,0.0,0.0,0.0,0.0,0.0,0.0,0.0,1.688,0.0,0.0,0.0,0.0,0.0,0.0,0.0,0.0,0.0,0.0,0.0,0.0,0.0,1.688,0.0,2.656,0.0,2.285,0.0,0.0,1.688,0.0,0.0,0.0,1.688,0.0,2.285,0.0,0.0,0.0,1.688,0.0,1.688,0.0,0.0,1.688,0.0,0.0,0.0,0.0,0.0,1.688,0.0,0.0,0.0,0.0,0.0,0.0,1.688,0.0,0.0,0.0,2.926,1.688,0.0,2.656,3.592,0.0,1.688,0.0,1.688,0.0,0.0,0.0,0.0,1.688,0.0,0.0,0.0,2.926,2.285,0.0,0.0,2.656,0.0,0.0,0.0,0.0,0.0,0.0,0.0,0.0,0.0,2.285,0.0,0.0,0.0,2.656,0.0,0.0,0.0,1.688,1.688,2.656,0.0,0.0,0.0,0.0,1.688,0.0,0.0,0.0,0.0,0.0,2.285,0.0,3.138,0.0,0.0,0.0,0.0,1.688,0.0,0.0,0.0,1.688,1.688,0.0,0.0,1.688,0.0,0.0,0.0,0.0,0.0,0.0,0.0,0.0,0.0,0.0,2.926,2.285,0.0,0.0,0.0,0.0,0.0,0.0,0.0,0.0,0.0,1.688,1.688,0.0,0.0,0.0,0.0,0.0,0.0,0.0,1.688,0.0,1.688,0.0,0.0,0.0,0.0,2.926,1.688,0.0,0.0,0.0,1.688,0.0,1.688,3.809,0.0,0.0,0.0,0.0,0.0,0.0,0.0,1.688,2.285,0.0,0.0,0.0,1.688,0.0,0.0,2.285,1.688,0.0,1.688,0.0,0.0,0.0,0.0,3.313,0.0,2.656,0.0,1.688,0.0,0.0,1.688,1.688,0.0,0.0,1.688,0.0,0.0,0.0,1.688,1.688,0.0,1.688,0.0,0.0,1.688,0.0,0.0,0.0,0.0,2.285,0.0,0.0,0.0,0.0,0.0,0.0,1.688,0.0,0.0,0.0,0.0,0.0,0.0,0.0,1.688,1.688,2.285,0.0,0.0,0.0,1.688,1.688,1.688,2.926,3.138,0.0,0.0,0.0,0.0,0.0,1.688,0.0,0.0,0.0,1.688,2.926,0.0,0.0,0.0,0.0,0.0,0.0,0.0,0.0,4.44,0.0,0.0,0.0,0.0,2.285,0.0,0.0,0.0,0.0,1.688,0.0,0.0,0.0,1.688,0.0,0.0,0.0,0.0,0.0,0.0,1.688,0.0,0.0,0.0,0.0,0.0,0.0,0.0,1.688,0.0,1.688,1.688,1.688,1.688,1.688,0.0,2.926,2.926,1.688,0.0
B-Zelle,0.0,0.0,0.0,2.173,0.0,0.0,0.0,0.0,0.0,0.0,0.0,0.0,0.0,0.0,1.279,0.0,0.0,3.619,1.279,0.0,0.0,1.279,0.0,0.0,0.0,0.0,2.432,1.279,0.0,1.279,0.0,1.279,0.0,0.0,0.0,0.0,0.0,0.0,1.823,1.279,0.0,0.0,0.0,0.0,0.0,0.0,1.279,0.0,0.0,1.279,1.279,0.0,0.0,0.0,2.173,2.432,0.0,1.823,0.0,1.279,1.823,0.0,0.0,0.0,0.0,0.0,1.823,0.0,0.0,0.0,0.0,1.279,0.0,0.0,1.279,0.0,0.0,0.0,0.0,0.0,1.279,0.0,0.0,0.0,0.0,0.0,1.823,0.0,0.0,0.0,0.0,0.0,0.0,0.0,2.432,0.0,0.0,0.0,0.0,0.0,2.953,0.0,0.0,0.0,0.0,0.0,0.0,0.0,0.0,0.0,1.823,0.0,1.279,1.279,0.0,0.0,0.0,0.0,2.173,0.0,0.0,2.173,0.0,0.0,0.0,0.0,1.279,1.279,0.0,0.0,0.0,0.0,0.0,0.0,0.0,0.0,1.279,0.0,0.0,1.823,0.0,0.0,0.0,0.0,1.823,0.0,0.0,0.0,0.0,0.0,0.0,0.0,0.0,0.0,0.0,1.279,0.0,0.0,0.0,0.0,1.823,0.0,1.279,0.0,0.0,0.0,0.0,0.0,0.0,0.0,0.0,0.0,0.0,0.0,2.432,0.0,0.0,0.0,1.279,1.279,1.279,1.279,1.279,0.0,0.0,2.173,0.0,2.173,2.173,0.0,0.0,0.0,0.0,0.0,0.0,1.279,1.823,0.0,1.279,1.823,2.173,0.0,0.0,0.0,0.0,0.0,0.0,0.0,0.0,4.79,0.0,3.08,1.279,1.823,1.279,0.0,1.279,1.279,0.0,0.0,1.279,1.823,1.279,0.0,0.0,0.0,0.0,0.0,0.0,0.0,4.187,0.0,0.0,0.0,3.192,2.173,4.4,3.08,3.75,2.807,2.807,2.637,1.823,1.823,4.105,4.105,0.0,0.0,0.0,1.279,0.0,0.0,1.279,0.0,2.637,1.279,0.0,1.823,0.0,1.279,0.0,0.0,0.0,0.0,0.0,0.0,0.0,1.279,2.637,0.0,0.0,1.279,1.823,1.823,0.0,0.0,0.0,0.0,0.0,0.0,2.432,1.823,0.0,1.279,1.279,1.279,1.279,1.279,1.279,0.0,0.0,0.0,0.0,1.279,0.0,0.0,0.0,0.0,0.0,0.0,0.0,0.0,2.173,0.0,0.0,0.0,0.0,1.279,0.0,0.0,0.0,0.0,0.0,0.0,0.0,1.279,0.0,0.0,0.0,0.0,1.823,1.279,0.0,2.432,1.823,0.0,0.0,0.0,0.0,1.279,1.279,0.0,1.823,0.0,1.279,0.0,0.0,0.0,0.0,0.0,1.279,0.0,0.0,0.0,0.0,1.823,1.823,0.0,0.0,0.0,0.0,1.279,0.0,0.0,0.0,0.0,0.0,0.0,0.0,0.0,0.0,1.279,0.0,0.0,0.0,0.0,0.0,0.0,0.0,0.0,1.823,1.279,0.0,0.0,1.823,0.0,1.279,0.0,0.0,1.823,0.0,0.0,0.0,1.823,0.0,1.279,1.279,0.0,1.823,1.823,0.0,1.279,1.279,1.279,2.807,0.0,0.0,1.823,0.0,0.0,0.0,1.279,1.823,0.0,0.0,1.279,0.0,1.279,1.823,0.0,0.0,1.279,1.279,2.432,0.0,0.0,0.0,0.0,0.0,0.0,1.279,0.0,0.0,0.0,0.0,0.0,1.823,2.173,0.0,0.0,1.279,1.279,0.0,1.279,0.0,0.0,1.279,1.279,1.823,0.0,2.173,1.823,1.823,0.0,1.279,0.0,0.0,0.0,0.0,0.0,0.0,0.0,0.0,0.0,0.0,0.0,0.0,0.0,0.0,0.0,0.0,2.432,1.279,0.0,0.0,0.0,0.0,0.0,0.0,0.0,0.0,0.0,0.0,0.0,1.823,0.0,0.0,1.279,0.0,3.192,0.0,1.279,1.823,0.0,1.823,0.0,0.0,0.0,0.0,1.823,0.0,2.807,0.0,0.0,0.0,0.0,1.279,0.0,1.279,0.0,1.279,0.0,0.0,0.0,0.0,0.0,1.279,2.173,0.0,0.0,0.0,0.0,0.0,0.0,0.0,0.0,2.173,1.823,1.279,0.0,0.0,0.0,0.0,0.0,2.637,1.279,0.0,0.0,1.279,0.0,1.823,2.637,0.0,1.279,0.0,0.0,1.279,0.0,0.0,0.0,0.0,2.173,2.173,2.173,0.0,0.0,0.0,0.0,0.0,1.279,1.823,1.279,1.279,1.279,0.0,1.823,1.279,1.279,2.173,0.0,2.432,0.0,0.0,0.0,0.0,0.0,0.0,0.0,0.0,0.0,1.823,0.0,1.823,0.0,0.0,0.0,0.0,0.0,0.0,0.0,0.0,0.0,0.0,0.0,2.173,2.953,0.0,0.0,0.0,0.0,1.279,0.0,0.0,0.0,2.173,0.0,2.432,0.0,1.279,0.0,0.0,0.0,0.0,1.823,1.279,1.279,0.0,1.823,0.0,0.0,0.0,0.0,2.173,0.0,0.0,0.0,0.0,0.0,1.279,3.192,1.823,0.0,1.279,0.0,0.0,0.0,1.279,0.0,0.0,0.0,0.0,0.0,0.0,0.0,1.279,1.279,0.0,0.0,1.279,0.0,0.0,0.0,0.0,0.0,2.432,0.0,0.0,0.0,1.823,0.0,0.0,2.173,0.0,1.823,0.0,0.0,1.279,0.0,0.0,0.0,0.0,1.279,1.823,0.0,1.279,0.0,0.0,0.0,0.0,1.279,0.0,0.0,0.0,1.279,1.279,0.0,1.279,0.0,0.0,2.432,0.0,1.279,0.0,1.279,0.0,2.173,2.637,2.953,1.279,0.0,0.0,0.0,0.0,0.0,1.279,0.0,1.279,0.0,0.0,0.0,2.173,1.279,0.0,0.0,0.0,0.0,0.0,1.279,1.279,3.75,2.807,1.279,0.0,0.0,0.0,2.953,0.0,3.386,0.0,0.0,0.0,0.0,0.0,0.0,1.279,0.0,0.0,0.0,0.0,0.0,0.0,1.279,1.279,0.0,0.0,0.0,2.173,0.0,2.637,1.823,2.173,0.0,0.0,0.0,1.823,0.0,0.0,1.279,0.0,1.279,0.0,0.0,1.823,1.823,0.0,1.823,1.279,1.279,0.0,1.279,0.0,0.0,0.0,0.0,0.0
B-Zelle,0.0,0.0,1.342,1.895,0.0,1.342,0.0,0.0,0.0,1.342,0.0,0.0,0.0,0.0,0.0,0.0,0.0,2.51,0.0,0.0,0.0,1.895,0.0,0.0,1.895,1.895,0.0,0.0,1.895,0.0,0.0,0.0,0.0,0.0,0.0,1.342,0.0,0.0,2.51,0.0,0.0,0.0,1.342,0.0,0.0,0.0,0.0,0.0,1.895,1.342,0.0,2.249,0.0,0.0,0.0,1.342,0.0,2.249,1.895,0.0,0.0,0.0,0.0,0.0,0.0,0.0,2.888,0.0,0.0,0.0,0.0,0.0,0.0,0.0,1.342,0.0,0.0,0.0,0.0,0.0,1.342,0.0,0.0,0.0,1.342,1.342,0.0,0.0,0.0,0.0,0.0,0.0,0.0,0.0,2.249,0.0,0.0,1.342,0.0,0.0,1.895,0.0,0.0,0.0,0.0,0.0,0.0,0.0,0.0,0.0,1.895,0.0,2.51,0.0,0.0,1.342,0.0,0.0,0.0,1.342,0.0,1.342,0.0,0.0,0.0,1.342,0.0,0.0,0.0,0.0,0.0,0.0,0.0,0.0,0.0,0.0,1.342,1.342,1.342,1.342,0.0,0.0,0.0,0.0,0.0,0.0,0.0,0.0,0.0,1.342,0.0,0.0,0.0,0.0,1.342,0.0,0.0,0.0,1.342,0.0,1.342,0.0,0.0,0.0,0.0,0.0,0.0,0.0,0.0,0.0,0.0,0.0,0.0,0.0,1.342,1.342,0.0,0.0,3.469,1.342,1.342,0.0,1.342,1.342,1.342,1.342,0.0,1.895,2.51,0.0,1.342,0.0,0.0,0.0,0.0,2.249,1.342,1.342,1.342,0.0,2.717,0.0,1.342,0.0,0.0,0.0,0.0,0.0,0.0,4.875,0.0,2.249,1.342,0.0,1.895,0.0,0.0,0.0,1.342,0.0,0.0,0.0,1.895,0.0,0.0,0.0,1.342,0.0,0.0,0.0,4.576,0.0,0.0,0.0,2.888,1.895,4.516,3.034,3.893,2.51,3.162,1.895,2.717,2.717,3.275,4.002,0.0,0.0,0.0,0.0,0.0,0.0,0.0,0.0,1.342,0.0,0.0,1.895,0.0,1.895,0.0,0.0,0.0,0.0,0.0,0.0,0.0,0.0,2.249,1.342,0.0,0.0,1.342,2.51,0.0,0.0,0.0,0.0,1.895,1.342,1.895,0.0,0.0,0.0,0.0,0.0,0.0,0.0,0.0,0.0,0.0,0.0,0.0,0.0,0.0,1.342,0.0,1.895,0.0,1.342,0.0,0.0,0.0,0.0,0.0,1.342,0.0,1.895,0.0,1.342,0.0,0.0,0.0,0.0,0.0,1.895,1.342,0.0,0.0,0.0,0.0,1.895,0.0,2.249,1.895,0.0,0.0,0.0,1.342,2.249,0.0,0.0,1.342,0.0,2.249,0.0,1.342,0.0,0.0,0.0,1.895,0.0,0.0,0.0,2.249,0.0,1.342,2.51,0.0,1.342,0.0,0.0,0.0,1.342,0.0,1.342,0.0,0.0,0.0,2.249,0.0,1.895,1.342,0.0,0.0,0.0,0.0,0.0,0.0,0.0,1.342,0.0,0.0,0.0,0.0,0.0,1.342,0.0,0.0,1.342,0.0,0.0,1.342,0.0,0.0,1.342,0.0,0.0,0.0,1.895,0.0,0.0,0.0,0.0,3.376,0.0,0.0,1.895,0.0,0.0,1.342,0.0,0.0,0.0,0.0,0.0,1.342,0.0,0.0,0.0,0.0,0.0,0.0,1.895,0.0,0.0,0.0,0.0,1.895,0.0,0.0,0.0,0.0,1.895,0.0,0.0,0.0,0.0,0.0,0.0,0.0,0.0,0.0,0.0,1.342,0.0,0.0,0.0,0.0,2.249,3.275,0.0,0.0,0.0,1.342,0.0,1.342,1.342,0.0,0.0,0.0,1.342,0.0,2.51,0.0,0.0,0.0,0.0,0.0,0.0,0.0,2.249,0.0,0.0,1.342,0.0,0.0,0.0,0.0,0.0,0.0,0.0,0.0,0.0,2.717,0.0,0.0,1.895,0.0,1.895,0.0,0.0,0.0,2.249,1.342,0.0,1.342,0.0,0.0,1.342,0.0,0.0,0.0,1.895,0.0,0.0,1.895,0.0,1.342,0.0,0.0,0.0,0.0,0.0,0.0,1.342,1.342,0.0,0.0,0.0,0.0,1.342,1.342,0.0,0.0,0.0,1.342,1.895,0.0,1.342,0.0,0.0,0.0,0.0,1.895,0.0,0.0,0.0,0.0,1.895,1.342,0.0,0.0,1.342,0.0,0.0,0.0,1.895,3.833,0.0,0.0,0.0,0.0,0.0,0.0,0.0,0.0,1.895,0.0,0.0,1.342,1.342,0.0,0.0,0.0,0.0,0.0,1.342,0.0,0.0,2.51,0.0,0.0,0.0,0.0,0.0,0.0,0.0,0.0,2.717,1.895,0.0,1.342,0.0,0.0,0.0,1.342,0.0,0.0,1.342,0.0,0.0,1.342,0.0,0.0,0.0,1.342,0.0,0.0,0.0,1.342,0.0,0.0,1.342,2.717,0.0,1.895,0.0,0.0,0.0,0.0,0.0,0.0,0.0,0.0,0.0,0.0,0.0,0.0,0.0,0.0,0.0,0.0,0.0,0.0,0.0,1.342,0.0,2.51,2.51,1.342,0.0,1.342,0.0,0.0,0.0,1.342,0.0,0.0,0.0,0.0,1.342,0.0,0.0,0.0,1.342,0.0,0.0,0.0,0.0,0.0,0.0,0.0,0.0,0.0,1.342,1.342,0.0,1.342,0.0,1.342,1.895,1.342,2.249,0.0,1.895,0.0,0.0,0.0,0.0,2.888,0.0,1.342,0.0,0.0,0.0,0.0,0.0,1.895,0.0,0.0,0.0,0.0,0.0,1.342,1.895,1.342,0.0,0.0,1.895,0.0,0.0,0.0,0.0,0.0,1.342,1.342,1.342,1.342,0.0,0.0,1.895,1.895,0.0,1.342,0.0,0.0,0.0,1.342,0.0,1.895,0.0,0.0,0.0,0.0,0.0,0.0,0.0,0.0,3.275,1.342,0.0,0.0,1.342,1.895,3.376,0.0,2.249,0.0,0.0,1.342,1.342,0.0,0.0,0.0,0.0,0.0,0.0,0.0,0.0,0.0,0.0,0.0,0.0,0.0,1.342,0.0,0.0,1.342,2.51,1.342,0.0,0.0,0.0,1.895,0.0,0.0,1.342,0.0,1.342,0.0,0.0,0.0,1.895,0.0,1.895,2.51,0.0,1.342,0.0,0.0,1.342,0.0,1.342,0.0
Dendritische Zelle,0.0,0.0,0.0,1.899,0.0,1.345,0.0,1.345,0.0,0.0,0.0,0.0,0.0,0.0,0.0,0.0,0.0,2.514,0.0,1.345,0.0,0.0,0.0,0.0,0.0,0.0,0.0,0.0,0.0,1.345,0.0,0.0,0.0,1.345,0.0,0.0,0.0,0.0,0.0,0.0,1.899,0.0,0.0,0.0,2.253,0.0,0.0,1.345,1.345,1.899,0.0,3.279,2.892,0.0,3.557,4.006,0.0,1.345,0.0,0.0,0.0,1.345,1.345,0.0,1.899,3.635,2.514,0.0,3.166,0.0,0.0,0.0,0.0,0.0,1.345,0.0,0.0,0.0,0.0,1.345,0.0,0.0,0.0,0.0,1.345,0.0,0.0,0.0,1.345,0.0,0.0,1.899,0.0,0.0,1.345,0.0,0.0,1.899,0.0,1.899,2.514,0.0,0.0,0.0,1.345,0.0,0.0,0.0,0.0,0.0,0.0,0.0,1.345,0.0,2.253,1.345,0.0,0.0,0.0,1.345,1.345,1.899,0.0,0.0,0.0,0.0,0.0,0.0,1.345,0.0,0.0,0.0,1.345,0.0,0.0,0.0,0.0,0.0,0.0,3.039,0.0,0.0,1.345,1.345,1.899,1.345,0.0,0.0,0.0,0.0,0.0,0.0,1.899,1.345,0.0,0.0,0.0,0.0,1.345,0.0,0.0,0.0,1.345,0.0,0.0,0.0,0.0,0.0,1.899,0.0,0.0,0.0,0.0,0.0,0.0,0.0,0.0,1.899,0.0,2.253,1.345,0.0,0.0,0.0,1.345,0.0,2.514,1.899,0.0,0.0,0.0,1.345,0.0,0.0,0.0,1.899,1.345,0.0,0.0,2.253,0.0,1.899,0.0,0.0,1.345,0.0,0.0,0.0,1.345,4.982,0.0,2.253,0.0,2.892,0.0,0.0,0.0,0.0,1.345,0.0,0.0,0.0,1.899,0.0,1.345,0.0,0.0,1.345,0.0,0.0,0.0,2.253,3.039,0.0,2.253,1.345,4.943,3.473,4.489,3.473,3.557,3.039,2.721,2.892,4.609,4.15,0.0,1.345,0.0,0.0,0.0,0.0,2.253,1.345,0.0,0.0,0.0,0.0,0.0,1.345,1.345,0.0,0.0,0.0,0.0,0.0,1.345,0.0,1.899,1.899,0.0,0.0,1.345,1.345,1.345,1.345,1.345,0.0,0.0,0.0,1.345,1.345,0.0,0.0,0.0,0.0,1.345,1.899,0.0,0.0,0.0,0.0,0.0,0.0,0.0,1.899,0.0,1.345,1.345,1.899,0.0,0.0,1.345,0.0,0.0,1.345,1.345,0.0,0.0,1.345,0.0,1.345,0.0,0.0,0.0,2.253,2.253,2.892,1.345,0.0,0.0,0.0,0.0,1.899,1.899,0.0,0.0,0.0,0.0,0.0,0.0,0.0,0.0,1.345,0.0,0.0,0.0,0.0,1.345,0.0,0.0,0.0,0.0,0.0,0.0,0.0,0.0,0.0,0.0,1.345,0.0,0.0,0.0,0.0,0.0,0.0,0.0,2.721,1.899,0.0,0.0,1.899,0.0,1.899,0.0,0.0,0.0,0.0,1.899,0.0,0.0,0.0,0.0,0.0,0.0,0.0,1.345,0.0,0.0,3.279,0.0,0.0,0.0,0.0,0.0,0.0,1.345,0.0,3.039,1.345,0.0,1.899,1.345,1.345,3.166,0.0,1.899,1.345,0.0,0.0,0.0,0.0,1.345,0.0,0.0,0.0,0.0,0.0,1.345,0.0,0.0,2.253,0.0,1.899,0.0,0.0,0.0,1.345,1.345,1.899,0.0,2.514,1.345,0.0,0.0,0.0,0.0,0.0,0.0,1.345,1.345,0.0,0.0,0.0,0.0,0.0,0.0,0.0,0.0,1.899,0.0,0.0,2.514,1.345,1.899,0.0,2.253,0.0,1.345,1.345,0.0,0.0,0.0,0.0,1.345,2.253,0.0,0.0,0.0,0.0,0.0,0.0,0.0,0.0,0.0,0.0,0.0,0.0,0.0,0.0,0.0,0.0,1.899,1.345,0.0,0.0,0.0,1.345,0.0,2.721,0.0,1.899,0.0,0.0,1.899,0.0,0.0,4.88,0.0,1.345,0.0,0.0,1.345,0.0,0.0,0.0,2.253,0.0,1.345,0.0,0.0,0.0,0.0,0.0,0.0,0.0,0.0,0.0,0.0,0.0,0.0,0.0,0.0,1.345,0.0,1.345,1.345,1.345,0.0,0.0,0.0,0.0,0.0,0.0,2.721,0.0,1.899,0.0,2.514,0.0,0.0,1.899,0.0,0.0,1.345,0.0,0.0,0.0,0.0,0.0,0.0,0.0,1.345,2.253,0.0,0.0,0.0,1.345,0.0,0.0,1.345,1.899,0.0,2.253,0.0,0.0,0.0,0.0,1.345,0.0,0.0,0.0,1.345,0.0,1.345,0.0,0.0,0.0,0.0,1.899,1.899,1.345,1.345,0.0,0.0,0.0,0.0,0.0,0.0,1.345,0.0,0.0,0.0,1.345,1.345,1.345,0.0,0.0,0.0,0.0,1.899,1.345,3.166,0.0,2.721,0.0,0.0,0.0,0.0,0.0,1.899,0.0,0.0,0.0,0.0,2.253,0.0,1.345,0.0,0.0,1.899,0.0,0.0,0.0,1.345,0.0,1.345,1.345,0.0,0.0,2.514,0.0,0.0,0.0,0.0,0.0,1.345,1.345,1.345,0.0,0.0,1.345,1.345,0.0,1.345,0.0,0.0,1.345,1.899,0.0,0.0,4.741,0.0,0.0,0.0,1.899,0.0,0.0,1.345,1.345,0.0,0.0,0.0,2.253,1.899,0.0,1.899,0.0,0.0,0.0,1.899,1.899,1.345,1.345,0.0,1.899,0.0,0.0,1.345,0.0,0.0,0.0,0.0,0.0,1.345,0.0,1.899,1.899,0.0,1.345,0.0,2.253,0.0,0.0,0.0,0.0,1.899,3.381,0.0,1.345,0.0,1.345,0.0,0.0,0.0,0.0,1.345,0.0,0.0,0.0,1.345,1.899,0.0,0.0,3.279,0.0,1.345,0.0,1.345,0.0,0.0,0.0,0.0,0.0,2.892,3.557,1.899,2.253,0.0,0.0,0.0,0.0,0.0,0.0,0.0,1.345,0.0,0.0,0.0,0.0,1.899,1.345,0.0,0.0,0.0,1.345,0.0,0.0,1.345,0.0,0.0,0.0,0.0,0.0,0.0,0.0,1.345,2.253,0.0,1.345,1.345,1.899,1.345,1.345,0.0,0.0,0.0,1.345,1.899,2.253,0.0,2.721,0.0,0.0,0.0
Dendritische Zelle,0.0,0.0,0.0,0.0,0.0,1.452,0.0,1.452,0.0,0.0,0.0,0.0,4.092,3.416,0.0,0.0,0.0,3.174,1.452,1.452,0.0,0.0,0.0,2.021,0.0,0.0,0.0,1.452,2.021,0.0,0.0,1.452,0.0,0.0,0.0,0.0,0.0,1.452,1.452,0.0,2.381,3.027,0.0,0.0,2.021,0.0,0.0,2.021,2.021,3.518,0.0,2.645,0.0,0.0,2.645,3.61,0.0,2.021,0.0,0.0,0.0,2.021,0.0,0.0,0.0,0.0,1.452,0.0,3.518,0.0,3.416,0.0,0.0,1.452,0.0,0.0,0.0,0.0,0.0,0.0,1.452,0.0,0.0,0.0,2.021,0.0,0.0,0.0,0.0,0.0,0.0,0.0,1.452,0.0,1.452,1.452,0.0,0.0,2.021,0.0,0.0,2.021,0.0,0.0,0.0,0.0,0.0,0.0,0.0,0.0,0.0,0.0,0.0,1.452,0.0,0.0,0.0,0.0,0.0,1.452,0.0,0.0,0.0,0.0,0.0,2.021,0.0,0.0,0.0,0.0,0.0,0.0,0.0,0.0,0.0,0.0,0.0,0.0,0.0,2.854,0.0,0.0,0.0,2.854,0.0,1.452,0.0,1.452,0.0,0.0,0.0,0.0,0.0,0.0,1.452,1.452,0.0,0.0,0.0,0.0,0.0,0.0,0.0,0.0,1.452,0.0,0.0,0.0,1.452,0.0,0.0,0.0,0.0,0.0,0.0,0.0,0.0,2.021,0.0,0.0,1.452,2.381,1.452,0.0,0.0,2.021,2.645,0.0,0.0,0.0,0.0,0.0,0.0,0.0,1.452,2.021,0.0,0.0,0.0,1.452,0.0,0.0,2.854,0.0,2.021,0.0,0.0,0.0,1.452,4.528,0.0,2.021,2.021,2.021,2.381,0.0,0.0,1.452,0.0,0.0,1.452,0.0,2.021,0.0,0.0,0.0,0.0,0.0,0.0,1.452,0.0,3.913,4.092,0.0,2.381,1.452,4.29,3.174,3.846,2.021,2.854,2.021,2.021,1.452,3.518,3.61,0.0,0.0,0.0,0.0,0.0,0.0,1.452,0.0,1.452,0.0,0.0,0.0,0.0,1.452,0.0,0.0,0.0,0.0,0.0,0.0,0.0,0.0,2.021,0.0,0.0,0.0,0.0,0.0,2.645,1.452,0.0,0.0,0.0,0.0,3.027,0.0,2.381,0.0,0.0,0.0,0.0,1.452,1.452,0.0,0.0,0.0,0.0,1.452,0.0,0.0,0.0,2.381,2.381,1.452,0.0,0.0,0.0,0.0,0.0,0.0,0.0,0.0,0.0,2.021,1.452,0.0,2.381,0.0,0.0,0.0,3.027,3.302,0.0,0.0,1.452,1.452,0.0,0.0,0.0,1.452,0.0,0.0,0.0,0.0,1.452,0.0,1.452,1.452,0.0,0.0,0.0,0.0,1.452,0.0,0.0,1.452,0.0,0.0,0.0,0.0,1.452,0.0,0.0,2.381,0.0,0.0,0.0,0.0,0.0,0.0,0.0,0.0,0.0,2.021,1.452,0.0,0.0,2.021,0.0,1.452,0.0,0.0,3.61,0.0,1.452,0.0,0.0,0.0,2.381,0.0,0.0,0.0,0.0,3.846,0.0,0.0,0.0,2.021,0.0,2.021,1.452,0.0,2.645,0.0,0.0,2.854,3.174,1.452,3.027,1.452,1.452,0.0,1.452,0.0,1.452,0.0,0.0,0.0,0.0,0.0,1.452,0.0,3.846,0.0,3.61,2.021,0.0,1.452,1.452,0.0,0.0,0.0,0.0,2.021,0.0,3.027,0.0,0.0,1.452,0.0,0.0,0.0,2.021,2.021,0.0,0.0,0.0,1.452,0.0,0.0,0.0,0.0,2.381,1.452,0.0,0.0,2.645,0.0,0.0,0.0,0.0,0.0,1.452,0.0,2.021,0.0,0.0,0.0,0.0,1.452,0.0,0.0,0.0,1.452,0.0,0.0,0.0,1.452,0.0,0.0,0.0,0.0,0.0,0.0,0.0,0.0,2.021,0.0,0.0,0.0,0.0,1.452,0.0,2.021,0.0,2.021,0.0,0.0,2.645,0.0,1.452,3.518,0.0,2.021,0.0,2.021,1.452,1.452,1.452,0.0,0.0,1.452,1.452,0.0,0.0,0.0,0.0,0.0,0.0,1.452,1.452,0.0,0.0,0.0,1.452,0.0,0.0,0.0,0.0,0.0,2.381,1.452,0.0,0.0,0.0,0.0,1.452,0.0,0.0,1.452,2.021,0.0,0.0,1.452,1.452,2.381,0.0,1.452,2.021,0.0,0.0,2.021,0.0,0.0,0.0,0.0,2.021,1.452,0.0,0.0,0.0,0.0,0.0,0.0,0.0,1.452,0.0,1.452,0.0,2.021,1.452,0.0,0.0,0.0,0.0,0.0,0.0,0.0,0.0,0.0,0.0,0.0,0.0,1.452,1.452,0.0,1.452,0.0,0.0,0.0,0.0,0.0,0.0,0.0,0.0,0.0,0.0,2.381,0.0,0.0,0.0,0.0,0.0,0.0,0.0,0.0,0.0,0.0,2.021,0.0,2.021,1.452,0.0,0.0,0.0,2.021,0.0,0.0,0.0,0.0,0.0,1.452,0.0,0.0,1.452,0.0,0.0,0.0,2.021,0.0,0.0,0.0,2.021,2.021,2.854,1.452,1.452,0.0,0.0,0.0,1.452,2.381,0.0,0.0,0.0,0.0,0.0,0.0,0.0,0.0,0.0,2.021,0.0,0.0,1.452,3.913,0.0,0.0,1.452,1.452,1.452,0.0,2.381,0.0,2.021,1.452,0.0,1.452,0.0,0.0,3.027,0.0,0.0,3.846,0.0,1.452,0.0,0.0,0.0,0.0,0.0,0.0,0.0,2.381,0.0,0.0,0.0,0.0,1.452,0.0,0.0,2.021,0.0,0.0,2.381,0.0,0.0,0.0,0.0,0.0,2.645,3.61,0.0,0.0,2.021,1.452,0.0,0.0,2.021,0.0,2.021,0.0,0.0,0.0,0.0,1.452,0.0,1.452,3.773,0.0,0.0,0.0,1.452,0.0,0.0,0.0,0.0,0.0,1.452,5.62,1.452,2.645,0.0,0.0,0.0,0.0,0.0,0.0,0.0,1.452,0.0,0.0,0.0,0.0,2.645,0.0,1.452,0.0,0.0,0.0,0.0,0.0,1.452,0.0,0.0,0.0,0.0,0.0,0.0,0.0,0.0,1.452,1.452,0.0,0.0,3.027,0.0,0.0,0.0,1.452,0.0,0.0,0.0,2.021,0.0,1.452,1.452,0.0,0.0
T-Zelle,0.0,0.0,0.0,1.383,0.0,1.383,0.0,0.0,0.0,0.0,2.299,0.0,0.0,0.0,0.0,0.0,0.0,2.561,0.0,1.383,0.0,0.0,1.383,0.0,1.942,0.0,1.383,0.0,1.383,1.383,0.0,1.383,0.0,0.0,0.0,0.0,0.0,0.0,1.383,1.383,1.383,1.383,0.0,0.0,1.942,0.0,0.0,0.0,1.383,0.0,0.0,1.383,0.0,0.0,2.299,3.522,0.0,1.383,0.0,0.0,0.0,1.942,1.383,1.383,0.0,0.0,1.942,0.0,0.0,1.383,0.0,0.0,1.942,0.0,0.0,0.0,0.0,0.0,0.0,1.383,2.299,0.0,1.383,0.0,0.0,1.383,1.383,0.0,0.0,0.0,1.383,2.561,0.0,0.0,0.0,0.0,1.942,1.383,1.942,0.0,0.0,0.0,1.383,0.0,0.0,0.0,1.942,0.0,1.942,0.0,1.383,2.299,1.942,1.383,2.299,0.0,1.383,0.0,0.0,1.383,1.383,1.383,0.0,0.0,0.0,0.0,0.0,0.0,0.0,1.942,0.0,0.0,0.0,0.0,0.0,0.0,0.0,1.383,0.0,1.383,0.0,0.0,0.0,1.383,0.0,0.0,0.0,0.0,0.0,0.0,0.0,0.0,0.0,1.383,0.0,0.0,0.0,0.0,0.0,0.0,1.383,1.383,0.0,0.0,0.0,0.0,1.383,0.0,1.383,0.0,0.0,0.0,1.383,0.0,0.0,1.383,0.0,0.0,0.0,1.942,1.383,1.383,1.942,0.0,0.0,1.942,1.383,0.0,0.0,1.383,1.383,0.0,1.942,1.383,0.0,0.0,2.561,0.0,0.0,0.0,1.383,0.0,1.942,0.0,0.0,0.0,0.0,0.0,1.383,0.0,0.0,1.383,1.383,1.383,0.0,0.0,0.0,0.0,0.0,0.0,1.383,1.383,0.0,0.0,2.299,0.0,1.383,0.0,0.0,0.0,3.522,0.0,0.0,0.0,2.561,1.383,0.0,0.0,0.0,0.0,0.0,0.0,0.0,0.0,0.0,1.383,0.0,1.383,1.383,1.942,0.0,0.0,0.0,1.383,1.383,1.383,0.0,1.383,0.0,0.0,0.0,1.383,0.0,0.0,0.0,0.0,0.0,0.0,0.0,0.0,1.383,0.0,0.0,1.383,0.0,0.0,1.942,0.0,1.383,0.0,0.0,0.0,0.0,0.0,0.0,1.383,0.0,0.0,1.383,1.383,0.0,0.0,0.0,0.0,1.383,0.0,0.0,1.383,0.0,1.383,0.0,0.0,0.0,0.0,0.0,0.0,0.0,0.0,0.0,1.383,0.0,2.94,0.0,0.0,0.0,0.0,1.383,0.0,0.0,0.0,0.0,0.0,0.0,0.0,2.299,0.0,0.0,0.0,1.383,0.0,0.0,1.942,1.942,0.0,0.0,0.0,0.0,0.0,0.0,0.0,0.0,0.0,0.0,1.942,0.0,0.0,1.383,1.383,0.0,1.383,0.0,0.0,0.0,1.383,1.942,0.0,0.0,0.0,0.0,2.299,0.0,1.383,1.383,1.383,1.383,0.0,1.383,0.0,0.0,0.0,1.383,0.0,0.0,0.0,1.383,0.0,1.383,0.0,0.0,2.561,0.0,0.0,0.0,0.0,0.0,1.942,1.942,1.383,1.942,1.383,0.0,0.0,0.0,2.768,2.561,1.942,0.0,0.0,0.0,0.0,0.0,0.0,1.942,0.0,0.0,0.0,0.0,1.383,3.215,2.561,0.0,1.942,0.0,0.0,0.0,0.0,0.0,0.0,1.942,0.0,0.0,0.0,0.0,0.0,0.0,0.0,1.383,0.0,0.0,1.383,1.383,0.0,0.0,0.0,0.0,0.0,0.0,0.0,0.0,0.0,3.328,0.0,0.0,0.0,1.383,0.0,1.383,0.0,1.942,0.0,0.0,0.0,1.383,0.0,0.0,1.383,2.94,2.94,1.383,0.0,0.0,1.383,0.0,0.0,0.0,0.0,0.0,0.0,0.0,0.0,0.0,0.0,0.0,0.0,1.942,1.383,1.383,0.0,0.0,3.087,0.0,1.942,0.0,1.383,1.942,0.0,1.383,0.0,0.0,2.561,0.0,2.768,1.383,0.0,1.383,0.0,0.0,0.0,1.383,0.0,1.383,0.0,0.0,0.0,0.0,1.383,0.0,1.942,0.0,0.0,0.0,0.0,0.0,0.0,0.0,0.0,1.942,1.942,0.0,0.0,0.0,0.0,0.0,0.0,2.94,0.0,0.0,0.0,1.383,1.383,0.0,1.942,0.0,1.942,1.942,1.383,0.0,0.0,0.0,0.0,0.0,1.383,0.0,1.942,0.0,0.0,0.0,1.383,0.0,1.383,0.0,1.383,0.0,1.383,0.0,0.0,1.942,1.383,0.0,1.383,1.942,0.0,0.0,0.0,0.0,0.0,0.0,0.0,1.383,1.942,1.383,0.0,2.299,3.947,0.0,0.0,1.383,0.0,0.0,0.0,0.0,0.0,0.0,2.299,0.0,0.0,0.0,0.0,1.942,0.0,0.0,1.383,0.0,0.0,1.383,0.0,1.383,0.0,0.0,0.0,1.383,0.0,1.942,2.768,0.0,0.0,0.0,0.0,0.0,0.0,0.0,0.0,0.0,0.0,0.0,1.942,0.0,0.0,0.0,0.0,2.768,0.0,2.299,0.0,0.0,0.0,1.383,0.0,1.383,1.383,0.0,0.0,0.0,0.0,0.0,0.0,0.0,1.383,0.0,0.0,1.383,0.0,0.0,0.0,0.0,1.942,0.0,0.0,1.383,0.0,0.0,1.383,0.0,1.383,0.0,2.561,1.942,1.942,0.0,0.0,0.0,0.0,1.383,0.0,0.0,1.383,0.0,0.0,1.942,0.0,0.0,1.942,0.0,0.0,0.0,1.942,1.383,0.0,0.0,2.94,0.0,0.0,0.0,0.0,0.0,0.0,0.0,3.087,1.383,0.0,0.0,1.383,0.0,1.383,1.383,0.0,1.383,0.0,0.0,0.0,1.383,1.942,0.0,2.561,1.383,0.0,0.0,0.0,0.0,0.0,0.0,0.0,0.0,0.0,0.0,3.43,0.0,0.0,1.383,2.768,0.0,0.0,0.0,0.0,2.299,0.0,0.0,0.0,0.0,0.0,0.0,0.0,1.383,0.0,1.383,0.0,0.0,0.0,0.0,0.0,0.0,0.0,0.0,0.0,1.383,1.383,0.0,0.0,1.942,0.0,0.0,0.0,0.0,2.299,0.0,1.383,1.942,1.383,1.942,1.383,1.383,1.942,0.0,0.0,1.383
T-Zelle,0.0,0.0,2.591,1.97,0.0,0.0,0.0,0.0,0.0,0.0,1.407,0.0,0.0,0.0,0.0,0.0,0.0,2.591,1.407,0.0,0.0,1.407,1.407,0.0,0.0,1.97,0.0,0.0,0.0,1.407,1.407,0.0,0.0,0.0,0.0,2.328,1.407,0.0,1.407,0.0,0.0,0.0,0.0,0.0,1.407,1.407,0.0,0.0,0.0,0.0,1.407,2.328,0.0,0.0,1.407,1.97,0.0,1.407,0.0,0.0,0.0,1.407,0.0,0.0,0.0,0.0,1.407,0.0,1.407,0.0,0.0,1.407,1.407,0.0,0.0,0.0,0.0,0.0,0.0,1.407,0.0,0.0,0.0,0.0,2.799,0.0,0.0,0.0,1.407,0.0,1.407,1.407,0.0,0.0,1.407,1.407,1.407,1.407,1.407,0.0,1.407,0.0,0.0,1.407,1.407,0.0,2.328,0.0,0.0,0.0,0.0,1.97,0.0,0.0,0.0,0.0,0.0,0.0,0.0,1.407,0.0,1.407,0.0,0.0,0.0,0.0,0.0,0.0,0.0,0.0,0.0,0.0,0.0,0.0,0.0,0.0,0.0,1.97,1.97,1.407,0.0,0.0,0.0,0.0,1.407,1.407,0.0,0.0,0.0,0.0,1.407,0.0,0.0,1.407,0.0,0.0,0.0,0.0,0.0,0.0,1.407,2.328,0.0,0.0,0.0,0.0,0.0,0.0,0.0,0.0,0.0,0.0,0.0,0.0,1.407,0.0,0.0,0.0,0.0,1.97,2.591,1.407,1.407,0.0,1.407,0.0,1.407,1.407,0.0,1.407,0.0,0.0,2.328,0.0,1.97,1.407,0.0,0.0,0.0,1.97,0.0,0.0,1.407,0.0,1.407,1.407,0.0,1.97,0.0,4.035,0.0,3.461,1.97,1.97,0.0,0.0,0.0,0.0,0.0,0.0,0.0,0.0,1.97,0.0,1.407,0.0,0.0,1.407,2.591,0.0,3.118,0.0,1.407,0.0,0.0,1.97,3.118,1.407,2.591,0.0,0.0,0.0,0.0,1.407,1.407,2.799,0.0,0.0,0.0,2.328,0.0,1.407,1.407,1.407,0.0,1.407,0.0,1.407,0.0,0.0,0.0,0.0,0.0,1.407,0.0,0.0,1.407,0.0,1.407,0.0,0.0,0.0,1.407,1.407,0.0,1.407,1.97,0.0,2.328,0.0,2.799,0.0,0.0,0.0,0.0,0.0,0.0,0.0,0.0,0.0,0.0,0.0,0.0,0.0,1.407,1.407,0.0,1.407,0.0,1.97,0.0,0.0,1.97,0.0,0.0,1.407,0.0,1.97,0.0,1.97,0.0,2.591,0.0,0.0,0.0,1.97,0.0,0.0,0.0,0.0,1.97,0.0,0.0,0.0,0.0,0.0,0.0,0.0,0.0,1.407,0.0,0.0,1.97,0.0,0.0,0.0,0.0,0.0,0.0,0.0,0.0,1.407,1.407,0.0,0.0,2.328,0.0,1.97,0.0,1.407,0.0,0.0,0.0,1.407,0.0,0.0,0.0,1.407,1.407,1.407,0.0,1.407,0.0,0.0,1.97,1.407,1.407,0.0,0.0,0.0,2.591,0.0,0.0,0.0,1.407,0.0,1.407,0.0,0.0,1.407,0.0,0.0,0.0,0.0,1.407,1.407,0.0,0.0,0.0,1.407,1.407,0.0,0.0,1.407,3.638,0.0,0.0,0.0,0.0,0.0,0.0,0.0,1.97,0.0,0.0,0.0,0.0,0.0,1.407,1.407,0.0,0.0,1.407,0.0,0.0,0.0,0.0,1.97,1.407,1.407,1.407,0.0,0.0,0.0,0.0,0.0,0.0,0.0,0.0,0.0,0.0,0.0,0.0,1.407,0.0,0.0,0.0,0.0,1.407,1.97,2.799,0.0,1.97,0.0,1.407,0.0,0.0,0.0,0.0,0.0,0.0,0.0,0.0,0.0,0.0,0.0,2.328,1.97,0.0,0.0,0.0,1.407,0.0,0.0,0.0,0.0,0.0,0.0,0.0,0.0,0.0,0.0,0.0,0.0,2.591,0.0,0.0,0.0,0.0,3.246,0.0,0.0,0.0,0.0,1.407,0.0,0.0,0.0,0.0,1.97,0.0,3.246,0.0,0.0,0.0,0.0,1.97,0.0,0.0,0.0,0.0,0.0,0.0,0.0,0.0,0.0,2.328,0.0,0.0,0.0,0.0,0.0,0.0,0.0,1.407,0.0,1.407,1.407,0.0,0.0,1.407,1.407,0.0,0.0,1.407,1.407,0.0,0.0,1.97,1.407,0.0,2.328,0.0,1.407,1.407,1.407,0.0,1.407,0.0,0.0,0.0,0.0,0.0,0.0,0.0,0.0,0.0,1.407,0.0,0.0,1.97,0.0,0.0,0.0,1.407,0.0,0.0,0.0,0.0,1.407,0.0,0.0,0.0,0.0,0.0,0.0,0.0,1.407,0.0,1.97,1.407,0.0,1.407,1.407,0.0,1.97,0.0,0.0,0.0,1.97,0.0,1.407,0.0,0.0,0.0,0.0,0.0,0.0,0.0,0.0,0.0,0.0,0.0,0.0,1.97,0.0,0.0,0.0,0.0,0.0,0.0,0.0,0.0,2.971,0.0,1.407,0.0,0.0,1.97,0.0,0.0,0.0,0.0,0.0,0.0,0.0,1.407,1.407,0.0,1.407,0.0,0.0,0.0,0.0,0.0,0.0,1.407,0.0,0.0,1.97,0.0,0.0,0.0,0.0,0.0,0.0,0.0,0.0,0.0,0.0,0.0,0.0,2.328,0.0,0.0,1.407,0.0,0.0,1.97,0.0,0.0,1.407,0.0,1.407,0.0,1.407,1.407,1.97,0.0,0.0,1.97,0.0,0.0,0.0,0.0,1.407,0.0,0.0,2.328,1.97,0.0,1.407,0.0,0.0,0.0,0.0,0.0,0.0,0.0,1.407,0.0,1.97,0.0,0.0,0.0,1.97,1.407,3.246,0.0,0.0,1.407,1.407,0.0,0.0,1.97,0.0,1.407,0.0,1.407,0.0,1.407,0.0,1.407,1.407,0.0,0.0,0.0,0.0,0.0,2.328,0.0,0.0,0.0,1.97,0.0,3.638,0.0,1.97,1.407,1.97,0.0,0.0,0.0,0.0,1.97,0.0,0.0,0.0,0.0,1.407,0.0,0.0,0.0,0.0,0.0,0.0,0.0,0.0,1.97,0.0,0.0,0.0,1.407,0.0,1.407,0.0,0.0,1.97,1.97,0.0,0.0,0.0,0.0,2.591,0.0,0.0,0.0,1.407,0.0,0.0,1.407,1.407,0.0,1.407,0.0
T-Zelle,0.0,0.0,0.0,1.867,0.0,0.0,0.0,0.0,0.0,0.0,1.318,0.0,0.0,0.0,0.0,0.0,0.0,3.437,0.0,1.867,0.0,1.867,1.867,1.318,0.0,0.0,1.867,2.22,0.0,1.867,0.0,0.0,0.0,0.0,0.0,1.318,0.0,0.0,3.003,1.318,1.318,0.0,1.867,0.0,1.318,0.0,0.0,0.0,0.0,1.318,0.0,0.0,0.0,0.0,2.48,2.686,0.0,1.867,0.0,0.0,0.0,0.0,0.0,0.0,0.0,0.0,2.857,0.0,0.0,0.0,0.0,0.0,1.867,1.318,0.0,0.0,0.0,0.0,0.0,0.0,0.0,0.0,1.318,0.0,2.22,1.867,0.0,1.867,1.867,0.0,0.0,1.867,0.0,0.0,1.318,0.0,0.0,0.0,2.48,1.318,0.0,1.318,0.0,0.0,1.318,0.0,1.318,0.0,0.0,0.0,0.0,2.22,1.318,0.0,0.0,1.318,1.318,0.0,0.0,0.0,0.0,1.318,1.318,0.0,0.0,0.0,0.0,1.318,0.0,1.318,0.0,0.0,0.0,0.0,0.0,0.0,0.0,0.0,0.0,1.318,0.0,0.0,1.867,1.867,0.0,0.0,1.867,0.0,0.0,0.0,0.0,0.0,1.318,0.0,0.0,0.0,0.0,0.0,1.867,0.0,0.0,1.867,0.0,0.0,1.318,0.0,1.867,0.0,1.318,0.0,0.0,0.0,1.318,0.0,0.0,0.0,0.0,0.0,0.0,1.318,0.0,1.318,0.0,0.0,2.22,1.867,0.0,1.318,1.867,1.318,1.318,1.318,0.0,1.867,1.318,1.318,1.318,1.318,0.0,2.22,0.0,0.0,1.318,0.0,1.318,0.0,0.0,0.0,1.867,2.22,0.0,3.599,2.48,2.22,0.0,0.0,0.0,0.0,0.0,0.0,2.22,0.0,0.0,0.0,0.0,0.0,1.318,0.0,1.867,0.0,3.521,0.0,1.318,0.0,1.867,2.22,0.0,0.0,0.0,0.0,0.0,0.0,1.318,0.0,0.0,0.0,0.0,0.0,1.318,1.318,2.857,0.0,1.318,1.318,1.318,0.0,1.318,1.318,0.0,1.318,0.0,1.867,1.318,0.0,1.318,0.0,0.0,1.318,1.318,0.0,1.318,1.318,1.867,2.22,0.0,0.0,1.318,0.0,1.867,0.0,2.22,0.0,0.0,1.318,0.0,0.0,1.318,0.0,0.0,1.318,0.0,0.0,0.0,0.0,0.0,2.48,0.0,2.22,0.0,1.318,0.0,0.0,0.0,0.0,0.0,0.0,0.0,0.0,1.867,3.003,0.0,1.867,0.0,0.0,1.318,1.867,0.0,0.0,0.0,0.0,0.0,0.0,0.0,1.318,0.0,0.0,0.0,1.318,0.0,0.0,1.318,0.0,2.22,0.0,0.0,0.0,0.0,0.0,0.0,0.0,0.0,0.0,0.0,0.0,0.0,0.0,0.0,0.0,0.0,0.0,0.0,0.0,0.0,0.0,1.318,0.0,0.0,2.686,0.0,1.867,0.0,1.867,1.318,0.0,1.318,0.0,0.0,0.0,0.0,0.0,1.318,1.318,1.318,0.0,0.0,0.0,0.0,0.0,0.0,2.48,0.0,0.0,0.0,0.0,0.0,0.0,0.0,0.0,1.867,0.0,0.0,1.318,1.318,0.0,3.003,2.22,0.0,0.0,0.0,0.0,0.0,0.0,2.22,0.0,0.0,0.0,0.0,1.318,1.318,0.0,0.0,0.0,0.0,2.22,1.318,2.22,1.867,0.0,2.22,1.318,0.0,0.0,0.0,0.0,0.0,0.0,0.0,0.0,1.318,0.0,0.0,0.0,0.0,0.0,0.0,1.318,0.0,0.0,0.0,2.857,3.437,1.318,1.318,0.0,1.318,1.318,2.22,1.318,0.0,0.0,1.318,0.0,0.0,0.0,0.0,1.318,1.318,3.003,1.318,0.0,0.0,1.867,0.0,0.0,0.0,0.0,0.0,0.0,0.0,0.0,1.867,0.0,1.867,0.0,2.857,1.318,1.318,1.867,1.318,2.857,0.0,1.867,0.0,0.0,0.0,0.0,0.0,0.0,0.0,2.48,0.0,1.318,0.0,0.0,0.0,0.0,2.48,0.0,1.318,0.0,0.0,1.318,0.0,0.0,0.0,0.0,1.867,1.867,0.0,0.0,1.318,0.0,0.0,0.0,2.22,0.0,3.003,2.686,0.0,0.0,0.0,0.0,1.318,0.0,2.22,1.318,0.0,0.0,0.0,0.0,1.318,0.0,0.0,1.318,1.867,0.0,0.0,1.318,0.0,0.0,0.0,1.318,0.0,2.48,1.867,0.0,0.0,0.0,0.0,0.0,0.0,1.318,1.318,1.867,0.0,0.0,1.318,1.318,0.0,0.0,1.867,0.0,1.318,0.0,0.0,0.0,0.0,0.0,0.0,1.867,2.22,0.0,1.867,3.917,1.318,1.318,1.318,0.0,0.0,1.318,1.867,0.0,0.0,0.0,1.318,1.318,0.0,0.0,0.0,0.0,2.22,0.0,0.0,0.0,2.22,1.867,2.22,1.318,0.0,0.0,0.0,0.0,0.0,0.0,0.0,1.318,0.0,0.0,1.867,0.0,1.318,0.0,0.0,1.318,1.318,1.867,1.867,0.0,0.0,2.22,1.867,0.0,0.0,0.0,0.0,0.0,1.318,0.0,0.0,1.867,1.867,0.0,2.686,0.0,0.0,0.0,0.0,0.0,0.0,0.0,0.0,0.0,1.318,0.0,1.867,0.0,1.318,0.0,1.867,0.0,0.0,0.0,1.318,1.318,0.0,1.867,0.0,0.0,0.0,0.0,1.867,0.0,1.318,0.0,0.0,0.0,0.0,0.0,2.22,0.0,0.0,0.0,0.0,0.0,1.867,1.318,1.318,1.318,0.0,1.867,0.0,1.318,0.0,0.0,0.0,1.318,1.318,1.867,1.318,1.318,0.0,2.22,0.0,0.0,0.0,1.318,0.0,0.0,1.318,0.0,0.0,1.867,0.0,1.867,0.0,1.318,0.0,0.0,0.0,0.0,0.0,2.22,0.0,1.318,1.867,1.867,1.867,1.318,0.0,2.686,0.0,0.0,0.0,0.0,0.0,0.0,0.0,0.0,0.0,0.0,0.0,0.0,1.867,1.318,1.867,0.0,0.0,0.0,1.867,0.0,1.318,0.0,0.0,0.0,1.867,0.0,0.0,2.22,0.0,1.867,0.0,0.0,0.0,0.0,0.0,1.867,1.318,0.0,1.318,1.867,1.318,0.0,2.857,1.318,0.0
Dendritische Zelle,0.0,0.0,0.0,1.905,0.0,1.571,0.0,0.0,0.0,1.067,0.0,0.0,0.0,0.0,0.0,0.0,0.0,1.067,1.067,1.067,0.0,1.067,0.0,1.571,0.0,0.0,1.067,1.571,1.067,0.0,0.0,1.067,0.0,0.0,0.0,0.0,1.067,0.0,1.067,0.0,2.354,1.067,0.0,0.0,1.067,0.0,0.0,0.0,0.0,1.067,0.0,3.321,1.067,0.0,2.663,1.905,1.067,1.067,0.0,1.571,1.067,0.0,1.067,0.0,0.0,0.0,2.354,0.0,1.067,0.0,0.0,0.0,0.0,0.0,0.0,0.0,0.0,1.067,0.0,0.0,0.0,0.0,0.0,0.0,0.0,1.067,0.0,0.0,0.0,0.0,0.0,2.155,1.067,0.0,1.571,1.067,0.0,1.905,0.0,0.0,0.0,1.067,0.0,0.0,0.0,0.0,1.905,0.0,1.067,0.0,0.0,2.663,1.571,0.0,1.571,1.067,0.0,0.0,0.0,0.0,0.0,0.0,0.0,0.0,0.0,0.0,0.0,0.0,1.067,0.0,0.0,0.0,0.0,1.067,0.0,0.0,0.0,1.067,1.571,2.521,0.0,1.067,0.0,0.0,1.571,0.0,1.905,0.0,0.0,1.067,0.0,0.0,0.0,1.067,0.0,0.0,0.0,0.0,1.067,1.067,0.0,0.0,0.0,0.0,0.0,0.0,0.0,0.0,1.571,1.571,0.0,0.0,1.067,0.0,0.0,1.067,0.0,1.067,0.0,2.521,1.905,0.0,0.0,0.0,0.0,0.0,0.0,0.0,0.0,0.0,0.0,1.571,0.0,0.0,0.0,1.067,1.067,0.0,0.0,1.067,1.067,1.067,1.067,0.0,1.571,0.0,0.0,0.0,0.0,5.14,1.067,2.788,1.067,1.905,1.067,0.0,0.0,2.663,0.0,1.067,0.0,1.067,1.571,0.0,1.067,0.0,0.0,1.067,1.067,0.0,2.788,1.571,1.905,1.905,2.999,2.155,4.887,3.667,4.441,3.617,3.45,3.321,1.067,2.788,5.009,4.812,1.067,0.0,0.0,0.0,1.905,0.0,0.0,0.0,1.067,0.0,1.067,0.0,0.0,0.0,0.0,0.0,0.0,0.0,0.0,1.067,0.0,1.571,1.905,0.0,1.905,0.0,1.067,0.0,3.173,0.0,0.0,0.0,0.0,0.0,2.663,0.0,0.0,1.067,0.0,1.067,1.067,0.0,1.067,0.0,0.0,0.0,0.0,0.0,1.571,1.571,0.0,2.155,0.0,1.067,0.0,0.0,0.0,0.0,0.0,1.571,0.0,0.0,0.0,1.067,0.0,0.0,0.0,0.0,1.571,0.0,0.0,1.067,0.0,0.0,0.0,1.067,0.0,0.0,0.0,0.0,0.0,0.0,0.0,0.0,1.067,0.0,0.0,0.0,0.0,0.0,0.0,0.0,1.067,1.067,0.0,0.0,0.0,1.067,1.067,1.905,1.571,0.0,0.0,1.067,0.0,0.0,0.0,0.0,1.571,1.067,0.0,1.571,1.571,1.905,0.0,1.067,1.571,0.0,0.0,0.0,1.067,0.0,0.0,0.0,1.067,1.571,1.905,1.067,0.0,0.0,0.0,0.0,0.0,3.714,0.0,0.0,0.0,0.0,0.0,0.0,1.571,0.0,2.788,1.571,0.0,1.571,1.905,1.067,3.321,0.0,0.0,0.0,1.067,0.0,0.0,1.067,2.155,0.0,0.0,1.571,0.0,0.0,1.571,0.0,0.0,1.571,1.067,0.0,1.571,0.0,1.571,0.0,0.0,2.155,0.0,1.905,0.0,0.0,1.571,0.0,0.0,0.0,1.571,0.0,1.905,0.0,0.0,0.0,0.0,0.0,1.067,0.0,0.0,1.067,1.067,1.067,3.388,1.571,1.571,1.067,0.0,0.0,1.905,1.067,1.571,0.0,0.0,0.0,0.0,1.571,0.0,0.0,0.0,0.0,0.0,0.0,0.0,1.571,0.0,0.0,0.0,0.0,0.0,0.0,0.0,0.0,0.0,0.0,1.067,0.0,0.0,1.067,1.067,2.999,0.0,2.155,0.0,1.067,1.571,0.0,1.067,4.625,0.0,2.354,0.0,1.067,0.0,0.0,0.0,0.0,1.905,0.0,1.571,0.0,0.0,0.0,0.0,0.0,0.0,2.354,1.571,0.0,1.067,0.0,0.0,1.067,0.0,0.0,1.571,1.067,2.155,0.0,0.0,0.0,0.0,0.0,0.0,0.0,2.155,0.0,0.0,0.0,0.0,1.571,1.067,2.155,0.0,1.067,1.067,0.0,1.067,1.571,0.0,0.0,0.0,0.0,0.0,2.788,0.0,0.0,0.0,1.067,0.0,1.067,0.0,2.521,1.067,0.0,1.067,0.0,0.0,0.0,1.067,1.067,1.067,0.0,1.067,0.0,0.0,0.0,0.0,1.905,1.905,0.0,2.155,1.067,0.0,0.0,0.0,0.0,2.155,0.0,0.0,0.0,0.0,0.0,0.0,0.0,0.0,1.905,0.0,1.905,0.0,1.067,0.0,0.0,0.0,0.0,2.354,0.0,2.155,1.067,0.0,1.067,0.0,0.0,0.0,0.0,0.0,0.0,0.0,0.0,0.0,0.0,1.067,0.0,1.067,0.0,0.0,1.067,1.067,0.0,0.0,0.0,2.155,0.0,1.067,0.0,0.0,0.0,1.067,1.067,1.067,0.0,0.0,0.0,0.0,0.0,0.0,0.0,0.0,1.067,0.0,1.067,0.0,4.843,0.0,0.0,0.0,1.067,0.0,0.0,2.155,0.0,0.0,1.905,0.0,1.905,1.067,1.571,0.0,0.0,0.0,0.0,1.067,1.067,2.155,1.067,0.0,1.067,1.067,0.0,1.067,1.067,0.0,0.0,0.0,0.0,1.905,0.0,0.0,0.0,0.0,1.067,0.0,2.155,0.0,0.0,0.0,0.0,2.521,2.521,0.0,0.0,1.067,1.905,0.0,0.0,0.0,0.0,1.905,1.571,0.0,0.0,1.571,0.0,0.0,0.0,0.0,0.0,1.571,0.0,2.155,0.0,1.905,1.067,0.0,0.0,2.354,3.96,1.067,2.663,0.0,1.067,0.0,0.0,1.067,1.571,0.0,0.0,0.0,0.0,0.0,0.0,2.521,0.0,1.067,1.067,0.0,0.0,0.0,0.0,0.0,1.067,1.067,0.0,1.067,0.0,1.905,0.0,0.0,2.521,0.0,1.067,0.0,1.905,0.0,1.571,0.0,1.905,0.0,0.0,2.521,1.905,1.905,1.571,0.0,0.0,1.067
T-Zelle,0.0,0.0,0.0,1.432,0.0,1.432,0.0,1.432,0.0,2.357,0.0,0.0,0.0,0.0,0.0,0.0,0.0,2.829,1.998,0.0,0.0,1.432,0.0,0.0,0.0,1.432,1.432,0.0,0.0,0.0,0.0,1.432,0.0,0.0,0.0,1.432,0.0,0.0,1.432,0.0,0.0,0.0,1.432,0.0,1.432,0.0,0.0,0.0,0.0,1.432,0.0,1.432,0.0,0.0,1.432,1.998,0.0,1.432,0.0,0.0,1.432,0.0,0.0,0.0,1.432,0.0,3.002,0.0,0.0,0.0,0.0,1.432,1.998,0.0,0.0,1.432,0.0,0.0,0.0,0.0,1.432,0.0,0.0,0.0,0.0,0.0,0.0,0.0,0.0,0.0,0.0,1.432,1.432,1.432,1.998,0.0,0.0,1.432,2.357,0.0,2.357,2.357,0.0,0.0,0.0,0.0,0.0,0.0,0.0,0.0,0.0,1.432,0.0,0.0,0.0,2.621,0.0,0.0,0.0,1.432,0.0,1.432,0.0,0.0,0.0,1.432,0.0,0.0,0.0,1.998,0.0,0.0,0.0,0.0,0.0,0.0,0.0,0.0,1.998,0.0,0.0,0.0,0.0,0.0,0.0,0.0,2.621,0.0,0.0,0.0,0.0,0.0,0.0,0.0,0.0,0.0,0.0,0.0,0.0,0.0,0.0,0.0,0.0,0.0,0.0,0.0,0.0,0.0,0.0,0.0,0.0,0.0,0.0,1.432,0.0,0.0,0.0,0.0,0.0,1.432,1.432,1.432,0.0,1.998,0.0,0.0,1.432,0.0,1.998,1.432,0.0,0.0,2.357,1.432,1.432,1.998,1.998,0.0,1.998,0.0,1.432,0.0,1.432,0.0,0.0,0.0,1.432,0.0,0.0,4.634,0.0,2.357,1.432,0.0,1.432,0.0,0.0,0.0,0.0,0.0,1.432,0.0,0.0,0.0,0.0,0.0,0.0,0.0,0.0,1.432,4.17,0.0,0.0,0.0,2.357,3.149,4.17,3.149,4.011,3.002,1.432,2.621,0.0,0.0,3.277,3.951,0.0,0.0,0.0,2.621,0.0,1.432,0.0,0.0,1.432,0.0,0.0,0.0,0.0,1.432,0.0,0.0,0.0,0.0,0.0,0.0,0.0,0.0,1.998,0.0,0.0,0.0,1.432,2.621,0.0,0.0,0.0,0.0,0.0,1.432,0.0,0.0,0.0,0.0,1.432,0.0,0.0,1.432,0.0,0.0,0.0,0.0,0.0,0.0,0.0,0.0,0.0,1.998,0.0,0.0,0.0,0.0,0.0,0.0,0.0,0.0,0.0,1.998,1.432,1.432,0.0,1.432,0.0,0.0,0.0,1.432,0.0,0.0,0.0,0.0,0.0,0.0,0.0,0.0,2.357,1.432,0.0,0.0,0.0,1.432,0.0,0.0,0.0,0.0,1.432,0.0,0.0,0.0,0.0,0.0,0.0,0.0,0.0,0.0,1.432,0.0,1.432,1.998,0.0,1.432,0.0,0.0,0.0,0.0,1.432,0.0,0.0,0.0,1.432,0.0,0.0,0.0,0.0,2.621,0.0,1.998,0.0,0.0,0.0,0.0,1.998,0.0,0.0,0.0,0.0,0.0,0.0,0.0,0.0,3.002,0.0,0.0,0.0,1.432,1.432,0.0,0.0,0.0,0.0,0.0,1.432,0.0,1.432,1.998,3.277,0.0,0.0,1.432,0.0,0.0,0.0,0.0,1.432,0.0,0.0,1.432,0.0,0.0,1.432,0.0,0.0,0.0,0.0,1.998,0.0,0.0,0.0,0.0,1.432,1.432,1.432,0.0,0.0,0.0,0.0,1.432,1.998,0.0,1.432,0.0,0.0,0.0,0.0,0.0,0.0,1.432,0.0,0.0,0.0,1.432,3.39,1.998,0.0,0.0,2.357,0.0,0.0,0.0,0.0,0.0,0.0,1.432,0.0,1.432,0.0,0.0,1.432,1.432,0.0,0.0,0.0,1.432,0.0,1.998,0.0,0.0,1.998,0.0,0.0,0.0,0.0,0.0,0.0,0.0,1.432,0.0,0.0,0.0,0.0,1.998,0.0,1.998,0.0,1.432,1.432,0.0,0.0,0.0,0.0,1.998,0.0,3.002,2.357,0.0,1.432,0.0,3.002,0.0,0.0,0.0,1.432,0.0,1.432,0.0,0.0,1.432,0.0,0.0,0.0,0.0,0.0,0.0,0.0,0.0,0.0,0.0,1.998,1.998,1.432,0.0,0.0,0.0,1.432,0.0,1.998,1.432,0.0,0.0,1.998,0.0,0.0,3.002,0.0,1.998,1.998,2.621,1.432,1.998,0.0,0.0,0.0,0.0,1.432,2.357,1.432,0.0,0.0,0.0,0.0,0.0,0.0,1.998,0.0,0.0,0.0,0.0,0.0,0.0,0.0,0.0,0.0,0.0,0.0,0.0,0.0,0.0,0.0,0.0,0.0,1.998,0.0,0.0,0.0,1.432,0.0,0.0,0.0,0.0,0.0,0.0,0.0,0.0,0.0,0.0,0.0,1.998,0.0,0.0,1.432,0.0,0.0,0.0,0.0,0.0,0.0,1.432,0.0,0.0,1.998,0.0,0.0,1.432,0.0,2.621,0.0,0.0,1.432,0.0,0.0,0.0,0.0,0.0,0.0,0.0,0.0,0.0,1.432,0.0,0.0,2.621,2.357,0.0,1.998,0.0,0.0,0.0,1.432,0.0,0.0,0.0,0.0,0.0,0.0,0.0,0.0,0.0,0.0,0.0,0.0,0.0,0.0,0.0,1.998,0.0,0.0,0.0,0.0,0.0,1.432,1.432,0.0,1.998,0.0,3.002,0.0,2.357,0.0,0.0,0.0,0.0,0.0,0.0,0.0,1.432,0.0,0.0,0.0,0.0,0.0,0.0,0.0,0.0,0.0,0.0,0.0,0.0,0.0,0.0,0.0,1.432,0.0,1.432,0.0,0.0,0.0,0.0,1.432,1.998,0.0,0.0,0.0,1.432,0.0,0.0,1.432,0.0,1.432,1.432,0.0,0.0,2.357,0.0,0.0,1.432,3.39,1.432,0.0,0.0,1.432,3.277,0.0,0.0,0.0,0.0,1.998,3.951,0.0,3.149,0.0,0.0,0.0,0.0,1.432,0.0,2.621,0.0,0.0,0.0,0.0,1.432,0.0,2.621,0.0,0.0,0.0,0.0,0.0,0.0,1.998,1.432,0.0,0.0,0.0,0.0,0.0,0.0,0.0,1.998,1.432,0.0,0.0,0.0,0.0,0.0,0.0,2.357,1.432,0.0,0.0,0.0,0.0,0.0,0.0,0.0,0.0
T-Zelle,0.0,0.0,1.652,2.446,0.0,1.134,0.0,0.0,0.0,0.0,0.0,0.0,0.0,0.0,1.134,0.0,2.994,3.346,0.0,1.991,0.0,1.652,1.991,1.134,0.0,0.0,0.0,1.991,2.446,0.0,0.0,2.446,0.0,1.134,0.0,1.652,0.0,1.134,1.991,0.0,0.0,0.0,1.991,0.0,0.0,0.0,0.0,0.0,1.652,0.0,1.134,1.991,0.0,0.0,3.094,3.485,0.0,1.991,1.134,1.134,0.0,0.0,0.0,0.0,0.0,0.0,2.757,0.0,0.0,1.134,0.0,0.0,0.0,0.0,1.134,0.0,0.0,0.0,0.0,1.652,1.652,0.0,0.0,0.0,0.0,1.134,0.0,1.134,1.134,0.0,0.0,0.0,1.134,1.134,0.0,0.0,0.0,2.757,1.652,0.0,1.134,0.0,0.0,0.0,0.0,0.0,0.0,0.0,1.652,0.0,1.134,1.652,2.613,0.0,0.0,1.134,0.0,0.0,1.134,1.134,1.652,1.134,0.0,0.0,0.0,0.0,1.134,1.991,0.0,0.0,1.652,0.0,1.134,0.0,0.0,0.0,1.652,1.134,1.652,1.652,1.134,0.0,0.0,1.134,1.134,0.0,0.0,1.652,0.0,1.134,0.0,0.0,0.0,2.757,1.134,0.0,0.0,0.0,1.652,0.0,0.0,1.652,0.0,0.0,1.991,1.134,0.0,0.0,1.134,1.134,0.0,0.0,0.0,0.0,0.0,0.0,0.0,0.0,0.0,0.0,2.244,1.134,0.0,0.0,1.134,1.652,1.991,2.446,2.446,0.0,2.446,1.652,0.0,0.0,0.0,2.446,1.134,0.0,0.0,1.134,0.0,0.0,0.0,0.0,1.991,0.0,0.0,1.991,0.0,1.991,0.0,2.613,2.446,1.991,0.0,0.0,0.0,1.991,1.134,0.0,0.0,0.0,0.0,0.0,1.652,0.0,1.134,1.134,0.0,0.0,1.134,0.0,0.0,0.0,2.446,0.0,0.0,0.0,0.0,0.0,0.0,0.0,0.0,0.0,0.0,0.0,0.0,0.0,1.134,0.0,0.0,1.134,0.0,1.134,1.134,1.134,0.0,1.134,0.0,1.652,1.991,0.0,0.0,0.0,0.0,0.0,0.0,0.0,1.652,0.0,0.0,0.0,1.652,1.134,0.0,0.0,0.0,0.0,1.134,0.0,2.613,1.134,1.134,1.652,0.0,0.0,0.0,0.0,0.0,0.0,0.0,0.0,0.0,1.652,1.652,1.652,1.652,1.652,0.0,0.0,0.0,0.0,1.134,0.0,0.0,0.0,0.0,1.134,1.134,2.757,1.134,1.991,0.0,0.0,0.0,2.446,0.0,0.0,1.134,0.0,1.134,1.652,1.652,0.0,1.991,0.0,1.134,1.134,0.0,0.0,2.446,0.0,1.134,0.0,0.0,0.0,0.0,0.0,0.0,1.134,0.0,0.0,1.652,0.0,1.134,0.0,2.244,0.0,0.0,1.652,0.0,1.134,0.0,0.0,0.0,1.134,0.0,0.0,0.0,2.446,0.0,2.244,2.244,0.0,1.991,1.134,1.134,0.0,0.0,0.0,0.0,1.652,1.134,0.0,0.0,0.0,0.0,1.134,1.134,2.446,0.0,1.134,0.0,1.134,1.134,0.0,0.0,0.0,2.244,1.652,0.0,0.0,0.0,0.0,2.446,0.0,0.0,0.0,1.652,0.0,1.134,1.134,1.134,0.0,0.0,0.0,0.0,1.652,0.0,0.0,0.0,1.134,0.0,1.134,0.0,1.134,0.0,1.134,3.186,0.0,0.0,1.134,1.134,0.0,1.134,0.0,0.0,0.0,2.244,0.0,0.0,0.0,0.0,0.0,0.0,0.0,1.134,1.134,1.134,1.652,2.613,1.134,1.991,0.0,1.134,1.134,1.134,0.0,1.652,0.0,0.0,0.0,0.0,0.0,0.0,0.0,1.134,2.757,0.0,0.0,0.0,1.991,0.0,1.134,0.0,0.0,0.0,0.0,0.0,0.0,0.0,0.0,2.446,0.0,3.094,0.0,1.134,1.991,2.244,3.547,0.0,0.0,1.652,1.134,2.244,0.0,0.0,0.0,0.0,1.991,0.0,1.134,1.652,0.0,1.652,0.0,1.991,0.0,2.883,0.0,0.0,0.0,0.0,0.0,0.0,1.652,1.134,0.0,0.0,0.0,1.134,0.0,1.652,0.0,0.0,0.0,3.186,1.652,0.0,0.0,0.0,0.0,1.991,0.0,2.613,0.0,0.0,0.0,0.0,2.446,0.0,0.0,1.134,2.244,1.134,1.134,0.0,2.244,0.0,0.0,0.0,0.0,1.652,2.613,0.0,1.134,0.0,2.613,0.0,0.0,0.0,2.613,1.134,1.134,0.0,0.0,1.991,0.0,1.134,0.0,2.244,0.0,2.244,0.0,0.0,0.0,1.134,0.0,0.0,1.652,1.991,0.0,2.613,1.652,0.0,1.652,1.652,0.0,0.0,1.652,0.0,0.0,1.134,0.0,1.652,1.134,0.0,0.0,0.0,0.0,2.613,0.0,0.0,1.652,2.613,1.652,1.991,1.652,0.0,0.0,0.0,0.0,0.0,0.0,0.0,0.0,0.0,1.652,1.134,0.0,2.244,0.0,1.134,0.0,0.0,1.134,1.991,0.0,1.134,0.0,0.0,0.0,2.244,0.0,0.0,0.0,1.991,1.652,1.134,1.991,0.0,0.0,0.0,1.134,0.0,1.652,1.652,0.0,1.652,0.0,0.0,0.0,0.0,0.0,2.446,1.652,0.0,0.0,1.134,0.0,0.0,1.134,0.0,2.994,0.0,2.613,0.0,0.0,0.0,0.0,1.652,1.134,1.652,0.0,0.0,1.134,0.0,0.0,1.991,1.991,0.0,0.0,0.0,0.0,1.134,0.0,0.0,1.134,0.0,1.991,0.0,1.652,0.0,0.0,0.0,0.0,1.652,1.134,2.446,1.134,0.0,2.994,0.0,1.134,2.244,1.652,1.134,0.0,1.652,0.0,2.757,1.134,0.0,0.0,0.0,0.0,0.0,0.0,0.0,0.0,1.134,1.652,0.0,2.613,1.134,3.346,1.134,2.244,0.0,2.883,0.0,0.0,0.0,0.0,0.0,0.0,0.0,1.134,0.0,0.0,1.134,0.0,1.652,0.0,1.652,0.0,0.0,0.0,0.0,0.0,1.652,0.0,0.0,0.0,1.134,0.0,0.0,1.652,0.0,1.991,0.0,1.134,1.652,1.652,0.0,1.134,0.0,1.134,1.652,1.134,0.0,0.0,0.0,0.0,0.0
Dendritische Zelle,0.0,0.0,1.47,1.47,0.0,2.041,0.0,0.0,0.0,2.402,0.0,0.0,0.0,0.0,0.0,0.0,0.0,1.47,0.0,2.041,0.0,1.47,0.0,1.47,0.0,0.0,0.0,1.47,2.041,0.0,0.0,0.0,0.0,2.667,2.041,1.47,0.0,0.0,0.0,1.47,1.47,1.47,0.0,0.0,0.0,0.0,0.0,0.0,0.0,1.47,0.0,2.041,1.47,0.0,3.049,3.796,0.0,1.47,0.0,0.0,0.0,0.0,0.0,0.0,0.0,2.876,3.049,0.0,2.667,0.0,0.0,0.0,0.0,0.0,0.0,0.0,0.0,0.0,0.0,0.0,0.0,0.0,0.0,0.0,2.041,2.402,1.47,0.0,0.0,0.0,0.0,0.0,0.0,0.0,1.47,0.0,0.0,1.47,1.47,1.47,0.0,1.47,0.0,0.0,0.0,0.0,0.0,0.0,0.0,0.0,0.0,0.0,2.041,0.0,0.0,0.0,0.0,1.47,1.47,0.0,0.0,0.0,0.0,0.0,0.0,0.0,0.0,0.0,2.041,0.0,0.0,0.0,0.0,0.0,0.0,0.0,0.0,1.47,0.0,2.667,0.0,0.0,0.0,1.47,1.47,0.0,0.0,0.0,0.0,0.0,0.0,0.0,1.47,0.0,1.47,0.0,0.0,0.0,0.0,0.0,0.0,0.0,0.0,0.0,1.47,0.0,0.0,0.0,0.0,0.0,0.0,0.0,1.47,0.0,0.0,0.0,0.0,0.0,0.0,2.402,1.47,1.47,1.47,0.0,1.47,0.0,0.0,1.47,0.0,0.0,1.47,0.0,0.0,0.0,0.0,1.47,0.0,0.0,0.0,0.0,1.47,0.0,1.47,0.0,2.041,0.0,0.0,2.041,0.0,5.433,0.0,2.667,0.0,2.876,0.0,0.0,0.0,1.47,0.0,0.0,1.47,0.0,2.041,0.0,1.47,0.0,0.0,0.0,0.0,0.0,1.47,2.876,2.041,0.0,2.667,2.402,5.203,4.059,4.744,3.869,3.718,3.196,2.667,2.667,4.478,4.684,0.0,0.0,0.0,2.041,0.0,0.0,1.47,0.0,0.0,0.0,0.0,1.47,0.0,0.0,0.0,1.47,0.0,0.0,0.0,1.47,0.0,1.47,1.47,1.47,0.0,0.0,1.47,0.0,1.47,0.0,2.041,0.0,0.0,0.0,2.402,1.47,0.0,0.0,1.47,1.47,2.041,0.0,1.47,0.0,0.0,0.0,0.0,0.0,0.0,0.0,0.0,2.041,0.0,0.0,0.0,0.0,0.0,0.0,0.0,1.47,0.0,2.041,0.0,1.47,0.0,0.0,0.0,0.0,1.47,2.041,1.47,2.402,0.0,0.0,0.0,0.0,0.0,0.0,1.47,0.0,0.0,0.0,0.0,0.0,0.0,0.0,2.041,0.0,0.0,0.0,0.0,0.0,0.0,0.0,0.0,0.0,0.0,0.0,0.0,0.0,0.0,0.0,0.0,0.0,0.0,0.0,0.0,0.0,2.402,1.47,0.0,0.0,0.0,1.47,0.0,2.667,0.0,1.47,0.0,0.0,0.0,0.0,2.402,0.0,0.0,1.47,0.0,0.0,0.0,0.0,0.0,0.0,0.0,3.541,0.0,0.0,0.0,0.0,0.0,0.0,1.47,0.0,3.325,0.0,0.0,0.0,2.041,2.041,3.196,0.0,0.0,1.47,2.402,0.0,0.0,0.0,0.0,1.47,0.0,2.402,1.47,0.0,2.041,0.0,0.0,2.041,0.0,2.402,0.0,0.0,2.041,0.0,2.402,0.0,0.0,3.049,0.0,0.0,0.0,0.0,0.0,1.47,1.47,0.0,0.0,0.0,0.0,1.47,0.0,0.0,0.0,1.47,0.0,0.0,0.0,0.0,3.049,0.0,0.0,0.0,1.47,0.0,0.0,0.0,0.0,0.0,0.0,0.0,0.0,2.667,0.0,0.0,0.0,0.0,0.0,0.0,0.0,0.0,0.0,0.0,0.0,0.0,0.0,0.0,0.0,0.0,0.0,0.0,1.47,0.0,0.0,2.041,1.47,1.47,0.0,2.041,0.0,0.0,0.0,0.0,0.0,4.953,0.0,2.041,0.0,0.0,0.0,0.0,0.0,0.0,2.041,0.0,1.47,0.0,0.0,0.0,0.0,0.0,0.0,1.47,1.47,0.0,0.0,0.0,1.47,2.041,0.0,2.402,1.47,0.0,0.0,1.47,0.0,0.0,0.0,1.47,0.0,0.0,0.0,2.402,2.041,0.0,0.0,1.47,0.0,1.47,0.0,0.0,2.402,0.0,0.0,2.667,0.0,0.0,0.0,0.0,0.0,2.667,0.0,0.0,0.0,1.47,0.0,0.0,0.0,2.041,0.0,1.47,0.0,0.0,0.0,0.0,1.47,0.0,0.0,0.0,0.0,0.0,0.0,0.0,0.0,1.47,0.0,2.041,0.0,0.0,0.0,0.0,0.0,1.47,0.0,0.0,0.0,0.0,0.0,0.0,0.0,0.0,0.0,0.0,0.0,0.0,0.0,0.0,1.47,0.0,2.041,1.47,3.325,2.402,2.402,0.0,0.0,0.0,0.0,1.47,1.47,0.0,0.0,0.0,0.0,1.47,0.0,0.0,0.0,0.0,0.0,0.0,0.0,2.041,1.47,0.0,0.0,0.0,2.041,1.47,2.041,0.0,0.0,0.0,1.47,1.47,0.0,0.0,0.0,0.0,0.0,0.0,0.0,1.47,0.0,1.47,0.0,0.0,0.0,4.551,0.0,0.0,0.0,0.0,0.0,0.0,0.0,0.0,0.0,1.47,0.0,1.47,1.47,2.041,2.041,0.0,0.0,0.0,0.0,0.0,1.47,0.0,1.47,1.47,1.47,0.0,0.0,0.0,0.0,0.0,0.0,0.0,2.041,0.0,2.041,0.0,0.0,2.041,0.0,2.402,0.0,0.0,0.0,0.0,2.667,2.667,1.47,0.0,0.0,2.041,0.0,0.0,1.47,0.0,1.47,0.0,2.041,0.0,0.0,2.041,1.47,1.47,2.667,0.0,1.47,0.0,0.0,0.0,1.47,0.0,0.0,0.0,2.402,4.0,1.47,1.47,0.0,0.0,0.0,2.402,0.0,2.041,1.47,0.0,0.0,0.0,0.0,1.47,2.041,0.0,0.0,0.0,0.0,0.0,0.0,0.0,0.0,0.0,1.47,0.0,0.0,0.0,0.0,0.0,1.47,2.041,1.47,0.0,0.0,0.0,0.0,1.47,0.0,0.0,0.0,0.0,1.47,2.041,0.0,1.47,0.0,0.0,1.47
Monozyt,0.0,0.0,1.534,2.113,0.0,0.0,0.0,1.534,1.534,2.113,1.534,0.0,0.0,0.0,0.0,0.0,0.0,2.744,0.0,0.0,0.0,1.534,0.0,2.477,0.0,0.0,0.0,0.0,1.534,0.0,0.0,2.477,0.0,1.534,0.0,0.0,0.0,0.0,0.0,0.0,0.0,3.404,0.0,0.0,0.0,0.0,0.0,0.0,0.0,4.017,0.0,3.877,0.0,0.0,3.518,4.521,0.0,2.477,0.0,0.0,0.0,0.0,0.0,0.0,1.534,0.0,2.477,0.0,3.799,0.0,4.017,0.0,0.0,0.0,2.113,0.0,0.0,0.0,0.0,0.0,0.0,0.0,0.0,0.0,0.0,0.0,1.534,0.0,0.0,0.0,0.0,1.534,0.0,1.534,0.0,1.534,0.0,2.744,0.0,0.0,0.0,0.0,0.0,0.0,0.0,0.0,0.0,0.0,0.0,1.534,0.0,0.0,0.0,0.0,0.0,0.0,2.113,0.0,0.0,1.534,1.534,0.0,0.0,0.0,0.0,1.534,0.0,0.0,0.0,0.0,2.477,0.0,1.534,0.0,0.0,0.0,2.113,1.534,1.534,2.113,0.0,0.0,1.534,1.534,2.477,0.0,0.0,1.534,0.0,1.534,0.0,0.0,1.534,2.113,1.534,0.0,0.0,0.0,2.113,0.0,1.534,1.534,0.0,2.113,1.534,0.0,0.0,0.0,1.534,0.0,0.0,0.0,1.534,2.113,0.0,0.0,0.0,0.0,0.0,2.744,0.0,0.0,0.0,0.0,0.0,0.0,1.534,0.0,0.0,0.0,1.534,0.0,0.0,0.0,0.0,1.534,0.0,0.0,0.0,2.744,1.534,1.534,2.113,0.0,2.113,0.0,0.0,0.0,2.113,4.197,0.0,1.534,2.113,2.477,1.534,0.0,0.0,0.0,0.0,0.0,1.534,0.0,2.744,0.0,1.534,0.0,0.0,0.0,0.0,0.0,2.113,4.017,3.518,1.534,2.954,0.0,3.128,2.954,3.275,0.0,0.0,0.0,0.0,0.0,2.113,0.0,0.0,0.0,0.0,2.113,0.0,0.0,1.534,0.0,0.0,0.0,0.0,1.534,0.0,0.0,0.0,0.0,0.0,0.0,0.0,1.534,0.0,1.534,2.477,0.0,0.0,0.0,1.534,2.477,0.0,0.0,0.0,0.0,0.0,1.534,1.534,0.0,0.0,0.0,0.0,0.0,0.0,0.0,0.0,0.0,0.0,0.0,0.0,0.0,2.113,1.534,0.0,0.0,2.477,0.0,0.0,0.0,0.0,0.0,0.0,0.0,0.0,0.0,0.0,2.477,1.534,1.534,2.113,0.0,0.0,0.0,3.128,3.128,0.0,0.0,0.0,0.0,1.534,0.0,0.0,0.0,0.0,0.0,0.0,0.0,0.0,0.0,0.0,0.0,0.0,1.534,0.0,0.0,1.534,0.0,0.0,1.534,0.0,2.113,0.0,0.0,2.113,0.0,1.534,0.0,0.0,0.0,2.477,0.0,0.0,0.0,0.0,1.534,0.0,2.113,0.0,2.477,0.0,2.477,0.0,0.0,1.534,0.0,0.0,0.0,1.534,0.0,0.0,0.0,1.534,0.0,1.534,0.0,0.0,3.404,0.0,0.0,0.0,0.0,0.0,0.0,1.534,0.0,3.128,0.0,0.0,0.0,3.518,0.0,2.477,0.0,0.0,0.0,0.0,0.0,1.534,0.0,1.534,0.0,0.0,0.0,0.0,0.0,2.954,0.0,0.0,2.113,0.0,2.477,1.534,0.0,1.534,0.0,2.113,1.534,0.0,2.477,0.0,0.0,0.0,0.0,0.0,0.0,0.0,0.0,0.0,0.0,0.0,2.113,0.0,0.0,0.0,1.534,2.113,0.0,0.0,1.534,2.113,2.113,0.0,0.0,0.0,0.0,0.0,0.0,1.534,0.0,1.534,0.0,0.0,2.113,0.0,0.0,0.0,0.0,0.0,0.0,0.0,0.0,0.0,0.0,0.0,0.0,0.0,0.0,0.0,0.0,0.0,0.0,0.0,0.0,0.0,0.0,0.0,1.534,0.0,1.534,0.0,1.534,2.477,0.0,1.534,2.954,0.0,2.113,0.0,2.744,1.534,0.0,0.0,0.0,2.477,3.128,1.534,0.0,0.0,0.0,1.534,0.0,0.0,0.0,0.0,0.0,0.0,0.0,0.0,0.0,0.0,0.0,0.0,0.0,0.0,0.0,0.0,0.0,0.0,3.128,1.534,0.0,1.534,1.534,1.534,0.0,0.0,1.534,1.534,0.0,0.0,0.0,0.0,0.0,1.534,1.534,0.0,0.0,0.0,0.0,2.113,1.534,0.0,0.0,0.0,0.0,0.0,1.534,1.534,1.534,0.0,2.744,0.0,0.0,0.0,0.0,0.0,0.0,1.534,0.0,1.534,0.0,0.0,2.113,1.534,0.0,1.534,0.0,0.0,0.0,2.113,0.0,0.0,0.0,0.0,0.0,0.0,2.477,0.0,0.0,0.0,1.534,1.534,1.534,0.0,0.0,0.0,0.0,0.0,2.113,0.0,0.0,1.534,1.534,0.0,0.0,0.0,0.0,0.0,0.0,0.0,0.0,0.0,0.0,0.0,0.0,0.0,0.0,0.0,0.0,0.0,0.0,2.477,0.0,1.534,1.534,0.0,1.534,2.113,0.0,1.534,0.0,0.0,0.0,1.534,0.0,0.0,0.0,0.0,0.0,0.0,0.0,0.0,0.0,0.0,0.0,0.0,2.113,1.534,3.404,0.0,0.0,0.0,0.0,2.113,0.0,0.0,0.0,0.0,0.0,0.0,0.0,0.0,2.113,2.113,0.0,0.0,2.113,0.0,1.534,0.0,2.113,0.0,0.0,0.0,0.0,0.0,0.0,0.0,0.0,0.0,0.0,1.534,0.0,0.0,0.0,1.534,0.0,0.0,2.477,0.0,0.0,0.0,0.0,2.477,3.877,0.0,0.0,2.113,0.0,0.0,2.113,0.0,0.0,0.0,2.477,1.534,1.534,0.0,1.534,0.0,0.0,3.621,0.0,0.0,0.0,0.0,0.0,1.534,0.0,0.0,0.0,1.534,4.987,1.534,2.113,0.0,0.0,0.0,0.0,0.0,1.534,0.0,0.0,0.0,1.534,0.0,2.113,2.477,1.534,0.0,0.0,0.0,0.0,0.0,0.0,0.0,0.0,0.0,0.0,0.0,0.0,0.0,0.0,0.0,0.0,0.0,1.534,0.0,2.113,2.113,0.0,0.0,0.0,0.0,0.0,0.0,2.954,0.0,2.477,0.0,2.113,0.0
Dendritische Zelle,1.569,0.0,1.569,2.153,0.0,0.0,1.569,2.519,1.569,0.0,1.569,0.0,2.153,1.569,0.0,0.0,0.0,3.171,0.0,0.0,0.0,1.569,0.0,0.0,0.0,0.0,0.0,0.0,1.569,0.0,0.0,1.569,0.0,0.0,0.0,0.0,0.0,0.0,2.153,0.0,2.786,3.757,0.0,0.0,0.0,0.0,0.0,0.0,1.569,3.843,0.0,0.0,0.0,0.0,2.997,3.843,0.0,0.0,0.0,1.569,0.0,0.0,1.569,0.0,1.569,0.0,0.0,0.0,3.171,0.0,2.786,0.0,0.0,0.0,0.0,0.0,0.0,0.0,0.0,0.0,1.569,0.0,0.0,0.0,1.569,0.0,1.569,0.0,1.569,0.0,0.0,1.569,0.0,0.0,2.153,0.0,0.0,0.0,0.0,0.0,0.0,1.569,0.0,0.0,0.0,0.0,0.0,0.0,0.0,0.0,0.0,0.0,0.0,1.569,0.0,0.0,0.0,1.569,0.0,1.569,0.0,0.0,0.0,0.0,0.0,0.0,0.0,0.0,2.153,0.0,0.0,0.0,0.0,0.0,0.0,1.569,1.569,2.786,1.569,2.153,1.569,0.0,0.0,1.569,0.0,0.0,0.0,0.0,0.0,1.569,1.569,0.0,1.569,0.0,1.569,0.0,0.0,0.0,0.0,0.0,0.0,0.0,0.0,0.0,0.0,0.0,2.153,0.0,1.569,0.0,0.0,0.0,0.0,0.0,0.0,0.0,0.0,0.0,0.0,1.569,1.569,1.569,0.0,0.0,0.0,0.0,2.153,0.0,0.0,0.0,0.0,0.0,0.0,0.0,0.0,1.569,1.569,0.0,0.0,2.153,0.0,0.0,2.519,0.0,1.569,0.0,0.0,0.0,0.0,4.439,0.0,2.153,2.153,2.153,1.569,0.0,0.0,0.0,0.0,1.569,2.153,2.153,1.569,0.0,2.153,0.0,0.0,0.0,0.0,0.0,1.569,3.448,3.921,1.569,2.786,1.569,3.843,3.171,3.843,2.786,1.569,2.519,0.0,0.0,3.562,3.757,1.569,0.0,1.569,0.0,0.0,0.0,1.569,1.569,2.519,0.0,0.0,0.0,0.0,2.997,0.0,0.0,0.0,0.0,2.153,0.0,1.569,0.0,2.997,0.0,0.0,0.0,2.153,1.569,1.569,2.153,2.153,1.569,0.0,0.0,1.569,0.0,0.0,0.0,0.0,0.0,0.0,0.0,0.0,0.0,1.569,0.0,0.0,2.519,0.0,1.569,0.0,2.153,2.153,1.569,0.0,0.0,0.0,0.0,0.0,0.0,0.0,1.569,0.0,2.153,0.0,0.0,1.569,0.0,0.0,1.569,2.786,2.786,0.0,0.0,0.0,0.0,1.569,0.0,1.569,0.0,0.0,0.0,0.0,0.0,0.0,0.0,0.0,0.0,0.0,0.0,0.0,0.0,0.0,0.0,0.0,0.0,0.0,1.569,0.0,0.0,0.0,0.0,0.0,2.786,0.0,0.0,0.0,0.0,0.0,0.0,0.0,0.0,1.569,2.153,0.0,1.569,0.0,2.153,0.0,0.0,2.153,0.0,0.0,0.0,1.569,0.0,0.0,0.0,1.569,0.0,0.0,0.0,0.0,3.171,0.0,0.0,1.569,0.0,0.0,0.0,1.569,0.0,2.153,0.0,0.0,2.153,3.448,2.153,2.786,0.0,0.0,0.0,0.0,0.0,0.0,0.0,0.0,0.0,0.0,0.0,2.153,1.569,2.153,0.0,0.0,2.519,0.0,1.569,2.519,0.0,0.0,0.0,1.569,0.0,0.0,2.153,0.0,0.0,0.0,0.0,0.0,1.569,2.153,0.0,1.569,0.0,1.569,0.0,0.0,0.0,0.0,0.0,1.569,0.0,0.0,1.569,2.519,0.0,1.569,1.569,2.519,0.0,1.569,1.569,2.153,0.0,1.569,0.0,0.0,1.569,0.0,0.0,0.0,0.0,0.0,0.0,0.0,0.0,0.0,1.569,0.0,0.0,0.0,0.0,0.0,0.0,0.0,0.0,0.0,0.0,0.0,0.0,0.0,2.153,0.0,0.0,0.0,0.0,1.569,0.0,0.0,2.519,0.0,2.519,0.0,0.0,1.569,0.0,1.569,0.0,0.0,0.0,2.153,0.0,1.569,0.0,0.0,0.0,0.0,0.0,1.569,0.0,0.0,0.0,0.0,0.0,0.0,0.0,1.569,1.569,0.0,0.0,0.0,0.0,0.0,0.0,0.0,0.0,1.569,0.0,0.0,0.0,0.0,1.569,1.569,1.569,2.153,0.0,2.153,0.0,1.569,1.569,0.0,0.0,0.0,0.0,0.0,1.569,0.0,1.569,0.0,2.519,0.0,0.0,1.569,0.0,0.0,3.171,0.0,0.0,0.0,0.0,2.153,0.0,1.569,0.0,0.0,0.0,0.0,0.0,0.0,0.0,0.0,1.569,0.0,2.786,2.519,0.0,0.0,0.0,1.569,0.0,0.0,0.0,0.0,0.0,0.0,0.0,0.0,0.0,0.0,0.0,0.0,0.0,0.0,0.0,0.0,1.569,3.171,0.0,0.0,1.569,0.0,0.0,1.569,2.519,0.0,0.0,0.0,0.0,0.0,0.0,0.0,0.0,1.569,0.0,0.0,0.0,2.519,0.0,2.519,0.0,1.569,0.0,1.569,2.153,2.153,0.0,0.0,0.0,0.0,1.569,0.0,0.0,0.0,1.569,0.0,0.0,1.569,0.0,0.0,2.153,0.0,0.0,0.0,2.997,0.0,0.0,1.569,0.0,0.0,0.0,2.153,0.0,0.0,0.0,0.0,2.786,1.569,1.569,1.569,0.0,0.0,2.519,0.0,1.569,2.786,0.0,1.569,0.0,0.0,1.569,0.0,1.569,0.0,0.0,0.0,0.0,2.153,0.0,0.0,0.0,2.153,1.569,0.0,1.569,0.0,1.569,0.0,0.0,1.569,3.562,1.569,0.0,0.0,0.0,0.0,0.0,1.569,0.0,0.0,0.0,0.0,2.786,2.153,1.569,0.0,0.0,3.843,0.0,0.0,0.0,1.569,0.0,0.0,0.0,0.0,2.519,0.0,5.696,0.0,2.153,0.0,0.0,0.0,0.0,0.0,1.569,0.0,0.0,0.0,1.569,0.0,1.569,1.569,0.0,0.0,1.569,0.0,0.0,0.0,0.0,0.0,0.0,0.0,0.0,0.0,0.0,0.0,0.0,0.0,0.0,0.0,0.0,0.0,2.519,0.0,1.569,0.0,2.153,1.569,0.0,0.0,0.0,0.0,2.519,0.0,0.0,0.0
Dendritische Zelle,0.0,0.0,0.0,2.272,0.0,0.0,0.0,0.0,1.008,0.0,0.0,0.0,0.0,0.0,0.0,0.0,2.074,1.008,1.008,1.499,0.0,1.827,0.0,1.499,0.0,0.0,0.0,1.499,1.499,0.0,0.0,0.0,1.008,1.008,0.0,1.008,0.0,0.0,2.437,0.0,1.499,0.0,0.0,0.0,0.0,0.0,0.0,0.0,1.499,0.0,0.0,2.578,0.0,0.0,2.272,3.361,1.827,2.272,0.0,1.008,0.0,0.0,1.008,0.0,2.813,3.361,2.437,0.0,2.813,0.0,0.0,0.0,0.0,0.0,0.0,0.0,0.0,1.499,0.0,1.008,0.0,0.0,1.008,0.0,0.0,1.827,1.008,1.008,0.0,0.0,0.0,0.0,0.0,1.008,1.008,0.0,0.0,1.008,0.0,0.0,1.499,1.008,0.0,0.0,0.0,0.0,0.0,0.0,0.0,0.0,0.0,2.074,2.272,0.0,0.0,1.008,1.008,0.0,0.0,1.499,1.008,1.499,0.0,0.0,0.0,0.0,0.0,0.0,2.074,0.0,0.0,0.0,0.0,0.0,1.008,1.008,1.008,0.0,1.008,3.162,1.008,0.0,1.008,2.074,1.008,1.499,0.0,0.0,0.0,1.008,0.0,0.0,1.008,0.0,1.008,0.0,0.0,0.0,1.008,0.0,0.0,1.008,0.0,0.0,1.008,0.0,0.0,0.0,1.008,0.0,0.0,0.0,0.0,1.008,0.0,0.0,0.0,1.499,0.0,1.499,2.272,0.0,0.0,0.0,0.0,0.0,2.074,2.578,1.499,0.0,1.499,0.0,0.0,0.0,0.0,2.074,0.0,0.0,0.0,0.0,0.0,0.0,1.827,0.0,1.827,0.0,0.0,1.499,1.499,5.048,0.0,2.912,1.499,1.008,1.008,0.0,0.0,1.008,1.499,1.827,1.499,1.008,1.827,0.0,1.008,0.0,1.008,0.0,0.0,0.0,0.0,3.162,2.272,0.0,2.272,2.437,4.93,3.906,4.457,3.795,3.233,3.162,2.272,2.578,4.281,4.281,1.008,0.0,0.0,1.008,2.272,0.0,1.827,0.0,1.008,0.0,0.0,0.0,0.0,1.499,0.0,0.0,0.0,0.0,1.008,0.0,0.0,1.499,1.827,1.008,0.0,0.0,1.827,1.008,2.578,0.0,0.0,1.008,1.008,0.0,2.702,0.0,0.0,1.499,0.0,1.008,0.0,1.008,1.008,0.0,0.0,0.0,0.0,0.0,1.008,1.827,0.0,1.499,0.0,0.0,0.0,0.0,0.0,0.0,0.0,1.008,0.0,1.499,1.008,1.499,0.0,0.0,0.0,0.0,1.008,1.827,2.437,1.827,0.0,0.0,0.0,1.499,0.0,1.008,1.499,0.0,0.0,0.0,0.0,1.499,1.008,0.0,2.437,0.0,0.0,0.0,0.0,0.0,0.0,0.0,0.0,0.0,0.0,0.0,0.0,1.827,1.008,0.0,0.0,1.499,0.0,0.0,1.008,0.0,1.008,0.0,0.0,2.437,1.499,2.074,0.0,1.499,1.499,0.0,1.008,1.499,0.0,0.0,0.0,0.0,0.0,1.008,1.827,0.0,1.499,0.0,0.0,0.0,0.0,3.475,0.0,1.008,1.499,1.499,0.0,0.0,2.074,0.0,1.499,1.008,0.0,1.499,0.0,1.008,3.002,1.499,1.827,1.008,0.0,1.008,0.0,0.0,0.0,0.0,0.0,0.0,0.0,0.0,0.0,0.0,0.0,1.499,1.008,1.008,0.0,0.0,0.0,0.0,1.827,0.0,0.0,1.499,1.008,1.008,0.0,1.008,0.0,0.0,0.0,1.008,1.008,0.0,0.0,0.0,0.0,1.008,1.008,1.008,1.499,0.0,0.0,1.008,3.299,1.008,1.827,1.008,1.008,1.008,1.499,1.499,0.0,1.827,0.0,0.0,0.0,2.272,0.0,1.008,0.0,0.0,0.0,0.0,0.0,2.074,0.0,1.499,0.0,0.0,0.0,0.0,0.0,1.008,1.008,0.0,2.702,0.0,0.0,1.008,0.0,1.827,0.0,0.0,0.0,0.0,1.008,0.0,1.008,4.006,0.0,1.008,1.008,0.0,0.0,0.0,0.0,0.0,1.827,1.008,1.827,0.0,0.0,0.0,0.0,0.0,0.0,1.499,0.0,1.008,1.008,0.0,0.0,0.0,1.008,1.008,1.008,0.0,2.437,1.008,1.008,0.0,0.0,0.0,1.008,0.0,1.499,1.827,0.0,0.0,1.499,1.827,1.008,1.827,0.0,1.499,0.0,1.008,1.499,1.499,0.0,0.0,0.0,0.0,0.0,2.272,0.0,1.008,0.0,1.499,0.0,0.0,0.0,1.008,0.0,2.272,1.008,0.0,0.0,1.499,1.499,0.0,0.0,0.0,2.437,0.0,1.008,0.0,0.0,1.008,0.0,1.008,2.272,0.0,1.499,0.0,0.0,0.0,0.0,0.0,0.0,1.008,0.0,0.0,0.0,0.0,0.0,1.827,0.0,1.008,0.0,0.0,1.008,0.0,1.008,0.0,2.578,1.499,2.074,1.827,0.0,0.0,1.008,0.0,0.0,1.008,0.0,1.008,0.0,0.0,0.0,0.0,0.0,0.0,0.0,0.0,0.0,1.827,0.0,0.0,1.499,0.0,1.827,0.0,1.499,0.0,0.0,0.0,2.272,1.008,1.008,0.0,1.008,0.0,1.008,0.0,0.0,0.0,0.0,2.074,1.499,0.0,0.0,4.879,0.0,0.0,0.0,0.0,1.008,0.0,2.074,0.0,0.0,1.499,0.0,2.272,1.008,2.578,1.827,0.0,0.0,0.0,0.0,1.499,1.008,0.0,0.0,0.0,0.0,0.0,0.0,0.0,0.0,0.0,0.0,0.0,2.437,0.0,1.499,1.827,0.0,0.0,0.0,2.437,0.0,1.008,0.0,0.0,0.0,2.912,1.499,0.0,0.0,1.008,1.499,0.0,1.008,0.0,1.499,0.0,1.499,1.008,2.074,1.499,0.0,0.0,1.827,0.0,1.499,0.0,0.0,0.0,2.074,1.499,0.0,1.008,2.578,3.475,0.0,2.074,0.0,1.008,0.0,1.008,0.0,2.074,0.0,0.0,0.0,0.0,0.0,0.0,1.827,0.0,0.0,1.008,0.0,0.0,0.0,0.0,0.0,0.0,1.827,0.0,0.0,0.0,1.008,0.0,2.437,2.813,0.0,1.827,0.0,0.0,0.0,0.0,0.0,1.827,1.008,0.0,1.008,1.499,0.0,1.008,0.0,0.0,0.0
Dendritische Zelle,0.0,0.0,0.0,2.35,0.0,0.0,0.0,0.0,0.0,0.0,0.0,1.064,0.0,0.0,0.0,0.0,0.0,1.568,1.568,1.064,0.0,1.568,0.0,1.064,0.0,0.0,0.0,1.568,0.0,0.0,0.0,0.0,0.0,0.0,0.0,0.0,0.0,1.064,1.064,0.0,1.064,0.0,0.0,0.0,0.0,0.0,0.0,0.0,0.0,1.064,1.064,3.085,0.0,0.0,1.064,1.064,0.0,1.901,2.151,0.0,0.0,1.064,0.0,0.0,0.0,0.0,2.659,0.0,1.901,1.064,0.0,0.0,0.0,0.0,0.0,0.0,0.0,0.0,0.0,0.0,0.0,0.0,1.568,0.0,1.568,1.901,1.064,0.0,0.0,0.0,0.0,2.151,0.0,1.064,1.064,0.0,0.0,1.064,0.0,1.064,1.568,1.064,0.0,0.0,0.0,1.064,1.064,0.0,0.0,0.0,1.568,2.659,0.0,0.0,0.0,1.064,0.0,0.0,0.0,0.0,0.0,0.0,0.0,0.0,0.0,0.0,1.064,0.0,1.568,0.0,0.0,0.0,0.0,1.064,0.0,1.568,0.0,0.0,0.0,2.659,0.0,0.0,0.0,1.064,1.568,0.0,0.0,0.0,0.0,1.064,0.0,0.0,1.064,2.35,0.0,0.0,0.0,0.0,0.0,1.064,0.0,0.0,0.0,0.0,0.0,0.0,0.0,0.0,1.568,0.0,0.0,0.0,1.064,0.0,0.0,0.0,1.064,1.568,0.0,1.901,1.901,0.0,0.0,0.0,0.0,1.901,1.064,0.0,2.35,1.064,0.0,0.0,0.0,0.0,0.0,2.151,0.0,0.0,1.064,0.0,0.0,1.064,2.151,1.064,1.568,0.0,0.0,0.0,0.0,5.113,0.0,2.784,1.568,1.901,1.901,0.0,0.0,1.901,0.0,1.568,1.568,0.0,2.151,0.0,0.0,0.0,1.064,0.0,1.064,0.0,2.151,1.064,0.0,0.0,1.568,1.064,4.882,3.085,4.092,3.841,3.085,3.245,1.901,2.517,4.563,4.391,0.0,0.0,0.0,2.517,2.151,0.0,1.064,1.064,2.151,0.0,0.0,1.901,0.0,0.0,0.0,1.568,0.0,0.0,0.0,0.0,1.064,1.568,2.151,0.0,0.0,1.064,2.35,1.568,1.568,1.064,0.0,0.0,1.568,1.064,3.085,0.0,0.0,1.568,0.0,1.901,1.064,1.064,0.0,1.064,0.0,0.0,0.0,0.0,0.0,1.064,0.0,1.064,0.0,1.901,0.0,0.0,0.0,0.0,0.0,0.0,0.0,1.568,0.0,2.151,1.064,1.901,0.0,0.0,0.0,1.568,0.0,0.0,1.568,0.0,1.064,2.35,0.0,2.151,0.0,1.064,0.0,0.0,1.064,0.0,1.064,0.0,2.151,0.0,0.0,0.0,1.064,0.0,0.0,0.0,0.0,0.0,0.0,0.0,1.064,0.0,0.0,2.151,0.0,1.064,1.064,1.064,0.0,1.064,0.0,0.0,0.0,0.0,1.064,1.568,0.0,1.901,1.064,1.568,0.0,0.0,0.0,0.0,0.0,0.0,1.064,1.568,1.568,0.0,0.0,0.0,0.0,0.0,0.0,3.662,0.0,0.0,0.0,1.568,0.0,0.0,1.568,1.064,2.895,1.568,0.0,0.0,1.064,1.064,3.085,0.0,0.0,1.568,0.0,0.0,0.0,0.0,1.901,1.568,0.0,1.064,1.064,1.064,2.151,0.0,0.0,1.901,0.0,1.568,0.0,0.0,1.568,0.0,2.35,1.901,0.0,1.064,0.0,1.064,1.568,0.0,0.0,0.0,0.0,0.0,1.064,1.064,1.064,0.0,0.0,1.568,1.901,0.0,2.151,1.568,1.901,0.0,2.995,1.064,1.901,1.064,1.901,0.0,0.0,0.0,1.064,1.064,0.0,0.0,0.0,0.0,1.064,0.0,0.0,1.064,0.0,1.064,0.0,0.0,0.0,1.064,0.0,0.0,0.0,0.0,0.0,0.0,0.0,0.0,2.35,0.0,0.0,1.064,1.568,2.995,0.0,1.568,1.064,1.064,1.064,0.0,0.0,4.123,1.064,2.35,0.0,2.659,0.0,0.0,1.064,0.0,1.064,0.0,1.064,0.0,0.0,0.0,0.0,0.0,0.0,1.064,0.0,1.064,0.0,0.0,0.0,1.568,0.0,1.064,1.064,0.0,2.151,1.064,0.0,0.0,0.0,1.064,0.0,0.0,2.659,0.0,0.0,0.0,1.064,0.0,0.0,1.901,0.0,1.901,1.064,0.0,1.064,1.064,0.0,0.0,0.0,0.0,0.0,3.085,0.0,0.0,0.0,2.151,0.0,0.0,0.0,2.151,0.0,1.064,1.064,1.064,0.0,1.901,0.0,0.0,1.064,0.0,1.064,0.0,0.0,0.0,0.0,1.064,1.064,1.064,1.901,0.0,0.0,0.0,1.064,1.901,0.0,0.0,0.0,1.064,1.064,0.0,0.0,0.0,0.0,2.151,0.0,1.064,0.0,1.064,1.064,0.0,0.0,0.0,2.35,0.0,2.659,0.0,0.0,0.0,0.0,0.0,1.064,0.0,0.0,0.0,1.064,0.0,0.0,0.0,1.064,0.0,1.064,1.064,0.0,1.064,1.064,0.0,0.0,0.0,2.151,0.0,1.568,0.0,0.0,0.0,1.901,1.064,1.064,1.568,0.0,1.064,0.0,0.0,0.0,0.0,1.568,1.064,0.0,0.0,0.0,4.693,0.0,0.0,1.568,1.064,1.064,0.0,1.064,0.0,1.064,0.0,0.0,2.151,1.568,1.064,1.064,1.064,0.0,0.0,1.064,0.0,1.568,1.064,0.0,1.064,1.064,0.0,1.568,0.0,0.0,0.0,0.0,0.0,1.568,0.0,2.35,0.0,0.0,1.901,0.0,1.901,0.0,0.0,0.0,0.0,2.35,2.784,1.568,1.064,0.0,1.901,1.064,0.0,1.568,1.064,1.568,1.064,1.064,0.0,2.35,1.568,0.0,1.064,0.0,0.0,1.568,0.0,0.0,1.064,1.568,0.0,0.0,0.0,1.901,2.995,1.064,2.35,1.064,1.064,0.0,0.0,0.0,0.0,0.0,0.0,0.0,0.0,0.0,0.0,1.064,1.064,0.0,0.0,0.0,0.0,0.0,0.0,1.901,0.0,2.151,0.0,0.0,0.0,2.784,0.0,1.568,1.901,1.064,0.0,0.0,2.151,1.064,1.064,0.0,1.568,1.064,1.064,1.901,1.568,1.064,1.064,1.064,1.064,0.0
T-Zelle,0.0,0.0,1.982,0.0,0.0,1.418,0.0,0.0,0.0,0.0,0.0,0.0,0.0,0.0,0.0,0.0,0.0,3.475,0.0,0.0,0.0,0.0,1.418,0.0,1.982,0.0,0.0,1.418,0.0,0.0,0.0,0.0,0.0,1.418,0.0,1.982,0.0,0.0,1.982,0.0,0.0,0.0,1.418,0.0,1.418,0.0,0.0,0.0,0.0,1.418,1.418,1.982,0.0,0.0,2.984,4.049,0.0,1.418,1.418,0.0,1.982,0.0,1.418,0.0,0.0,0.0,2.341,0.0,0.0,0.0,0.0,0.0,0.0,0.0,0.0,0.0,0.0,0.0,0.0,0.0,1.418,1.982,0.0,0.0,1.982,0.0,0.0,0.0,1.418,0.0,0.0,1.982,0.0,0.0,1.418,0.0,1.418,1.982,1.418,0.0,0.0,1.418,4.585,1.418,2.604,1.418,1.418,0.0,1.418,0.0,0.0,0.0,1.418,0.0,1.982,0.0,0.0,1.418,1.418,0.0,0.0,0.0,0.0,0.0,0.0,0.0,0.0,1.418,0.0,0.0,0.0,0.0,1.418,0.0,0.0,0.0,1.418,0.0,0.0,0.0,0.0,0.0,0.0,1.418,1.418,0.0,0.0,0.0,1.418,0.0,0.0,0.0,0.0,0.0,1.982,0.0,0.0,0.0,0.0,0.0,0.0,1.982,0.0,0.0,1.418,0.0,2.341,0.0,1.418,0.0,0.0,0.0,0.0,0.0,0.0,2.341,0.0,0.0,0.0,1.418,1.418,0.0,1.982,0.0,0.0,0.0,0.0,1.418,2.341,2.604,0.0,0.0,2.604,3.567,0.0,0.0,0.0,0.0,0.0,1.982,0.0,0.0,1.418,0.0,0.0,0.0,0.0,0.0,1.982,2.984,1.982,1.418,0.0,1.418,1.418,0.0,0.0,0.0,0.0,0.0,1.982,0.0,0.0,0.0,0.0,0.0,1.418,0.0,1.418,0.0,2.984,0.0,0.0,0.0,1.982,0.0,2.341,0.0,1.418,0.0,1.418,0.0,0.0,0.0,1.418,0.0,0.0,1.418,0.0,0.0,0.0,1.418,1.418,0.0,0.0,0.0,0.0,0.0,0.0,0.0,0.0,0.0,0.0,1.418,0.0,0.0,1.418,0.0,0.0,0.0,1.982,0.0,1.418,2.341,0.0,0.0,1.982,0.0,2.341,0.0,1.982,0.0,0.0,0.0,0.0,1.982,1.418,0.0,0.0,0.0,0.0,0.0,0.0,0.0,0.0,1.418,0.0,1.418,0.0,0.0,0.0,0.0,0.0,0.0,0.0,0.0,0.0,1.418,1.982,1.982,0.0,1.982,0.0,0.0,0.0,1.982,2.341,0.0,0.0,0.0,1.418,0.0,1.418,1.418,2.812,0.0,0.0,0.0,0.0,0.0,0.0,0.0,1.418,0.0,0.0,0.0,0.0,1.418,1.418,0.0,0.0,1.418,0.0,0.0,0.0,0.0,0.0,0.0,0.0,1.418,0.0,0.0,0.0,2.604,0.0,1.418,0.0,1.418,1.982,0.0,0.0,1.418,1.418,1.418,1.418,1.418,1.982,0.0,0.0,0.0,0.0,0.0,1.418,0.0,1.418,0.0,1.418,0.0,0.0,2.341,0.0,0.0,0.0,0.0,0.0,0.0,0.0,0.0,0.0,1.418,2.341,1.418,0.0,1.418,2.604,0.0,0.0,0.0,1.418,0.0,0.0,0.0,1.418,0.0,0.0,0.0,0.0,0.0,2.341,1.418,0.0,0.0,0.0,1.418,2.341,0.0,1.418,1.418,1.418,0.0,0.0,0.0,0.0,0.0,0.0,0.0,0.0,0.0,0.0,1.418,0.0,0.0,1.418,0.0,0.0,2.341,1.418,0.0,2.341,2.341,3.567,0.0,0.0,0.0,1.982,1.418,0.0,0.0,0.0,0.0,0.0,0.0,1.418,0.0,0.0,0.0,2.604,2.812,1.418,0.0,0.0,3.131,0.0,0.0,1.418,0.0,0.0,0.0,0.0,0.0,1.982,0.0,1.418,0.0,2.341,1.418,1.982,1.982,0.0,2.604,0.0,1.418,1.982,0.0,0.0,0.0,1.982,0.0,0.0,0.0,0.0,2.341,1.418,0.0,0.0,0.0,1.418,0.0,1.418,0.0,0.0,0.0,0.0,0.0,0.0,1.418,0.0,0.0,0.0,0.0,0.0,0.0,0.0,0.0,0.0,0.0,1.982,2.604,0.0,0.0,3.131,0.0,0.0,0.0,1.982,1.982,0.0,0.0,0.0,0.0,1.418,1.418,1.982,2.341,1.418,0.0,0.0,1.418,0.0,0.0,0.0,0.0,0.0,1.982,0.0,0.0,0.0,0.0,0.0,0.0,1.418,1.982,1.982,1.982,1.418,0.0,1.418,0.0,0.0,0.0,1.418,0.0,1.418,0.0,1.418,0.0,0.0,0.0,0.0,0.0,1.982,0.0,1.982,3.87,0.0,1.982,0.0,0.0,0.0,0.0,1.418,0.0,0.0,0.0,0.0,1.418,0.0,0.0,0.0,0.0,2.341,0.0,0.0,0.0,2.604,0.0,0.0,0.0,0.0,0.0,1.418,0.0,0.0,3.567,0.0,0.0,0.0,0.0,1.418,0.0,0.0,0.0,0.0,1.418,0.0,1.418,2.341,0.0,0.0,0.0,1.982,0.0,1.982,0.0,0.0,0.0,1.418,0.0,0.0,2.604,0.0,0.0,0.0,0.0,0.0,1.418,1.418,0.0,1.418,0.0,0.0,0.0,0.0,1.418,1.982,0.0,0.0,1.418,2.341,0.0,0.0,2.341,1.418,1.982,0.0,1.982,0.0,2.604,0.0,0.0,1.982,1.418,1.418,0.0,0.0,0.0,0.0,0.0,0.0,2.604,0.0,0.0,0.0,0.0,1.982,0.0,0.0,1.982,0.0,1.982,0.0,1.982,0.0,0.0,0.0,0.0,1.982,3.259,1.418,0.0,0.0,1.418,1.418,0.0,0.0,1.418,1.418,0.0,1.418,0.0,1.418,1.418,0.0,2.604,0.0,0.0,1.418,0.0,0.0,0.0,1.418,1.418,0.0,1.418,1.418,3.73,1.418,2.604,1.982,2.812,0.0,0.0,0.0,0.0,2.812,0.0,0.0,0.0,0.0,0.0,1.418,0.0,1.418,1.418,0.0,1.418,0.0,0.0,0.0,0.0,0.0,0.0,1.418,0.0,1.418,0.0,0.0,1.418,0.0,0.0,0.0,0.0,0.0,1.418,0.0,1.982,0.0,0.0,0.0,0.0,0.0,1.982,0.0,1.418,0.0
Dendritische Zelle,0.0,0.0,1.418,1.982,0.0,0.0,1.418,0.0,0.0,2.34,1.418,0.0,0.0,0.0,0.0,0.0,0.0,1.418,1.418,0.0,0.0,0.0,0.0,0.0,0.0,1.418,0.0,1.418,2.984,1.418,0.0,0.0,0.0,1.418,1.418,1.418,0.0,0.0,0.0,0.0,1.982,0.0,1.418,0.0,0.0,0.0,0.0,0.0,1.982,1.418,0.0,2.811,1.982,0.0,2.34,3.131,0.0,1.418,0.0,0.0,0.0,0.0,1.418,0.0,2.34,3.372,2.603,0.0,2.811,0.0,0.0,0.0,0.0,0.0,0.0,0.0,0.0,2.34,0.0,1.418,1.418,0.0,1.982,0.0,0.0,0.0,0.0,0.0,1.418,0.0,0.0,0.0,0.0,1.418,0.0,0.0,0.0,0.0,2.34,0.0,1.418,0.0,0.0,0.0,0.0,0.0,0.0,0.0,0.0,0.0,0.0,0.0,0.0,0.0,1.982,0.0,0.0,0.0,0.0,1.418,0.0,1.982,0.0,0.0,0.0,0.0,0.0,0.0,1.418,0.0,0.0,0.0,0.0,1.418,0.0,0.0,0.0,0.0,1.418,2.34,1.418,0.0,0.0,1.418,1.418,0.0,1.418,1.418,0.0,0.0,0.0,0.0,0.0,0.0,0.0,0.0,0.0,0.0,1.418,0.0,0.0,1.418,0.0,1.418,0.0,1.418,0.0,0.0,1.418,0.0,0.0,0.0,0.0,0.0,1.982,0.0,0.0,1.418,0.0,1.418,1.982,0.0,1.418,0.0,0.0,0.0,1.418,0.0,1.418,0.0,1.418,0.0,0.0,0.0,0.0,1.418,0.0,0.0,0.0,0.0,0.0,0.0,0.0,0.0,1.418,1.418,0.0,0.0,1.418,5.206,0.0,2.34,0.0,2.603,0.0,0.0,0.0,1.418,0.0,0.0,0.0,0.0,1.982,0.0,1.982,1.418,0.0,1.418,1.418,1.418,0.0,2.984,2.984,0.0,2.603,1.418,4.885,4.048,4.997,3.729,3.651,3.372,1.418,2.984,4.372,4.885,0.0,0.0,0.0,0.0,0.0,0.0,1.418,0.0,1.982,0.0,0.0,1.418,0.0,0.0,0.0,0.0,0.0,0.0,0.0,0.0,0.0,0.0,1.982,0.0,1.418,0.0,1.418,0.0,1.418,0.0,0.0,1.418,0.0,0.0,1.418,0.0,0.0,0.0,0.0,0.0,0.0,0.0,0.0,0.0,0.0,0.0,0.0,0.0,0.0,1.982,0.0,1.418,0.0,0.0,0.0,0.0,0.0,0.0,0.0,0.0,0.0,1.982,0.0,1.418,0.0,0.0,0.0,0.0,0.0,1.982,1.418,2.984,0.0,0.0,0.0,0.0,1.982,0.0,0.0,0.0,0.0,0.0,0.0,1.982,1.982,0.0,0.0,0.0,0.0,0.0,0.0,0.0,0.0,1.418,0.0,0.0,0.0,0.0,0.0,1.982,1.418,0.0,0.0,0.0,0.0,0.0,0.0,0.0,0.0,0.0,0.0,2.34,2.34,1.418,0.0,1.418,0.0,1.418,0.0,0.0,1.418,0.0,2.34,0.0,1.982,0.0,2.34,0.0,1.418,0.0,1.418,0.0,0.0,2.984,0.0,0.0,1.418,0.0,0.0,0.0,0.0,0.0,2.603,1.418,0.0,1.418,1.982,0.0,3.131,0.0,0.0,0.0,1.982,1.418,0.0,0.0,1.418,0.0,0.0,1.982,1.418,0.0,1.982,0.0,0.0,1.418,1.418,1.982,1.418,0.0,0.0,1.418,1.418,1.418,0.0,1.418,0.0,0.0,0.0,0.0,0.0,0.0,1.982,0.0,0.0,0.0,0.0,1.418,0.0,0.0,0.0,0.0,1.982,1.982,0.0,0.0,3.259,1.982,1.982,1.418,2.34,0.0,0.0,1.982,2.34,0.0,1.418,0.0,0.0,1.982,0.0,0.0,0.0,0.0,0.0,0.0,0.0,1.418,0.0,1.418,0.0,0.0,0.0,0.0,0.0,0.0,0.0,0.0,0.0,0.0,0.0,2.34,0.0,2.34,0.0,1.418,0.0,0.0,2.603,0.0,1.418,4.885,0.0,1.418,0.0,2.34,0.0,0.0,0.0,1.418,1.418,0.0,1.418,0.0,1.418,0.0,0.0,0.0,0.0,2.34,0.0,0.0,0.0,0.0,0.0,0.0,0.0,1.418,1.418,0.0,2.603,0.0,0.0,0.0,0.0,1.418,0.0,0.0,1.982,0.0,1.418,0.0,1.418,1.418,0.0,2.603,0.0,0.0,0.0,0.0,0.0,0.0,0.0,0.0,0.0,0.0,0.0,1.982,1.418,0.0,0.0,1.418,0.0,0.0,0.0,1.982,0.0,0.0,0.0,0.0,0.0,0.0,2.34,0.0,1.418,0.0,1.418,0.0,0.0,0.0,0.0,0.0,1.418,0.0,0.0,0.0,1.418,0.0,0.0,0.0,0.0,0.0,0.0,1.418,0.0,0.0,0.0,0.0,0.0,0.0,1.418,0.0,0.0,0.0,0.0,0.0,0.0,0.0,2.811,1.418,1.982,0.0,0.0,0.0,0.0,0.0,0.0,0.0,0.0,0.0,0.0,0.0,0.0,0.0,0.0,0.0,0.0,0.0,1.982,1.982,1.418,0.0,1.418,0.0,2.34,1.982,0.0,0.0,0.0,0.0,0.0,0.0,1.982,0.0,1.418,1.418,0.0,0.0,0.0,1.418,0.0,1.418,0.0,0.0,0.0,4.976,0.0,0.0,1.418,0.0,1.418,1.418,1.418,0.0,0.0,0.0,0.0,2.603,0.0,1.418,0.0,0.0,0.0,0.0,0.0,0.0,2.603,0.0,1.418,0.0,0.0,1.418,0.0,0.0,0.0,1.418,0.0,0.0,0.0,0.0,0.0,0.0,1.418,1.982,0.0,1.982,0.0,0.0,0.0,0.0,1.418,2.811,0.0,1.418,0.0,1.418,1.418,0.0,1.418,0.0,0.0,1.418,0.0,0.0,1.982,1.418,0.0,0.0,2.603,2.34,0.0,0.0,0.0,0.0,0.0,0.0,0.0,1.418,1.418,3.651,0.0,1.418,0.0,0.0,0.0,0.0,0.0,1.418,0.0,0.0,0.0,0.0,0.0,0.0,1.418,0.0,0.0,1.418,1.418,0.0,0.0,0.0,1.418,0.0,0.0,0.0,0.0,0.0,0.0,0.0,3.131,2.603,0.0,1.418,0.0,2.603,2.34,1.418,0.0,1.982,0.0,0.0,0.0,1.982,0.0,1.982,0.0,0.0,0.0
T-Zelle,0.0,0.0,2.456,1.845,0.0,1.299,0.0,0.0,1.299,0.0,1.299,0.0,0.0,0.0,1.299,0.0,0.0,3.411,0.0,1.299,0.0,1.299,0.0,0.0,0.0,0.0,1.845,1.299,1.845,1.299,0.0,1.845,0.0,1.299,0.0,1.299,0.0,2.832,2.196,0.0,1.299,0.0,2.662,0.0,2.456,0.0,0.0,1.845,1.299,0.0,0.0,3.218,0.0,0.0,2.832,3.573,0.0,1.845,1.299,0.0,0.0,0.0,0.0,0.0,0.0,0.0,2.456,0.0,0.0,1.845,0.0,0.0,1.299,0.0,2.196,0.0,0.0,1.845,0.0,0.0,2.456,1.299,0.0,0.0,2.196,2.196,0.0,0.0,0.0,0.0,0.0,0.0,0.0,0.0,1.845,0.0,1.845,0.0,0.0,0.0,0.0,1.299,0.0,0.0,0.0,0.0,0.0,1.299,0.0,0.0,0.0,1.845,0.0,0.0,0.0,0.0,0.0,0.0,0.0,0.0,0.0,1.845,0.0,0.0,0.0,0.0,0.0,0.0,0.0,1.299,0.0,0.0,1.845,0.0,0.0,0.0,0.0,0.0,0.0,1.299,1.299,1.845,0.0,0.0,2.456,0.0,0.0,1.299,1.299,0.0,0.0,0.0,0.0,0.0,1.299,0.0,0.0,0.0,0.0,0.0,0.0,1.299,0.0,0.0,1.299,0.0,1.299,0.0,0.0,0.0,0.0,0.0,0.0,0.0,0.0,0.0,0.0,0.0,0.0,2.662,0.0,1.299,1.299,0.0,2.196,0.0,1.299,1.845,2.196,1.845,1.845,0.0,0.0,1.299,0.0,1.299,1.299,0.0,0.0,2.196,0.0,0.0,0.0,0.0,0.0,0.0,0.0,0.0,1.845,1.299,0.0,2.196,0.0,1.299,0.0,0.0,0.0,1.299,0.0,0.0,0.0,0.0,0.0,0.0,0.0,0.0,0.0,1.299,1.845,0.0,3.835,1.299,0.0,0.0,1.299,2.196,0.0,1.845,2.196,0.0,0.0,1.299,0.0,0.0,0.0,0.0,0.0,0.0,0.0,1.299,0.0,1.845,0.0,1.299,1.299,0.0,0.0,0.0,0.0,1.299,2.456,1.299,0.0,1.845,0.0,0.0,0.0,0.0,1.299,0.0,0.0,1.845,2.196,2.196,0.0,1.299,0.0,0.0,0.0,0.0,2.456,0.0,0.0,1.299,0.0,1.299,1.845,0.0,0.0,1.299,0.0,0.0,0.0,0.0,0.0,1.299,1.299,2.196,0.0,0.0,0.0,0.0,0.0,0.0,0.0,1.299,0.0,1.299,0.0,2.978,1.845,2.456,0.0,0.0,0.0,0.0,1.299,0.0,0.0,0.0,0.0,1.845,1.299,1.299,2.662,0.0,0.0,0.0,1.299,1.845,2.196,0.0,1.299,0.0,0.0,0.0,0.0,0.0,1.845,0.0,0.0,0.0,0.0,1.299,0.0,1.299,0.0,0.0,0.0,1.299,0.0,0.0,0.0,1.299,1.845,0.0,0.0,1.299,0.0,0.0,0.0,0.0,1.299,1.845,0.0,1.299,1.299,0.0,1.299,0.0,0.0,0.0,1.299,0.0,0.0,0.0,0.0,0.0,0.0,3.218,0.0,0.0,0.0,0.0,0.0,0.0,0.0,0.0,2.832,1.845,0.0,0.0,0.0,1.299,2.456,1.845,0.0,0.0,0.0,0.0,0.0,0.0,1.299,0.0,0.0,0.0,0.0,0.0,1.299,1.299,0.0,0.0,0.0,1.299,0.0,0.0,0.0,0.0,0.0,0.0,0.0,0.0,0.0,0.0,0.0,0.0,0.0,0.0,1.845,1.299,0.0,0.0,0.0,2.196,0.0,1.299,0.0,0.0,0.0,1.845,3.319,0.0,1.299,0.0,1.299,1.299,1.299,0.0,0.0,0.0,0.0,0.0,1.299,0.0,0.0,0.0,2.196,2.662,0.0,0.0,1.845,2.196,0.0,0.0,0.0,1.299,0.0,0.0,0.0,0.0,0.0,0.0,1.299,0.0,2.978,1.299,0.0,1.299,0.0,2.832,0.0,0.0,1.845,0.0,1.845,0.0,0.0,0.0,0.0,1.845,1.845,3.645,2.196,0.0,1.845,1.299,1.845,0.0,1.845,0.0,0.0,0.0,0.0,0.0,0.0,2.662,0.0,1.299,0.0,0.0,0.0,1.299,0.0,0.0,0.0,0.0,1.845,1.299,0.0,0.0,0.0,0.0,0.0,0.0,2.456,1.299,1.299,0.0,1.299,0.0,1.845,1.299,0.0,1.299,2.456,1.299,0.0,2.456,0.0,0.0,1.299,0.0,1.299,2.662,1.299,0.0,0.0,2.456,0.0,1.299,0.0,1.299,0.0,1.299,0.0,0.0,0.0,0.0,0.0,0.0,2.456,0.0,0.0,0.0,1.299,0.0,0.0,0.0,0.0,0.0,2.196,1.845,2.196,3.776,0.0,2.196,0.0,0.0,0.0,0.0,1.845,0.0,0.0,0.0,1.299,0.0,0.0,0.0,1.845,0.0,1.845,0.0,0.0,1.299,1.299,1.299,1.845,1.299,0.0,0.0,1.299,0.0,0.0,0.0,0.0,1.299,0.0,1.299,0.0,0.0,0.0,1.845,0.0,0.0,0.0,0.0,1.299,0.0,1.845,1.299,2.662,0.0,1.845,0.0,0.0,0.0,1.299,1.299,1.299,1.299,1.299,1.299,2.196,0.0,0.0,1.299,1.845,1.299,0.0,0.0,0.0,0.0,0.0,0.0,1.299,1.299,0.0,0.0,0.0,1.299,0.0,2.662,0.0,1.845,0.0,0.0,1.845,0.0,0.0,0.0,1.845,1.845,2.196,0.0,0.0,1.299,0.0,0.0,2.196,2.662,0.0,0.0,0.0,0.0,0.0,1.299,0.0,0.0,0.0,2.196,0.0,0.0,0.0,0.0,1.299,0.0,2.196,2.662,1.299,1.299,0.0,0.0,0.0,0.0,1.299,1.299,1.845,0.0,0.0,0.0,1.299,1.299,0.0,1.299,0.0,0.0,0.0,0.0,0.0,0.0,1.299,1.845,0.0,2.196,0.0,3.713,0.0,1.845,1.299,3.105,0.0,0.0,0.0,0.0,0.0,0.0,0.0,0.0,0.0,1.299,1.299,0.0,1.299,1.299,0.0,0.0,0.0,0.0,0.0,1.299,1.299,0.0,1.845,0.0,1.845,0.0,0.0,2.196,1.299,0.0,0.0,0.0,0.0,2.662,0.0,1.845,1.299,0.0,0.0,1.299,1.845,1.299,0.0,0.0,0.0
Monozyt,1.634,0.0,1.634,0.0,0.0,0.0,0.0,1.634,1.634,0.0,0.0,1.634,0.0,0.0,2.224,0.0,0.0,2.224,0.0,0.0,0.0,0.0,0.0,0.0,0.0,0.0,0.0,0.0,2.593,0.0,0.0,1.634,0.0,1.634,0.0,1.634,0.0,0.0,2.593,0.0,1.634,1.634,0.0,0.0,0.0,0.0,0.0,0.0,0.0,3.073,0.0,2.593,1.634,0.0,3.526,4.373,0.0,0.0,0.0,1.634,0.0,0.0,0.0,0.0,0.0,0.0,0.0,0.0,4.373,0.0,3.921,0.0,0.0,0.0,1.634,0.0,0.0,0.0,0.0,0.0,0.0,0.0,1.634,0.0,0.0,0.0,0.0,0.0,0.0,0.0,0.0,2.593,0.0,2.224,1.634,0.0,0.0,1.634,1.634,0.0,0.0,1.634,0.0,0.0,0.0,0.0,1.634,0.0,0.0,1.634,0.0,0.0,0.0,0.0,0.0,0.0,0.0,0.0,1.634,0.0,0.0,1.634,0.0,0.0,0.0,1.634,0.0,0.0,0.0,0.0,1.634,0.0,0.0,0.0,0.0,0.0,1.634,1.634,0.0,0.0,0.0,0.0,0.0,0.0,1.634,0.0,0.0,0.0,0.0,1.634,1.634,0.0,1.634,0.0,0.0,0.0,0.0,0.0,0.0,0.0,1.634,0.0,0.0,0.0,0.0,0.0,0.0,0.0,0.0,1.634,0.0,0.0,0.0,1.634,0.0,0.0,0.0,0.0,0.0,2.224,1.634,0.0,0.0,0.0,0.0,0.0,1.634,0.0,0.0,1.634,0.0,0.0,0.0,0.0,0.0,2.593,1.634,0.0,1.634,0.0,0.0,1.634,0.0,0.0,0.0,0.0,0.0,0.0,0.0,3.526,0.0,0.0,0.0,1.634,0.0,0.0,0.0,0.0,0.0,2.224,0.0,0.0,0.0,0.0,0.0,0.0,0.0,0.0,0.0,1.634,1.634,4.0,4.32,1.634,2.224,0.0,3.248,1.634,2.862,1.634,1.634,0.0,0.0,0.0,3.248,1.634,0.0,1.634,1.634,2.224,0.0,0.0,0.0,0.0,0.0,0.0,1.634,0.0,0.0,0.0,0.0,0.0,0.0,0.0,0.0,2.224,1.634,0.0,1.634,0.0,0.0,0.0,0.0,0.0,0.0,0.0,1.634,0.0,0.0,0.0,0.0,0.0,0.0,0.0,0.0,0.0,0.0,0.0,0.0,0.0,0.0,0.0,0.0,1.634,0.0,2.593,0.0,2.224,1.634,0.0,0.0,0.0,0.0,0.0,0.0,0.0,0.0,1.634,0.0,0.0,1.634,2.224,1.634,0.0,0.0,0.0,2.224,0.0,0.0,0.0,0.0,0.0,1.634,1.634,2.224,0.0,0.0,0.0,0.0,0.0,0.0,0.0,0.0,0.0,0.0,0.0,0.0,0.0,0.0,0.0,0.0,0.0,0.0,0.0,0.0,1.634,1.634,1.634,0.0,2.593,0.0,0.0,0.0,0.0,0.0,0.0,0.0,0.0,1.634,1.634,0.0,0.0,0.0,1.634,0.0,0.0,0.0,1.634,3.248,0.0,0.0,0.0,0.0,0.0,1.634,0.0,0.0,0.0,0.0,2.862,0.0,0.0,0.0,2.224,1.634,0.0,0.0,0.0,0.0,0.0,0.0,1.634,2.862,1.634,0.0,1.634,0.0,0.0,2.593,0.0,0.0,0.0,0.0,0.0,0.0,0.0,0.0,0.0,2.593,0.0,1.634,1.634,0.0,1.634,2.224,0.0,0.0,0.0,0.0,1.634,0.0,3.248,1.634,0.0,0.0,0.0,0.0,0.0,0.0,1.634,0.0,0.0,1.634,0.0,0.0,0.0,0.0,0.0,0.0,1.634,0.0,0.0,1.634,2.224,0.0,0.0,0.0,0.0,0.0,0.0,2.224,0.0,0.0,0.0,0.0,0.0,0.0,0.0,0.0,0.0,0.0,0.0,0.0,1.634,0.0,0.0,0.0,0.0,0.0,0.0,0.0,0.0,0.0,1.634,0.0,0.0,0.0,0.0,0.0,0.0,0.0,0.0,0.0,0.0,1.634,0.0,2.862,2.593,0.0,2.593,1.634,3.073,1.634,0.0,1.634,0.0,2.224,2.593,2.593,0.0,0.0,0.0,0.0,0.0,0.0,3.073,2.224,0.0,0.0,0.0,0.0,0.0,0.0,0.0,0.0,0.0,1.634,0.0,0.0,0.0,0.0,0.0,0.0,0.0,1.634,0.0,2.862,0.0,1.634,0.0,0.0,2.224,0.0,2.862,0.0,0.0,0.0,0.0,0.0,0.0,0.0,0.0,0.0,0.0,0.0,0.0,0.0,1.634,0.0,0.0,0.0,2.593,0.0,2.593,0.0,1.634,0.0,1.634,0.0,0.0,0.0,0.0,1.634,0.0,0.0,1.634,0.0,0.0,0.0,2.224,1.634,0.0,2.224,0.0,0.0,0.0,1.634,0.0,0.0,1.634,0.0,0.0,0.0,0.0,0.0,0.0,0.0,0.0,0.0,0.0,1.634,0.0,0.0,0.0,2.224,0.0,1.634,0.0,0.0,0.0,0.0,1.634,0.0,0.0,0.0,1.634,0.0,0.0,0.0,0.0,0.0,0.0,0.0,0.0,2.593,0.0,2.224,0.0,0.0,0.0,0.0,1.634,1.634,0.0,0.0,0.0,1.634,1.634,0.0,0.0,0.0,2.224,0.0,0.0,0.0,0.0,0.0,2.224,0.0,0.0,0.0,3.836,0.0,0.0,0.0,0.0,0.0,0.0,0.0,0.0,0.0,1.634,0.0,2.593,1.634,2.593,1.634,0.0,0.0,2.862,0.0,0.0,2.593,0.0,0.0,2.224,0.0,0.0,0.0,0.0,0.0,0.0,0.0,0.0,0.0,0.0,0.0,2.593,0.0,0.0,0.0,0.0,0.0,0.0,0.0,0.0,2.593,3.836,0.0,1.634,1.634,0.0,0.0,0.0,0.0,0.0,0.0,2.224,2.224,2.224,1.634,1.634,0.0,1.634,3.921,0.0,1.634,0.0,0.0,0.0,0.0,0.0,0.0,2.224,2.224,5.293,0.0,2.862,0.0,0.0,0.0,0.0,0.0,1.634,0.0,1.634,0.0,0.0,0.0,0.0,0.0,0.0,0.0,0.0,0.0,1.634,0.0,0.0,0.0,0.0,0.0,0.0,0.0,2.224,1.634,0.0,0.0,1.634,0.0,0.0,0.0,3.073,1.634,2.224,0.0,1.634,0.0,0.0,0.0,3.073,2.224,2.862,0.0,2.224,0.0
Monozyt,1.531,0.0,2.11,2.74,0.0,0.0,1.531,0.0,2.11,0.0,0.0,0.0,0.0,0.0,0.0,0.0,0.0,2.74,0.0,1.531,0.0,2.11,0.0,0.0,1.531,0.0,0.0,0.0,2.474,0.0,0.0,0.0,0.0,1.531,1.531,0.0,0.0,0.0,1.531,0.0,3.401,3.272,0.0,0.0,2.474,0.0,0.0,0.0,1.531,3.124,0.0,2.11,2.951,0.0,3.617,3.71,0.0,2.11,1.531,0.0,0.0,0.0,0.0,0.0,1.531,0.0,0.0,0.0,3.71,1.531,3.873,0.0,0.0,0.0,1.531,0.0,0.0,0.0,0.0,1.531,2.11,0.0,0.0,0.0,0.0,0.0,1.531,1.531,0.0,0.0,0.0,2.11,1.531,2.11,0.0,0.0,0.0,0.0,0.0,0.0,0.0,1.531,0.0,0.0,0.0,0.0,0.0,0.0,0.0,0.0,0.0,0.0,0.0,1.531,0.0,0.0,0.0,1.531,1.531,0.0,0.0,0.0,0.0,0.0,0.0,0.0,0.0,0.0,0.0,0.0,1.531,0.0,0.0,0.0,0.0,0.0,1.531,0.0,0.0,0.0,0.0,1.531,0.0,2.11,1.531,1.531,0.0,0.0,0.0,0.0,0.0,0.0,1.531,0.0,0.0,1.531,0.0,0.0,0.0,0.0,0.0,0.0,0.0,0.0,2.11,0.0,0.0,0.0,0.0,0.0,0.0,0.0,0.0,0.0,0.0,0.0,0.0,0.0,0.0,0.0,0.0,0.0,0.0,0.0,0.0,0.0,2.474,2.11,1.531,0.0,2.474,0.0,0.0,0.0,0.0,1.531,0.0,0.0,0.0,0.0,1.531,0.0,1.531,0.0,1.531,0.0,0.0,0.0,0.0,4.477,0.0,1.531,2.474,2.951,0.0,0.0,0.0,0.0,0.0,0.0,0.0,0.0,0.0,0.0,0.0,0.0,0.0,0.0,0.0,0.0,0.0,4.014,4.477,1.531,2.951,0.0,3.401,2.11,3.515,2.11,1.531,2.11,0.0,2.11,3.401,2.474,0.0,0.0,0.0,0.0,0.0,0.0,1.531,0.0,2.11,0.0,0.0,2.11,0.0,0.0,0.0,0.0,0.0,0.0,0.0,0.0,0.0,1.531,3.401,0.0,0.0,0.0,0.0,1.531,0.0,0.0,1.531,0.0,0.0,0.0,0.0,0.0,0.0,2.11,0.0,0.0,0.0,0.0,0.0,1.531,0.0,0.0,0.0,1.531,1.531,0.0,0.0,1.531,2.11,2.11,0.0,0.0,0.0,0.0,0.0,0.0,0.0,1.531,0.0,1.531,0.0,0.0,0.0,0.0,0.0,0.0,2.11,1.531,0.0,0.0,0.0,2.11,1.531,0.0,0.0,0.0,0.0,0.0,0.0,0.0,1.531,0.0,0.0,0.0,0.0,0.0,0.0,0.0,0.0,0.0,0.0,1.531,0.0,0.0,0.0,0.0,1.531,0.0,0.0,3.617,0.0,0.0,0.0,0.0,0.0,1.531,0.0,0.0,0.0,1.531,0.0,0.0,1.531,1.531,0.0,0.0,1.531,1.531,3.71,0.0,0.0,0.0,1.531,0.0,2.11,0.0,0.0,0.0,0.0,2.951,0.0,0.0,0.0,0.0,0.0,0.0,1.531,0.0,3.401,0.0,0.0,2.474,3.401,2.11,2.474,0.0,1.531,0.0,2.11,0.0,0.0,0.0,2.11,1.531,0.0,0.0,0.0,0.0,3.401,2.11,3.401,1.531,1.531,2.11,0.0,0.0,0.0,1.531,1.531,0.0,0.0,2.474,1.531,0.0,0.0,0.0,0.0,0.0,0.0,0.0,0.0,0.0,0.0,0.0,0.0,0.0,1.531,0.0,2.11,1.531,0.0,0.0,2.474,0.0,0.0,0.0,1.531,0.0,0.0,0.0,1.531,0.0,0.0,0.0,0.0,0.0,0.0,0.0,0.0,1.531,0.0,0.0,0.0,1.531,0.0,1.531,0.0,0.0,0.0,0.0,0.0,0.0,0.0,0.0,0.0,0.0,0.0,1.531,0.0,1.531,1.531,0.0,0.0,0.0,2.474,0.0,1.531,2.74,0.0,2.474,0.0,1.531,0.0,1.531,1.531,0.0,2.474,0.0,0.0,0.0,0.0,0.0,0.0,0.0,0.0,0.0,0.0,0.0,0.0,0.0,1.531,0.0,0.0,1.531,0.0,1.531,0.0,2.11,1.531,0.0,0.0,0.0,0.0,0.0,1.531,1.531,1.531,0.0,0.0,0.0,0.0,0.0,1.531,1.531,1.531,0.0,1.531,1.531,0.0,0.0,0.0,0.0,2.11,2.11,0.0,0.0,0.0,0.0,0.0,1.531,0.0,0.0,0.0,0.0,0.0,1.531,1.531,0.0,0.0,2.11,0.0,0.0,1.531,0.0,0.0,0.0,0.0,0.0,0.0,0.0,0.0,0.0,0.0,0.0,0.0,1.531,0.0,0.0,0.0,0.0,0.0,0.0,0.0,0.0,0.0,0.0,0.0,0.0,0.0,0.0,2.11,0.0,0.0,1.531,2.474,1.531,2.474,0.0,0.0,0.0,0.0,1.531,0.0,0.0,0.0,1.531,0.0,1.531,0.0,0.0,0.0,0.0,0.0,0.0,1.531,0.0,1.531,0.0,1.531,1.531,2.11,0.0,1.531,0.0,0.0,0.0,2.11,1.531,0.0,0.0,2.11,0.0,0.0,0.0,0.0,0.0,0.0,1.531,0.0,0.0,0.0,3.795,0.0,0.0,1.531,0.0,0.0,0.0,0.0,0.0,0.0,1.531,0.0,1.531,0.0,2.74,2.951,0.0,0.0,3.515,0.0,0.0,2.474,1.531,0.0,0.0,0.0,0.0,0.0,0.0,0.0,0.0,0.0,0.0,0.0,0.0,1.531,2.951,0.0,0.0,3.124,2.11,0.0,0.0,0.0,0.0,2.11,2.474,0.0,0.0,0.0,1.531,0.0,0.0,0.0,0.0,0.0,1.531,0.0,2.474,1.531,1.531,0.0,2.474,3.873,0.0,0.0,0.0,0.0,1.531,1.531,0.0,0.0,0.0,1.531,5.768,0.0,2.11,0.0,0.0,0.0,0.0,1.531,1.531,0.0,0.0,0.0,0.0,0.0,0.0,1.531,0.0,0.0,1.531,0.0,1.531,0.0,0.0,1.531,0.0,0.0,0.0,0.0,2.11,1.531,0.0,0.0,2.11,0.0,0.0,0.0,2.74,0.0,1.531,1.531,0.0,0.0,0.0,2.11,1.531,0.0,2.474,0.0,0.0,0.0
T-Zelle,0.0,2.084,2.084,1.508,0.0,1.508,0.0,0.0,0.0,0.0,0.0,0.0,0.0,0.0,0.0,0.0,0.0,3.372,0.0,0.0,0.0,0.0,2.447,0.0,0.0,0.0,2.084,1.508,0.0,0.0,0.0,1.508,0.0,0.0,0.0,0.0,0.0,0.0,1.508,1.508,0.0,0.0,2.923,0.0,0.0,0.0,0.0,0.0,1.508,0.0,0.0,1.508,0.0,0.0,2.923,3.372,0.0,2.447,0.0,0.0,0.0,0.0,1.508,0.0,0.0,0.0,1.508,0.0,0.0,0.0,1.508,0.0,0.0,0.0,2.084,0.0,0.0,0.0,0.0,1.508,2.713,0.0,0.0,0.0,2.084,0.0,0.0,0.0,0.0,0.0,0.0,2.447,1.508,0.0,1.508,0.0,0.0,0.0,1.508,1.508,0.0,0.0,4.488,0.0,1.508,1.508,1.508,0.0,0.0,0.0,1.508,2.084,2.447,0.0,1.508,0.0,0.0,1.508,0.0,0.0,0.0,0.0,0.0,0.0,0.0,0.0,0.0,0.0,0.0,0.0,0.0,0.0,0.0,1.508,1.508,0.0,1.508,0.0,1.508,1.508,0.0,0.0,1.508,0.0,0.0,0.0,1.508,0.0,0.0,0.0,0.0,0.0,0.0,1.508,1.508,0.0,1.508,0.0,1.508,0.0,1.508,2.084,0.0,0.0,0.0,0.0,1.508,0.0,0.0,2.084,0.0,0.0,2.084,0.0,0.0,0.0,0.0,0.0,0.0,1.508,1.508,0.0,1.508,0.0,2.084,1.508,1.508,0.0,0.0,1.508,0.0,0.0,2.084,3.096,0.0,1.508,0.0,0.0,1.508,1.508,0.0,1.508,2.084,0.0,0.0,0.0,0.0,1.508,0.0,2.084,0.0,2.447,0.0,1.508,0.0,0.0,0.0,0.0,1.508,0.0,0.0,0.0,0.0,0.0,0.0,0.0,0.0,0.0,0.0,0.0,3.681,0.0,0.0,0.0,2.084,0.0,0.0,0.0,1.508,1.508,0.0,0.0,0.0,0.0,0.0,0.0,0.0,0.0,0.0,2.447,0.0,0.0,0.0,0.0,0.0,0.0,0.0,0.0,0.0,0.0,0.0,0.0,0.0,0.0,0.0,2.447,0.0,0.0,0.0,0.0,1.508,0.0,2.084,1.508,0.0,0.0,0.0,0.0,0.0,0.0,1.508,0.0,2.084,0.0,0.0,1.508,0.0,0.0,2.084,0.0,0.0,0.0,0.0,0.0,2.447,0.0,0.0,1.508,0.0,1.508,0.0,0.0,0.0,0.0,0.0,0.0,1.508,0.0,0.0,2.084,1.508,2.084,0.0,0.0,0.0,0.0,0.0,1.508,0.0,0.0,0.0,0.0,1.508,1.508,2.447,0.0,0.0,0.0,0.0,1.508,0.0,0.0,1.508,0.0,0.0,0.0,0.0,0.0,0.0,0.0,0.0,0.0,0.0,2.084,0.0,1.508,0.0,0.0,0.0,1.508,0.0,0.0,0.0,1.508,1.508,1.508,0.0,2.084,0.0,2.447,0.0,1.508,1.508,2.084,0.0,0.0,0.0,0.0,0.0,0.0,1.508,0.0,2.447,1.508,0.0,0.0,0.0,0.0,0.0,2.923,0.0,0.0,0.0,0.0,0.0,0.0,0.0,0.0,2.923,0.0,1.508,0.0,0.0,1.508,3.486,0.0,0.0,0.0,1.508,1.508,0.0,0.0,1.508,0.0,0.0,0.0,0.0,0.0,2.447,1.508,0.0,1.508,1.508,0.0,0.0,0.0,0.0,1.508,0.0,1.508,0.0,0.0,0.0,1.508,0.0,1.508,0.0,0.0,0.0,0.0,0.0,0.0,0.0,0.0,0.0,2.447,0.0,0.0,1.508,0.0,2.447,0.0,2.084,0.0,2.084,0.0,2.084,0.0,0.0,0.0,1.508,0.0,0.0,0.0,0.0,0.0,2.084,2.713,0.0,0.0,0.0,0.0,0.0,0.0,1.508,0.0,1.508,0.0,0.0,0.0,0.0,0.0,2.084,0.0,1.508,0.0,1.508,2.084,0.0,2.923,0.0,2.084,2.084,0.0,0.0,0.0,0.0,0.0,0.0,2.084,0.0,2.084,1.508,0.0,0.0,0.0,2.084,0.0,2.084,0.0,0.0,0.0,0.0,0.0,0.0,1.508,0.0,0.0,0.0,0.0,0.0,0.0,1.508,0.0,0.0,0.0,1.508,0.0,0.0,2.713,2.713,2.084,0.0,0.0,2.084,2.084,1.508,0.0,2.084,0.0,0.0,3.372,0.0,2.923,1.508,0.0,0.0,1.508,0.0,0.0,0.0,1.508,0.0,2.084,0.0,0.0,0.0,0.0,0.0,0.0,1.508,1.508,0.0,1.508,0.0,0.0,1.508,0.0,0.0,0.0,1.508,0.0,2.084,0.0,0.0,0.0,0.0,0.0,0.0,1.508,1.508,0.0,0.0,3.244,1.508,1.508,1.508,0.0,0.0,1.508,0.0,0.0,1.508,0.0,1.508,0.0,0.0,0.0,2.084,0.0,0.0,0.0,0.0,0.0,2.084,0.0,1.508,0.0,0.0,0.0,0.0,0.0,0.0,3.845,1.508,0.0,0.0,0.0,0.0,0.0,0.0,0.0,0.0,0.0,0.0,0.0,0.0,1.508,1.508,0.0,2.084,1.508,0.0,0.0,0.0,0.0,0.0,0.0,1.508,2.084,1.508,0.0,0.0,0.0,0.0,0.0,0.0,0.0,0.0,0.0,0.0,0.0,2.447,0.0,0.0,0.0,1.508,0.0,0.0,1.508,0.0,1.508,0.0,1.508,0.0,1.508,0.0,1.508,0.0,0.0,1.508,1.508,0.0,1.508,0.0,0.0,0.0,0.0,2.447,0.0,0.0,1.508,0.0,0.0,0.0,0.0,2.084,0.0,0.0,1.508,0.0,2.713,0.0,2.084,0.0,0.0,2.713,3.589,0.0,0.0,0.0,2.084,0.0,2.447,0.0,0.0,1.508,0.0,1.508,0.0,1.508,2.084,0.0,2.447,0.0,0.0,0.0,0.0,0.0,0.0,1.508,0.0,0.0,0.0,0.0,4.268,0.0,2.084,0.0,2.447,0.0,0.0,0.0,0.0,2.923,0.0,0.0,1.508,0.0,0.0,0.0,0.0,1.508,0.0,2.084,0.0,0.0,0.0,0.0,1.508,0.0,0.0,0.0,0.0,0.0,0.0,0.0,1.508,0.0,2.447,0.0,0.0,0.0,0.0,0.0,0.0,0.0,0.0,0.0,1.508,0.0,1.508,0.0,2.084,0.0
Monozyt,1.542,0.0,1.542,0.0,1.542,1.542,1.542,0.0,0.0,2.122,1.542,1.542,0.0,0.0,0.0,0.0,0.0,2.487,1.542,0.0,0.0,0.0,0.0,0.0,0.0,0.0,0.0,0.0,0.0,1.542,0.0,0.0,0.0,1.542,0.0,0.0,0.0,2.122,1.542,0.0,1.542,1.542,2.122,0.0,2.753,0.0,0.0,0.0,1.542,2.487,0.0,2.753,0.0,0.0,3.137,3.414,0.0,2.122,0.0,0.0,0.0,0.0,0.0,0.0,0.0,0.0,1.542,0.0,3.137,0.0,2.964,0.0,0.0,0.0,0.0,0.0,0.0,0.0,0.0,1.542,2.122,0.0,0.0,1.542,2.122,0.0,1.542,0.0,0.0,0.0,0.0,0.0,0.0,0.0,0.0,0.0,1.542,0.0,0.0,0.0,0.0,1.542,1.542,0.0,0.0,0.0,1.542,0.0,0.0,0.0,0.0,0.0,0.0,0.0,0.0,2.122,2.122,0.0,1.542,1.542,0.0,0.0,0.0,0.0,0.0,0.0,0.0,1.542,0.0,0.0,1.542,0.0,0.0,0.0,0.0,0.0,1.542,0.0,0.0,2.487,0.0,0.0,0.0,3.137,0.0,0.0,0.0,0.0,0.0,0.0,0.0,0.0,0.0,1.542,0.0,0.0,0.0,0.0,0.0,0.0,0.0,2.487,0.0,0.0,0.0,0.0,0.0,0.0,0.0,0.0,0.0,0.0,0.0,0.0,0.0,0.0,0.0,0.0,0.0,1.542,2.964,0.0,0.0,0.0,0.0,0.0,0.0,0.0,2.122,0.0,0.0,0.0,0.0,0.0,0.0,2.122,0.0,0.0,0.0,0.0,0.0,2.122,1.542,1.542,2.122,0.0,0.0,0.0,0.0,2.964,0.0,2.122,1.542,0.0,0.0,0.0,0.0,1.542,0.0,0.0,0.0,0.0,1.542,0.0,0.0,0.0,0.0,1.542,0.0,0.0,3.414,3.809,3.137,0.0,2.122,0.0,2.122,1.542,2.753,0.0,0.0,0.0,0.0,0.0,2.487,1.542,0.0,0.0,0.0,1.542,0.0,0.0,2.122,0.0,1.542,0.0,0.0,0.0,0.0,0.0,0.0,0.0,0.0,0.0,1.542,1.542,1.542,0.0,2.122,1.542,0.0,0.0,2.122,0.0,0.0,0.0,0.0,0.0,0.0,0.0,2.122,1.542,0.0,0.0,0.0,0.0,0.0,0.0,0.0,1.542,0.0,0.0,0.0,0.0,0.0,2.122,0.0,2.487,1.542,0.0,0.0,0.0,0.0,0.0,0.0,1.542,0.0,0.0,0.0,2.753,0.0,2.753,1.542,1.542,0.0,0.0,2.964,1.542,0.0,0.0,0.0,0.0,0.0,0.0,0.0,0.0,0.0,0.0,0.0,1.542,1.542,0.0,1.542,0.0,0.0,0.0,0.0,0.0,0.0,0.0,0.0,0.0,0.0,0.0,0.0,2.122,0.0,0.0,0.0,2.122,0.0,0.0,0.0,1.542,0.0,0.0,0.0,0.0,1.542,2.122,0.0,2.487,0.0,1.542,0.0,0.0,0.0,1.542,0.0,0.0,1.542,0.0,0.0,0.0,1.542,0.0,0.0,0.0,0.0,1.542,0.0,0.0,0.0,0.0,0.0,0.0,1.542,0.0,2.753,0.0,0.0,0.0,2.753,1.542,3.809,2.122,1.542,0.0,0.0,0.0,0.0,0.0,0.0,0.0,0.0,0.0,0.0,0.0,2.964,0.0,2.964,0.0,1.542,2.122,0.0,0.0,0.0,0.0,1.542,0.0,0.0,2.122,1.542,0.0,0.0,0.0,0.0,1.542,1.542,0.0,0.0,0.0,0.0,2.122,0.0,0.0,1.542,0.0,1.542,0.0,1.542,1.542,0.0,0.0,0.0,0.0,1.542,0.0,0.0,0.0,1.542,1.542,0.0,0.0,0.0,0.0,0.0,1.542,0.0,0.0,0.0,1.542,0.0,0.0,0.0,0.0,0.0,0.0,0.0,0.0,0.0,0.0,0.0,0.0,1.542,0.0,0.0,2.122,0.0,3.137,0.0,2.122,1.542,0.0,1.542,0.0,1.542,2.122,0.0,2.487,0.0,1.542,1.542,0.0,2.122,0.0,1.542,2.487,1.542,0.0,0.0,0.0,0.0,0.0,0.0,1.542,0.0,1.542,0.0,0.0,0.0,0.0,0.0,0.0,0.0,0.0,2.487,0.0,0.0,0.0,0.0,2.753,2.122,0.0,2.487,1.542,0.0,0.0,0.0,0.0,0.0,2.122,0.0,0.0,0.0,0.0,0.0,2.122,0.0,0.0,0.0,1.542,0.0,3.137,0.0,0.0,0.0,0.0,0.0,1.542,1.542,2.122,0.0,0.0,0.0,0.0,1.542,0.0,1.542,0.0,2.122,0.0,0.0,0.0,0.0,0.0,1.542,0.0,0.0,0.0,0.0,0.0,1.542,2.122,0.0,0.0,1.542,0.0,0.0,1.542,1.542,0.0,1.542,0.0,1.542,0.0,0.0,0.0,0.0,0.0,0.0,0.0,0.0,0.0,2.487,0.0,0.0,0.0,0.0,0.0,0.0,0.0,0.0,0.0,0.0,1.542,0.0,0.0,0.0,0.0,1.542,0.0,0.0,0.0,2.487,0.0,0.0,1.542,2.122,0.0,2.487,1.542,2.487,0.0,0.0,0.0,0.0,2.122,0.0,0.0,1.542,0.0,1.542,0.0,0.0,0.0,0.0,2.122,0.0,1.542,0.0,1.542,0.0,1.542,0.0,0.0,0.0,0.0,2.122,1.542,0.0,2.122,0.0,2.122,0.0,2.487,0.0,0.0,0.0,3.137,0.0,0.0,0.0,0.0,0.0,1.542,0.0,0.0,0.0,1.542,0.0,0.0,0.0,0.0,2.122,0.0,0.0,1.542,1.542,0.0,0.0,2.122,0.0,1.542,0.0,0.0,1.542,3.631,0.0,0.0,0.0,1.542,0.0,0.0,0.0,0.0,0.0,2.122,3.414,1.542,1.542,0.0,0.0,1.542,3.137,0.0,0.0,0.0,1.542,0.0,1.542,0.0,0.0,1.542,0.0,4.892,0.0,0.0,0.0,0.0,0.0,0.0,0.0,0.0,0.0,0.0,0.0,0.0,0.0,1.542,0.0,0.0,1.542,0.0,0.0,0.0,0.0,0.0,2.122,0.0,0.0,0.0,2.122,0.0,1.542,0.0,0.0,0.0,0.0,2.122,0.0,0.0,1.542,2.122,0.0,0.0,0.0,0.0,1.542,1.542,0.0,0.0,0.0,0.0,1.542
Dendritische Zelle,0.0,0.0,0.0,2.118,0.0,0.0,0.0,0.0,0.0,0.0,0.0,0.0,1.539,0.0,0.0,0.0,0.0,0.0,1.539,0.0,0.0,0.0,1.539,0.0,0.0,0.0,0.0,0.0,2.118,0.0,0.0,1.539,0.0,0.0,1.539,1.539,0.0,0.0,2.483,0.0,0.0,1.539,0.0,0.0,2.483,0.0,0.0,1.539,1.539,3.133,0.0,2.749,0.0,0.0,2.749,3.883,0.0,0.0,0.0,0.0,0.0,0.0,0.0,0.0,0.0,0.0,0.0,0.0,2.749,0.0,3.524,0.0,1.539,0.0,0.0,0.0,0.0,0.0,0.0,0.0,2.118,0.0,0.0,0.0,2.483,1.539,0.0,0.0,0.0,0.0,0.0,0.0,0.0,0.0,1.539,0.0,1.539,0.0,2.118,0.0,0.0,1.539,3.626,0.0,0.0,0.0,0.0,0.0,0.0,0.0,1.539,1.539,1.539,1.539,0.0,1.539,1.539,1.539,0.0,0.0,0.0,2.118,0.0,0.0,0.0,1.539,0.0,0.0,0.0,0.0,1.539,0.0,0.0,2.118,1.539,0.0,0.0,2.118,0.0,0.0,0.0,1.539,0.0,2.118,2.118,2.118,0.0,2.118,0.0,1.539,0.0,0.0,2.118,0.0,0.0,0.0,0.0,0.0,0.0,0.0,0.0,2.483,0.0,1.539,0.0,0.0,0.0,0.0,0.0,0.0,0.0,2.483,0.0,1.539,0.0,0.0,0.0,0.0,0.0,0.0,0.0,0.0,0.0,0.0,0.0,0.0,0.0,1.539,0.0,0.0,0.0,0.0,0.0,2.959,0.0,1.539,0.0,0.0,0.0,1.539,0.0,1.539,2.483,0.0,0.0,0.0,0.0,0.0,0.0,3.804,0.0,1.539,0.0,2.749,1.539,0.0,0.0,0.0,0.0,2.483,0.0,0.0,0.0,0.0,0.0,0.0,0.0,0.0,0.0,0.0,1.539,3.524,3.41,0.0,2.118,1.539,3.524,2.483,3.41,2.118,2.118,1.539,0.0,0.0,3.719,2.118,0.0,0.0,0.0,2.118,0.0,0.0,1.539,0.0,1.539,1.539,0.0,0.0,0.0,0.0,0.0,0.0,0.0,0.0,0.0,1.539,0.0,0.0,2.483,0.0,1.539,0.0,1.539,2.118,1.539,0.0,1.539,0.0,0.0,0.0,2.483,0.0,0.0,0.0,0.0,0.0,0.0,0.0,0.0,0.0,0.0,0.0,0.0,0.0,1.539,0.0,0.0,1.539,2.118,0.0,0.0,0.0,0.0,0.0,0.0,2.118,0.0,0.0,0.0,0.0,2.118,2.749,0.0,0.0,1.539,0.0,2.118,0.0,0.0,0.0,0.0,0.0,0.0,1.539,1.539,1.539,0.0,1.539,0.0,0.0,1.539,0.0,1.539,0.0,0.0,0.0,0.0,0.0,0.0,0.0,0.0,0.0,0.0,0.0,0.0,1.539,0.0,1.539,2.483,2.483,0.0,0.0,0.0,0.0,0.0,0.0,0.0,2.118,0.0,0.0,0.0,0.0,0.0,0.0,0.0,0.0,1.539,2.118,3.133,0.0,0.0,0.0,0.0,1.539,0.0,0.0,0.0,0.0,0.0,2.959,0.0,0.0,0.0,0.0,0.0,0.0,1.539,0.0,2.483,0.0,2.118,1.539,2.959,0.0,0.0,0.0,0.0,0.0,0.0,0.0,0.0,0.0,0.0,1.539,0.0,0.0,0.0,0.0,3.524,2.118,0.0,2.118,0.0,0.0,2.118,0.0,1.539,0.0,1.539,0.0,0.0,2.483,0.0,0.0,0.0,0.0,0.0,0.0,0.0,0.0,1.539,0.0,0.0,0.0,0.0,2.118,0.0,1.539,2.118,2.118,1.539,1.539,3.133,2.483,0.0,0.0,1.539,0.0,1.539,0.0,2.118,0.0,0.0,0.0,1.539,2.118,1.539,0.0,0.0,1.539,0.0,0.0,0.0,0.0,0.0,0.0,0.0,0.0,0.0,0.0,1.539,0.0,0.0,1.539,1.539,0.0,0.0,2.483,0.0,1.539,0.0,2.118,0.0,0.0,2.118,0.0,1.539,2.959,0.0,0.0,0.0,2.483,1.539,2.118,0.0,0.0,0.0,0.0,2.118,0.0,0.0,0.0,0.0,0.0,0.0,1.539,1.539,0.0,0.0,0.0,0.0,0.0,0.0,0.0,0.0,0.0,1.539,2.749,0.0,0.0,2.749,1.539,0.0,0.0,2.118,0.0,0.0,0.0,1.539,0.0,0.0,3.133,0.0,2.118,2.118,1.539,1.539,1.539,0.0,0.0,1.539,0.0,0.0,0.0,1.539,1.539,0.0,0.0,0.0,0.0,1.539,2.749,0.0,0.0,0.0,0.0,0.0,0.0,0.0,1.539,0.0,0.0,0.0,0.0,0.0,0.0,0.0,0.0,0.0,0.0,0.0,0.0,0.0,0.0,0.0,0.0,0.0,0.0,0.0,0.0,0.0,0.0,0.0,1.539,0.0,0.0,0.0,0.0,0.0,0.0,1.539,0.0,0.0,0.0,2.118,0.0,0.0,1.539,0.0,0.0,0.0,2.483,0.0,2.118,1.539,0.0,0.0,1.539,0.0,0.0,0.0,0.0,0.0,1.539,0.0,0.0,0.0,0.0,0.0,1.539,2.749,1.539,1.539,0.0,0.0,0.0,1.539,1.539,0.0,2.118,0.0,1.539,0.0,0.0,0.0,0.0,0.0,0.0,1.539,1.539,0.0,3.133,2.118,1.539,0.0,0.0,0.0,0.0,0.0,0.0,0.0,0.0,0.0,2.118,1.539,2.749,1.539,2.118,0.0,2.118,0.0,2.118,1.539,0.0,0.0,0.0,0.0,0.0,0.0,1.539,0.0,0.0,0.0,0.0,0.0,0.0,1.539,1.539,0.0,0.0,1.539,2.118,0.0,0.0,0.0,0.0,2.483,3.41,0.0,1.539,0.0,2.118,0.0,0.0,2.118,0.0,1.539,1.539,0.0,1.539,1.539,1.539,0.0,0.0,3.41,0.0,0.0,0.0,1.539,0.0,1.539,0.0,0.0,0.0,1.539,4.565,0.0,1.539,0.0,1.539,1.539,0.0,1.539,1.539,4.202,0.0,0.0,0.0,0.0,0.0,1.539,0.0,0.0,0.0,0.0,0.0,0.0,0.0,1.539,1.539,0.0,0.0,1.539,1.539,0.0,1.539,0.0,1.539,0.0,0.0,0.0,2.749,0.0,0.0,0.0,2.118,0.0,0.0,1.539,1.539,0.0,2.749,0.0,0.0,0.0
T-Zelle,0.0,0.0,0.0,1.31,0.0,0.0,0.0,0.0,0.0,0.0,0.0,0.0,0.0,0.0,1.31,0.0,0.0,3.233,0.0,0.0,0.0,0.0,1.31,1.31,0.0,1.858,0.0,1.31,1.858,0.0,0.0,1.31,0.0,1.858,0.0,1.31,0.0,0.0,2.21,0.0,1.31,0.0,1.31,0.0,0.0,0.0,0.0,1.858,1.858,0.0,0.0,1.31,1.31,0.0,2.847,3.588,0.0,1.31,0.0,0.0,1.858,0.0,1.31,0.0,0.0,0.0,1.31,0.0,0.0,0.0,0.0,0.0,1.31,0.0,0.0,0.0,0.0,1.31,0.0,0.0,1.858,0.0,2.21,0.0,1.858,1.858,0.0,0.0,0.0,0.0,2.21,2.21,0.0,0.0,1.31,0.0,0.0,1.31,1.858,0.0,0.0,0.0,0.0,0.0,1.31,1.31,0.0,0.0,0.0,0.0,1.31,1.858,2.21,1.31,1.858,0.0,1.31,0.0,0.0,0.0,0.0,1.31,0.0,0.0,0.0,0.0,0.0,0.0,1.31,0.0,0.0,0.0,0.0,1.31,1.31,1.31,0.0,1.31,0.0,2.47,0.0,1.31,1.31,1.31,1.31,0.0,0.0,0.0,0.0,0.0,0.0,0.0,1.31,0.0,0.0,0.0,1.31,0.0,0.0,0.0,0.0,2.21,0.0,0.0,0.0,0.0,1.31,0.0,0.0,0.0,0.0,0.0,0.0,0.0,0.0,1.31,0.0,0.0,0.0,0.0,1.858,0.0,0.0,0.0,1.858,1.31,0.0,0.0,1.31,1.31,0.0,1.31,0.0,0.0,0.0,0.0,1.858,0.0,0.0,0.0,1.31,0.0,1.31,0.0,0.0,0.0,0.0,0.0,2.21,1.31,0.0,2.47,1.31,1.31,1.31,0.0,0.0,2.21,0.0,0.0,1.31,0.0,0.0,0.0,0.0,0.0,0.0,0.0,0.0,0.0,4.533,1.858,0.0,0.0,0.0,1.31,0.0,1.31,1.31,0.0,0.0,0.0,0.0,0.0,0.0,0.0,0.0,0.0,0.0,0.0,1.31,1.31,0.0,0.0,1.31,0.0,0.0,1.31,0.0,1.858,0.0,1.31,0.0,0.0,1.858,1.31,0.0,0.0,1.31,1.31,0.0,0.0,1.858,1.858,0.0,0.0,0.0,0.0,0.0,1.31,1.31,0.0,0.0,0.0,1.31,0.0,1.31,0.0,0.0,0.0,0.0,0.0,0.0,0.0,0.0,1.31,0.0,1.858,0.0,1.858,0.0,0.0,0.0,0.0,0.0,1.31,0.0,1.31,0.0,1.31,0.0,2.47,0.0,0.0,0.0,0.0,0.0,0.0,0.0,0.0,0.0,1.31,0.0,0.0,1.858,0.0,0.0,0.0,0.0,0.0,0.0,1.31,0.0,0.0,0.0,0.0,0.0,0.0,1.31,0.0,0.0,0.0,0.0,0.0,0.0,0.0,0.0,1.858,0.0,1.31,1.31,0.0,0.0,1.858,1.858,0.0,0.0,1.31,1.31,1.31,0.0,1.31,1.31,1.31,0.0,0.0,1.31,0.0,0.0,0.0,1.31,0.0,0.0,0.0,0.0,0.0,1.31,1.31,0.0,3.12,0.0,0.0,0.0,1.858,0.0,1.31,1.31,0.0,1.31,1.858,0.0,1.858,1.31,1.31,3.588,0.0,0.0,0.0,1.858,2.21,0.0,1.31,0.0,0.0,0.0,0.0,1.31,0.0,1.31,0.0,0.0,0.0,0.0,1.858,0.0,0.0,0.0,0.0,1.31,0.0,0.0,0.0,0.0,0.0,0.0,0.0,0.0,0.0,1.858,1.31,0.0,1.31,0.0,1.31,0.0,0.0,0.0,0.0,0.0,1.858,3.12,0.0,0.0,0.0,0.0,0.0,1.31,0.0,1.31,0.0,0.0,2.21,1.31,0.0,0.0,0.0,1.31,2.993,0.0,0.0,0.0,2.21,0.0,0.0,0.0,0.0,1.31,0.0,0.0,0.0,1.31,0.0,0.0,0.0,2.847,0.0,1.31,1.858,1.31,2.47,0.0,0.0,0.0,1.31,1.31,1.31,0.0,0.0,0.0,1.858,1.31,2.47,1.858,0.0,0.0,0.0,2.47,0.0,1.858,0.0,1.31,0.0,1.31,0.0,0.0,0.0,0.0,1.31,0.0,0.0,0.0,0.0,0.0,0.0,0.0,0.0,1.858,1.858,0.0,0.0,0.0,1.31,0.0,0.0,0.0,0.0,1.31,0.0,0.0,0.0,0.0,0.0,0.0,2.21,1.31,1.858,0.0,1.31,0.0,0.0,0.0,0.0,0.0,2.21,0.0,0.0,0.0,2.21,0.0,0.0,0.0,1.31,0.0,0.0,1.858,1.858,1.31,0.0,0.0,0.0,1.858,0.0,1.858,0.0,0.0,0.0,0.0,0.0,1.31,1.31,1.31,1.31,2.21,3.588,0.0,1.31,0.0,0.0,1.31,1.31,2.47,0.0,1.858,0.0,0.0,0.0,0.0,0.0,0.0,0.0,0.0,0.0,0.0,1.858,1.31,0.0,1.858,0.0,0.0,0.0,1.31,0.0,0.0,0.0,0.0,0.0,0.0,1.31,1.31,0.0,0.0,0.0,1.858,0.0,0.0,1.858,1.31,0.0,0.0,1.858,1.858,0.0,1.858,0.0,0.0,0.0,2.21,0.0,0.0,1.858,1.31,0.0,1.858,0.0,0.0,0.0,0.0,0.0,0.0,0.0,0.0,0.0,0.0,0.0,0.0,1.31,0.0,0.0,1.31,0.0,0.0,0.0,0.0,2.21,1.31,2.21,0.0,1.858,0.0,0.0,2.21,0.0,1.858,0.0,0.0,0.0,0.0,0.0,1.31,0.0,0.0,0.0,0.0,0.0,1.31,1.31,0.0,0.0,0.0,1.31,0.0,1.858,0.0,1.31,0.0,0.0,1.858,3.588,2.21,0.0,0.0,0.0,0.0,0.0,1.31,1.31,1.31,0.0,0.0,0.0,1.858,0.0,0.0,1.31,0.0,0.0,0.0,0.0,0.0,0.0,0.0,0.0,0.0,0.0,0.0,3.334,0.0,2.21,0.0,2.676,0.0,0.0,0.0,0.0,1.858,0.0,0.0,0.0,0.0,0.0,0.0,0.0,0.0,0.0,0.0,0.0,0.0,0.0,1.858,0.0,1.31,0.0,0.0,0.0,1.31,0.0,0.0,1.31,0.0,0.0,0.0,0.0,0.0,1.858,0.0,1.858,0.0,0.0,1.31,1.31,1.31,1.31,0.0,0.0,0.0
T-Zelle,0.0,0.0,0.0,0.0,0.0,0.0,1.396,0.0,0.0,0.0,0.0,0.0,0.0,0.0,1.396,0.0,0.0,2.957,0.0,0.0,0.0,1.396,0.0,0.0,0.0,0.0,0.0,1.396,0.0,0.0,0.0,1.396,0.0,1.396,0.0,0.0,0.0,0.0,1.396,0.0,0.0,0.0,1.396,0.0,1.957,0.0,0.0,0.0,1.396,0.0,0.0,1.957,0.0,0.0,2.314,2.314,0.0,2.577,0.0,1.396,0.0,0.0,1.957,0.0,0.0,0.0,1.396,2.314,0.0,0.0,0.0,0.0,0.0,0.0,1.396,0.0,0.0,0.0,0.0,1.396,1.957,1.396,1.396,0.0,0.0,0.0,0.0,0.0,0.0,0.0,1.396,2.314,0.0,0.0,0.0,0.0,0.0,0.0,0.0,0.0,0.0,1.396,0.0,0.0,0.0,0.0,0.0,0.0,0.0,0.0,0.0,1.957,1.957,0.0,0.0,0.0,0.0,0.0,0.0,1.396,1.396,0.0,0.0,0.0,0.0,0.0,0.0,0.0,0.0,1.396,0.0,0.0,0.0,0.0,0.0,0.0,0.0,1.396,1.396,0.0,0.0,0.0,0.0,1.396,0.0,0.0,0.0,0.0,0.0,0.0,0.0,0.0,0.0,0.0,0.0,0.0,0.0,0.0,0.0,0.0,0.0,1.957,0.0,0.0,1.957,0.0,0.0,0.0,0.0,0.0,0.0,0.0,0.0,0.0,0.0,0.0,0.0,0.0,0.0,1.957,0.0,0.0,0.0,0.0,1.396,1.396,0.0,1.396,1.396,1.396,1.396,0.0,1.396,1.396,1.396,1.396,0.0,0.0,0.0,0.0,0.0,0.0,1.957,0.0,0.0,0.0,0.0,0.0,1.396,0.0,0.0,3.345,0.0,1.957,2.577,0.0,0.0,0.0,0.0,0.0,0.0,1.396,0.0,0.0,0.0,0.0,0.0,1.396,0.0,0.0,3.345,0.0,0.0,0.0,2.577,0.0,0.0,0.0,0.0,0.0,0.0,0.0,0.0,0.0,0.0,0.0,0.0,1.396,0.0,1.396,1.396,1.396,1.396,1.396,0.0,0.0,0.0,1.396,0.0,0.0,0.0,0.0,0.0,0.0,1.396,1.396,0.0,0.0,0.0,0.0,0.0,0.0,0.0,3.103,0.0,0.0,1.957,0.0,0.0,0.0,1.957,0.0,0.0,0.0,1.396,1.957,0.0,0.0,0.0,1.396,0.0,0.0,0.0,0.0,0.0,1.396,0.0,1.957,0.0,1.396,0.0,0.0,0.0,0.0,0.0,0.0,0.0,1.957,0.0,0.0,0.0,2.577,0.0,0.0,0.0,2.577,0.0,0.0,0.0,0.0,0.0,1.396,0.0,0.0,2.314,0.0,0.0,0.0,0.0,0.0,0.0,0.0,0.0,0.0,0.0,0.0,0.0,0.0,1.396,0.0,0.0,0.0,0.0,0.0,0.0,0.0,0.0,1.396,0.0,0.0,0.0,0.0,0.0,2.577,1.396,0.0,0.0,1.396,1.396,1.396,0.0,0.0,0.0,1.396,0.0,0.0,0.0,0.0,0.0,0.0,0.0,0.0,1.396,0.0,1.957,0.0,0.0,1.396,0.0,2.314,0.0,0.0,0.0,0.0,0.0,1.396,1.396,0.0,2.577,2.314,1.396,0.0,0.0,1.396,2.785,0.0,0.0,0.0,1.396,0.0,0.0,0.0,1.957,1.396,0.0,0.0,0.0,1.396,1.396,2.314,0.0,0.0,0.0,0.0,0.0,0.0,0.0,1.396,2.314,0.0,0.0,0.0,0.0,0.0,0.0,0.0,0.0,0.0,0.0,0.0,0.0,0.0,0.0,0.0,0.0,1.396,1.396,0.0,0.0,0.0,1.957,1.396,2.785,0.0,1.396,0.0,0.0,0.0,1.957,0.0,0.0,0.0,0.0,0.0,0.0,1.396,1.957,2.314,1.396,0.0,0.0,1.957,1.396,0.0,0.0,0.0,0.0,0.0,0.0,0.0,0.0,1.396,0.0,0.0,3.231,0.0,0.0,1.396,0.0,3.539,0.0,1.396,0.0,1.957,2.314,0.0,0.0,0.0,0.0,0.0,0.0,3.701,1.396,0.0,1.396,1.396,2.314,0.0,0.0,1.957,0.0,0.0,0.0,0.0,0.0,0.0,0.0,0.0,0.0,0.0,1.396,1.957,0.0,0.0,0.0,0.0,1.396,0.0,0.0,0.0,0.0,1.396,0.0,0.0,1.957,1.396,0.0,0.0,0.0,0.0,0.0,0.0,0.0,1.396,2.314,0.0,0.0,1.396,0.0,0.0,1.957,0.0,0.0,0.0,0.0,0.0,0.0,1.396,0.0,0.0,1.396,0.0,0.0,0.0,0.0,0.0,0.0,0.0,0.0,0.0,2.577,0.0,0.0,0.0,0.0,0.0,0.0,0.0,1.396,0.0,1.396,0.0,0.0,2.957,0.0,0.0,1.396,0.0,0.0,0.0,0.0,0.0,0.0,0.0,1.396,0.0,0.0,0.0,0.0,0.0,0.0,1.957,0.0,0.0,1.396,0.0,2.314,1.396,0.0,1.396,0.0,0.0,0.0,1.396,0.0,1.396,1.396,0.0,0.0,0.0,0.0,0.0,0.0,0.0,0.0,0.0,0.0,0.0,1.396,0.0,0.0,0.0,1.396,0.0,0.0,0.0,0.0,0.0,0.0,0.0,1.396,0.0,0.0,0.0,0.0,0.0,1.396,0.0,0.0,0.0,0.0,0.0,0.0,0.0,1.396,0.0,1.957,0.0,1.396,0.0,0.0,2.314,0.0,0.0,0.0,0.0,0.0,1.396,0.0,0.0,1.396,1.396,1.957,0.0,0.0,2.314,0.0,0.0,1.396,1.396,0.0,0.0,0.0,0.0,1.396,0.0,0.0,0.0,0.0,0.0,0.0,1.957,0.0,1.396,0.0,0.0,2.314,2.314,0.0,0.0,0.0,0.0,0.0,1.396,1.396,0.0,2.314,0.0,1.396,0.0,1.957,0.0,0.0,1.396,0.0,0.0,0.0,0.0,0.0,0.0,0.0,0.0,0.0,1.957,0.0,3.345,0.0,0.0,0.0,2.577,0.0,0.0,1.396,0.0,0.0,0.0,0.0,1.396,0.0,0.0,0.0,1.396,0.0,1.396,1.396,0.0,0.0,0.0,0.0,0.0,0.0,0.0,1.396,0.0,1.396,0.0,0.0,1.396,0.0,0.0,0.0,0.0,0.0,0.0,0.0,2.577,0.0,1.396,1.396,1.396,0.0,1.957,0.0,2.577,0.0
Monozyt,1.523,0.0,1.523,0.0,0.0,0.0,0.0,0.0,0.0,0.0,2.731,0.0,3.505,3.262,1.523,0.0,0.0,2.101,1.523,0.0,0.0,0.0,0.0,1.523,2.101,1.523,0.0,0.0,0.0,1.523,0.0,1.523,0.0,0.0,1.523,0.0,0.0,1.523,0.0,0.0,0.0,2.101,0.0,0.0,2.731,0.0,0.0,0.0,0.0,3.505,0.0,3.114,2.465,0.0,3.505,3.785,0.0,1.523,0.0,0.0,0.0,0.0,0.0,0.0,0.0,1.523,1.523,0.0,3.7,0.0,3.785,0.0,0.0,0.0,2.101,0.0,0.0,0.0,0.0,0.0,2.101,0.0,0.0,0.0,0.0,0.0,0.0,0.0,1.523,0.0,0.0,2.465,0.0,0.0,0.0,0.0,0.0,0.0,1.523,0.0,0.0,0.0,0.0,0.0,0.0,0.0,0.0,0.0,0.0,0.0,0.0,0.0,0.0,0.0,0.0,1.523,1.523,0.0,0.0,0.0,0.0,0.0,0.0,0.0,0.0,0.0,0.0,0.0,0.0,0.0,0.0,0.0,0.0,0.0,0.0,0.0,0.0,0.0,0.0,2.731,0.0,0.0,0.0,2.101,0.0,0.0,1.523,0.0,0.0,0.0,1.523,0.0,0.0,1.523,1.523,0.0,0.0,0.0,1.523,0.0,1.523,2.941,0.0,2.731,1.523,0.0,1.523,0.0,0.0,0.0,0.0,0.0,0.0,1.523,0.0,0.0,0.0,0.0,0.0,0.0,2.101,0.0,0.0,0.0,0.0,0.0,2.101,0.0,0.0,0.0,1.523,0.0,0.0,0.0,0.0,2.101,2.465,0.0,0.0,1.523,0.0,1.523,0.0,0.0,0.0,0.0,0.0,0.0,0.0,4.467,0.0,2.465,0.0,2.101,0.0,0.0,0.0,1.523,0.0,0.0,0.0,0.0,0.0,0.0,1.523,0.0,1.523,0.0,1.523,0.0,0.0,3.607,4.067,0.0,2.101,2.101,3.936,3.391,3.863,2.731,2.465,1.523,1.523,2.101,3.936,3.785,0.0,1.523,0.0,1.523,0.0,0.0,1.523,0.0,0.0,0.0,0.0,2.465,0.0,0.0,0.0,1.523,0.0,0.0,0.0,0.0,0.0,0.0,2.101,0.0,0.0,0.0,1.523,2.101,0.0,0.0,1.523,0.0,0.0,0.0,2.101,0.0,0.0,0.0,0.0,1.523,0.0,0.0,0.0,0.0,0.0,1.523,0.0,0.0,0.0,0.0,0.0,1.523,0.0,0.0,0.0,0.0,0.0,0.0,0.0,0.0,0.0,0.0,0.0,2.101,0.0,0.0,2.101,0.0,0.0,1.523,2.465,1.523,0.0,0.0,0.0,0.0,0.0,0.0,0.0,0.0,0.0,0.0,0.0,0.0,1.523,0.0,0.0,0.0,0.0,0.0,0.0,0.0,0.0,1.523,0.0,0.0,1.523,0.0,0.0,0.0,0.0,0.0,1.523,3.7,0.0,0.0,0.0,0.0,0.0,1.523,0.0,1.523,1.523,0.0,0.0,1.523,0.0,0.0,1.523,0.0,1.523,1.523,3.262,0.0,0.0,0.0,0.0,0.0,1.523,0.0,0.0,0.0,0.0,2.101,0.0,0.0,0.0,1.523,0.0,0.0,1.523,0.0,3.391,1.523,0.0,2.101,3.505,0.0,3.262,0.0,0.0,0.0,1.523,0.0,1.523,0.0,0.0,0.0,0.0,0.0,0.0,2.101,3.607,0.0,3.114,1.523,0.0,2.101,0.0,0.0,0.0,0.0,1.523,0.0,0.0,1.523,0.0,2.101,1.523,0.0,0.0,0.0,0.0,0.0,0.0,0.0,1.523,1.523,0.0,0.0,0.0,0.0,1.523,2.731,0.0,2.101,2.731,2.101,0.0,0.0,0.0,0.0,1.523,0.0,2.941,0.0,0.0,0.0,0.0,1.523,1.523,0.0,0.0,0.0,0.0,0.0,0.0,0.0,0.0,0.0,0.0,0.0,0.0,0.0,0.0,0.0,0.0,0.0,0.0,0.0,0.0,1.523,0.0,1.523,0.0,0.0,0.0,0.0,2.101,0.0,0.0,3.607,0.0,1.523,0.0,2.731,0.0,1.523,0.0,0.0,2.101,1.523,1.523,0.0,0.0,0.0,0.0,0.0,0.0,2.101,1.523,0.0,0.0,0.0,0.0,0.0,0.0,1.523,0.0,0.0,2.731,2.101,1.523,0.0,0.0,0.0,0.0,0.0,2.465,2.465,2.101,0.0,2.101,0.0,0.0,0.0,0.0,2.465,0.0,0.0,0.0,0.0,0.0,0.0,0.0,0.0,1.523,1.523,0.0,1.523,0.0,2.101,0.0,0.0,0.0,2.941,2.101,1.523,0.0,0.0,0.0,1.523,0.0,0.0,0.0,0.0,0.0,0.0,0.0,0.0,0.0,0.0,0.0,0.0,0.0,0.0,2.101,0.0,0.0,0.0,0.0,0.0,0.0,0.0,0.0,0.0,0.0,0.0,0.0,0.0,0.0,2.101,0.0,0.0,1.523,0.0,0.0,0.0,0.0,2.101,0.0,0.0,0.0,0.0,0.0,1.523,0.0,0.0,0.0,0.0,0.0,0.0,0.0,0.0,0.0,0.0,0.0,0.0,2.101,1.523,0.0,2.465,0.0,1.523,2.941,0.0,1.523,0.0,0.0,0.0,1.523,0.0,1.523,0.0,0.0,0.0,0.0,2.101,0.0,0.0,1.523,1.523,0.0,0.0,0.0,4.425,0.0,0.0,0.0,0.0,2.101,0.0,1.523,0.0,0.0,1.523,0.0,0.0,0.0,2.731,2.465,0.0,0.0,2.731,0.0,0.0,2.465,0.0,0.0,0.0,0.0,0.0,0.0,0.0,0.0,0.0,0.0,0.0,2.465,0.0,0.0,2.101,0.0,0.0,2.101,0.0,0.0,0.0,0.0,0.0,1.523,3.391,0.0,0.0,1.523,0.0,0.0,0.0,1.523,0.0,0.0,3.114,0.0,2.101,1.523,1.523,0.0,2.731,3.7,0.0,0.0,0.0,0.0,0.0,1.523,0.0,0.0,0.0,1.523,5.409,0.0,2.101,0.0,0.0,0.0,0.0,0.0,0.0,0.0,0.0,0.0,0.0,0.0,1.523,2.465,1.523,1.523,0.0,0.0,0.0,0.0,0.0,0.0,1.523,0.0,0.0,0.0,2.101,2.101,0.0,0.0,1.523,0.0,0.0,0.0,0.0,0.0,2.101,0.0,0.0,0.0,0.0,0.0,2.101,0.0,3.114,0.0,0.0,1.523
B-Zelle,0.0,0.0,0.0,2.424,0.0,0.0,1.489,0.0,0.0,0.0,0.0,0.0,0.0,0.0,1.489,0.0,0.0,2.689,0.0,0.0,0.0,0.0,0.0,0.0,0.0,1.489,0.0,0.0,1.489,0.0,0.0,1.489,0.0,0.0,1.489,0.0,0.0,0.0,1.489,0.0,0.0,0.0,0.0,0.0,0.0,0.0,0.0,0.0,0.0,0.0,1.489,2.062,0.0,0.0,2.062,1.489,0.0,1.489,1.489,0.0,0.0,1.489,1.489,0.0,0.0,0.0,0.0,0.0,0.0,0.0,0.0,0.0,0.0,0.0,1.489,0.0,0.0,0.0,0.0,0.0,0.0,0.0,0.0,0.0,1.489,1.489,0.0,0.0,0.0,0.0,0.0,0.0,0.0,0.0,2.689,0.0,0.0,0.0,0.0,0.0,0.0,0.0,1.489,0.0,0.0,0.0,0.0,0.0,0.0,0.0,0.0,1.489,0.0,0.0,0.0,1.489,0.0,0.0,0.0,0.0,0.0,1.489,0.0,0.0,0.0,0.0,0.0,0.0,0.0,0.0,0.0,0.0,0.0,0.0,0.0,0.0,0.0,1.489,0.0,1.489,0.0,0.0,0.0,0.0,0.0,0.0,0.0,0.0,0.0,0.0,2.899,0.0,1.489,0.0,2.062,0.0,0.0,0.0,2.424,0.0,1.489,2.424,1.489,0.0,2.062,0.0,0.0,0.0,0.0,0.0,0.0,0.0,0.0,0.0,0.0,0.0,0.0,0.0,4.878,0.0,0.0,0.0,0.0,0.0,2.062,1.489,0.0,1.489,2.424,0.0,0.0,0.0,0.0,0.0,0.0,2.062,0.0,0.0,0.0,0.0,0.0,0.0,2.062,0.0,0.0,0.0,4.139,0.0,0.0,4.243,0.0,2.689,1.489,1.489,2.424,0.0,0.0,0.0,1.489,0.0,0.0,0.0,0.0,0.0,0.0,0.0,0.0,0.0,0.0,0.0,0.0,0.0,0.0,0.0,2.689,0.0,0.0,2.689,2.899,2.062,1.489,1.489,0.0,1.489,2.062,0.0,1.489,1.489,0.0,2.689,0.0,1.489,0.0,0.0,0.0,0.0,2.424,0.0,0.0,0.0,0.0,0.0,1.489,0.0,0.0,0.0,1.489,0.0,0.0,0.0,0.0,0.0,1.489,2.062,0.0,0.0,0.0,0.0,0.0,0.0,2.689,0.0,0.0,0.0,0.0,0.0,0.0,0.0,1.489,0.0,0.0,0.0,0.0,0.0,0.0,1.489,0.0,0.0,0.0,1.489,0.0,0.0,0.0,0.0,0.0,1.489,0.0,1.489,0.0,0.0,0.0,0.0,0.0,0.0,0.0,2.424,0.0,0.0,0.0,0.0,0.0,0.0,1.489,1.489,2.062,0.0,0.0,1.489,0.0,1.489,1.489,0.0,4.139,0.0,0.0,0.0,2.424,0.0,0.0,0.0,2.424,0.0,1.489,0.0,1.489,0.0,0.0,0.0,0.0,0.0,0.0,0.0,0.0,1.489,1.489,0.0,0.0,0.0,2.424,0.0,1.489,0.0,0.0,2.062,0.0,1.489,0.0,0.0,0.0,0.0,1.489,1.489,0.0,0.0,0.0,0.0,0.0,0.0,0.0,3.742,0.0,1.489,0.0,0.0,0.0,0.0,0.0,2.062,2.062,2.062,0.0,1.489,0.0,2.062,2.689,1.489,0.0,2.062,0.0,0.0,0.0,0.0,0.0,1.489,0.0,0.0,0.0,0.0,0.0,0.0,0.0,0.0,0.0,0.0,0.0,0.0,0.0,0.0,0.0,0.0,0.0,0.0,0.0,0.0,1.489,0.0,0.0,0.0,0.0,0.0,0.0,0.0,0.0,1.489,0.0,0.0,1.489,0.0,0.0,2.062,2.062,0.0,2.689,0.0,0.0,0.0,0.0,1.489,2.424,0.0,0.0,0.0,2.062,0.0,0.0,0.0,0.0,0.0,0.0,0.0,2.062,2.689,0.0,0.0,0.0,0.0,0.0,0.0,0.0,0.0,0.0,0.0,0.0,0.0,2.062,2.062,1.489,2.062,2.062,2.424,0.0,0.0,0.0,1.489,0.0,0.0,0.0,0.0,0.0,0.0,0.0,0.0,2.424,0.0,0.0,0.0,1.489,0.0,1.489,1.489,0.0,0.0,0.0,0.0,0.0,0.0,0.0,0.0,0.0,0.0,0.0,0.0,0.0,0.0,1.489,0.0,1.489,1.489,0.0,0.0,0.0,1.489,0.0,0.0,3.348,0.0,1.489,0.0,0.0,1.489,0.0,0.0,0.0,2.062,2.062,0.0,0.0,1.489,2.062,0.0,1.489,0.0,0.0,0.0,0.0,0.0,0.0,1.489,0.0,2.424,0.0,3.564,2.062,2.062,0.0,1.489,0.0,0.0,0.0,0.0,3.462,0.0,0.0,0.0,0.0,2.689,0.0,0.0,0.0,0.0,0.0,0.0,0.0,0.0,0.0,1.489,1.489,3.462,0.0,0.0,0.0,0.0,0.0,0.0,2.062,0.0,0.0,0.0,0.0,0.0,0.0,0.0,0.0,0.0,1.489,0.0,2.062,0.0,0.0,2.424,0.0,0.0,0.0,0.0,0.0,0.0,0.0,0.0,0.0,0.0,0.0,0.0,0.0,0.0,0.0,0.0,0.0,0.0,0.0,0.0,1.489,1.489,1.489,0.0,0.0,0.0,0.0,0.0,1.489,0.0,0.0,0.0,0.0,0.0,0.0,0.0,0.0,0.0,0.0,0.0,0.0,0.0,0.0,0.0,1.489,0.0,0.0,0.0,0.0,0.0,0.0,2.689,0.0,1.489,0.0,1.489,0.0,0.0,0.0,0.0,2.062,0.0,1.489,1.489,0.0,1.489,2.424,0.0,0.0,2.062,0.0,0.0,0.0,0.0,1.489,0.0,1.489,0.0,0.0,1.489,0.0,0.0,0.0,1.489,0.0,0.0,2.424,0.0,0.0,0.0,0.0,2.062,0.0,0.0,0.0,0.0,0.0,0.0,0.0,0.0,2.424,0.0,0.0,1.489,0.0,0.0,0.0,0.0,0.0,3.072,2.062,0.0,0.0,1.489,1.489,3.82,0.0,0.0,0.0,2.062,0.0,0.0,0.0,0.0,1.489,0.0,0.0,0.0,0.0,1.489,2.062,2.062,0.0,0.0,1.489,0.0,3.462,0.0,0.0,2.062,2.062,0.0,0.0,0.0,2.062,0.0,0.0,2.062,0.0,0.0,0.0,0.0,0.0,2.062,0.0,0.0,0.0,0.0,0.0,0.0,0.0,0.0,0.0,0.0,0.0
Dendritische Zelle,0.0,0.0,1.299,2.457,0.0,0.0,0.0,1.299,0.0,0.0,0.0,0.0,0.0,0.0,0.0,0.0,0.0,0.0,0.0,2.197,0.0,1.299,0.0,0.0,0.0,0.0,1.299,0.0,0.0,0.0,1.846,0.0,0.0,0.0,0.0,1.846,0.0,0.0,2.457,0.0,1.846,0.0,0.0,0.0,0.0,0.0,0.0,1.299,1.299,0.0,1.299,2.663,2.663,1.299,3.412,3.836,0.0,1.846,0.0,0.0,0.0,0.0,1.846,0.0,1.299,4.089,2.457,0.0,2.457,0.0,0.0,0.0,1.299,1.299,1.299,0.0,0.0,0.0,0.0,0.0,1.846,0.0,1.299,0.0,0.0,1.299,0.0,0.0,0.0,0.0,0.0,1.299,1.299,1.846,1.299,0.0,1.299,0.0,0.0,0.0,0.0,0.0,2.663,0.0,0.0,0.0,2.197,0.0,0.0,0.0,0.0,1.299,0.0,0.0,1.299,0.0,0.0,0.0,0.0,0.0,1.299,1.846,0.0,0.0,0.0,2.197,0.0,0.0,1.299,0.0,0.0,0.0,0.0,0.0,0.0,0.0,1.299,1.299,1.299,2.663,0.0,0.0,0.0,1.846,1.299,0.0,0.0,0.0,0.0,0.0,0.0,0.0,2.197,2.197,0.0,0.0,0.0,0.0,1.846,0.0,1.846,1.299,0.0,0.0,0.0,0.0,0.0,0.0,0.0,0.0,1.299,0.0,0.0,0.0,0.0,0.0,0.0,2.197,0.0,1.846,0.0,0.0,1.299,0.0,2.197,0.0,1.299,1.299,0.0,0.0,0.0,0.0,0.0,1.299,0.0,1.299,1.299,0.0,0.0,1.299,0.0,0.0,0.0,0.0,2.457,0.0,0.0,1.299,0.0,5.146,0.0,1.299,0.0,1.846,1.846,0.0,1.299,0.0,0.0,0.0,2.197,0.0,1.846,0.0,0.0,0.0,0.0,0.0,0.0,0.0,1.299,2.197,1.846,0.0,2.663,2.197,4.704,4.215,4.796,3.945,2.663,3.219,1.299,2.979,3.574,4.654,0.0,0.0,0.0,1.299,0.0,0.0,2.663,0.0,1.299,0.0,0.0,1.299,0.0,0.0,0.0,0.0,0.0,0.0,0.0,0.0,0.0,0.0,1.846,0.0,1.299,0.0,2.197,1.299,2.457,0.0,1.299,0.0,0.0,1.299,2.197,0.0,0.0,0.0,0.0,1.299,0.0,0.0,0.0,0.0,0.0,0.0,0.0,0.0,0.0,1.299,0.0,2.457,1.299,0.0,0.0,0.0,0.0,0.0,0.0,0.0,0.0,1.299,0.0,1.846,0.0,0.0,0.0,0.0,1.299,2.197,1.846,2.663,0.0,1.299,1.299,0.0,0.0,2.197,0.0,0.0,0.0,0.0,0.0,0.0,1.299,0.0,1.299,0.0,0.0,0.0,0.0,0.0,0.0,0.0,0.0,1.299,0.0,1.299,0.0,1.846,0.0,0.0,0.0,0.0,1.299,0.0,0.0,0.0,1.299,0.0,0.0,2.197,0.0,1.299,0.0,1.299,0.0,0.0,0.0,0.0,0.0,0.0,0.0,0.0,0.0,0.0,0.0,0.0,1.299,0.0,0.0,0.0,0.0,2.833,0.0,1.299,0.0,0.0,0.0,0.0,0.0,0.0,3.106,1.299,0.0,0.0,1.299,0.0,3.714,0.0,1.299,0.0,0.0,0.0,1.299,0.0,1.846,0.0,0.0,0.0,0.0,0.0,2.663,0.0,0.0,1.846,0.0,2.457,0.0,0.0,1.846,0.0,1.846,0.0,0.0,2.197,0.0,0.0,0.0,0.0,0.0,0.0,1.299,0.0,0.0,0.0,0.0,0.0,0.0,0.0,0.0,0.0,1.299,1.299,1.299,1.299,3.219,1.299,0.0,0.0,2.197,1.299,0.0,0.0,1.299,0.0,1.299,0.0,0.0,1.846,0.0,0.0,0.0,0.0,0.0,0.0,0.0,1.299,0.0,0.0,1.299,0.0,0.0,0.0,0.0,0.0,1.299,0.0,1.846,0.0,0.0,1.299,1.299,3.106,0.0,0.0,2.197,0.0,1.846,0.0,0.0,4.796,0.0,1.299,0.0,0.0,0.0,0.0,0.0,0.0,2.457,0.0,0.0,0.0,0.0,0.0,0.0,0.0,0.0,1.299,1.299,0.0,0.0,0.0,1.299,0.0,0.0,0.0,0.0,0.0,1.846,1.846,0.0,0.0,0.0,1.846,0.0,0.0,1.846,0.0,1.299,0.0,1.846,0.0,0.0,3.106,2.197,1.299,1.299,0.0,1.846,1.299,0.0,0.0,0.0,0.0,0.0,2.833,0.0,0.0,0.0,1.299,0.0,0.0,1.299,0.0,1.299,1.846,0.0,0.0,0.0,0.0,1.299,0.0,1.299,0.0,0.0,0.0,0.0,0.0,0.0,1.299,0.0,1.299,1.299,0.0,2.457,1.299,0.0,1.299,1.299,0.0,0.0,2.197,0.0,0.0,0.0,0.0,0.0,0.0,1.299,0.0,0.0,0.0,0.0,0.0,1.299,0.0,1.846,0.0,1.846,0.0,0.0,1.299,1.299,0.0,1.299,3.106,0.0,0.0,0.0,0.0,0.0,0.0,0.0,0.0,1.299,1.299,0.0,0.0,0.0,0.0,1.299,0.0,2.833,0.0,2.197,0.0,0.0,0.0,0.0,0.0,1.299,1.846,0.0,0.0,0.0,0.0,0.0,0.0,0.0,0.0,0.0,0.0,0.0,4.628,2.457,0.0,1.299,0.0,1.299,0.0,0.0,0.0,0.0,0.0,0.0,2.197,0.0,1.299,1.299,0.0,0.0,0.0,1.299,0.0,2.663,0.0,0.0,1.299,0.0,0.0,1.299,0.0,0.0,0.0,0.0,0.0,1.299,1.299,1.299,1.299,0.0,0.0,0.0,1.299,0.0,0.0,0.0,0.0,0.0,3.106,1.299,0.0,0.0,0.0,0.0,0.0,0.0,0.0,0.0,1.846,1.299,1.299,1.299,2.457,0.0,1.846,3.106,0.0,0.0,0.0,0.0,0.0,0.0,0.0,1.846,0.0,2.197,3.574,0.0,1.299,0.0,0.0,0.0,0.0,1.299,1.846,3.219,0.0,0.0,0.0,0.0,0.0,1.299,0.0,0.0,1.846,1.846,0.0,0.0,0.0,0.0,0.0,0.0,0.0,0.0,0.0,1.299,0.0,2.197,2.197,0.0,2.197,0.0,1.846,1.299,1.846,0.0,0.0,0.0,0.0,1.299,2.457,1.846,1.299,0.0,0.0,0.0
Monozyt,0.0,0.0,0.0,1.449,2.017,0.0,0.0,0.0,1.449,0.0,0.0,0.0,0.0,0.0,0.0,0.0,0.0,2.641,0.0,0.0,0.0,0.0,0.0,0.0,0.0,1.449,0.0,0.0,1.449,0.0,0.0,2.377,0.0,1.449,0.0,0.0,0.0,2.017,2.017,0.0,2.641,0.0,0.0,0.0,1.449,0.0,0.0,0.0,0.0,3.77,0.0,2.377,2.017,0.0,3.298,3.412,0.0,2.377,0.0,1.449,0.0,0.0,0.0,0.0,0.0,0.0,0.0,0.0,4.032,1.449,3.17,0.0,0.0,0.0,1.449,0.0,0.0,0.0,0.0,0.0,2.641,0.0,1.449,0.0,0.0,0.0,0.0,0.0,0.0,0.0,0.0,2.017,0.0,0.0,1.449,0.0,0.0,1.449,0.0,0.0,0.0,1.449,0.0,0.0,0.0,0.0,1.449,0.0,0.0,0.0,0.0,0.0,0.0,0.0,0.0,0.0,0.0,0.0,0.0,0.0,0.0,0.0,0.0,0.0,0.0,0.0,0.0,0.0,1.449,0.0,0.0,0.0,1.449,0.0,0.0,0.0,0.0,0.0,0.0,2.017,2.017,0.0,0.0,0.0,2.017,0.0,0.0,0.0,0.0,0.0,1.449,0.0,1.449,0.0,0.0,0.0,0.0,0.0,0.0,0.0,2.377,2.377,0.0,1.449,0.0,0.0,0.0,0.0,2.377,0.0,1.449,0.0,0.0,0.0,0.0,1.449,0.0,0.0,0.0,0.0,0.0,2.017,0.0,0.0,1.449,0.0,0.0,0.0,0.0,0.0,0.0,0.0,0.0,0.0,0.0,0.0,2.017,0.0,0.0,0.0,2.017,0.0,0.0,0.0,2.017,0.0,0.0,1.449,1.449,4.33,0.0,0.0,0.0,2.85,0.0,0.0,0.0,1.449,0.0,1.449,0.0,0.0,1.449,0.0,2.017,0.0,0.0,0.0,0.0,0.0,2.377,4.192,4.657,0.0,2.377,2.017,3.691,2.641,3.412,2.641,0.0,2.017,0.0,1.449,3.607,3.298,0.0,0.0,0.0,0.0,0.0,0.0,1.449,0.0,1.449,0.0,0.0,0.0,0.0,1.449,0.0,1.449,0.0,0.0,0.0,2.641,0.0,2.017,2.017,0.0,0.0,0.0,2.377,2.017,0.0,0.0,0.0,0.0,0.0,1.449,2.017,0.0,0.0,1.449,0.0,0.0,0.0,1.449,0.0,0.0,0.0,0.0,0.0,0.0,0.0,1.449,0.0,1.449,2.377,2.377,0.0,0.0,0.0,0.0,0.0,0.0,0.0,0.0,1.449,3.023,0.0,0.0,0.0,1.449,0.0,0.0,2.377,0.0,0.0,0.0,0.0,0.0,0.0,0.0,0.0,0.0,0.0,0.0,0.0,0.0,1.449,0.0,1.449,0.0,0.0,0.0,0.0,0.0,0.0,0.0,0.0,0.0,0.0,2.017,0.0,1.449,1.449,0.0,0.0,2.641,0.0,0.0,0.0,0.0,0.0,0.0,0.0,0.0,0.0,1.449,0.0,1.449,0.0,2.377,1.449,0.0,1.449,0.0,3.023,0.0,0.0,1.449,0.0,0.0,1.449,0.0,0.0,0.0,0.0,2.377,0.0,0.0,0.0,2.017,0.0,0.0,1.449,0.0,2.017,0.0,0.0,2.641,3.023,1.449,3.023,1.449,0.0,0.0,0.0,0.0,0.0,0.0,0.0,0.0,0.0,0.0,0.0,1.449,2.641,0.0,2.85,1.449,1.449,0.0,2.017,0.0,0.0,0.0,1.449,0.0,0.0,2.85,0.0,0.0,1.449,0.0,0.0,0.0,0.0,1.449,0.0,0.0,0.0,2.377,0.0,0.0,0.0,1.449,1.449,0.0,0.0,2.017,1.449,1.449,0.0,0.0,0.0,0.0,1.449,0.0,1.449,0.0,1.449,0.0,0.0,0.0,0.0,0.0,0.0,0.0,0.0,0.0,0.0,0.0,0.0,0.0,0.0,0.0,0.0,0.0,0.0,0.0,0.0,0.0,1.449,0.0,0.0,2.017,0.0,2.641,0.0,2.377,0.0,0.0,2.017,0.0,1.449,3.17,0.0,2.017,1.449,1.449,2.017,0.0,0.0,0.0,2.377,0.0,2.377,0.0,0.0,0.0,0.0,0.0,0.0,0.0,1.449,0.0,0.0,0.0,0.0,0.0,0.0,0.0,0.0,0.0,2.641,2.377,0.0,0.0,0.0,0.0,0.0,0.0,1.449,1.449,0.0,0.0,0.0,0.0,0.0,2.377,0.0,2.017,0.0,0.0,0.0,1.449,0.0,0.0,0.0,1.449,0.0,1.449,0.0,0.0,0.0,0.0,0.0,0.0,0.0,1.449,1.449,2.017,0.0,1.449,1.449,0.0,0.0,0.0,0.0,0.0,0.0,0.0,0.0,0.0,2.017,0.0,0.0,0.0,1.449,0.0,2.017,0.0,0.0,1.449,0.0,0.0,0.0,2.017,0.0,0.0,0.0,0.0,0.0,0.0,0.0,1.449,0.0,0.0,0.0,0.0,0.0,0.0,2.85,1.449,2.017,0.0,0.0,0.0,0.0,2.017,0.0,0.0,0.0,0.0,0.0,1.449,0.0,0.0,1.449,0.0,2.017,0.0,0.0,0.0,1.449,0.0,1.449,2.017,2.017,0.0,2.377,0.0,0.0,0.0,0.0,1.449,0.0,0.0,0.0,0.0,0.0,0.0,0.0,0.0,2.017,2.377,0.0,0.0,0.0,3.514,0.0,0.0,1.449,0.0,1.449,0.0,0.0,0.0,0.0,1.449,0.0,2.641,0.0,2.641,0.0,0.0,0.0,1.449,1.449,0.0,1.449,0.0,0.0,0.0,0.0,1.449,0.0,1.449,0.0,0.0,0.0,0.0,2.017,0.0,0.0,2.377,1.449,2.377,2.017,1.449,0.0,0.0,1.449,0.0,2.641,2.377,0.0,0.0,2.017,0.0,0.0,0.0,1.449,0.0,1.449,2.017,1.449,0.0,0.0,0.0,0.0,1.449,3.973,0.0,0.0,0.0,0.0,0.0,0.0,1.449,0.0,1.449,1.449,5.809,1.449,2.377,0.0,0.0,0.0,0.0,0.0,1.449,0.0,2.017,0.0,1.449,0.0,1.449,2.377,0.0,0.0,0.0,0.0,0.0,0.0,0.0,1.449,0.0,0.0,0.0,0.0,3.023,0.0,0.0,0.0,2.017,0.0,1.449,0.0,2.017,0.0,2.641,0.0,2.377,2.017,0.0,0.0,2.017,0.0,2.85,0.0,0.0,0.0
B-Zelle,0.0,0.0,1.536,0.0,0.0,3.13,0.0,0.0,0.0,0.0,0.0,0.0,0.0,0.0,2.115,0.0,0.0,2.479,0.0,0.0,0.0,1.536,0.0,0.0,0.0,1.536,0.0,0.0,1.536,1.536,0.0,1.536,0.0,0.0,0.0,2.115,0.0,0.0,2.746,0.0,0.0,0.0,0.0,0.0,0.0,0.0,0.0,0.0,2.479,0.0,2.479,2.115,0.0,0.0,0.0,0.0,0.0,1.536,1.536,0.0,1.536,1.536,0.0,0.0,0.0,0.0,1.536,0.0,0.0,1.536,0.0,0.0,0.0,0.0,1.536,0.0,0.0,2.479,0.0,0.0,0.0,0.0,0.0,0.0,0.0,0.0,0.0,0.0,1.536,0.0,0.0,0.0,0.0,2.115,1.536,0.0,0.0,1.536,0.0,0.0,1.536,2.479,0.0,0.0,0.0,0.0,0.0,0.0,0.0,0.0,0.0,2.115,0.0,0.0,0.0,0.0,0.0,2.479,0.0,1.536,2.115,0.0,0.0,0.0,0.0,0.0,0.0,0.0,1.536,0.0,0.0,2.115,0.0,0.0,0.0,0.0,0.0,2.115,0.0,2.115,0.0,3.13,1.536,2.479,1.536,1.536,0.0,2.115,0.0,0.0,1.536,0.0,1.536,0.0,2.479,0.0,0.0,0.0,2.956,0.0,1.536,0.0,0.0,0.0,0.0,0.0,0.0,0.0,0.0,0.0,0.0,0.0,1.536,0.0,0.0,0.0,0.0,0.0,2.479,2.115,0.0,0.0,1.536,0.0,1.536,0.0,2.115,0.0,3.13,0.0,0.0,0.0,0.0,0.0,0.0,1.536,0.0,0.0,0.0,2.115,1.536,0.0,1.536,1.536,0.0,0.0,3.52,0.0,1.536,3.406,1.536,2.746,0.0,1.536,1.536,0.0,0.0,2.115,0.0,0.0,0.0,0.0,0.0,0.0,0.0,0.0,0.0,0.0,0.0,0.0,0.0,0.0,0.0,0.0,1.536,2.479,2.115,1.536,0.0,0.0,1.536,0.0,0.0,0.0,0.0,1.536,0.0,0.0,0.0,2.746,0.0,1.536,1.536,0.0,2.115,0.0,2.956,1.536,0.0,1.536,0.0,2.115,0.0,0.0,0.0,0.0,1.536,0.0,2.479,0.0,2.115,0.0,1.536,1.536,0.0,0.0,2.479,0.0,0.0,0.0,1.536,0.0,0.0,0.0,0.0,1.536,0.0,0.0,0.0,0.0,0.0,0.0,0.0,0.0,2.115,1.536,0.0,0.0,0.0,2.479,0.0,0.0,0.0,0.0,0.0,1.536,0.0,1.536,0.0,2.115,0.0,0.0,0.0,0.0,0.0,2.479,0.0,0.0,1.536,0.0,0.0,0.0,0.0,0.0,1.536,0.0,0.0,0.0,0.0,0.0,1.536,0.0,3.13,0.0,0.0,0.0,1.536,0.0,0.0,0.0,0.0,1.536,0.0,1.536,1.536,2.956,2.115,0.0,0.0,0.0,0.0,0.0,0.0,0.0,0.0,0.0,0.0,1.536,0.0,2.115,0.0,0.0,1.536,0.0,0.0,0.0,1.536,0.0,0.0,0.0,0.0,0.0,0.0,0.0,0.0,0.0,2.115,0.0,0.0,2.115,0.0,0.0,2.115,0.0,1.536,1.536,1.536,1.536,2.746,2.115,0.0,0.0,0.0,1.536,3.623,0.0,0.0,0.0,0.0,0.0,1.536,0.0,0.0,0.0,0.0,1.536,0.0,1.536,2.115,0.0,1.536,1.536,0.0,0.0,0.0,0.0,0.0,2.479,1.536,2.115,0.0,2.115,0.0,0.0,0.0,0.0,0.0,0.0,0.0,2.115,1.536,0.0,0.0,0.0,0.0,0.0,2.115,0.0,0.0,1.536,1.536,0.0,2.115,0.0,0.0,0.0,0.0,1.536,2.115,0.0,0.0,0.0,2.115,0.0,0.0,0.0,0.0,0.0,0.0,1.536,0.0,0.0,0.0,1.536,0.0,0.0,0.0,0.0,0.0,0.0,0.0,0.0,0.0,0.0,1.536,0.0,2.115,3.13,1.536,2.746,0.0,0.0,0.0,1.536,2.115,0.0,1.536,0.0,0.0,0.0,1.536,2.479,2.115,0.0,2.115,0.0,2.746,1.536,1.536,0.0,0.0,0.0,0.0,0.0,1.536,0.0,0.0,0.0,0.0,0.0,0.0,0.0,0.0,0.0,1.536,0.0,2.479,1.536,0.0,0.0,0.0,0.0,0.0,0.0,2.956,0.0,0.0,0.0,0.0,0.0,0.0,0.0,0.0,0.0,2.115,0.0,0.0,0.0,2.956,0.0,0.0,1.536,1.536,2.115,0.0,0.0,0.0,0.0,0.0,0.0,1.536,3.716,0.0,0.0,1.536,0.0,0.0,1.536,0.0,0.0,4.083,0.0,1.536,0.0,0.0,2.479,0.0,0.0,0.0,0.0,2.746,0.0,0.0,0.0,0.0,0.0,0.0,1.536,1.536,1.536,0.0,0.0,0.0,0.0,0.0,2.479,1.536,0.0,0.0,0.0,2.479,0.0,0.0,0.0,1.536,0.0,0.0,0.0,1.536,0.0,0.0,0.0,0.0,1.536,0.0,1.536,0.0,1.536,0.0,0.0,0.0,0.0,0.0,1.536,0.0,1.536,0.0,0.0,1.536,0.0,0.0,0.0,2.115,0.0,0.0,0.0,0.0,0.0,0.0,0.0,0.0,2.479,0.0,0.0,0.0,2.479,0.0,0.0,0.0,0.0,1.536,0.0,0.0,0.0,2.115,1.536,1.536,0.0,2.115,0.0,0.0,2.479,0.0,2.479,1.536,2.115,0.0,0.0,0.0,0.0,1.536,0.0,0.0,1.536,0.0,1.536,0.0,0.0,2.956,0.0,0.0,0.0,0.0,0.0,0.0,0.0,0.0,0.0,0.0,2.115,0.0,0.0,0.0,0.0,1.536,0.0,1.536,0.0,0.0,2.479,0.0,2.115,0.0,0.0,1.536,1.536,0.0,0.0,0.0,0.0,2.479,0.0,0.0,2.115,0.0,0.0,0.0,0.0,0.0,2.479,1.536,1.536,1.536,0.0,0.0,3.278,0.0,2.115,0.0,0.0,0.0,0.0,0.0,0.0,0.0,0.0,0.0,0.0,0.0,2.115,1.536,0.0,0.0,0.0,0.0,2.479,1.536,0.0,1.536,1.536,2.115,0.0,0.0,0.0,2.479,0.0,0.0,0.0,1.536,1.536,0.0,0.0,0.0,0.0,0.0,0.0,0.0,1.536,2.115,0.0,0.0,2.115,0.0,0.0,0.0
T-Zelle,0.0,0.0,2.071,0.0,0.0,0.0,1.497,0.0,0.0,0.0,0.0,0.0,0.0,0.0,0.0,0.0,0.0,3.23,0.0,0.0,0.0,1.497,0.0,0.0,2.071,2.071,1.497,1.497,1.497,0.0,0.0,0.0,0.0,1.497,0.0,0.0,0.0,2.434,2.699,0.0,0.0,2.071,2.434,0.0,2.699,0.0,0.0,0.0,0.0,0.0,1.497,2.699,0.0,0.0,3.358,3.971,0.0,2.071,0.0,2.434,2.909,1.497,0.0,0.0,0.0,0.0,2.434,0.0,0.0,0.0,0.0,0.0,2.071,0.0,0.0,0.0,0.0,2.071,0.0,2.071,2.071,0.0,1.497,0.0,1.497,0.0,0.0,0.0,0.0,0.0,0.0,0.0,1.497,0.0,2.699,0.0,0.0,0.0,2.071,0.0,0.0,0.0,1.497,0.0,0.0,1.497,2.071,0.0,0.0,0.0,0.0,1.497,1.497,1.497,1.497,0.0,0.0,0.0,0.0,1.497,0.0,1.497,0.0,0.0,0.0,0.0,1.497,0.0,0.0,1.497,0.0,0.0,1.497,1.497,0.0,2.071,0.0,1.497,0.0,1.497,1.497,0.0,1.497,0.0,1.497,1.497,0.0,0.0,1.497,0.0,0.0,0.0,1.497,0.0,1.497,0.0,0.0,0.0,0.0,0.0,0.0,1.497,0.0,0.0,1.497,0.0,0.0,0.0,0.0,0.0,0.0,0.0,0.0,0.0,0.0,0.0,0.0,0.0,0.0,2.699,0.0,0.0,0.0,0.0,0.0,0.0,1.497,0.0,1.497,1.497,2.071,2.434,0.0,0.0,0.0,2.071,2.434,0.0,1.497,2.699,1.497,0.0,2.071,0.0,0.0,0.0,0.0,0.0,2.071,3.082,0.0,3.472,0.0,2.071,2.071,0.0,0.0,0.0,2.434,0.0,1.497,0.0,0.0,0.0,0.0,0.0,0.0,0.0,0.0,0.0,4.433,0.0,0.0,0.0,2.434,0.0,3.23,2.699,2.909,1.497,1.497,0.0,0.0,2.071,3.082,2.909,0.0,1.497,0.0,1.497,0.0,1.497,0.0,0.0,2.071,0.0,0.0,0.0,0.0,0.0,0.0,0.0,0.0,0.0,0.0,0.0,0.0,0.0,0.0,2.434,0.0,0.0,2.071,2.699,0.0,0.0,0.0,0.0,1.497,0.0,2.434,0.0,0.0,0.0,0.0,0.0,1.497,0.0,0.0,0.0,0.0,0.0,0.0,0.0,2.071,0.0,0.0,1.497,0.0,1.497,0.0,0.0,1.497,0.0,0.0,0.0,0.0,1.497,0.0,2.071,1.497,0.0,0.0,0.0,0.0,0.0,0.0,0.0,0.0,0.0,1.497,2.071,0.0,1.497,2.071,2.434,1.497,0.0,0.0,2.434,0.0,0.0,1.497,0.0,0.0,0.0,0.0,0.0,0.0,0.0,0.0,1.497,0.0,2.071,1.497,1.497,2.071,0.0,0.0,2.699,2.071,0.0,0.0,2.699,1.497,0.0,0.0,0.0,0.0,0.0,0.0,1.497,0.0,1.497,1.497,0.0,1.497,0.0,0.0,0.0,0.0,2.699,0.0,0.0,0.0,0.0,0.0,0.0,0.0,3.358,0.0,0.0,0.0,2.071,0.0,0.0,2.071,0.0,0.0,0.0,0.0,0.0,0.0,1.497,2.071,0.0,0.0,0.0,0.0,0.0,0.0,0.0,1.497,0.0,0.0,1.497,0.0,0.0,0.0,0.0,0.0,0.0,0.0,0.0,1.497,0.0,0.0,0.0,3.23,0.0,0.0,0.0,0.0,0.0,0.0,0.0,0.0,1.497,0.0,0.0,0.0,0.0,1.497,1.497,0.0,0.0,0.0,0.0,2.434,0.0,3.472,1.497,0.0,0.0,0.0,2.071,0.0,0.0,0.0,0.0,2.699,0.0,0.0,0.0,0.0,2.071,2.434,3.082,0.0,0.0,2.434,2.909,0.0,0.0,0.0,0.0,0.0,0.0,0.0,0.0,0.0,0.0,1.497,0.0,2.434,0.0,0.0,1.497,0.0,0.0,0.0,0.0,1.497,0.0,0.0,0.0,1.497,0.0,0.0,2.434,1.497,2.699,1.497,0.0,1.497,0.0,3.23,0.0,1.497,0.0,0.0,0.0,0.0,0.0,0.0,1.497,0.0,2.699,1.497,0.0,0.0,0.0,2.071,0.0,0.0,0.0,1.497,2.071,0.0,0.0,0.0,2.071,0.0,0.0,2.071,0.0,2.071,0.0,0.0,0.0,0.0,1.497,0.0,1.497,1.497,1.497,0.0,2.071,0.0,0.0,0.0,0.0,0.0,2.699,0.0,0.0,0.0,2.909,0.0,0.0,2.071,2.071,2.071,1.497,1.497,0.0,0.0,1.497,0.0,2.071,2.699,0.0,0.0,0.0,0.0,1.497,0.0,0.0,0.0,2.071,1.497,0.0,2.434,4.55,0.0,1.497,0.0,0.0,0.0,0.0,2.071,0.0,0.0,0.0,0.0,2.434,0.0,0.0,0.0,0.0,1.497,0.0,0.0,0.0,3.082,0.0,0.0,0.0,0.0,0.0,0.0,0.0,0.0,0.0,0.0,0.0,0.0,1.497,0.0,0.0,0.0,1.497,0.0,1.497,0.0,1.497,0.0,1.497,2.071,1.497,2.909,0.0,2.699,0.0,0.0,0.0,0.0,2.071,0.0,0.0,0.0,0.0,1.497,0.0,0.0,0.0,1.497,0.0,0.0,0.0,0.0,0.0,1.497,0.0,1.497,1.497,2.434,0.0,2.071,1.497,0.0,0.0,0.0,1.497,1.497,1.497,2.699,1.497,0.0,0.0,1.497,1.497,0.0,0.0,0.0,0.0,0.0,0.0,1.497,1.497,0.0,0.0,0.0,0.0,0.0,0.0,2.071,0.0,0.0,0.0,0.0,1.497,0.0,0.0,0.0,0.0,2.071,3.358,0.0,0.0,0.0,1.497,0.0,0.0,1.497,0.0,0.0,0.0,0.0,0.0,0.0,1.497,1.497,0.0,0.0,0.0,0.0,0.0,0.0,0.0,1.497,0.0,0.0,2.071,0.0,3.574,0.0,2.699,1.497,2.071,0.0,0.0,0.0,0.0,0.0,0.0,0.0,1.497,0.0,0.0,0.0,0.0,1.497,0.0,0.0,2.071,0.0,0.0,0.0,0.0,1.497,0.0,2.434,0.0,2.071,1.497,0.0,2.699,0.0,0.0,0.0,0.0,0.0,1.497,0.0,2.071,0.0,0.0,0.0,0.0,0.0,0.0,0.0,0.0,1.497
Monozyt,2.471,0.0,2.107,0.0,0.0,0.0,1.529,0.0,0.0,0.0,1.529,0.0,0.0,0.0,0.0,0.0,0.0,2.948,2.471,1.529,0.0,1.529,0.0,0.0,0.0,1.529,0.0,1.529,1.529,1.529,0.0,1.529,0.0,0.0,0.0,1.529,0.0,0.0,0.0,0.0,1.529,2.107,0.0,0.0,0.0,0.0,0.0,0.0,0.0,3.269,0.0,2.471,1.529,0.0,3.512,4.074,0.0,2.471,1.529,0.0,0.0,0.0,2.107,0.0,2.107,0.0,2.107,0.0,3.707,0.0,2.471,0.0,0.0,0.0,0.0,0.0,0.0,0.0,0.0,2.471,1.529,0.0,0.0,0.0,2.107,0.0,0.0,0.0,2.107,0.0,0.0,2.107,0.0,0.0,0.0,0.0,0.0,0.0,0.0,0.0,0.0,0.0,0.0,0.0,0.0,0.0,1.529,0.0,1.529,0.0,0.0,0.0,0.0,0.0,1.529,2.107,0.0,0.0,0.0,0.0,0.0,2.107,0.0,0.0,0.0,0.0,0.0,0.0,1.529,0.0,0.0,0.0,0.0,1.529,0.0,0.0,0.0,0.0,0.0,0.0,0.0,0.0,0.0,2.107,1.529,0.0,2.471,0.0,0.0,1.529,0.0,0.0,2.948,0.0,0.0,0.0,0.0,0.0,0.0,0.0,0.0,0.0,0.0,0.0,1.529,0.0,2.107,0.0,0.0,0.0,1.529,0.0,0.0,0.0,0.0,0.0,0.0,0.0,0.0,2.948,0.0,1.529,0.0,0.0,0.0,0.0,1.529,0.0,1.529,0.0,1.529,0.0,0.0,0.0,0.0,0.0,0.0,0.0,0.0,2.107,2.107,2.107,2.107,0.0,2.107,0.0,0.0,0.0,0.0,3.707,0.0,2.471,0.0,2.471,0.0,0.0,0.0,2.738,0.0,2.948,1.529,0.0,0.0,0.0,0.0,0.0,0.0,0.0,0.0,0.0,0.0,3.87,4.294,1.529,3.398,1.529,3.398,3.398,3.792,1.529,0.0,2.107,0.0,1.529,2.738,2.471,0.0,1.529,0.0,0.0,0.0,0.0,2.107,1.529,1.529,0.0,0.0,0.0,0.0,0.0,0.0,0.0,0.0,0.0,1.529,2.107,1.529,0.0,2.471,1.529,0.0,0.0,1.529,0.0,1.529,0.0,2.107,2.107,0.0,0.0,0.0,0.0,0.0,0.0,0.0,0.0,0.0,0.0,0.0,0.0,0.0,0.0,0.0,0.0,0.0,1.529,0.0,2.738,1.529,0.0,0.0,0.0,0.0,0.0,0.0,0.0,0.0,0.0,0.0,1.529,0.0,0.0,2.471,1.529,0.0,1.529,0.0,2.107,0.0,0.0,0.0,0.0,2.107,0.0,0.0,1.529,0.0,0.0,0.0,1.529,0.0,0.0,2.107,0.0,0.0,0.0,0.0,0.0,1.529,0.0,0.0,0.0,0.0,0.0,0.0,0.0,0.0,1.529,0.0,1.529,0.0,0.0,1.529,0.0,0.0,2.107,0.0,1.529,1.529,0.0,0.0,0.0,2.471,1.529,0.0,0.0,1.529,0.0,2.471,0.0,0.0,0.0,0.0,0.0,1.529,0.0,0.0,0.0,0.0,2.948,0.0,1.529,1.529,1.529,0.0,1.529,0.0,0.0,2.948,1.529,0.0,1.529,3.398,0.0,3.398,1.529,0.0,0.0,1.529,0.0,0.0,0.0,1.529,0.0,0.0,0.0,0.0,0.0,2.948,0.0,2.471,0.0,0.0,0.0,1.529,0.0,2.471,0.0,1.529,1.529,0.0,2.738,2.107,0.0,0.0,0.0,0.0,0.0,0.0,0.0,0.0,0.0,0.0,1.529,0.0,0.0,0.0,0.0,1.529,0.0,0.0,0.0,2.948,0.0,0.0,1.529,1.529,2.107,1.529,0.0,2.738,0.0,0.0,0.0,0.0,2.107,0.0,0.0,0.0,0.0,0.0,0.0,0.0,0.0,0.0,0.0,0.0,0.0,0.0,0.0,0.0,0.0,0.0,1.529,1.529,0.0,0.0,0.0,0.0,2.107,0.0,0.0,0.0,0.0,1.529,0.0,1.529,2.471,0.0,3.121,1.529,2.738,2.107,0.0,1.529,0.0,1.529,1.529,2.471,0.0,0.0,0.0,0.0,0.0,0.0,1.529,0.0,0.0,2.107,0.0,0.0,0.0,1.529,0.0,1.529,0.0,2.107,0.0,0.0,0.0,0.0,2.107,0.0,0.0,1.529,0.0,1.529,0.0,0.0,0.0,0.0,2.738,0.0,0.0,0.0,0.0,0.0,0.0,0.0,0.0,0.0,1.529,0.0,2.107,0.0,1.529,0.0,0.0,0.0,0.0,0.0,2.471,1.529,1.529,1.529,0.0,0.0,0.0,1.529,1.529,0.0,0.0,1.529,0.0,0.0,0.0,0.0,0.0,0.0,0.0,1.529,0.0,1.529,0.0,0.0,0.0,0.0,0.0,0.0,1.529,0.0,0.0,1.529,0.0,0.0,0.0,0.0,0.0,0.0,0.0,1.529,0.0,0.0,0.0,2.948,1.529,2.471,1.529,0.0,0.0,0.0,1.529,0.0,0.0,0.0,0.0,0.0,1.529,0.0,0.0,2.107,0.0,0.0,1.529,2.738,0.0,0.0,0.0,1.529,2.107,1.529,1.529,2.107,0.0,1.529,0.0,0.0,1.529,0.0,0.0,0.0,1.529,0.0,0.0,0.0,0.0,0.0,1.529,0.0,0.0,0.0,3.614,0.0,0.0,0.0,0.0,0.0,0.0,0.0,0.0,0.0,1.529,0.0,2.471,2.107,2.107,0.0,0.0,0.0,3.943,0.0,0.0,2.107,1.529,0.0,2.107,0.0,0.0,0.0,0.0,0.0,0.0,0.0,0.0,0.0,0.0,0.0,3.121,0.0,1.529,1.529,2.471,0.0,1.529,0.0,0.0,2.107,3.269,0.0,2.107,0.0,1.529,0.0,1.529,2.107,0.0,0.0,1.529,0.0,2.107,0.0,0.0,0.0,2.107,3.398,0.0,0.0,0.0,0.0,0.0,0.0,0.0,0.0,1.529,1.529,5.478,0.0,2.948,0.0,0.0,0.0,0.0,0.0,0.0,0.0,0.0,0.0,0.0,0.0,0.0,1.529,0.0,0.0,0.0,1.529,0.0,0.0,0.0,1.529,0.0,1.529,0.0,0.0,0.0,2.107,0.0,0.0,2.738,0.0,2.107,0.0,2.107,0.0,0.0,0.0,1.529,0.0,0.0,1.529,2.948,1.529,2.738,0.0,0.0,0.0
T-Zelle,0.0,0.0,0.0,1.517,0.0,0.0,0.0,0.0,0.0,0.0,0.0,0.0,0.0,0.0,1.517,0.0,0.0,3.693,0.0,0.0,0.0,2.094,2.094,0.0,0.0,1.517,0.0,2.094,1.517,0.0,0.0,0.0,0.0,0.0,0.0,1.517,0.0,2.724,0.0,1.517,0.0,1.517,0.0,0.0,0.0,0.0,0.0,0.0,0.0,0.0,0.0,2.094,0.0,0.0,2.458,2.458,0.0,1.517,1.517,2.094,0.0,1.517,0.0,0.0,0.0,0.0,1.517,0.0,0.0,1.517,0.0,0.0,1.517,0.0,0.0,0.0,0.0,0.0,0.0,0.0,2.094,2.094,1.517,0.0,2.724,0.0,1.517,0.0,0.0,0.0,0.0,0.0,0.0,0.0,1.517,0.0,0.0,0.0,0.0,0.0,0.0,0.0,0.0,0.0,0.0,0.0,1.517,0.0,1.517,0.0,0.0,0.0,2.458,0.0,0.0,2.458,0.0,0.0,0.0,1.517,0.0,1.517,0.0,0.0,0.0,0.0,0.0,0.0,0.0,0.0,1.517,0.0,0.0,0.0,0.0,0.0,0.0,1.517,0.0,0.0,0.0,0.0,1.517,0.0,2.458,0.0,0.0,0.0,2.094,1.517,0.0,0.0,0.0,0.0,0.0,0.0,0.0,0.0,0.0,0.0,1.517,0.0,0.0,0.0,0.0,0.0,0.0,0.0,0.0,0.0,0.0,0.0,1.517,0.0,0.0,0.0,0.0,0.0,0.0,0.0,0.0,0.0,0.0,0.0,0.0,0.0,1.517,0.0,1.517,0.0,1.517,0.0,3.497,3.693,1.517,2.458,1.517,0.0,0.0,1.517,0.0,0.0,0.0,0.0,1.517,0.0,0.0,2.094,2.094,3.255,0.0,2.724,0.0,1.517,0.0,0.0,0.0,0.0,0.0,0.0,0.0,0.0,0.0,0.0,0.0,0.0,0.0,0.0,0.0,0.0,2.458,0.0,0.0,0.0,2.094,0.0,1.517,1.517,1.517,0.0,0.0,0.0,0.0,2.094,0.0,2.724,0.0,1.517,0.0,1.517,0.0,1.517,0.0,0.0,2.094,0.0,1.517,0.0,0.0,0.0,0.0,0.0,0.0,0.0,0.0,0.0,0.0,1.517,1.517,0.0,1.517,0.0,1.517,1.517,0.0,0.0,1.517,0.0,2.094,0.0,1.517,2.094,0.0,0.0,0.0,0.0,0.0,0.0,0.0,1.517,0.0,1.517,0.0,0.0,0.0,0.0,0.0,2.458,0.0,1.517,0.0,0.0,0.0,0.0,0.0,0.0,0.0,0.0,0.0,1.517,0.0,1.517,0.0,0.0,0.0,1.517,0.0,0.0,0.0,0.0,0.0,0.0,1.517,0.0,0.0,0.0,0.0,0.0,0.0,2.094,2.458,0.0,1.517,0.0,0.0,0.0,0.0,0.0,0.0,0.0,0.0,0.0,0.0,0.0,0.0,0.0,1.517,0.0,0.0,2.094,0.0,0.0,1.517,2.458,1.517,0.0,0.0,0.0,1.517,0.0,0.0,0.0,0.0,2.094,0.0,1.517,1.517,0.0,0.0,0.0,0.0,0.0,0.0,0.0,0.0,0.0,0.0,1.517,0.0,1.517,0.0,0.0,1.517,1.517,1.517,0.0,0.0,0.0,2.458,0.0,0.0,0.0,1.517,0.0,3.107,1.517,0.0,0.0,0.0,0.0,0.0,0.0,1.517,0.0,0.0,0.0,0.0,0.0,0.0,0.0,0.0,0.0,0.0,0.0,1.517,0.0,0.0,1.517,1.517,0.0,0.0,0.0,0.0,0.0,1.517,1.517,0.0,0.0,0.0,1.517,0.0,0.0,2.094,0.0,0.0,0.0,1.517,0.0,2.094,1.517,3.383,2.458,0.0,0.0,1.517,1.517,1.517,0.0,2.094,0.0,1.517,0.0,0.0,0.0,0.0,0.0,2.724,3.6,2.094,0.0,0.0,2.724,0.0,0.0,0.0,0.0,0.0,0.0,0.0,0.0,0.0,0.0,0.0,0.0,2.458,0.0,0.0,3.255,1.517,3.255,0.0,0.0,0.0,0.0,1.517,2.094,1.517,0.0,0.0,0.0,0.0,2.458,0.0,0.0,1.517,0.0,2.094,0.0,1.517,0.0,0.0,0.0,0.0,0.0,0.0,0.0,1.517,2.458,0.0,0.0,0.0,0.0,0.0,0.0,0.0,2.094,0.0,2.094,0.0,0.0,0.0,0.0,0.0,0.0,2.458,0.0,1.517,0.0,2.724,0.0,1.517,1.517,1.517,2.458,2.458,0.0,0.0,1.517,0.0,0.0,0.0,0.0,0.0,2.724,0.0,0.0,0.0,2.094,0.0,0.0,2.094,1.517,0.0,2.458,0.0,1.517,1.517,0.0,0.0,0.0,2.094,0.0,2.458,0.0,0.0,0.0,0.0,0.0,0.0,0.0,2.094,0.0,1.517,3.255,2.094,0.0,0.0,0.0,0.0,0.0,1.517,0.0,0.0,0.0,1.517,0.0,0.0,0.0,0.0,0.0,0.0,0.0,0.0,0.0,1.517,0.0,2.724,2.094,0.0,0.0,0.0,0.0,0.0,1.517,0.0,0.0,0.0,0.0,0.0,0.0,1.517,0.0,0.0,0.0,0.0,0.0,0.0,0.0,1.517,1.517,1.517,0.0,1.517,0.0,0.0,0.0,0.0,1.517,0.0,0.0,0.0,0.0,0.0,0.0,0.0,0.0,0.0,0.0,0.0,0.0,0.0,0.0,2.094,0.0,0.0,2.094,0.0,0.0,2.094,0.0,0.0,1.517,0.0,0.0,0.0,0.0,0.0,2.094,0.0,0.0,2.094,0.0,0.0,0.0,0.0,1.517,0.0,0.0,3.107,0.0,0.0,0.0,0.0,0.0,1.517,0.0,0.0,0.0,0.0,1.517,0.0,1.517,0.0,0.0,0.0,0.0,2.724,2.458,0.0,1.517,0.0,0.0,1.517,0.0,1.517,2.094,0.0,0.0,0.0,0.0,2.724,2.094,0.0,2.094,0.0,0.0,0.0,0.0,0.0,0.0,0.0,0.0,1.517,2.458,1.517,2.724,1.517,2.458,0.0,0.0,0.0,0.0,1.517,0.0,0.0,0.0,0.0,0.0,0.0,1.517,0.0,0.0,0.0,0.0,0.0,0.0,0.0,0.0,0.0,0.0,0.0,0.0,0.0,0.0,0.0,0.0,0.0,2.094,0.0,0.0,0.0,0.0,0.0,0.0,0.0,0.0,0.0,0.0,2.094,0.0,0.0,2.094,0.0,0.0,0.0
Dendritische Zelle,0.0,0.0,0.0,2.251,0.0,0.0,1.139,0.0,1.139,0.0,0.0,1.139,0.0,0.0,1.658,0.0,3.193,1.658,1.139,0.0,0.0,0.0,0.0,0.0,1.658,1.139,0.0,1.139,1.658,0.0,0.0,0.0,0.0,0.0,1.658,1.139,0.0,0.0,0.0,0.0,0.0,1.998,0.0,0.0,1.998,0.0,0.0,1.139,1.139,2.251,1.139,2.89,3.277,0.0,3.001,4.029,0.0,1.998,0.0,1.139,0.0,1.658,0.0,0.0,1.139,3.193,2.62,0.0,1.139,1.139,0.0,0.0,0.0,0.0,0.0,0.0,0.0,1.139,1.139,0.0,1.998,0.0,0.0,0.0,0.0,1.658,0.0,0.0,0.0,0.0,0.0,1.139,0.0,1.139,2.251,1.139,0.0,1.139,1.139,0.0,1.998,0.0,0.0,0.0,0.0,0.0,0.0,0.0,0.0,0.0,0.0,0.0,1.998,0.0,0.0,1.658,0.0,0.0,0.0,1.139,0.0,1.139,0.0,0.0,0.0,0.0,0.0,1.139,1.658,0.0,0.0,0.0,0.0,1.139,0.0,0.0,1.139,0.0,2.251,3.102,1.658,1.139,0.0,1.998,1.139,0.0,0.0,1.139,0.0,1.139,2.251,0.0,1.139,1.998,0.0,1.139,0.0,0.0,0.0,1.139,1.139,1.139,0.0,0.0,1.658,0.0,1.139,0.0,0.0,0.0,1.139,0.0,1.139,0.0,0.0,0.0,0.0,2.453,0.0,1.658,0.0,1.139,1.139,0.0,0.0,0.0,2.251,2.764,1.139,0.0,0.0,0.0,0.0,0.0,1.139,1.658,1.658,0.0,0.0,0.0,1.139,0.0,0.0,0.0,1.998,0.0,0.0,0.0,1.139,4.994,1.139,2.453,1.658,1.998,1.139,0.0,0.0,1.998,1.139,2.251,0.0,0.0,0.0,0.0,1.998,0.0,0.0,1.658,1.658,0.0,1.139,2.453,2.764,0.0,0.0,0.0,4.403,3.354,4.35,3.001,3.193,2.62,1.998,2.251,3.772,3.722,0.0,0.0,1.139,1.658,1.139,1.998,2.251,1.658,2.453,0.0,0.0,1.998,0.0,0.0,1.139,0.0,0.0,0.0,1.139,0.0,0.0,1.139,1.658,0.0,0.0,0.0,1.998,1.658,1.139,0.0,0.0,0.0,0.0,0.0,2.764,0.0,0.0,1.658,0.0,1.139,0.0,1.139,0.0,1.139,0.0,0.0,0.0,0.0,1.139,2.251,1.658,1.998,0.0,1.139,0.0,0.0,0.0,0.0,0.0,0.0,0.0,1.139,0.0,1.139,1.139,1.658,0.0,0.0,1.139,1.658,1.139,1.658,1.139,0.0,1.139,0.0,1.139,0.0,0.0,0.0,0.0,0.0,0.0,0.0,1.139,0.0,0.0,0.0,0.0,0.0,0.0,0.0,0.0,0.0,0.0,0.0,1.139,0.0,0.0,0.0,1.998,0.0,0.0,2.453,0.0,0.0,0.0,0.0,1.139,0.0,0.0,1.658,0.0,1.658,0.0,1.998,0.0,1.139,0.0,1.658,1.139,1.139,3.425,0.0,0.0,1.998,1.998,0.0,0.0,0.0,1.139,0.0,0.0,3.193,0.0,0.0,0.0,1.658,0.0,0.0,1.658,0.0,1.658,1.139,0.0,0.0,1.658,0.0,3.001,0.0,0.0,0.0,1.139,1.139,0.0,0.0,1.139,0.0,0.0,1.139,0.0,0.0,1.658,0.0,0.0,1.658,0.0,1.139,1.139,0.0,0.0,1.139,1.658,1.139,0.0,2.453,1.658,0.0,1.139,0.0,0.0,1.139,0.0,0.0,0.0,0.0,0.0,1.658,0.0,0.0,1.658,1.658,1.658,0.0,0.0,0.0,3.555,0.0,1.139,0.0,1.139,1.139,0.0,0.0,0.0,0.0,0.0,0.0,0.0,1.658,0.0,0.0,0.0,0.0,1.139,0.0,0.0,0.0,0.0,0.0,0.0,0.0,0.0,0.0,1.139,0.0,0.0,0.0,3.102,0.0,0.0,1.998,0.0,1.658,0.0,1.658,0.0,0.0,1.998,0.0,1.658,4.822,0.0,1.658,0.0,1.658,1.139,0.0,0.0,0.0,1.998,0.0,2.453,0.0,0.0,1.139,0.0,0.0,0.0,1.658,0.0,0.0,0.0,0.0,1.658,0.0,0.0,0.0,1.139,1.139,1.658,1.139,0.0,0.0,0.0,1.139,0.0,0.0,2.251,1.139,0.0,0.0,0.0,1.998,0.0,2.251,0.0,0.0,0.0,0.0,1.658,1.998,0.0,0.0,1.139,0.0,2.251,2.453,0.0,0.0,0.0,1.998,0.0,0.0,0.0,1.658,0.0,1.998,0.0,0.0,1.658,1.658,1.998,0.0,0.0,1.658,1.998,0.0,0.0,1.139,0.0,1.139,0.0,0.0,1.139,1.139,1.139,0.0,0.0,0.0,0.0,0.0,0.0,1.658,0.0,0.0,0.0,0.0,1.658,1.658,1.998,0.0,0.0,0.0,1.658,0.0,1.998,0.0,3.102,2.251,1.998,1.658,0.0,0.0,1.139,1.139,0.0,0.0,0.0,0.0,0.0,0.0,0.0,0.0,0.0,0.0,1.139,1.658,0.0,1.658,1.658,0.0,0.0,0.0,2.453,0.0,1.658,0.0,0.0,0.0,1.658,0.0,0.0,0.0,0.0,0.0,0.0,0.0,0.0,0.0,0.0,1.139,2.453,0.0,1.139,4.066,0.0,0.0,1.139,0.0,0.0,1.139,0.0,1.139,0.0,2.453,0.0,2.251,0.0,2.764,1.139,0.0,0.0,0.0,1.658,1.139,2.453,0.0,0.0,1.998,0.0,0.0,1.139,0.0,0.0,0.0,0.0,0.0,2.251,1.139,1.139,1.998,0.0,0.0,0.0,0.0,0.0,0.0,1.139,0.0,2.62,2.764,0.0,0.0,1.139,1.658,0.0,0.0,0.0,0.0,1.998,2.251,1.998,1.139,1.998,1.998,0.0,1.139,2.251,1.139,1.139,0.0,0.0,0.0,1.139,0.0,0.0,0.0,2.62,4.102,0.0,1.658,0.0,0.0,0.0,0.0,0.0,1.139,0.0,0.0,0.0,1.139,0.0,0.0,0.0,0.0,0.0,1.658,0.0,1.139,0.0,0.0,1.139,0.0,2.251,0.0,0.0,0.0,0.0,0.0,0.0,1.139,0.0,1.139,0.0,2.251,1.658,1.658,0.0,2.764,1.139,0.0,1.998,2.251,1.139,1.998,0.0,0.0,0.0
Monozyt,2.14,0.0,0.0,2.14,0.0,1.558,0.0,0.0,0.0,0.0,0.0,1.558,0.0,0.0,1.558,0.0,0.0,2.983,1.558,2.14,0.0,0.0,0.0,1.558,0.0,0.0,0.0,0.0,2.14,0.0,0.0,0.0,0.0,0.0,0.0,0.0,0.0,0.0,1.558,0.0,2.14,2.983,0.0,0.0,0.0,0.0,0.0,1.558,0.0,3.157,0.0,3.157,2.983,0.0,3.548,4.171,0.0,1.558,0.0,0.0,0.0,0.0,0.0,0.0,0.0,0.0,2.506,0.0,3.157,0.0,3.651,0.0,0.0,0.0,0.0,0.0,0.0,0.0,0.0,0.0,2.14,0.0,0.0,0.0,1.558,0.0,0.0,0.0,0.0,0.0,0.0,0.0,0.0,1.558,0.0,0.0,0.0,0.0,0.0,0.0,0.0,0.0,0.0,0.0,0.0,0.0,0.0,0.0,0.0,0.0,0.0,1.558,0.0,0.0,0.0,1.558,0.0,0.0,0.0,0.0,0.0,0.0,0.0,0.0,0.0,0.0,0.0,0.0,0.0,0.0,0.0,1.558,0.0,0.0,0.0,0.0,0.0,1.558,0.0,0.0,0.0,0.0,1.558,2.773,0.0,0.0,0.0,2.14,0.0,0.0,0.0,0.0,1.558,0.0,1.558,0.0,0.0,2.14,2.14,0.0,0.0,0.0,0.0,0.0,0.0,0.0,0.0,0.0,0.0,1.558,1.558,0.0,0.0,0.0,0.0,0.0,0.0,0.0,0.0,0.0,2.14,2.14,0.0,0.0,0.0,1.558,0.0,0.0,0.0,0.0,0.0,0.0,0.0,0.0,0.0,0.0,1.558,0.0,0.0,1.558,0.0,0.0,0.0,0.0,0.0,0.0,0.0,0.0,0.0,3.744,0.0,0.0,1.558,2.14,0.0,0.0,0.0,0.0,0.0,0.0,2.14,0.0,0.0,0.0,1.558,0.0,0.0,0.0,2.14,0.0,2.14,4.171,4.227,0.0,2.14,0.0,2.983,2.14,3.305,1.558,0.0,1.558,0.0,0.0,2.983,1.558,1.558,0.0,0.0,0.0,0.0,0.0,2.773,2.14,0.0,1.558,1.558,0.0,0.0,0.0,0.0,0.0,1.558,0.0,1.558,2.14,0.0,0.0,2.506,0.0,0.0,0.0,2.983,1.558,0.0,0.0,0.0,0.0,0.0,0.0,0.0,0.0,0.0,1.558,1.558,0.0,0.0,0.0,0.0,1.558,0.0,0.0,0.0,0.0,0.0,0.0,0.0,1.558,2.773,2.506,0.0,0.0,0.0,0.0,0.0,1.558,0.0,0.0,0.0,1.558,0.0,1.558,3.305,0.0,0.0,0.0,2.506,2.14,0.0,0.0,1.558,0.0,0.0,2.14,0.0,0.0,0.0,0.0,0.0,0.0,1.558,0.0,0.0,1.558,0.0,0.0,0.0,0.0,0.0,0.0,0.0,1.558,0.0,0.0,0.0,1.558,2.506,0.0,0.0,1.558,0.0,0.0,0.0,0.0,0.0,1.558,0.0,2.14,1.558,2.14,0.0,2.14,1.558,2.773,0.0,0.0,0.0,0.0,3.157,0.0,0.0,0.0,0.0,0.0,0.0,0.0,0.0,0.0,0.0,3.651,0.0,0.0,0.0,0.0,0.0,1.558,0.0,0.0,2.983,0.0,0.0,2.14,3.157,0.0,2.983,1.558,0.0,0.0,1.558,0.0,0.0,0.0,1.558,0.0,0.0,0.0,0.0,0.0,2.983,0.0,2.506,1.558,0.0,0.0,0.0,0.0,0.0,0.0,0.0,1.558,0.0,1.558,1.558,0.0,0.0,0.0,0.0,0.0,1.558,0.0,0.0,0.0,0.0,1.558,0.0,1.558,0.0,1.558,0.0,0.0,0.0,0.0,2.506,1.558,1.558,0.0,1.558,0.0,0.0,0.0,0.0,0.0,0.0,0.0,0.0,0.0,0.0,0.0,0.0,0.0,1.558,0.0,1.558,0.0,0.0,1.558,0.0,0.0,0.0,0.0,0.0,0.0,1.558,0.0,0.0,0.0,0.0,0.0,0.0,1.558,0.0,0.0,0.0,0.0,2.14,0.0,1.558,1.558,0.0,2.773,0.0,0.0,2.506,0.0,0.0,0.0,1.558,0.0,2.14,0.0,0.0,0.0,0.0,0.0,0.0,2.14,1.558,0.0,0.0,0.0,0.0,0.0,0.0,1.558,0.0,0.0,2.14,2.14,0.0,0.0,0.0,0.0,0.0,0.0,2.506,0.0,2.506,0.0,1.558,0.0,1.558,0.0,1.558,2.14,0.0,0.0,0.0,2.983,0.0,0.0,0.0,1.558,0.0,2.506,0.0,2.14,0.0,0.0,0.0,1.558,1.558,0.0,0.0,1.558,0.0,0.0,0.0,1.558,2.14,1.558,0.0,0.0,0.0,0.0,0.0,1.558,0.0,0.0,0.0,0.0,1.558,0.0,1.558,0.0,0.0,0.0,0.0,0.0,0.0,2.506,0.0,1.558,2.14,0.0,0.0,0.0,0.0,0.0,0.0,0.0,1.558,0.0,0.0,0.0,2.773,1.558,1.558,0.0,0.0,0.0,0.0,1.558,0.0,0.0,0.0,0.0,0.0,0.0,0.0,0.0,0.0,0.0,0.0,1.558,1.558,0.0,0.0,1.558,0.0,1.558,1.558,0.0,2.14,0.0,0.0,0.0,1.558,0.0,2.14,0.0,0.0,0.0,0.0,0.0,0.0,0.0,1.558,0.0,0.0,0.0,0.0,3.305,0.0,0.0,0.0,1.558,0.0,0.0,2.773,0.0,0.0,0.0,0.0,2.983,0.0,3.157,2.14,0.0,0.0,2.773,1.558,0.0,2.983,0.0,1.558,1.558,0.0,0.0,0.0,0.0,0.0,0.0,0.0,0.0,2.506,0.0,0.0,2.506,1.558,0.0,2.14,2.506,0.0,0.0,0.0,0.0,0.0,3.434,0.0,1.558,0.0,0.0,1.558,0.0,1.558,0.0,1.558,3.829,2.14,1.558,1.558,1.558,0.0,1.558,3.651,1.558,0.0,0.0,0.0,0.0,0.0,0.0,0.0,2.506,1.558,5.656,1.558,2.506,0.0,0.0,0.0,0.0,0.0,0.0,0.0,0.0,0.0,0.0,0.0,1.558,0.0,0.0,0.0,1.558,0.0,0.0,0.0,0.0,2.14,0.0,0.0,0.0,0.0,2.506,1.558,0.0,0.0,0.0,0.0,2.14,0.0,2.983,0.0,2.14,0.0,2.14,0.0,0.0,0.0,2.983,0.0,2.14,0.0,0.0,0.0
T-Zelle,1.341,0.0,0.0,1.341,0.0,0.0,0.0,1.341,0.0,1.341,1.341,0.0,2.248,0.0,1.341,0.0,0.0,2.887,1.341,1.341,0.0,0.0,1.894,2.248,1.894,1.341,1.341,1.894,1.894,0.0,0.0,0.0,0.0,1.341,0.0,1.894,0.0,1.341,2.248,0.0,2.509,2.248,0.0,0.0,3.16,0.0,0.0,0.0,0.0,3.552,0.0,1.341,0.0,0.0,2.509,3.702,0.0,2.248,1.341,1.341,0.0,0.0,0.0,0.0,0.0,0.0,1.894,0.0,3.273,1.341,3.16,0.0,1.341,0.0,0.0,0.0,1.894,0.0,0.0,0.0,1.341,0.0,1.341,0.0,1.341,0.0,1.341,0.0,0.0,0.0,1.341,1.341,0.0,0.0,2.248,0.0,0.0,1.341,0.0,0.0,0.0,0.0,3.273,0.0,0.0,0.0,1.341,0.0,0.0,0.0,0.0,0.0,0.0,1.341,0.0,0.0,1.341,0.0,1.341,0.0,1.341,0.0,0.0,0.0,0.0,1.894,0.0,2.248,0.0,0.0,0.0,0.0,0.0,0.0,1.894,1.341,0.0,1.894,0.0,1.341,0.0,0.0,0.0,0.0,1.894,0.0,0.0,0.0,0.0,0.0,0.0,0.0,0.0,0.0,0.0,1.341,0.0,0.0,0.0,0.0,1.894,1.341,0.0,0.0,0.0,0.0,0.0,0.0,1.894,0.0,1.341,2.509,1.341,1.341,0.0,1.894,0.0,1.894,0.0,0.0,1.341,1.341,2.248,0.0,0.0,0.0,1.341,0.0,1.341,0.0,1.341,0.0,0.0,2.716,1.341,2.248,1.341,0.0,0.0,0.0,1.341,1.894,1.894,0.0,1.341,0.0,0.0,0.0,0.0,3.947,0.0,2.509,0.0,1.341,1.341,0.0,0.0,0.0,1.341,1.894,0.0,1.341,1.341,0.0,0.0,0.0,0.0,0.0,1.341,0.0,1.894,3.375,3.891,0.0,1.894,0.0,2.716,2.509,3.375,0.0,0.0,0.0,1.341,1.894,3.629,3.16,0.0,0.0,0.0,0.0,0.0,0.0,2.248,0.0,1.894,0.0,1.341,0.0,0.0,0.0,0.0,1.894,0.0,1.341,0.0,1.894,0.0,0.0,2.248,1.341,0.0,0.0,2.509,1.341,0.0,0.0,1.894,0.0,1.341,0.0,2.248,0.0,0.0,0.0,0.0,0.0,1.341,1.341,0.0,0.0,0.0,0.0,0.0,0.0,1.341,0.0,0.0,1.894,1.894,0.0,0.0,0.0,0.0,0.0,0.0,0.0,0.0,0.0,0.0,1.341,0.0,1.894,1.894,0.0,0.0,2.248,2.248,1.894,0.0,0.0,0.0,0.0,0.0,1.341,1.341,0.0,0.0,0.0,0.0,1.341,0.0,0.0,1.894,0.0,0.0,0.0,0.0,0.0,0.0,0.0,0.0,1.341,1.341,0.0,0.0,0.0,0.0,1.341,3.033,1.894,0.0,0.0,0.0,0.0,0.0,0.0,0.0,1.894,1.341,1.341,0.0,1.341,0.0,1.341,1.341,0.0,0.0,1.341,3.033,0.0,1.894,0.0,0.0,1.894,0.0,0.0,1.341,0.0,0.0,2.509,0.0,0.0,1.341,0.0,0.0,0.0,0.0,0.0,1.341,0.0,0.0,1.341,2.887,0.0,3.16,0.0,0.0,0.0,1.894,0.0,1.341,0.0,1.341,0.0,0.0,1.341,0.0,0.0,2.887,1.341,1.341,0.0,0.0,1.341,0.0,0.0,1.341,0.0,0.0,1.341,0.0,2.509,0.0,0.0,0.0,0.0,0.0,1.341,2.509,1.341,0.0,0.0,0.0,0.0,0.0,1.341,1.341,0.0,1.894,1.341,2.716,1.341,2.887,0.0,0.0,0.0,1.341,0.0,0.0,0.0,1.341,0.0,0.0,0.0,0.0,0.0,0.0,0.0,0.0,0.0,0.0,0.0,1.341,1.894,0.0,1.894,0.0,1.341,0.0,0.0,0.0,0.0,0.0,0.0,1.894,0.0,0.0,1.341,1.341,2.248,0.0,0.0,1.341,0.0,1.341,0.0,2.509,2.716,0.0,1.894,0.0,2.716,0.0,0.0,0.0,0.0,1.894,0.0,1.894,0.0,0.0,0.0,0.0,0.0,0.0,2.248,0.0,1.341,0.0,0.0,1.341,0.0,1.341,0.0,0.0,0.0,0.0,0.0,0.0,0.0,1.341,1.341,1.341,0.0,1.341,1.341,1.341,0.0,1.341,1.894,0.0,1.894,0.0,1.894,2.509,0.0,0.0,1.341,0.0,0.0,1.341,0.0,1.341,2.248,0.0,0.0,0.0,1.894,0.0,0.0,1.341,2.509,0.0,1.341,0.0,0.0,0.0,0.0,0.0,0.0,0.0,0.0,1.894,0.0,0.0,1.894,1.341,0.0,1.341,1.341,0.0,0.0,0.0,0.0,0.0,1.341,0.0,0.0,1.341,0.0,1.894,0.0,0.0,1.894,1.894,0.0,0.0,0.0,1.341,0.0,2.248,0.0,0.0,0.0,2.248,1.341,1.341,0.0,0.0,1.341,0.0,1.341,0.0,0.0,2.248,0.0,0.0,1.341,0.0,0.0,0.0,0.0,1.894,0.0,1.341,0.0,1.894,1.894,0.0,0.0,1.894,0.0,2.248,0.0,0.0,0.0,2.716,1.341,1.894,1.341,1.341,0.0,0.0,1.341,0.0,1.341,0.0,1.341,0.0,0.0,1.341,3.16,1.894,1.341,0.0,0.0,1.894,0.0,1.341,0.0,0.0,0.0,0.0,1.894,0.0,1.341,2.716,1.341,0.0,2.887,0.0,0.0,0.0,1.341,1.341,1.341,0.0,1.341,1.341,1.894,0.0,0.0,0.0,0.0,0.0,0.0,0.0,0.0,0.0,1.341,2.248,1.894,0.0,0.0,0.0,0.0,1.341,2.248,1.341,0.0,1.341,0.0,0.0,0.0,0.0,0.0,2.509,0.0,0.0,1.894,1.341,0.0,1.341,2.509,3.273,0.0,0.0,0.0,0.0,0.0,1.341,0.0,0.0,1.341,1.341,4.916,0.0,2.716,0.0,0.0,0.0,0.0,1.341,0.0,3.16,1.341,0.0,0.0,0.0,0.0,1.341,0.0,0.0,1.894,0.0,1.341,0.0,0.0,1.341,0.0,1.341,1.341,1.341,1.894,1.341,0.0,0.0,1.341,0.0,0.0,0.0,2.248,0.0,0.0,1.341,2.248,0.0,0.0,1.341,2.509,0.0,2.248,0.0,1.341,1.341
Dendritische Zelle,0.0,0.0,1.341,1.894,0.0,0.0,0.0,0.0,0.0,0.0,0.0,0.0,0.0,0.0,0.0,0.0,0.0,0.0,1.341,0.0,0.0,0.0,0.0,0.0,0.0,1.341,0.0,1.341,1.341,1.894,0.0,0.0,0.0,1.341,0.0,1.341,0.0,0.0,1.894,0.0,1.894,1.341,1.341,0.0,0.0,0.0,0.0,0.0,0.0,2.509,0.0,3.033,3.552,1.341,3.033,3.702,0.0,2.248,0.0,0.0,0.0,0.0,0.0,0.0,2.248,4.188,0.0,0.0,2.716,0.0,0.0,0.0,0.0,0.0,0.0,0.0,0.0,0.0,0.0,0.0,0.0,0.0,0.0,0.0,0.0,1.341,1.341,0.0,0.0,0.0,0.0,2.716,0.0,1.341,0.0,0.0,0.0,2.248,1.894,0.0,2.248,0.0,0.0,0.0,0.0,0.0,0.0,0.0,0.0,0.0,0.0,0.0,0.0,0.0,0.0,1.894,0.0,0.0,0.0,0.0,0.0,1.894,0.0,0.0,0.0,0.0,0.0,0.0,0.0,1.341,0.0,0.0,1.341,1.341,0.0,0.0,1.341,1.894,1.341,2.509,0.0,0.0,0.0,1.341,1.894,0.0,0.0,1.341,0.0,0.0,0.0,0.0,2.248,0.0,0.0,0.0,0.0,0.0,1.341,1.341,0.0,1.341,1.341,0.0,0.0,0.0,0.0,0.0,0.0,0.0,1.341,0.0,0.0,0.0,0.0,0.0,0.0,2.509,0.0,0.0,1.341,0.0,1.341,0.0,1.341,1.894,2.716,0.0,1.894,0.0,0.0,0.0,0.0,0.0,1.341,1.341,2.248,0.0,0.0,0.0,0.0,0.0,0.0,0.0,1.341,0.0,0.0,1.341,0.0,5.015,0.0,2.509,1.894,1.894,0.0,0.0,0.0,0.0,0.0,1.341,1.341,0.0,2.509,0.0,0.0,0.0,0.0,0.0,0.0,0.0,0.0,3.273,1.894,0.0,1.894,1.894,5.087,4.001,4.631,2.887,3.467,1.894,1.894,1.894,4.145,4.145,0.0,0.0,0.0,1.894,2.509,0.0,0.0,0.0,0.0,0.0,1.341,0.0,0.0,0.0,1.341,1.341,0.0,0.0,0.0,0.0,0.0,0.0,1.341,0.0,0.0,0.0,2.248,0.0,1.894,0.0,0.0,0.0,0.0,0.0,3.16,0.0,0.0,0.0,0.0,0.0,0.0,0.0,0.0,0.0,0.0,0.0,0.0,1.341,0.0,2.248,0.0,2.248,0.0,0.0,0.0,0.0,0.0,0.0,0.0,0.0,0.0,0.0,0.0,0.0,0.0,0.0,0.0,0.0,0.0,2.248,0.0,2.509,0.0,0.0,0.0,2.716,0.0,0.0,0.0,1.894,1.341,1.341,0.0,1.341,0.0,0.0,0.0,0.0,0.0,0.0,0.0,0.0,0.0,1.341,0.0,0.0,1.341,0.0,0.0,1.341,1.894,1.341,0.0,2.248,0.0,0.0,0.0,1.341,1.341,0.0,0.0,2.887,0.0,2.248,0.0,1.341,0.0,1.341,1.894,0.0,0.0,0.0,3.273,0.0,1.341,0.0,1.894,0.0,0.0,0.0,1.341,0.0,0.0,3.033,0.0,0.0,0.0,1.341,0.0,0.0,0.0,0.0,2.716,2.248,0.0,1.894,2.248,1.894,3.033,0.0,0.0,0.0,0.0,1.341,0.0,0.0,1.894,0.0,0.0,0.0,1.341,1.894,1.894,0.0,0.0,1.341,0.0,2.248,0.0,0.0,0.0,0.0,0.0,0.0,0.0,1.341,0.0,0.0,1.894,1.341,0.0,0.0,0.0,0.0,0.0,0.0,0.0,0.0,0.0,0.0,2.248,1.341,1.341,1.894,0.0,0.0,2.887,0.0,1.341,0.0,1.341,0.0,0.0,0.0,0.0,1.894,0.0,0.0,1.341,1.894,0.0,0.0,0.0,0.0,0.0,0.0,0.0,0.0,0.0,0.0,0.0,0.0,0.0,0.0,0.0,0.0,0.0,0.0,2.248,1.894,0.0,1.894,1.341,2.248,0.0,2.248,0.0,0.0,0.0,0.0,0.0,4.996,0.0,1.341,0.0,1.341,1.341,0.0,0.0,0.0,3.033,0.0,1.894,0.0,0.0,0.0,0.0,0.0,0.0,1.341,0.0,0.0,0.0,0.0,0.0,0.0,1.341,0.0,1.341,0.0,3.033,1.341,0.0,0.0,0.0,1.894,0.0,0.0,1.894,0.0,0.0,0.0,1.341,1.894,0.0,2.509,1.341,1.341,0.0,0.0,0.0,0.0,0.0,0.0,1.341,0.0,0.0,1.894,0.0,0.0,0.0,0.0,0.0,0.0,0.0,2.248,1.341,1.894,0.0,1.894,1.341,0.0,1.341,0.0,0.0,0.0,0.0,0.0,0.0,0.0,0.0,0.0,0.0,0.0,1.894,0.0,1.341,0.0,0.0,0.0,0.0,0.0,0.0,1.341,0.0,1.341,0.0,1.341,0.0,1.341,0.0,0.0,1.341,2.248,0.0,0.0,2.509,0.0,3.033,1.341,1.894,0.0,0.0,0.0,0.0,0.0,1.341,0.0,0.0,0.0,1.341,0.0,0.0,0.0,0.0,0.0,2.248,0.0,1.894,1.894,0.0,0.0,0.0,1.341,2.887,1.341,1.341,0.0,0.0,0.0,1.341,0.0,0.0,0.0,0.0,0.0,0.0,2.509,0.0,0.0,0.0,1.341,0.0,0.0,0.0,4.346,0.0,0.0,1.341,1.341,1.341,0.0,1.894,0.0,0.0,1.341,0.0,0.0,0.0,0.0,2.716,0.0,0.0,0.0,0.0,0.0,1.894,0.0,0.0,1.341,0.0,0.0,0.0,0.0,0.0,0.0,0.0,0.0,1.894,0.0,1.341,1.341,0.0,2.248,0.0,0.0,0.0,0.0,0.0,0.0,1.894,2.716,0.0,0.0,0.0,1.341,1.341,0.0,0.0,0.0,2.509,0.0,0.0,1.341,2.716,1.341,0.0,0.0,1.894,0.0,1.894,0.0,0.0,0.0,0.0,0.0,0.0,0.0,2.248,4.309,1.341,2.248,0.0,0.0,0.0,0.0,0.0,1.894,0.0,1.341,0.0,1.341,0.0,0.0,0.0,0.0,0.0,1.341,0.0,0.0,0.0,0.0,0.0,0.0,0.0,0.0,0.0,0.0,0.0,0.0,0.0,2.509,1.341,1.341,0.0,1.341,1.894,1.341,0.0,2.248,1.341,0.0,1.894,1.341,0.0,0.0,0.0,0.0,0.0
Dendritische Zelle,0.0,0.0,0.0,1.048,0.0,0.0,1.048,0.0,1.048,1.549,0.0,1.048,0.0,0.0,1.048,0.0,0.0,1.549,0.0,0.0,0.0,1.881,0.0,1.048,0.0,0.0,1.048,0.0,0.0,0.0,0.0,1.881,0.0,1.048,1.048,1.549,0.0,0.0,0.0,0.0,2.495,2.329,0.0,0.0,1.048,0.0,0.0,1.048,0.0,1.048,0.0,2.637,0.0,0.0,1.881,1.549,1.549,1.549,1.048,0.0,1.048,1.549,1.881,0.0,1.048,0.0,2.329,0.0,1.048,1.549,0.0,0.0,0.0,0.0,0.0,0.0,0.0,0.0,1.048,1.549,1.048,0.0,1.048,0.0,0.0,0.0,1.048,0.0,1.048,0.0,0.0,2.329,1.048,0.0,1.048,1.048,0.0,0.0,0.0,0.0,0.0,0.0,0.0,0.0,0.0,0.0,1.048,0.0,0.0,0.0,0.0,1.048,1.881,0.0,0.0,0.0,1.048,0.0,1.048,1.048,0.0,1.048,0.0,0.0,0.0,0.0,0.0,0.0,1.048,0.0,0.0,0.0,1.048,0.0,0.0,0.0,1.048,1.549,0.0,2.972,1.048,0.0,1.549,1.048,0.0,0.0,0.0,0.0,0.0,0.0,0.0,0.0,1.549,1.881,1.549,0.0,0.0,0.0,0.0,1.048,0.0,1.048,0.0,0.0,0.0,0.0,0.0,0.0,1.048,1.549,0.0,0.0,0.0,0.0,0.0,0.0,0.0,0.0,0.0,2.13,0.0,1.048,1.048,0.0,0.0,1.048,1.549,0.0,1.048,0.0,0.0,1.048,0.0,1.048,0.0,1.549,0.0,0.0,0.0,0.0,0.0,0.0,1.048,0.0,1.048,0.0,0.0,1.881,1.048,5.176,1.048,2.972,1.881,2.329,1.048,0.0,0.0,0.0,1.048,0.0,2.13,1.048,1.549,0.0,1.549,0.0,0.0,0.0,1.549,0.0,1.048,1.048,3.146,0.0,2.637,1.881,5.166,3.481,4.499,3.896,3.481,3.537,2.872,2.637,4.83,4.83,0.0,0.0,0.0,0.0,2.329,0.0,1.048,0.0,1.881,1.048,1.048,0.0,0.0,1.048,0.0,0.0,0.0,0.0,0.0,0.0,1.048,0.0,1.048,0.0,1.048,0.0,2.495,1.881,2.972,0.0,1.549,0.0,0.0,0.0,2.762,0.0,0.0,0.0,1.048,1.048,0.0,1.048,0.0,0.0,0.0,0.0,0.0,0.0,0.0,1.881,0.0,1.549,0.0,0.0,0.0,0.0,0.0,0.0,0.0,1.549,0.0,1.549,1.048,1.549,1.549,0.0,0.0,0.0,0.0,2.13,0.0,0.0,0.0,0.0,0.0,0.0,0.0,0.0,0.0,0.0,0.0,0.0,1.549,0.0,1.881,0.0,1.048,0.0,0.0,0.0,0.0,0.0,0.0,0.0,0.0,1.048,0.0,0.0,0.0,1.881,1.549,0.0,0.0,1.048,1.549,0.0,0.0,0.0,0.0,0.0,0.0,1.048,1.048,0.0,1.048,1.549,0.0,0.0,0.0,0.0,0.0,0.0,0.0,0.0,1.048,1.549,1.549,0.0,0.0,0.0,1.048,0.0,0.0,3.481,0.0,1.048,0.0,0.0,0.0,0.0,1.881,0.0,2.495,2.13,0.0,0.0,2.13,1.048,2.972,1.048,0.0,1.881,0.0,0.0,0.0,0.0,1.549,0.0,0.0,0.0,1.549,0.0,1.048,0.0,0.0,2.762,1.048,1.881,0.0,0.0,0.0,0.0,1.881,0.0,0.0,1.881,0.0,1.881,0.0,0.0,0.0,1.048,0.0,0.0,1.048,0.0,0.0,0.0,0.0,0.0,1.048,0.0,1.048,1.048,0.0,1.048,3.481,0.0,0.0,0.0,1.881,0.0,0.0,0.0,1.048,0.0,0.0,0.0,0.0,1.549,0.0,0.0,0.0,1.048,0.0,0.0,0.0,1.048,0.0,0.0,0.0,0.0,0.0,0.0,0.0,0.0,1.048,0.0,0.0,0.0,0.0,2.13,1.048,2.329,0.0,1.549,0.0,0.0,1.881,0.0,0.0,4.901,0.0,1.881,1.048,1.549,1.048,1.048,1.048,0.0,1.048,0.0,1.881,0.0,0.0,0.0,0.0,0.0,0.0,1.881,1.881,0.0,0.0,0.0,0.0,0.0,0.0,1.048,1.549,1.048,2.762,1.549,1.048,0.0,0.0,0.0,2.329,0.0,2.13,1.048,0.0,0.0,1.048,0.0,0.0,1.048,0.0,1.549,0.0,0.0,0.0,1.881,0.0,0.0,1.549,0.0,1.048,2.13,1.048,0.0,0.0,1.881,0.0,1.881,1.048,2.329,1.048,2.329,0.0,0.0,1.048,1.048,1.048,0.0,1.048,0.0,1.048,0.0,0.0,0.0,0.0,0.0,0.0,1.048,1.549,1.048,1.048,0.0,0.0,0.0,1.549,0.0,0.0,0.0,0.0,0.0,1.048,0.0,0.0,1.549,0.0,2.13,0.0,1.048,2.329,0.0,0.0,1.881,2.762,0.0,0.0,1.048,0.0,0.0,0.0,1.549,0.0,0.0,0.0,1.549,0.0,1.048,0.0,0.0,1.048,0.0,0.0,1.549,0.0,1.881,1.048,0.0,1.048,0.0,1.881,0.0,1.549,0.0,0.0,0.0,1.549,0.0,1.549,0.0,0.0,0.0,0.0,0.0,0.0,1.048,0.0,1.549,0.0,1.048,0.0,4.616,0.0,0.0,0.0,0.0,1.549,1.549,1.549,0.0,0.0,2.13,0.0,2.329,0.0,2.13,1.048,0.0,0.0,0.0,2.13,0.0,1.048,0.0,0.0,1.549,1.048,0.0,1.549,0.0,0.0,0.0,0.0,0.0,1.881,0.0,0.0,1.048,0.0,1.881,0.0,1.048,0.0,0.0,1.549,0.0,0.0,1.048,2.13,1.881,0.0,1.549,1.048,0.0,0.0,0.0,1.549,0.0,0.0,0.0,2.13,1.048,0.0,0.0,0.0,0.0,0.0,0.0,0.0,1.048,1.048,1.048,0.0,0.0,2.13,3.223,1.048,1.881,0.0,0.0,0.0,0.0,0.0,0.0,0.0,0.0,0.0,0.0,0.0,1.048,1.048,0.0,1.048,1.549,0.0,0.0,0.0,0.0,1.549,0.0,1.549,0.0,0.0,1.048,1.549,0.0,2.329,1.881,1.881,1.048,0.0,1.881,1.549,2.329,0.0,1.549,0.0,0.0,1.549,2.13,0.0,0.0,0.0,0.0,0.0
B-Zelle,0.0,0.0,2.019,2.019,0.0,0.0,0.0,0.0,1.45,0.0,0.0,0.0,0.0,0.0,0.0,0.0,0.0,3.3,0.0,1.45,0.0,2.379,0.0,0.0,1.45,0.0,0.0,1.45,1.45,0.0,0.0,0.0,0.0,0.0,0.0,1.45,0.0,0.0,2.852,0.0,0.0,0.0,0.0,0.0,0.0,0.0,0.0,0.0,1.45,0.0,1.45,2.852,0.0,0.0,1.45,0.0,0.0,0.0,2.019,1.45,0.0,0.0,0.0,0.0,0.0,0.0,2.019,0.0,0.0,2.019,0.0,0.0,0.0,0.0,1.45,0.0,0.0,0.0,0.0,0.0,0.0,0.0,0.0,0.0,1.45,0.0,1.45,0.0,0.0,0.0,0.0,0.0,0.0,0.0,2.019,0.0,0.0,0.0,0.0,2.019,2.019,2.019,0.0,0.0,0.0,0.0,0.0,0.0,0.0,0.0,0.0,0.0,1.45,0.0,0.0,0.0,0.0,0.0,3.025,0.0,0.0,1.45,0.0,0.0,0.0,0.0,0.0,0.0,0.0,0.0,0.0,0.0,0.0,1.45,0.0,0.0,1.45,0.0,0.0,0.0,0.0,0.0,0.0,0.0,1.45,0.0,0.0,0.0,0.0,0.0,1.45,0.0,1.45,0.0,1.45,0.0,0.0,0.0,0.0,0.0,0.0,0.0,0.0,0.0,0.0,0.0,0.0,0.0,0.0,0.0,0.0,0.0,0.0,0.0,0.0,0.0,0.0,0.0,4.414,0.0,0.0,0.0,0.0,0.0,0.0,1.45,0.0,1.45,1.45,0.0,0.0,0.0,0.0,1.45,0.0,2.643,1.45,0.0,0.0,2.379,0.0,0.0,0.0,2.019,0.0,0.0,3.172,2.019,0.0,4.689,0.0,2.643,0.0,2.019,2.643,0.0,0.0,0.0,0.0,0.0,0.0,0.0,0.0,0.0,0.0,0.0,0.0,2.019,0.0,1.45,0.0,1.45,0.0,0.0,3.414,0.0,2.852,2.379,3.172,2.643,0.0,2.379,0.0,1.45,1.45,3.025,0.0,0.0,0.0,2.379,0.0,2.019,0.0,1.45,0.0,0.0,1.45,0.0,0.0,2.019,2.019,1.45,0.0,0.0,0.0,0.0,0.0,0.0,0.0,0.0,0.0,0.0,0.0,0.0,0.0,0.0,0.0,0.0,0.0,0.0,2.019,0.0,0.0,1.45,2.019,0.0,0.0,1.45,0.0,0.0,0.0,0.0,0.0,0.0,0.0,1.45,0.0,0.0,0.0,0.0,0.0,0.0,0.0,0.0,0.0,0.0,0.0,0.0,0.0,2.379,0.0,0.0,0.0,0.0,0.0,0.0,1.45,0.0,0.0,0.0,0.0,0.0,0.0,2.019,0.0,2.019,1.45,1.45,0.0,0.0,1.45,0.0,3.172,0.0,0.0,0.0,0.0,0.0,0.0,0.0,0.0,0.0,1.45,2.379,2.019,2.019,0.0,0.0,0.0,1.45,0.0,0.0,0.0,0.0,0.0,1.45,0.0,1.45,0.0,0.0,0.0,1.45,1.45,1.45,0.0,0.0,0.0,1.45,0.0,0.0,0.0,0.0,0.0,0.0,0.0,0.0,0.0,0.0,1.45,3.693,0.0,0.0,1.45,0.0,0.0,0.0,2.019,1.45,2.643,2.379,0.0,0.0,0.0,1.45,2.379,1.45,0.0,1.45,1.45,1.45,0.0,0.0,0.0,0.0,0.0,0.0,0.0,0.0,0.0,1.45,0.0,0.0,1.45,0.0,1.45,0.0,0.0,0.0,0.0,0.0,0.0,0.0,1.45,0.0,0.0,0.0,0.0,0.0,1.45,0.0,2.019,0.0,0.0,0.0,0.0,0.0,0.0,0.0,1.45,2.019,3.3,1.45,2.643,0.0,1.45,0.0,0.0,1.45,2.019,0.0,1.45,0.0,1.45,0.0,0.0,0.0,0.0,0.0,0.0,0.0,0.0,3.172,0.0,0.0,0.0,0.0,0.0,0.0,0.0,0.0,0.0,0.0,1.45,0.0,2.019,0.0,2.019,3.172,0.0,1.45,0.0,1.45,1.45,1.45,1.45,0.0,0.0,0.0,0.0,1.45,0.0,2.643,3.172,1.45,2.019,0.0,2.379,0.0,2.379,0.0,0.0,0.0,0.0,0.0,0.0,2.019,0.0,0.0,0.0,0.0,0.0,1.45,0.0,0.0,0.0,0.0,0.0,1.45,0.0,0.0,0.0,0.0,0.0,0.0,2.852,1.45,0.0,0.0,0.0,0.0,0.0,0.0,1.45,0.0,0.0,0.0,0.0,0.0,4.595,0.0,0.0,3.172,1.45,1.45,0.0,0.0,0.0,1.45,0.0,1.45,1.45,3.414,1.45,0.0,0.0,1.45,0.0,0.0,2.379,0.0,2.379,0.0,0.0,0.0,0.0,2.019,0.0,0.0,0.0,0.0,1.45,0.0,2.019,0.0,0.0,0.0,2.019,3.3,0.0,0.0,0.0,2.019,1.45,1.45,0.0,0.0,0.0,0.0,0.0,0.0,1.45,0.0,0.0,2.019,0.0,0.0,2.019,0.0,2.379,0.0,0.0,0.0,0.0,0.0,0.0,1.45,0.0,2.019,0.0,0.0,0.0,1.45,0.0,0.0,0.0,0.0,0.0,0.0,2.019,1.45,2.019,0.0,1.45,0.0,0.0,0.0,0.0,0.0,0.0,0.0,0.0,0.0,0.0,0.0,0.0,0.0,0.0,0.0,0.0,1.45,1.45,0.0,0.0,1.45,1.45,2.852,1.45,1.45,1.45,0.0,0.0,2.019,0.0,1.45,1.45,0.0,0.0,0.0,0.0,0.0,1.45,0.0,0.0,0.0,0.0,1.45,1.45,0.0,2.852,3.025,0.0,0.0,0.0,0.0,2.852,0.0,1.45,0.0,0.0,1.45,0.0,2.019,0.0,0.0,0.0,0.0,0.0,0.0,1.45,0.0,0.0,0.0,0.0,0.0,0.0,0.0,0.0,0.0,1.45,0.0,2.019,2.019,0.0,2.019,0.0,0.0,0.0,0.0,0.0,4.288,2.852,0.0,0.0,0.0,2.019,2.643,0.0,2.643,0.0,1.45,1.45,0.0,0.0,0.0,0.0,0.0,0.0,0.0,0.0,0.0,0.0,1.45,0.0,0.0,0.0,1.45,1.45,0.0,1.45,0.0,1.45,0.0,0.0,0.0,1.45,0.0,0.0,1.45,0.0,1.45,0.0,0.0,2.019,0.0,0.0,2.019,2.019,0.0,0.0,1.45,1.45,0.0,0.0,0.0,0.0
Dendritische Zelle,0.0,0.0,0.0,2.688,0.0,0.0,0.0,0.0,0.0,0.0,0.0,0.0,0.0,0.0,0.0,0.0,0.0,0.0,0.0,0.0,0.0,2.061,0.0,0.0,0.0,2.061,0.0,0.0,2.423,0.0,0.0,2.061,0.0,2.061,0.0,0.0,0.0,0.0,1.488,0.0,0.0,0.0,0.0,0.0,1.488,0.0,0.0,1.488,0.0,1.488,0.0,2.898,3.071,1.488,2.688,3.819,0.0,1.488,1.488,0.0,0.0,0.0,0.0,0.0,2.061,3.819,2.423,0.0,3.347,2.061,0.0,0.0,0.0,0.0,0.0,0.0,0.0,0.0,0.0,0.0,1.488,0.0,0.0,0.0,0.0,1.488,0.0,0.0,1.488,0.0,0.0,2.061,1.488,0.0,0.0,1.488,0.0,1.488,1.488,0.0,1.488,1.488,0.0,0.0,0.0,0.0,0.0,0.0,0.0,0.0,0.0,0.0,0.0,0.0,0.0,0.0,1.488,0.0,0.0,0.0,0.0,0.0,0.0,0.0,0.0,0.0,0.0,0.0,0.0,0.0,1.488,0.0,0.0,0.0,0.0,0.0,1.488,0.0,0.0,2.898,2.061,0.0,0.0,0.0,1.488,0.0,0.0,0.0,0.0,0.0,0.0,0.0,0.0,1.488,0.0,0.0,0.0,0.0,0.0,0.0,0.0,0.0,0.0,0.0,1.488,0.0,0.0,0.0,1.488,2.061,1.488,0.0,0.0,0.0,0.0,0.0,0.0,1.488,0.0,2.423,1.488,0.0,0.0,0.0,0.0,0.0,2.061,1.488,2.423,0.0,0.0,0.0,0.0,0.0,0.0,1.488,2.061,0.0,0.0,0.0,0.0,0.0,0.0,0.0,1.488,0.0,0.0,2.061,0.0,5.297,0.0,0.0,2.061,2.423,0.0,0.0,0.0,1.488,1.488,2.061,0.0,0.0,0.0,0.0,1.488,0.0,1.488,0.0,0.0,0.0,0.0,2.898,2.423,0.0,3.218,0.0,4.928,3.819,4.823,3.347,2.898,2.898,2.061,2.423,3.959,4.242,0.0,0.0,0.0,0.0,1.488,0.0,0.0,1.488,2.061,0.0,0.0,2.061,0.0,0.0,0.0,1.488,0.0,0.0,0.0,0.0,0.0,2.061,2.423,0.0,1.488,0.0,2.061,0.0,2.061,0.0,0.0,0.0,0.0,1.488,1.488,0.0,0.0,0.0,0.0,0.0,1.488,1.488,0.0,0.0,0.0,0.0,0.0,0.0,1.488,0.0,0.0,2.423,0.0,0.0,0.0,0.0,0.0,0.0,0.0,1.488,0.0,0.0,0.0,2.061,0.0,0.0,0.0,0.0,0.0,0.0,2.423,0.0,0.0,0.0,0.0,1.488,2.061,0.0,0.0,0.0,0.0,0.0,0.0,0.0,1.488,0.0,2.688,0.0,0.0,0.0,0.0,0.0,1.488,0.0,0.0,0.0,0.0,1.488,0.0,1.488,0.0,0.0,0.0,2.061,0.0,0.0,1.488,0.0,2.061,2.423,0.0,2.061,0.0,1.488,0.0,2.423,1.488,0.0,0.0,0.0,0.0,0.0,2.061,0.0,2.061,0.0,0.0,0.0,1.488,0.0,0.0,0.0,0.0,3.347,0.0,0.0,0.0,0.0,0.0,0.0,1.488,0.0,2.688,0.0,0.0,1.488,1.488,0.0,3.461,0.0,1.488,0.0,0.0,1.488,0.0,0.0,2.061,0.0,0.0,0.0,0.0,1.488,2.061,0.0,0.0,3.071,0.0,1.488,0.0,0.0,0.0,0.0,1.488,0.0,0.0,1.488,0.0,0.0,1.488,1.488,0.0,0.0,1.488,1.488,0.0,0.0,0.0,0.0,0.0,0.0,1.488,0.0,1.488,0.0,0.0,2.061,3.461,2.061,2.423,2.061,2.061,0.0,1.488,0.0,1.488,1.488,1.488,0.0,0.0,0.0,0.0,0.0,0.0,0.0,0.0,0.0,0.0,1.488,0.0,1.488,0.0,0.0,0.0,0.0,0.0,0.0,0.0,0.0,0.0,0.0,0.0,1.488,0.0,0.0,0.0,1.488,0.0,0.0,0.0,0.0,0.0,4.538,0.0,2.423,1.488,0.0,0.0,1.488,0.0,0.0,2.423,1.488,0.0,0.0,0.0,0.0,0.0,0.0,0.0,0.0,0.0,0.0,0.0,0.0,2.061,0.0,0.0,1.488,0.0,0.0,2.423,0.0,1.488,0.0,0.0,2.061,1.488,0.0,1.488,0.0,1.488,0.0,1.488,1.488,0.0,2.061,1.488,2.423,0.0,0.0,1.488,0.0,0.0,0.0,0.0,0.0,1.488,1.488,0.0,0.0,0.0,0.0,0.0,0.0,0.0,2.061,0.0,2.688,0.0,0.0,0.0,0.0,2.688,0.0,0.0,0.0,1.488,0.0,0.0,0.0,0.0,1.488,0.0,0.0,0.0,1.488,1.488,0.0,0.0,0.0,0.0,0.0,0.0,1.488,0.0,0.0,0.0,0.0,0.0,1.488,1.488,0.0,1.488,0.0,0.0,0.0,2.061,1.488,2.423,0.0,2.061,0.0,0.0,0.0,0.0,0.0,0.0,0.0,0.0,1.488,0.0,0.0,0.0,1.488,0.0,0.0,0.0,0.0,1.488,0.0,0.0,1.488,2.061,0.0,1.488,0.0,1.488,0.0,0.0,0.0,0.0,1.488,2.423,0.0,0.0,0.0,0.0,0.0,0.0,0.0,0.0,1.488,1.488,0.0,0.0,4.138,0.0,0.0,2.061,0.0,1.488,2.061,2.688,0.0,0.0,2.061,0.0,1.488,1.488,0.0,1.488,0.0,0.0,0.0,0.0,0.0,2.423,0.0,0.0,1.488,0.0,0.0,0.0,0.0,0.0,0.0,0.0,0.0,1.488,0.0,0.0,0.0,0.0,1.488,0.0,2.423,0.0,0.0,0.0,0.0,1.488,2.688,1.488,0.0,0.0,0.0,0.0,1.488,0.0,0.0,2.061,0.0,0.0,0.0,2.061,0.0,0.0,0.0,2.688,0.0,0.0,0.0,0.0,0.0,2.061,0.0,1.488,0.0,2.898,4.574,1.488,1.488,0.0,0.0,0.0,1.488,2.061,0.0,0.0,0.0,0.0,0.0,0.0,1.488,0.0,0.0,0.0,1.488,0.0,0.0,0.0,0.0,0.0,0.0,0.0,0.0,0.0,0.0,1.488,0.0,0.0,1.488,0.0,1.488,0.0,0.0,0.0,2.423,0.0,1.488,0.0,0.0,0.0,2.423,1.488,0.0,0.0,1.488,0.0
T-Zelle,0.0,2.173,1.823,1.823,0.0,1.28,0.0,0.0,0.0,0.0,0.0,1.28,0.0,0.0,0.0,0.0,0.0,3.47,0.0,0.0,0.0,1.28,2.173,1.28,1.28,2.173,1.28,2.432,1.28,0.0,0.0,1.28,0.0,0.0,0.0,1.28,0.0,1.28,0.0,1.28,0.0,0.0,2.173,0.0,2.953,0.0,0.0,0.0,0.0,0.0,0.0,2.173,0.0,0.0,1.28,2.638,0.0,0.0,1.28,0.0,1.28,0.0,1.28,0.0,0.0,0.0,1.823,1.823,0.0,1.823,0.0,0.0,1.28,0.0,1.28,0.0,0.0,1.28,0.0,0.0,1.28,0.0,1.28,0.0,0.0,1.28,0.0,0.0,0.0,0.0,1.28,0.0,0.0,0.0,0.0,0.0,0.0,1.28,0.0,0.0,0.0,1.28,0.0,0.0,1.823,1.28,1.28,1.28,0.0,0.0,0.0,1.28,1.823,1.28,0.0,1.28,1.28,0.0,0.0,1.28,0.0,1.28,0.0,0.0,0.0,0.0,0.0,0.0,0.0,0.0,0.0,0.0,1.28,0.0,0.0,0.0,0.0,1.28,0.0,0.0,0.0,0.0,0.0,0.0,1.28,0.0,0.0,1.823,0.0,0.0,0.0,0.0,0.0,1.28,0.0,0.0,0.0,0.0,0.0,0.0,0.0,2.432,0.0,0.0,0.0,0.0,1.28,0.0,0.0,0.0,1.28,0.0,0.0,0.0,0.0,0.0,0.0,0.0,0.0,1.823,1.28,0.0,0.0,0.0,2.432,2.173,0.0,0.0,0.0,0.0,0.0,0.0,1.28,0.0,0.0,2.173,0.0,0.0,0.0,0.0,0.0,0.0,1.823,0.0,1.28,0.0,0.0,1.28,1.823,1.28,0.0,2.638,2.638,1.823,0.0,0.0,0.0,1.823,0.0,0.0,0.0,0.0,0.0,0.0,0.0,0.0,0.0,1.823,0.0,0.0,4.017,0.0,1.28,0.0,1.823,1.28,0.0,0.0,0.0,0.0,0.0,0.0,0.0,1.28,0.0,1.28,2.173,0.0,0.0,1.28,0.0,0.0,1.823,0.0,1.28,0.0,0.0,0.0,0.0,1.823,0.0,0.0,0.0,0.0,0.0,0.0,0.0,1.28,1.28,0.0,0.0,1.823,1.28,2.432,0.0,0.0,0.0,0.0,0.0,0.0,0.0,0.0,0.0,1.28,0.0,0.0,1.823,0.0,0.0,0.0,0.0,0.0,0.0,0.0,0.0,0.0,0.0,1.823,0.0,1.823,0.0,0.0,0.0,0.0,1.28,0.0,0.0,1.28,0.0,1.28,0.0,3.08,0.0,0.0,1.28,2.173,0.0,0.0,0.0,0.0,0.0,1.28,0.0,0.0,0.0,0.0,1.28,0.0,1.28,0.0,1.823,1.28,1.28,0.0,0.0,0.0,0.0,0.0,0.0,0.0,0.0,0.0,0.0,1.28,0.0,1.823,1.28,0.0,0.0,1.28,1.28,0.0,1.28,0.0,0.0,0.0,0.0,0.0,0.0,1.823,0.0,0.0,1.823,1.28,0.0,1.823,0.0,0.0,0.0,0.0,2.173,0.0,1.28,0.0,0.0,0.0,0.0,1.823,0.0,3.193,0.0,0.0,0.0,0.0,0.0,0.0,1.28,0.0,1.28,1.823,0.0,0.0,0.0,1.28,3.08,1.28,0.0,0.0,0.0,0.0,0.0,0.0,1.28,0.0,0.0,0.0,0.0,1.28,0.0,1.28,1.28,1.28,0.0,0.0,0.0,1.823,0.0,1.28,1.823,0.0,0.0,0.0,1.823,1.28,1.28,0.0,0.0,0.0,0.0,0.0,0.0,0.0,0.0,0.0,0.0,0.0,0.0,0.0,1.28,2.432,2.432,1.823,1.823,0.0,0.0,0.0,1.823,0.0,1.28,1.28,1.28,0.0,0.0,0.0,0.0,0.0,1.28,1.823,2.432,0.0,0.0,1.28,0.0,0.0,0.0,0.0,0.0,0.0,0.0,0.0,0.0,0.0,1.28,0.0,1.823,0.0,0.0,0.0,0.0,2.953,0.0,0.0,1.28,0.0,0.0,0.0,1.28,0.0,0.0,2.432,1.28,3.193,1.823,0.0,0.0,0.0,1.823,0.0,1.28,0.0,1.823,0.0,0.0,0.0,0.0,0.0,0.0,0.0,0.0,0.0,0.0,0.0,0.0,0.0,0.0,0.0,1.28,1.28,0.0,0.0,0.0,1.28,0.0,0.0,1.823,0.0,0.0,0.0,0.0,0.0,0.0,0.0,1.28,2.173,2.173,1.28,0.0,1.823,0.0,0.0,0.0,0.0,0.0,2.173,0.0,0.0,0.0,1.28,0.0,0.0,0.0,0.0,0.0,1.28,0.0,0.0,0.0,0.0,0.0,0.0,1.28,0.0,0.0,0.0,1.28,1.28,0.0,0.0,1.28,1.28,0.0,1.823,1.823,1.28,0.0,1.28,0.0,0.0,0.0,0.0,0.0,0.0,1.28,0.0,0.0,1.28,0.0,0.0,0.0,0.0,0.0,1.823,0.0,0.0,1.28,0.0,1.28,0.0,0.0,0.0,0.0,0.0,1.823,0.0,0.0,0.0,0.0,0.0,0.0,0.0,0.0,0.0,0.0,0.0,0.0,1.823,0.0,0.0,1.823,0.0,2.173,0.0,1.28,0.0,0.0,0.0,0.0,0.0,0.0,2.638,0.0,1.28,0.0,0.0,0.0,1.28,1.28,0.0,0.0,0.0,1.28,0.0,0.0,0.0,0.0,1.823,1.28,1.28,0.0,1.28,0.0,0.0,0.0,2.173,0.0,2.173,0.0,1.28,0.0,0.0,0.0,0.0,1.28,0.0,0.0,1.28,0.0,0.0,2.173,1.823,0.0,0.0,0.0,0.0,0.0,1.28,1.823,0.0,0.0,2.173,0.0,2.173,0.0,1.823,1.28,0.0,1.28,3.08,1.28,0.0,0.0,2.432,0.0,0.0,1.823,0.0,0.0,0.0,1.28,0.0,1.28,0.0,0.0,2.173,0.0,0.0,0.0,0.0,0.0,0.0,0.0,0.0,1.823,1.823,1.28,4.148,0.0,0.0,0.0,2.432,0.0,0.0,0.0,0.0,0.0,0.0,0.0,0.0,0.0,0.0,0.0,0.0,1.823,0.0,1.823,0.0,0.0,0.0,0.0,0.0,2.173,0.0,0.0,0.0,0.0,0.0,0.0,1.28,0.0,0.0,0.0,0.0,1.28,2.173,0.0,2.173,0.0,0.0,1.823,0.0,0.0,1.823,1.28,1.28,1.823
Monozyt,0.0,0.0,2.109,2.109,0.0,0.0,1.531,1.531,1.531,0.0,0.0,0.0,0.0,0.0,0.0,0.0,0.0,2.95,0.0,2.109,0.0,1.531,0.0,0.0,0.0,0.0,2.109,0.0,2.74,0.0,0.0,0.0,0.0,0.0,0.0,0.0,0.0,0.0,2.109,0.0,1.531,0.0,0.0,0.0,1.531,0.0,0.0,2.109,0.0,3.945,1.531,2.109,2.109,0.0,3.123,3.709,0.0,1.531,0.0,1.531,0.0,1.531,0.0,0.0,0.0,0.0,0.0,0.0,3.514,0.0,3.616,0.0,0.0,1.531,0.0,0.0,0.0,1.531,0.0,0.0,2.109,0.0,0.0,0.0,0.0,0.0,0.0,1.531,0.0,0.0,0.0,1.531,1.531,1.531,1.531,0.0,0.0,1.531,0.0,0.0,0.0,0.0,1.531,0.0,0.0,0.0,0.0,0.0,0.0,0.0,0.0,0.0,2.109,1.531,0.0,0.0,0.0,0.0,0.0,0.0,0.0,0.0,0.0,0.0,0.0,0.0,0.0,1.531,1.531,0.0,0.0,0.0,0.0,0.0,0.0,0.0,1.531,2.109,0.0,2.109,2.109,0.0,1.531,1.531,0.0,0.0,0.0,0.0,0.0,0.0,2.473,0.0,2.109,1.531,0.0,0.0,0.0,0.0,0.0,0.0,0.0,1.531,0.0,0.0,1.531,0.0,0.0,0.0,1.531,0.0,0.0,0.0,0.0,0.0,0.0,0.0,0.0,0.0,0.0,2.473,0.0,2.109,0.0,0.0,0.0,0.0,1.531,1.531,1.531,0.0,1.531,0.0,0.0,0.0,0.0,1.531,1.531,0.0,0.0,2.109,1.531,0.0,2.109,0.0,0.0,0.0,0.0,2.109,0.0,4.982,0.0,0.0,0.0,0.0,0.0,0.0,0.0,1.531,1.531,2.95,0.0,0.0,0.0,0.0,0.0,0.0,2.109,0.0,0.0,1.531,2.95,4.136,3.945,1.531,2.95,0.0,4.013,3.794,4.136,1.531,3.123,1.531,1.531,1.531,4.013,3.616,0.0,0.0,0.0,2.109,0.0,0.0,0.0,0.0,2.109,0.0,0.0,1.531,0.0,0.0,1.531,0.0,0.0,0.0,2.109,0.0,0.0,0.0,2.109,0.0,0.0,0.0,2.95,0.0,2.109,0.0,1.531,0.0,0.0,0.0,2.109,0.0,0.0,0.0,0.0,0.0,0.0,0.0,0.0,0.0,0.0,0.0,0.0,1.531,0.0,1.531,0.0,2.109,2.473,0.0,0.0,0.0,1.531,0.0,0.0,0.0,0.0,0.0,2.109,2.109,0.0,0.0,1.531,0.0,1.531,0.0,2.473,2.473,0.0,0.0,0.0,0.0,0.0,0.0,1.531,0.0,0.0,0.0,0.0,0.0,1.531,0.0,1.531,0.0,0.0,0.0,0.0,0.0,2.109,1.531,0.0,0.0,0.0,0.0,0.0,0.0,2.473,0.0,0.0,2.473,0.0,0.0,0.0,0.0,0.0,0.0,0.0,0.0,0.0,0.0,0.0,0.0,0.0,0.0,0.0,1.531,0.0,0.0,2.74,0.0,0.0,0.0,1.531,0.0,1.531,0.0,0.0,0.0,0.0,1.531,0.0,0.0,0.0,0.0,0.0,0.0,0.0,0.0,2.74,0.0,0.0,0.0,2.473,1.531,2.95,2.109,0.0,0.0,1.531,0.0,0.0,0.0,0.0,0.0,0.0,0.0,0.0,1.531,2.109,0.0,2.109,1.531,0.0,0.0,1.531,0.0,0.0,0.0,2.74,0.0,0.0,0.0,0.0,0.0,0.0,0.0,0.0,0.0,0.0,0.0,0.0,0.0,0.0,2.109,0.0,0.0,1.531,1.531,2.473,0.0,0.0,0.0,0.0,1.531,0.0,0.0,1.531,0.0,1.531,0.0,0.0,0.0,0.0,0.0,0.0,2.109,0.0,0.0,0.0,1.531,0.0,0.0,0.0,0.0,0.0,1.531,0.0,0.0,0.0,0.0,0.0,0.0,0.0,0.0,0.0,1.531,0.0,2.109,0.0,2.74,0.0,0.0,0.0,1.531,2.473,0.0,0.0,2.109,0.0,1.531,1.531,2.473,0.0,1.531,0.0,0.0,1.531,0.0,2.109,0.0,0.0,0.0,0.0,0.0,0.0,2.109,2.109,0.0,0.0,0.0,0.0,0.0,0.0,0.0,1.531,0.0,0.0,1.531,0.0,0.0,0.0,0.0,0.0,0.0,2.473,0.0,0.0,0.0,1.531,0.0,1.531,2.95,0.0,0.0,0.0,0.0,0.0,0.0,0.0,0.0,0.0,0.0,1.531,2.473,0.0,0.0,0.0,1.531,0.0,2.109,0.0,2.109,0.0,1.531,0.0,1.531,2.473,0.0,1.531,0.0,0.0,0.0,0.0,0.0,0.0,0.0,0.0,0.0,0.0,1.531,1.531,0.0,1.531,0.0,1.531,0.0,1.531,0.0,0.0,0.0,0.0,0.0,0.0,0.0,0.0,0.0,0.0,0.0,0.0,0.0,0.0,0.0,0.0,0.0,2.109,1.531,1.531,0.0,0.0,0.0,2.109,2.109,1.531,0.0,0.0,0.0,0.0,0.0,0.0,0.0,0.0,0.0,1.531,0.0,2.109,0.0,2.473,1.531,1.531,0.0,2.109,1.531,0.0,0.0,0.0,0.0,0.0,0.0,2.109,0.0,0.0,0.0,0.0,0.0,0.0,0.0,1.531,0.0,0.0,0.0,0.0,3.616,0.0,0.0,0.0,0.0,0.0,0.0,0.0,0.0,0.0,1.531,0.0,0.0,1.531,1.531,1.531,0.0,0.0,0.0,0.0,0.0,0.0,1.531,0.0,0.0,0.0,0.0,0.0,0.0,0.0,0.0,0.0,0.0,0.0,0.0,1.531,2.109,0.0,1.531,1.531,0.0,0.0,0.0,0.0,0.0,0.0,2.95,0.0,0.0,1.531,2.109,2.109,0.0,0.0,0.0,1.531,1.531,0.0,2.109,2.473,0.0,0.0,2.74,3.616,0.0,1.531,0.0,0.0,0.0,2.109,0.0,0.0,0.0,2.109,5.697,0.0,2.109,0.0,0.0,0.0,0.0,1.531,0.0,0.0,0.0,0.0,0.0,0.0,1.531,1.531,1.531,0.0,1.531,0.0,1.531,0.0,0.0,0.0,0.0,0.0,0.0,0.0,2.109,0.0,0.0,0.0,0.0,0.0,2.109,0.0,2.109,0.0,2.74,0.0,0.0,0.0,0.0,1.531,1.531,0.0,2.473,0.0,0.0,2.109
NK-Zelle,0.0,0.0,1.86,2.212,0.0,0.0,0.0,0.0,0.0,0.0,0.0,0.0,0.0,0.0,2.212,0.0,2.212,2.678,2.212,1.311,0.0,1.311,2.472,0.0,1.86,1.86,0.0,1.311,1.311,1.86,0.0,1.311,0.0,1.86,1.311,1.86,0.0,0.0,1.311,1.311,0.0,0.0,1.311,0.0,1.311,0.0,0.0,0.0,1.311,1.86,1.86,1.86,0.0,0.0,0.0,2.472,0.0,0.0,0.0,0.0,0.0,0.0,1.86,0.0,0.0,0.0,2.472,0.0,2.472,1.311,0.0,0.0,0.0,0.0,0.0,3.122,1.86,0.0,0.0,1.86,0.0,1.311,0.0,0.0,1.311,0.0,0.0,0.0,0.0,0.0,0.0,2.472,0.0,0.0,0.0,2.212,0.0,2.212,0.0,0.0,2.472,1.311,4.79,0.0,0.0,0.0,1.311,0.0,0.0,0.0,0.0,0.0,1.86,0.0,1.311,0.0,0.0,0.0,0.0,2.678,2.212,1.311,0.0,0.0,0.0,0.0,0.0,1.311,2.212,0.0,1.86,0.0,1.86,1.311,0.0,0.0,1.86,1.86,0.0,1.86,0.0,1.86,0.0,0.0,0.0,0.0,0.0,0.0,0.0,0.0,0.0,0.0,0.0,1.311,0.0,0.0,0.0,0.0,0.0,0.0,1.311,1.311,0.0,0.0,0.0,0.0,1.311,0.0,1.311,0.0,0.0,0.0,0.0,0.0,0.0,2.849,0.0,1.86,0.0,0.0,2.472,3.512,0.0,0.0,0.0,1.311,0.0,1.311,1.311,0.0,0.0,0.0,0.0,0.0,1.311,1.311,0.0,0.0,0.0,1.311,1.311,0.0,0.0,0.0,1.86,0.0,1.311,1.86,0.0,1.311,0.0,3.662,1.311,0.0,1.311,0.0,1.311,2.849,0.0,0.0,0.0,0.0,0.0,0.0,0.0,0.0,0.0,0.0,0.0,1.311,3.122,0.0,0.0,0.0,2.678,1.311,0.0,0.0,0.0,0.0,0.0,0.0,0.0,0.0,0.0,0.0,0.0,0.0,0.0,2.212,2.212,0.0,0.0,1.86,2.678,0.0,0.0,0.0,0.0,1.86,2.212,0.0,1.86,0.0,0.0,0.0,0.0,0.0,1.311,0.0,1.311,0.0,2.472,1.311,0.0,0.0,2.212,0.0,1.311,0.0,2.678,0.0,0.0,0.0,0.0,1.311,1.311,1.311,0.0,0.0,0.0,0.0,0.0,0.0,1.311,1.311,2.212,1.86,0.0,0.0,0.0,0.0,0.0,0.0,0.0,0.0,0.0,2.472,0.0,0.0,0.0,2.472,0.0,0.0,0.0,1.86,0.0,0.0,0.0,0.0,0.0,2.472,1.311,0.0,1.86,0.0,1.311,0.0,0.0,0.0,1.86,0.0,0.0,0.0,0.0,0.0,0.0,0.0,0.0,0.0,0.0,0.0,1.311,0.0,0.0,1.311,0.0,0.0,0.0,2.472,0.0,0.0,0.0,0.0,0.0,2.212,0.0,0.0,1.311,2.678,0.0,1.86,0.0,1.311,0.0,1.86,0.0,0.0,0.0,0.0,1.311,0.0,1.311,0.0,0.0,0.0,1.311,1.311,0.0,1.86,0.0,0.0,0.0,2.472,0.0,0.0,1.311,1.311,2.472,1.311,0.0,0.0,0.0,0.0,3.122,0.0,0.0,0.0,1.86,0.0,1.311,1.311,0.0,0.0,0.0,0.0,0.0,0.0,3.235,0.0,1.311,0.0,0.0,2.212,0.0,0.0,0.0,1.86,2.472,1.311,0.0,0.0,2.212,1.86,0.0,0.0,0.0,0.0,2.472,0.0,0.0,0.0,0.0,0.0,0.0,3.428,1.86,0.0,1.86,0.0,1.311,0.0,2.849,0.0,1.86,0.0,1.311,0.0,0.0,1.311,0.0,0.0,0.0,0.0,0.0,0.0,1.311,1.311,0.0,0.0,0.0,0.0,0.0,0.0,0.0,0.0,0.0,1.311,0.0,0.0,0.0,0.0,1.311,0.0,3.122,0.0,0.0,1.311,0.0,2.678,0.0,2.678,0.0,1.311,2.212,0.0,0.0,0.0,0.0,1.86,0.0,2.849,0.0,0.0,0.0,0.0,2.212,0.0,1.311,0.0,0.0,0.0,0.0,0.0,0.0,0.0,0.0,0.0,0.0,0.0,0.0,0.0,1.311,0.0,0.0,0.0,2.472,1.311,0.0,0.0,1.311,2.212,0.0,0.0,1.311,0.0,0.0,0.0,1.311,0.0,0.0,0.0,0.0,2.849,1.311,0.0,0.0,0.0,0.0,1.311,0.0,0.0,1.86,2.472,0.0,0.0,0.0,0.0,0.0,1.86,0.0,2.472,0.0,2.849,1.311,0.0,0.0,0.0,0.0,0.0,0.0,0.0,1.311,0.0,0.0,0.0,1.311,0.0,2.212,0.0,1.86,0.0,2.212,3.336,0.0,0.0,0.0,0.0,0.0,0.0,0.0,0.0,1.311,0.0,0.0,1.311,0.0,1.311,0.0,0.0,1.86,1.311,0.0,0.0,2.678,1.86,1.86,0.0,0.0,0.0,0.0,1.311,1.311,0.0,0.0,0.0,0.0,1.311,0.0,0.0,0.0,0.0,1.311,0.0,0.0,1.86,1.311,1.311,0.0,1.311,2.212,1.86,1.311,0.0,0.0,0.0,0.0,0.0,1.311,3.512,1.311,0.0,0.0,0.0,0.0,1.86,0.0,0.0,1.86,1.311,1.311,1.311,1.86,0.0,2.472,1.86,0.0,0.0,2.212,0.0,0.0,0.0,0.0,2.994,1.311,2.678,0.0,1.311,0.0,0.0,1.311,1.311,0.0,2.212,0.0,1.86,0.0,0.0,1.311,0.0,0.0,2.472,0.0,0.0,1.86,1.311,1.311,1.311,0.0,1.311,0.0,1.311,0.0,0.0,0.0,1.311,1.86,1.311,1.86,0.0,0.0,0.0,1.86,0.0,1.311,0.0,1.311,0.0,0.0,0.0,0.0,0.0,0.0,2.212,2.849,1.86,0.0,0.0,0.0,0.0,1.86,0.0,1.311,1.311,0.0,3.122,0.0,1.86,0.0,0.0,0.0,0.0,1.311,0.0,3.908,0.0,0.0,0.0,0.0,0.0,1.311,0.0,0.0,1.311,0.0,1.311,0.0,0.0,0.0,0.0,2.678,0.0,0.0,0.0,1.311,0.0,0.0,1.311,0.0,1.86,0.0,0.0,1.311,2.212,0.0,1.311,0.0,0.0,1.86,0.0,0.0,1.86,0.0,0.0,1.311
Dendritische Zelle,0.0,0.0,1.867,2.479,0.0,1.317,0.0,0.0,0.0,0.0,0.0,1.317,0.0,0.0,0.0,0.0,0.0,1.867,1.317,1.317,0.0,0.0,0.0,0.0,1.317,0.0,0.0,1.317,0.0,0.0,0.0,0.0,0.0,1.867,1.317,1.317,0.0,0.0,0.0,0.0,2.219,1.317,0.0,0.0,2.219,0.0,0.0,1.317,1.317,1.867,0.0,1.867,3.002,0.0,3.52,3.969,0.0,0.0,0.0,0.0,0.0,0.0,1.317,0.0,0.0,3.344,1.867,0.0,2.219,0.0,0.0,0.0,0.0,0.0,0.0,0.0,0.0,1.317,0.0,0.0,0.0,0.0,1.317,0.0,1.317,0.0,1.317,0.0,0.0,0.0,0.0,2.479,0.0,0.0,1.867,0.0,0.0,1.317,0.0,0.0,2.219,0.0,0.0,0.0,0.0,0.0,1.317,0.0,0.0,1.867,0.0,1.317,1.867,1.317,0.0,0.0,0.0,1.317,0.0,2.219,0.0,0.0,0.0,0.0,0.0,0.0,0.0,0.0,1.867,1.867,0.0,0.0,0.0,0.0,0.0,0.0,0.0,1.867,1.317,3.344,1.867,0.0,0.0,1.867,2.219,0.0,0.0,0.0,0.0,1.317,0.0,0.0,0.0,1.317,1.867,0.0,0.0,0.0,0.0,0.0,0.0,1.317,0.0,0.0,0.0,0.0,0.0,0.0,0.0,0.0,0.0,0.0,0.0,0.0,1.317,0.0,0.0,1.317,0.0,1.317,1.867,0.0,1.867,0.0,1.317,1.317,1.867,1.867,1.867,0.0,0.0,0.0,0.0,0.0,0.0,1.867,1.317,0.0,0.0,1.867,0.0,0.0,0.0,1.317,2.219,0.0,0.0,1.317,0.0,4.728,1.317,1.867,1.317,0.0,1.867,0.0,0.0,1.867,1.317,1.317,1.867,1.317,1.317,0.0,0.0,0.0,1.317,0.0,1.317,1.317,0.0,2.479,3.598,0.0,2.685,1.317,4.752,3.52,4.351,3.436,3.344,2.479,1.867,1.867,3.916,4.599,0.0,0.0,0.0,1.317,1.317,0.0,1.867,0.0,1.317,1.867,0.0,2.479,0.0,0.0,0.0,1.867,0.0,0.0,0.0,1.317,0.0,1.317,2.219,0.0,0.0,0.0,2.479,1.317,0.0,0.0,0.0,1.317,0.0,1.317,2.219,0.0,0.0,0.0,1.317,0.0,0.0,0.0,0.0,0.0,0.0,0.0,0.0,0.0,0.0,1.867,0.0,1.867,0.0,0.0,0.0,0.0,0.0,0.0,0.0,0.0,0.0,1.867,0.0,0.0,0.0,0.0,0.0,0.0,0.0,2.479,3.002,1.867,0.0,0.0,0.0,0.0,0.0,0.0,1.867,0.0,0.0,0.0,0.0,2.219,2.479,0.0,1.867,1.867,0.0,0.0,0.0,0.0,0.0,0.0,0.0,0.0,0.0,1.317,0.0,1.317,0.0,0.0,0.0,0.0,0.0,0.0,0.0,0.0,1.317,0.0,0.0,1.867,0.0,0.0,0.0,0.0,1.317,1.867,0.0,0.0,1.317,0.0,1.317,0.0,1.867,1.317,0.0,0.0,1.317,0.0,0.0,0.0,0.0,3.738,0.0,0.0,1.317,1.867,0.0,0.0,0.0,0.0,1.867,1.867,0.0,0.0,1.867,1.867,3.86,1.867,1.317,0.0,0.0,1.317,0.0,0.0,1.317,0.0,0.0,0.0,0.0,0.0,1.867,0.0,0.0,2.479,1.317,1.317,0.0,0.0,0.0,0.0,1.867,1.317,0.0,1.317,1.867,0.0,1.867,1.317,0.0,0.0,0.0,0.0,0.0,1.317,0.0,1.317,0.0,0.0,0.0,0.0,0.0,0.0,0.0,0.0,3.344,1.317,0.0,0.0,2.685,0.0,1.317,0.0,2.219,1.317,0.0,0.0,0.0,1.317,0.0,0.0,0.0,0.0,0.0,1.317,0.0,0.0,0.0,0.0,0.0,0.0,0.0,0.0,0.0,0.0,1.317,0.0,1.317,0.0,0.0,0.0,1.317,2.219,0.0,1.317,0.0,0.0,2.479,0.0,0.0,4.599,0.0,1.317,0.0,1.317,0.0,0.0,0.0,0.0,1.317,0.0,2.479,0.0,0.0,0.0,0.0,0.0,0.0,1.317,0.0,0.0,0.0,0.0,1.317,0.0,0.0,0.0,1.867,0.0,2.219,0.0,1.317,0.0,0.0,1.317,0.0,0.0,2.219,1.317,0.0,0.0,0.0,0.0,1.317,3.242,0.0,1.317,0.0,1.317,1.317,0.0,0.0,0.0,0.0,0.0,0.0,2.219,0.0,0.0,0.0,1.317,0.0,0.0,0.0,2.479,0.0,0.0,0.0,1.317,0.0,0.0,1.867,0.0,0.0,0.0,0.0,0.0,0.0,0.0,0.0,0.0,1.317,1.317,1.867,0.0,1.867,0.0,0.0,1.317,0.0,0.0,0.0,1.867,0.0,0.0,1.317,0.0,0.0,1.317,1.317,0.0,0.0,0.0,0.0,0.0,2.856,1.317,2.219,0.0,1.317,0.0,0.0,0.0,0.0,0.0,1.317,0.0,0.0,0.0,1.867,0.0,0.0,0.0,0.0,0.0,0.0,1.317,1.867,1.317,1.867,0.0,1.317,0.0,1.867,0.0,1.317,0.0,1.317,0.0,1.867,1.867,0.0,0.0,0.0,0.0,0.0,0.0,1.317,1.317,1.317,1.867,0.0,0.0,0.0,4.571,0.0,0.0,2.219,1.317,0.0,0.0,1.867,0.0,0.0,1.317,0.0,1.867,0.0,2.219,0.0,0.0,0.0,0.0,0.0,0.0,0.0,0.0,0.0,2.219,0.0,0.0,0.0,0.0,0.0,0.0,0.0,0.0,1.317,0.0,1.317,0.0,0.0,0.0,0.0,1.317,0.0,1.317,0.0,0.0,1.867,3.242,1.867,1.317,1.317,0.0,0.0,0.0,1.317,1.317,1.317,0.0,1.867,0.0,1.317,0.0,0.0,0.0,2.856,0.0,0.0,0.0,0.0,0.0,0.0,0.0,0.0,1.317,2.685,4.884,1.867,1.867,0.0,1.317,0.0,0.0,0.0,1.317,0.0,1.317,0.0,0.0,0.0,0.0,1.317,0.0,0.0,0.0,0.0,1.317,0.0,0.0,2.219,0.0,1.867,0.0,0.0,0.0,0.0,0.0,0.0,0.0,1.317,2.219,0.0,2.479,0.0,0.0,0.0,1.317,1.317,0.0,0.0,0.0,0.0,0.0,0.0,0.0,1.867
T-Zelle,0.0,0.0,1.818,1.818,0.0,0.0,1.818,0.0,0.0,0.0,0.0,1.818,0.0,0.0,1.818,0.0,3.912,3.464,0.0,1.275,0.0,0.0,2.167,1.275,0.0,1.818,1.275,1.275,2.426,0.0,0.0,2.631,0.0,0.0,1.818,1.275,0.0,0.0,1.818,0.0,0.0,0.0,1.818,0.0,0.0,0.0,0.0,1.275,1.275,0.0,1.275,3.464,0.0,0.0,3.288,4.257,0.0,2.167,0.0,1.275,0.0,0.0,0.0,0.0,0.0,0.0,2.167,0.0,0.0,1.275,0.0,0.0,1.275,0.0,1.275,0.0,0.0,1.275,0.0,0.0,1.275,0.0,1.275,0.0,1.818,1.275,1.275,0.0,0.0,0.0,0.0,0.0,0.0,0.0,1.818,1.275,0.0,2.426,0.0,0.0,1.275,0.0,0.0,0.0,0.0,0.0,0.0,0.0,0.0,0.0,1.275,0.0,3.074,0.0,0.0,1.275,0.0,0.0,0.0,0.0,0.0,1.818,0.0,0.0,0.0,0.0,0.0,1.275,0.0,0.0,1.275,0.0,0.0,0.0,0.0,1.275,1.275,0.0,1.275,0.0,0.0,0.0,1.275,0.0,1.818,1.275,0.0,1.275,0.0,0.0,0.0,0.0,1.275,0.0,1.275,1.275,0.0,0.0,0.0,0.0,0.0,1.818,0.0,0.0,0.0,0.0,0.0,0.0,1.275,0.0,0.0,0.0,0.0,0.0,0.0,0.0,0.0,0.0,0.0,1.818,1.275,0.0,0.0,0.0,0.0,0.0,1.275,3.614,2.426,1.275,0.0,0.0,0.0,0.0,0.0,1.275,0.0,0.0,0.0,1.275,0.0,0.0,1.818,0.0,2.426,0.0,0.0,1.275,1.275,2.426,1.818,2.802,1.275,1.818,1.818,0.0,0.0,0.0,0.0,0.0,0.0,0.0,0.0,0.0,2.167,0.0,0.0,3.464,0.0,1.275,1.275,0.0,0.0,1.818,3.074,0.0,1.818,1.818,1.818,1.275,1.275,0.0,0.0,0.0,0.0,1.275,1.275,0.0,0.0,1.275,0.0,1.818,2.167,1.275,1.275,0.0,1.275,0.0,0.0,0.0,1.275,1.275,0.0,1.275,0.0,0.0,1.275,0.0,0.0,0.0,0.0,0.0,1.275,1.818,0.0,0.0,1.275,0.0,1.275,0.0,2.802,1.275,0.0,0.0,0.0,1.818,0.0,0.0,0.0,0.0,0.0,0.0,0.0,0.0,1.275,1.818,0.0,2.167,0.0,1.818,0.0,0.0,1.275,0.0,0.0,0.0,0.0,1.275,0.0,2.167,0.0,1.275,0.0,0.0,0.0,1.818,0.0,0.0,0.0,0.0,1.818,2.426,1.275,1.275,1.818,0.0,0.0,0.0,0.0,1.275,1.818,0.0,1.275,0.0,0.0,0.0,0.0,0.0,0.0,0.0,0.0,0.0,0.0,1.275,0.0,0.0,0.0,0.0,0.0,1.818,1.275,0.0,0.0,0.0,1.275,0.0,0.0,3.187,1.275,2.167,0.0,2.167,1.275,1.275,0.0,0.0,1.275,0.0,0.0,0.0,1.275,1.275,0.0,0.0,1.275,0.0,1.818,0.0,0.0,3.288,0.0,0.0,0.0,0.0,1.818,0.0,1.275,0.0,2.426,1.818,0.0,0.0,0.0,0.0,3.288,1.275,0.0,0.0,1.275,1.275,0.0,0.0,0.0,0.0,0.0,1.275,0.0,1.818,1.818,1.818,0.0,1.275,1.818,1.818,0.0,0.0,0.0,0.0,2.426,0.0,0.0,0.0,1.818,1.275,0.0,0.0,0.0,0.0,0.0,0.0,1.275,0.0,0.0,0.0,1.275,0.0,0.0,1.275,1.818,0.0,2.631,2.167,1.275,0.0,1.275,0.0,0.0,1.275,2.167,0.0,0.0,0.0,1.275,0.0,0.0,0.0,1.818,2.631,2.167,0.0,1.818,0.0,0.0,1.275,0.0,0.0,0.0,0.0,0.0,0.0,0.0,0.0,0.0,0.0,2.426,0.0,0.0,1.818,0.0,2.947,0.0,0.0,0.0,0.0,1.275,0.0,1.818,0.0,0.0,1.818,0.0,1.818,1.818,0.0,0.0,0.0,1.818,0.0,2.426,0.0,1.275,0.0,0.0,0.0,0.0,1.275,1.275,2.167,0.0,0.0,0.0,0.0,0.0,0.0,1.275,1.275,1.818,0.0,0.0,0.0,0.0,2.631,1.275,0.0,2.167,1.275,1.275,0.0,0.0,2.426,0.0,1.818,1.275,2.947,1.818,1.275,0.0,3.074,0.0,0.0,0.0,1.818,1.275,3.187,0.0,0.0,0.0,1.818,0.0,0.0,0.0,1.275,1.275,2.947,0.0,0.0,0.0,1.818,0.0,1.275,1.275,0.0,1.818,0.0,0.0,0.0,0.0,0.0,0.0,1.818,2.167,1.275,2.426,3.614,0.0,0.0,1.275,0.0,0.0,1.818,1.275,0.0,0.0,0.0,1.818,1.818,0.0,0.0,0.0,0.0,0.0,1.818,0.0,1.275,1.818,1.275,2.167,0.0,0.0,0.0,0.0,0.0,1.818,1.275,0.0,1.818,0.0,0.0,0.0,0.0,0.0,2.631,1.275,0.0,0.0,0.0,0.0,0.0,0.0,0.0,1.818,0.0,1.275,0.0,0.0,0.0,1.275,0.0,1.275,0.0,0.0,0.0,0.0,0.0,0.0,1.818,1.275,0.0,1.818,0.0,0.0,0.0,0.0,0.0,0.0,0.0,1.275,0.0,1.818,0.0,0.0,1.818,0.0,1.818,1.275,3.38,1.275,0.0,0.0,0.0,2.167,1.275,1.275,0.0,0.0,0.0,0.0,0.0,0.0,2.426,0.0,0.0,0.0,0.0,1.275,1.275,0.0,1.275,0.0,0.0,0.0,1.275,0.0,0.0,0.0,0.0,2.802,1.818,1.818,0.0,1.275,1.275,0.0,0.0,1.275,1.275,0.0,0.0,1.818,0.0,2.167,1.275,0.0,1.275,0.0,0.0,0.0,0.0,0.0,0.0,1.275,0.0,0.0,2.426,2.426,2.631,1.275,1.818,0.0,1.275,0.0,0.0,1.275,0.0,0.0,0.0,0.0,1.818,0.0,0.0,0.0,0.0,0.0,1.275,0.0,0.0,0.0,0.0,0.0,0.0,2.426,1.275,0.0,0.0,1.818,0.0,0.0,0.0,0.0,1.818,0.0,0.0,0.0,1.818,0.0,2.167,0.0,0.0,1.818,1.275,0.0,1.275,0.0,0.0,0.0
B-Zelle,0.0,0.0,0.0,1.776,0.0,1.239,0.0,0.0,0.0,0.0,0.0,0.0,0.0,0.0,0.0,0.0,0.0,3.24,0.0,1.239,0.0,0.0,0.0,0.0,0.0,0.0,0.0,1.776,2.38,2.123,0.0,2.123,0.0,0.0,0.0,1.239,0.0,0.0,2.38,0.0,0.0,0.0,1.239,0.0,1.239,0.0,0.0,0.0,1.239,1.239,0.0,2.585,0.0,0.0,2.754,3.632,0.0,0.0,0.0,0.0,0.0,0.0,0.0,0.0,0.0,0.0,2.9,0.0,0.0,2.38,0.0,0.0,0.0,0.0,0.0,0.0,0.0,1.239,0.0,0.0,1.239,0.0,2.9,0.0,0.0,0.0,1.239,0.0,0.0,0.0,0.0,0.0,0.0,0.0,1.776,1.239,0.0,1.239,0.0,1.776,2.123,1.239,0.0,0.0,0.0,0.0,1.776,0.0,0.0,0.0,0.0,1.239,1.239,1.239,0.0,0.0,0.0,0.0,1.776,1.239,0.0,1.239,0.0,0.0,0.0,1.776,1.239,0.0,0.0,0.0,0.0,0.0,0.0,1.239,0.0,0.0,0.0,1.239,0.0,2.754,0.0,0.0,1.776,1.776,0.0,0.0,0.0,1.239,0.0,0.0,1.239,0.0,0.0,0.0,0.0,1.239,0.0,0.0,0.0,0.0,1.776,0.0,0.0,0.0,0.0,0.0,0.0,0.0,0.0,0.0,0.0,0.0,1.239,0.0,0.0,0.0,0.0,0.0,1.239,0.0,0.0,0.0,1.776,1.239,1.239,1.239,2.123,1.239,0.0,0.0,0.0,0.0,0.0,0.0,1.776,1.776,1.239,0.0,0.0,1.239,2.123,1.239,1.239,0.0,1.239,0.0,0.0,0.0,1.239,4.856,0.0,3.026,1.239,1.776,0.0,0.0,0.0,2.123,1.239,0.0,0.0,0.0,1.776,0.0,0.0,0.0,0.0,0.0,0.0,0.0,3.24,0.0,0.0,1.239,3.415,0.0,4.006,3.695,3.913,2.9,2.38,2.123,2.585,2.585,3.24,3.24,0.0,1.239,0.0,2.123,1.239,0.0,0.0,0.0,1.239,1.776,1.776,0.0,0.0,0.0,0.0,0.0,0.0,0.0,0.0,0.0,0.0,0.0,1.776,0.0,0.0,0.0,2.38,1.239,0.0,1.239,0.0,0.0,1.776,1.239,3.331,0.0,0.0,0.0,0.0,0.0,0.0,0.0,1.776,0.0,0.0,0.0,0.0,1.776,1.239,2.123,0.0,0.0,0.0,1.239,0.0,0.0,0.0,0.0,0.0,0.0,0.0,0.0,0.0,2.123,1.239,0.0,0.0,0.0,1.239,1.776,0.0,0.0,0.0,0.0,0.0,0.0,1.239,1.239,2.123,0.0,0.0,0.0,0.0,2.123,0.0,0.0,1.776,0.0,2.123,1.776,1.776,0.0,0.0,0.0,1.239,0.0,0.0,0.0,1.776,0.0,2.123,1.239,0.0,2.123,0.0,0.0,0.0,2.123,2.123,0.0,0.0,0.0,2.123,0.0,0.0,1.776,1.239,0.0,0.0,1.239,1.239,0.0,0.0,0.0,1.239,0.0,0.0,0.0,1.239,0.0,1.239,0.0,0.0,2.9,0.0,0.0,0.0,0.0,1.239,0.0,0.0,0.0,0.0,1.776,0.0,0.0,0.0,2.123,3.331,1.239,1.776,1.239,0.0,0.0,0.0,0.0,1.239,0.0,0.0,0.0,0.0,1.239,0.0,0.0,0.0,0.0,1.239,1.776,0.0,0.0,0.0,0.0,2.754,0.0,1.239,1.239,0.0,1.239,1.239,0.0,1.776,0.0,1.239,1.239,0.0,0.0,0.0,0.0,0.0,0.0,0.0,0.0,1.239,1.239,3.24,0.0,0.0,1.239,0.0,1.239,0.0,1.239,0.0,0.0,0.0,1.239,1.239,1.776,0.0,0.0,1.239,0.0,0.0,0.0,1.239,0.0,0.0,0.0,0.0,0.0,0.0,0.0,0.0,0.0,0.0,0.0,1.239,0.0,2.585,0.0,0.0,1.239,1.239,3.415,0.0,0.0,0.0,1.239,1.776,0.0,2.123,0.0,0.0,2.754,1.239,1.239,1.776,2.123,1.776,0.0,1.776,1.239,0.0,0.0,1.239,0.0,0.0,0.0,0.0,1.776,1.776,1.239,0.0,0.0,0.0,0.0,0.0,0.0,1.239,0.0,2.123,1.776,1.239,0.0,0.0,2.123,1.776,0.0,2.123,1.776,0.0,0.0,0.0,1.239,1.776,0.0,0.0,1.776,0.0,0.0,0.0,0.0,0.0,0.0,0.0,1.239,0.0,1.776,0.0,1.239,0.0,1.239,0.0,0.0,0.0,1.239,0.0,1.239,0.0,1.239,0.0,0.0,1.776,0.0,1.776,0.0,1.776,0.0,0.0,0.0,0.0,0.0,1.776,0.0,1.239,1.239,1.776,0.0,0.0,0.0,1.239,0.0,1.239,0.0,0.0,0.0,1.239,0.0,0.0,2.123,0.0,0.0,0.0,0.0,1.239,0.0,0.0,1.239,2.38,0.0,1.776,0.0,0.0,0.0,0.0,0.0,1.239,0.0,0.0,0.0,0.0,0.0,0.0,0.0,1.239,0.0,0.0,0.0,0.0,0.0,0.0,0.0,1.776,3.565,2.123,0.0,1.776,0.0,0.0,0.0,0.0,0.0,0.0,0.0,0.0,1.776,0.0,0.0,0.0,0.0,1.239,0.0,1.776,0.0,0.0,0.0,0.0,0.0,2.38,1.239,0.0,0.0,2.585,0.0,0.0,1.776,0.0,2.585,1.239,2.123,0.0,0.0,0.0,0.0,1.239,0.0,0.0,1.239,1.239,2.123,1.776,0.0,0.0,1.776,0.0,0.0,0.0,0.0,1.239,0.0,0.0,0.0,0.0,0.0,0.0,1.776,0.0,0.0,0.0,1.776,1.239,1.776,1.239,1.239,0.0,1.239,0.0,0.0,0.0,0.0,1.776,1.776,1.239,0.0,1.776,0.0,0.0,2.123,0.0,0.0,0.0,2.9,0.0,3.24,0.0,0.0,0.0,0.0,2.123,3.415,0.0,2.123,0.0,1.776,0.0,1.239,0.0,0.0,0.0,0.0,0.0,0.0,0.0,0.0,1.239,1.776,1.776,0.0,0.0,0.0,2.754,0.0,1.239,2.123,2.123,1.239,0.0,1.239,1.776,0.0,0.0,1.776,0.0,1.239,0.0,0.0,0.0,2.123,0.0,1.239,0.0,0.0,1.239,1.239,0.0,0.0,0.0,0.0,0.0
T-Zelle,0.0,0.0,1.386,0.0,0.0,0.0,1.386,1.386,0.0,0.0,0.0,0.0,0.0,0.0,0.0,0.0,1.386,3.526,0.0,1.386,0.0,0.0,1.386,0.0,1.386,0.0,0.0,0.0,1.386,0.0,1.386,0.0,0.0,1.386,0.0,1.386,0.0,0.0,1.386,0.0,0.0,0.0,1.946,0.0,0.0,0.0,0.0,1.386,1.386,0.0,0.0,2.565,0.0,0.0,3.091,3.332,0.0,1.386,1.386,0.0,0.0,0.0,1.946,0.0,0.0,0.0,1.386,0.0,0.0,0.0,0.0,0.0,0.0,0.0,0.0,1.386,0.0,0.0,0.0,0.0,1.386,0.0,0.0,0.0,1.386,0.0,0.0,1.386,0.0,0.0,0.0,0.0,0.0,0.0,0.0,0.0,1.946,0.0,1.946,0.0,0.0,0.0,3.689,2.303,1.386,0.0,1.946,0.0,0.0,0.0,0.0,2.773,0.0,0.0,2.303,0.0,0.0,1.386,1.946,0.0,1.386,1.386,0.0,0.0,0.0,0.0,0.0,0.0,1.946,0.0,0.0,0.0,0.0,0.0,0.0,0.0,0.0,0.0,0.0,0.0,0.0,0.0,0.0,0.0,1.386,0.0,0.0,1.386,0.0,0.0,0.0,0.0,0.0,0.0,0.0,0.0,0.0,0.0,0.0,0.0,1.386,0.0,0.0,0.0,1.386,0.0,1.946,0.0,0.0,2.303,0.0,0.0,0.0,0.0,0.0,1.386,0.0,0.0,0.0,1.386,0.0,1.946,0.0,0.0,0.0,0.0,0.0,1.386,1.386,1.946,1.386,0.0,0.0,2.565,0.0,2.303,0.0,0.0,0.0,0.0,0.0,0.0,2.565,0.0,0.0,0.0,0.0,0.0,1.386,2.773,0.0,2.565,1.386,1.946,2.303,0.0,0.0,1.946,0.0,0.0,0.0,0.0,0.0,0.0,0.0,0.0,1.386,0.0,0.0,0.0,3.526,0.0,0.0,0.0,0.0,1.386,0.0,1.386,1.386,0.0,1.386,0.0,0.0,0.0,0.0,0.0,0.0,0.0,0.0,1.946,1.386,1.946,1.386,0.0,1.386,0.0,0.0,1.386,0.0,1.946,0.0,0.0,0.0,0.0,0.0,1.386,1.386,1.386,1.386,0.0,0.0,0.0,0.0,1.946,0.0,1.386,0.0,0.0,1.946,1.386,2.303,0.0,1.386,0.0,1.386,0.0,1.386,0.0,0.0,0.0,0.0,0.0,0.0,1.386,1.946,1.946,0.0,2.303,0.0,0.0,0.0,0.0,0.0,0.0,0.0,0.0,0.0,0.0,0.0,1.386,0.0,1.946,0.0,0.0,0.0,1.386,1.386,0.0,1.386,1.946,0.0,1.386,1.386,1.386,1.946,0.0,0.0,0.0,0.0,1.386,1.386,1.386,0.0,0.0,0.0,0.0,0.0,0.0,0.0,0.0,0.0,0.0,0.0,0.0,0.0,2.565,0.0,1.386,0.0,2.565,1.386,0.0,0.0,1.386,0.0,1.386,0.0,1.386,1.386,0.0,0.0,0.0,0.0,2.303,0.0,0.0,0.0,0.0,0.0,0.0,0.0,0.0,2.303,1.386,1.946,0.0,1.386,0.0,0.0,1.946,0.0,1.386,1.946,0.0,0.0,0.0,2.303,1.386,2.303,2.565,0.0,0.0,1.946,0.0,2.773,0.0,0.0,0.0,0.0,0.0,0.0,0.0,0.0,0.0,0.0,0.0,0.0,0.0,1.386,0.0,0.0,1.386,0.0,0.0,0.0,0.0,1.386,0.0,2.565,0.0,0.0,0.0,0.0,0.0,0.0,0.0,0.0,0.0,0.0,0.0,0.0,0.0,0.0,1.946,0.0,2.303,0.0,0.0,1.386,1.386,2.945,1.386,0.0,0.0,0.0,0.0,0.0,0.0,0.0,0.0,1.386,0.0,0.0,0.0,0.0,0.0,2.303,2.945,0.0,0.0,1.386,1.946,0.0,0.0,0.0,0.0,1.946,0.0,0.0,1.946,0.0,0.0,0.0,0.0,2.773,1.386,0.0,2.773,1.946,3.091,0.0,0.0,1.386,0.0,0.0,0.0,0.0,0.0,0.0,1.386,0.0,3.091,1.386,0.0,0.0,0.0,1.386,0.0,1.946,0.0,1.946,1.386,0.0,0.0,0.0,1.386,0.0,0.0,0.0,0.0,0.0,1.386,0.0,0.0,0.0,0.0,1.386,0.0,0.0,1.946,1.386,1.386,0.0,0.0,1.946,0.0,1.386,0.0,2.773,0.0,0.0,2.945,0.0,3.219,2.565,2.303,0.0,1.386,0.0,0.0,0.0,0.0,0.0,2.945,0.0,0.0,0.0,1.386,0.0,0.0,1.386,1.386,0.0,1.386,0.0,0.0,0.0,0.0,0.0,0.0,1.386,0.0,0.0,0.0,0.0,0.0,0.0,0.0,1.386,0.0,0.0,0.0,1.946,2.303,0.0,0.0,1.386,0.0,0.0,0.0,1.386,0.0,0.0,0.0,0.0,1.386,0.0,0.0,0.0,0.0,0.0,0.0,0.0,0.0,2.303,0.0,1.386,0.0,0.0,0.0,0.0,0.0,0.0,3.689,1.386,0.0,0.0,0.0,1.386,0.0,0.0,0.0,0.0,0.0,0.0,1.386,1.386,0.0,0.0,0.0,2.945,0.0,2.303,0.0,0.0,0.0,1.386,0.0,1.386,2.303,0.0,0.0,0.0,0.0,0.0,0.0,1.386,0.0,0.0,1.386,0.0,0.0,1.386,1.386,0.0,0.0,0.0,0.0,1.946,0.0,0.0,0.0,0.0,1.386,2.303,1.946,1.946,1.386,0.0,0.0,1.386,1.386,2.303,0.0,0.0,0.0,0.0,0.0,1.386,0.0,0.0,1.386,0.0,0.0,1.946,0.0,0.0,0.0,0.0,1.946,0.0,2.565,0.0,0.0,0.0,0.0,1.946,3.434,0.0,0.0,0.0,0.0,1.386,0.0,1.386,0.0,0.0,0.0,1.946,0.0,2.773,0.0,0.0,3.091,2.303,0.0,0.0,0.0,0.0,0.0,0.0,0.0,1.386,0.0,1.386,3.611,0.0,2.303,0.0,2.303,0.0,0.0,0.0,0.0,3.689,0.0,0.0,0.0,0.0,1.386,0.0,0.0,1.386,0.0,1.386,0.0,0.0,0.0,0.0,0.0,0.0,0.0,1.386,0.0,1.946,0.0,0.0,1.946,0.0,0.0,0.0,0.0,1.386,0.0,0.0,0.0,0.0,0.0,1.946,1.946,0.0,1.386,0.0,1.386,0.0
B-Zelle,0.0,0.0,0.0,0.0,0.0,0.0,0.0,0.0,0.0,0.0,0.0,0.0,0.0,0.0,1.228,0.0,0.0,3.68,0.0,0.0,0.0,0.0,0.0,0.0,0.0,0.0,0.0,1.228,0.0,0.0,0.0,1.228,0.0,0.0,1.763,0.0,0.0,0.0,1.763,0.0,0.0,0.0,0.0,0.0,0.0,0.0,0.0,1.228,1.763,0.0,0.0,2.885,0.0,0.0,2.741,1.228,0.0,0.0,1.763,1.228,1.228,0.0,0.0,0.0,0.0,0.0,1.228,0.0,0.0,1.763,0.0,1.228,0.0,0.0,0.0,0.0,0.0,1.228,0.0,0.0,1.228,0.0,1.228,0.0,2.11,1.228,0.0,0.0,0.0,0.0,0.0,0.0,0.0,0.0,2.11,0.0,0.0,0.0,1.228,0.0,2.741,1.228,0.0,0.0,0.0,0.0,1.228,0.0,0.0,0.0,0.0,1.763,2.571,1.228,0.0,0.0,0.0,0.0,1.763,1.228,0.0,1.763,0.0,0.0,0.0,1.228,1.763,1.763,1.228,0.0,0.0,0.0,0.0,0.0,0.0,0.0,0.0,1.228,1.228,1.763,1.228,2.11,1.228,1.763,0.0,0.0,0.0,0.0,0.0,0.0,0.0,0.0,1.228,0.0,0.0,0.0,0.0,0.0,2.11,1.228,1.763,0.0,0.0,0.0,1.763,0.0,0.0,0.0,1.228,0.0,0.0,0.0,0.0,0.0,0.0,0.0,0.0,0.0,4.897,0.0,0.0,0.0,0.0,0.0,0.0,0.0,1.228,0.0,3.401,0.0,0.0,0.0,0.0,0.0,0.0,1.763,2.11,0.0,0.0,2.11,0.0,0.0,2.11,0.0,0.0,0.0,3.478,1.763,0.0,4.264,0.0,2.741,1.228,2.367,2.571,0.0,1.228,0.0,0.0,0.0,0.0,0.0,1.228,1.228,0.0,0.0,1.228,0.0,1.763,1.228,0.0,0.0,0.0,1.228,3.401,1.228,1.763,3.55,3.848,1.228,2.367,2.11,0.0,1.763,1.763,1.228,0.0,0.0,0.0,2.367,0.0,1.228,0.0,1.228,0.0,1.763,1.228,0.0,0.0,0.0,1.228,1.228,0.0,0.0,0.0,0.0,1.228,0.0,0.0,0.0,1.228,0.0,2.367,0.0,0.0,0.0,1.228,0.0,1.228,0.0,2.367,0.0,0.0,1.228,0.0,1.763,0.0,0.0,0.0,0.0,0.0,0.0,0.0,0.0,1.228,1.763,0.0,0.0,0.0,1.228,0.0,0.0,0.0,0.0,0.0,0.0,0.0,1.228,0.0,0.0,0.0,0.0,0.0,0.0,0.0,2.571,0.0,0.0,1.228,0.0,1.228,1.763,0.0,0.0,1.228,1.763,0.0,1.228,0.0,0.0,1.228,0.0,3.124,0.0,0.0,0.0,0.0,0.0,1.228,0.0,1.228,0.0,0.0,1.763,1.763,1.763,1.763,0.0,0.0,0.0,1.228,0.0,0.0,0.0,2.11,0.0,0.0,0.0,1.228,0.0,0.0,0.0,1.228,0.0,0.0,0.0,1.228,0.0,0.0,0.0,0.0,1.228,0.0,0.0,0.0,0.0,0.0,0.0,0.0,3.478,0.0,0.0,1.763,2.11,0.0,0.0,1.228,1.228,3.012,1.228,0.0,0.0,0.0,1.228,3.55,0.0,0.0,0.0,0.0,0.0,0.0,0.0,0.0,0.0,0.0,1.228,0.0,1.763,0.0,0.0,0.0,2.11,0.0,0.0,0.0,0.0,0.0,0.0,1.228,0.0,0.0,0.0,0.0,0.0,0.0,1.228,0.0,0.0,1.228,0.0,0.0,0.0,0.0,0.0,0.0,0.0,2.11,0.0,1.763,1.763,2.367,1.228,1.763,0.0,1.228,1.763,1.228,0.0,2.571,0.0,0.0,1.763,0.0,0.0,0.0,0.0,0.0,0.0,0.0,1.763,0.0,2.367,0.0,0.0,0.0,0.0,0.0,0.0,0.0,0.0,0.0,0.0,1.228,0.0,2.11,0.0,2.571,2.571,0.0,2.571,0.0,0.0,0.0,1.228,1.763,1.228,0.0,0.0,0.0,2.571,0.0,1.763,1.228,0.0,1.228,0.0,2.11,2.11,1.763,0.0,1.228,0.0,0.0,1.228,0.0,0.0,1.228,0.0,0.0,0.0,0.0,0.0,0.0,0.0,0.0,0.0,0.0,1.763,0.0,0.0,0.0,0.0,0.0,0.0,2.741,1.228,1.228,0.0,1.228,0.0,0.0,0.0,0.0,1.763,0.0,0.0,0.0,2.367,1.763,0.0,0.0,0.0,0.0,2.367,0.0,0.0,0.0,2.11,0.0,1.763,0.0,3.68,0.0,0.0,1.228,0.0,1.228,1.763,0.0,0.0,3.68,0.0,0.0,0.0,1.228,2.11,0.0,0.0,1.228,0.0,0.0,0.0,1.763,0.0,0.0,0.0,0.0,2.885,0.0,1.228,0.0,0.0,1.763,0.0,3.124,0.0,0.0,0.0,0.0,0.0,0.0,0.0,0.0,0.0,2.571,0.0,1.228,0.0,0.0,0.0,0.0,1.228,0.0,0.0,0.0,0.0,0.0,0.0,0.0,0.0,1.763,0.0,0.0,0.0,0.0,1.763,2.11,0.0,1.228,0.0,2.11,0.0,1.228,0.0,0.0,0.0,0.0,0.0,0.0,0.0,0.0,0.0,0.0,0.0,0.0,0.0,1.228,0.0,0.0,0.0,0.0,1.763,0.0,0.0,1.228,2.11,1.228,1.763,1.228,1.228,0.0,1.763,0.0,1.228,1.228,0.0,0.0,0.0,0.0,0.0,2.11,0.0,1.763,0.0,0.0,0.0,1.763,0.0,1.228,1.228,0.0,0.0,0.0,0.0,1.763,0.0,1.763,0.0,0.0,2.11,0.0,0.0,0.0,0.0,1.228,0.0,2.367,0.0,1.763,2.11,0.0,1.228,0.0,0.0,0.0,0.0,1.228,0.0,0.0,0.0,1.763,2.11,1.228,0.0,0.0,1.228,0.0,0.0,0.0,3.012,2.885,1.228,0.0,1.228,1.228,3.317,0.0,2.571,0.0,1.228,0.0,0.0,0.0,0.0,0.0,0.0,0.0,0.0,0.0,0.0,0.0,0.0,1.228,0.0,0.0,1.763,3.225,0.0,1.228,1.763,1.228,0.0,0.0,0.0,1.763,1.763,0.0,2.11,0.0,1.228,0.0,0.0,0.0,1.228,0.0,2.11,1.763,0.0,1.228,2.367,0.0,0.0,0.0,0.0,1.228
T-Zelle,0.0,0.0,0.0,2.281,0.0,0.0,0.0,0.0,1.014,1.836,1.014,1.014,0.0,0.0,1.014,0.0,3.095,2.281,0.0,1.014,0.0,1.014,1.014,1.836,0.0,1.836,0.0,1.014,1.014,0.0,0.0,2.083,0.0,1.836,1.507,0.0,0.0,1.014,1.507,0.0,0.0,0.0,2.281,0.0,1.836,0.0,0.0,1.507,1.507,1.014,1.507,3.012,0.0,0.0,2.822,3.88,0.0,1.014,1.836,1.014,0.0,0.0,0.0,0.0,0.0,0.0,2.921,0.0,0.0,1.507,0.0,0.0,1.507,0.0,0.0,0.0,0.0,1.014,0.0,1.014,0.0,1.014,1.836,0.0,1.014,0.0,1.014,0.0,0.0,0.0,0.0,0.0,0.0,0.0,1.014,1.507,0.0,1.014,1.014,0.0,0.0,0.0,3.635,2.083,0.0,1.014,0.0,0.0,0.0,0.0,1.014,1.507,1.836,1.014,0.0,1.014,1.836,0.0,0.0,1.836,0.0,0.0,0.0,0.0,0.0,0.0,0.0,1.507,1.014,0.0,0.0,0.0,0.0,0.0,0.0,0.0,0.0,1.014,0.0,1.507,0.0,0.0,0.0,0.0,1.507,1.836,0.0,0.0,0.0,0.0,0.0,0.0,1.507,2.083,1.014,1.014,1.014,0.0,1.014,0.0,1.014,3.171,1.014,0.0,0.0,0.0,1.507,0.0,1.014,0.0,0.0,2.281,1.014,1.507,0.0,0.0,0.0,0.0,0.0,0.0,2.083,0.0,0.0,0.0,1.014,0.0,2.083,3.095,1.836,1.507,1.014,0.0,1.014,2.921,0.0,2.083,1.507,0.0,0.0,0.0,0.0,0.0,1.014,0.0,1.014,0.0,1.014,1.014,1.014,3.88,0.0,2.822,1.507,1.507,0.0,0.0,0.0,2.083,0.0,0.0,0.0,0.0,0.0,0.0,2.281,0.0,1.507,3.012,1.507,1.014,2.587,0.0,0.0,0.0,2.587,1.014,2.083,2.083,3.171,1.014,1.014,0.0,0.0,1.507,2.587,1.507,0.0,0.0,0.0,1.507,1.836,2.083,0.0,0.0,2.712,0.0,0.0,1.507,0.0,1.014,1.507,1.014,1.014,0.0,1.014,1.014,0.0,1.014,0.0,0.0,1.014,0.0,1.836,1.836,0.0,1.507,1.836,0.0,0.0,0.0,2.587,0.0,0.0,1.014,0.0,1.014,0.0,0.0,0.0,0.0,0.0,0.0,0.0,0.0,0.0,1.836,1.014,1.836,0.0,1.014,0.0,0.0,0.0,0.0,0.0,0.0,0.0,1.014,1.014,1.836,1.014,2.083,0.0,0.0,0.0,1.836,0.0,0.0,1.507,0.0,0.0,1.507,0.0,1.014,2.281,1.014,1.836,0.0,0.0,1.014,1.014,0.0,1.014,0.0,0.0,0.0,0.0,0.0,0.0,0.0,0.0,0.0,0.0,0.0,0.0,1.014,1.014,1.507,0.0,2.446,1.014,0.0,0.0,1.014,0.0,0.0,0.0,1.836,1.836,1.014,0.0,1.507,1.836,1.014,1.014,1.507,1.014,0.0,0.0,0.0,0.0,1.507,1.507,0.0,1.014,0.0,1.836,0.0,1.014,3.095,0.0,1.014,0.0,1.014,0.0,1.836,1.836,1.014,2.281,1.507,2.281,0.0,1.014,1.014,2.822,0.0,0.0,0.0,0.0,0.0,1.507,0.0,1.014,0.0,0.0,1.507,0.0,1.507,2.587,2.281,0.0,1.014,0.0,0.0,1.836,0.0,0.0,0.0,1.836,0.0,0.0,0.0,1.836,0.0,0.0,0.0,0.0,0.0,0.0,1.014,1.014,1.014,1.014,0.0,0.0,2.822,1.507,1.014,1.507,1.014,3.012,1.014,1.014,0.0,0.0,0.0,1.507,0.0,1.014,0.0,1.507,0.0,1.014,0.0,0.0,0.0,2.083,2.281,2.083,1.014,0.0,0.0,0.0,1.014,1.836,0.0,1.014,1.014,0.0,0.0,0.0,0.0,0.0,0.0,3.012,1.507,0.0,1.836,1.014,2.587,0.0,1.836,0.0,0.0,2.281,0.0,1.014,0.0,0.0,1.836,1.014,0.0,0.0,0.0,1.014,0.0,2.083,0.0,1.014,0.0,0.0,0.0,0.0,0.0,0.0,1.014,1.014,1.507,0.0,0.0,1.014,0.0,1.014,0.0,1.836,0.0,2.083,1.836,0.0,3.171,3.635,1.507,0.0,0.0,2.281,0.0,0.0,0.0,1.014,2.281,1.014,0.0,0.0,2.921,1.014,0.0,0.0,1.507,0.0,0.0,0.0,1.014,1.507,1.507,0.0,0.0,0.0,2.446,0.0,0.0,1.014,2.587,1.014,1.836,1.014,0.0,2.083,1.507,0.0,1.014,2.083,0.0,1.507,0.0,0.0,0.0,1.014,0.0,1.507,1.014,1.836,1.014,1.836,2.822,0.0,1.507,1.014,0.0,0.0,0.0,2.083,0.0,1.507,0.0,0.0,1.014,0.0,0.0,0.0,0.0,0.0,1.014,0.0,0.0,1.507,1.836,1.014,1.014,0.0,0.0,0.0,0.0,1.014,3.68,0.0,1.014,0.0,1.014,0.0,0.0,0.0,0.0,1.836,1.014,1.014,0.0,1.507,0.0,1.507,0.0,2.281,0.0,2.083,0.0,1.014,0.0,1.014,0.0,1.507,2.083,0.0,1.014,0.0,0.0,1.014,1.507,0.0,0.0,1.014,0.0,0.0,0.0,2.587,1.014,1.507,1.014,0.0,0.0,2.083,0.0,0.0,0.0,0.0,2.921,1.507,2.446,1.507,1.836,0.0,0.0,1.507,0.0,1.507,1.014,0.0,0.0,0.0,1.014,2.083,1.014,0.0,1.014,0.0,0.0,1.014,1.014,0.0,1.014,0.0,0.0,0.0,1.507,0.0,0.0,1.507,0.0,1.014,2.083,1.507,0.0,0.0,1.836,1.836,0.0,0.0,0.0,1.836,0.0,2.281,0.0,2.083,1.507,0.0,1.014,0.0,1.014,1.014,0.0,0.0,0.0,1.836,0.0,0.0,1.507,1.507,3.765,0.0,0.0,1.014,2.712,0.0,0.0,1.014,0.0,3.635,0.0,0.0,0.0,0.0,0.0,1.014,1.014,1.836,1.014,0.0,1.507,0.0,0.0,0.0,0.0,0.0,1.014,1.014,0.0,1.014,1.014,0.0,1.014,0.0,1.836,1.014,0.0,1.014,1.507,0.0,1.507,1.507,1.014,1.507,1.507,1.836,1.507,0.0,0.0,1.014
Monozyt,2.6,0.0,0.0,1.415,0.0,0.0,1.415,1.415,1.979,0.0,0.0,0.0,1.415,0.0,0.0,0.0,0.0,1.979,2.6,0.0,0.0,1.415,0.0,0.0,0.0,0.0,0.0,1.415,1.415,1.415,0.0,0.0,0.0,1.415,0.0,0.0,0.0,0.0,1.415,0.0,1.979,2.6,0.0,0.0,2.6,0.0,0.0,0.0,0.0,3.471,0.0,2.6,1.979,0.0,3.563,3.866,0.0,1.979,0.0,0.0,0.0,1.415,0.0,0.0,0.0,0.0,2.98,0.0,4.148,0.0,3.563,0.0,0.0,0.0,1.415,0.0,0.0,1.415,0.0,0.0,1.415,0.0,0.0,0.0,0.0,2.337,0.0,1.979,1.415,0.0,0.0,2.337,0.0,1.415,1.415,0.0,0.0,0.0,2.337,0.0,0.0,1.979,0.0,0.0,0.0,0.0,0.0,0.0,0.0,0.0,0.0,0.0,1.415,1.979,2.98,0.0,0.0,0.0,1.979,0.0,0.0,1.415,0.0,0.0,1.979,0.0,0.0,1.979,0.0,0.0,0.0,0.0,0.0,1.415,0.0,0.0,1.979,0.0,0.0,1.415,0.0,0.0,0.0,2.808,1.415,0.0,0.0,0.0,0.0,0.0,0.0,0.0,1.979,0.0,0.0,1.415,0.0,0.0,0.0,0.0,0.0,1.415,0.0,1.979,1.415,0.0,0.0,0.0,0.0,0.0,0.0,0.0,0.0,1.415,0.0,0.0,0.0,0.0,0.0,1.979,0.0,0.0,1.415,0.0,0.0,0.0,2.6,0.0,1.415,0.0,0.0,0.0,0.0,0.0,0.0,0.0,0.0,0.0,0.0,1.979,0.0,0.0,1.979,1.415,1.415,0.0,0.0,0.0,0.0,4.368,0.0,0.0,0.0,2.337,0.0,0.0,0.0,1.415,1.415,0.0,0.0,0.0,1.415,0.0,0.0,0.0,0.0,0.0,0.0,0.0,1.415,3.989,4.196,1.415,3.369,0.0,3.471,2.337,2.808,0.0,1.979,1.979,2.337,1.415,3.369,3.798,0.0,2.337,0.0,1.415,0.0,0.0,1.415,1.979,0.0,0.0,0.0,0.0,0.0,1.415,1.415,0.0,0.0,0.0,0.0,1.979,1.415,0.0,1.415,1.415,0.0,0.0,1.979,1.415,1.415,0.0,0.0,1.415,0.0,0.0,1.979,0.0,0.0,0.0,0.0,0.0,0.0,0.0,0.0,0.0,0.0,0.0,0.0,1.979,1.415,1.415,0.0,2.6,2.337,1.415,0.0,0.0,0.0,0.0,0.0,1.415,0.0,0.0,0.0,1.415,0.0,1.415,0.0,1.415,0.0,0.0,3.255,1.979,0.0,0.0,1.415,1.415,0.0,0.0,1.415,0.0,0.0,0.0,0.0,0.0,1.415,0.0,0.0,1.415,0.0,0.0,0.0,0.0,0.0,0.0,0.0,1.979,0.0,0.0,0.0,0.0,1.415,0.0,0.0,2.337,0.0,0.0,0.0,0.0,0.0,1.415,0.0,0.0,0.0,1.415,0.0,0.0,1.415,2.6,0.0,0.0,0.0,0.0,2.98,0.0,1.415,1.415,0.0,0.0,1.979,0.0,0.0,0.0,0.0,2.98,0.0,0.0,1.415,1.415,0.0,0.0,0.0,0.0,1.979,0.0,0.0,0.0,2.808,1.415,2.98,2.337,0.0,0.0,0.0,0.0,0.0,0.0,0.0,0.0,0.0,0.0,0.0,0.0,3.255,0.0,1.415,1.415,0.0,0.0,1.415,0.0,1.415,1.415,1.979,1.415,0.0,2.337,1.415,0.0,1.415,0.0,0.0,0.0,1.415,0.0,0.0,0.0,0.0,2.337,0.0,0.0,0.0,0.0,2.337,0.0,0.0,1.979,2.337,0.0,1.415,1.415,0.0,1.415,0.0,0.0,1.415,0.0,0.0,0.0,0.0,0.0,0.0,0.0,0.0,0.0,0.0,0.0,0.0,0.0,0.0,1.415,0.0,0.0,0.0,0.0,0.0,0.0,0.0,0.0,1.415,0.0,0.0,1.979,0.0,2.337,0.0,2.98,0.0,0.0,1.415,0.0,1.979,2.808,1.415,1.979,0.0,0.0,0.0,0.0,0.0,1.415,0.0,1.979,1.415,0.0,0.0,1.415,0.0,0.0,0.0,1.415,0.0,0.0,0.0,0.0,0.0,0.0,0.0,0.0,1.415,1.415,2.337,1.979,0.0,0.0,0.0,1.979,0.0,0.0,1.415,1.415,1.979,0.0,1.979,1.979,1.415,2.337,0.0,2.337,2.337,0.0,0.0,1.415,0.0,0.0,0.0,0.0,1.415,2.6,0.0,0.0,1.415,1.415,0.0,0.0,1.415,1.979,1.415,1.415,1.979,0.0,0.0,0.0,0.0,0.0,0.0,0.0,1.415,0.0,0.0,1.415,0.0,0.0,0.0,0.0,0.0,0.0,0.0,0.0,0.0,0.0,0.0,0.0,0.0,0.0,0.0,0.0,1.415,0.0,0.0,1.415,0.0,0.0,0.0,0.0,0.0,1.415,0.0,0.0,2.337,0.0,0.0,0.0,0.0,0.0,0.0,0.0,0.0,0.0,0.0,0.0,0.0,0.0,0.0,0.0,1.979,0.0,0.0,0.0,2.337,0.0,0.0,0.0,1.979,1.979,1.415,0.0,0.0,0.0,0.0,0.0,1.415,0.0,1.415,0.0,1.415,0.0,0.0,0.0,0.0,0.0,1.415,0.0,0.0,0.0,1.415,3.255,0.0,0.0,0.0,0.0,0.0,0.0,1.979,0.0,0.0,1.415,0.0,0.0,0.0,2.337,1.415,0.0,0.0,2.98,0.0,0.0,1.979,0.0,0.0,0.0,0.0,0.0,0.0,0.0,0.0,0.0,0.0,0.0,0.0,0.0,0.0,1.415,0.0,1.979,0.0,1.415,0.0,0.0,0.0,1.415,0.0,3.255,1.415,0.0,2.337,0.0,0.0,0.0,1.979,0.0,0.0,1.415,1.415,2.337,1.415,1.415,0.0,1.415,3.726,1.415,0.0,0.0,0.0,1.415,0.0,0.0,0.0,2.337,2.808,5.375,1.415,2.6,0.0,1.415,0.0,0.0,0.0,0.0,0.0,0.0,0.0,1.415,0.0,0.0,2.337,0.0,0.0,1.415,0.0,1.415,0.0,0.0,1.979,0.0,0.0,0.0,0.0,2.337,1.415,0.0,0.0,0.0,0.0,1.415,0.0,2.337,0.0,2.337,0.0,1.415,0.0,0.0,0.0,2.337,0.0,2.808,0.0,0.0,0.0
Dendritische Zelle,0.0,1.507,0.0,0.0,1.507,1.507,0.0,0.0,1.507,0.0,0.0,0.0,2.446,1.507,0.0,0.0,0.0,2.711,1.507,0.0,0.0,1.507,0.0,0.0,0.0,0.0,0.0,0.0,1.507,0.0,0.0,0.0,0.0,0.0,0.0,0.0,0.0,0.0,1.507,1.507,2.083,0.0,0.0,0.0,1.507,0.0,0.0,0.0,1.507,2.083,0.0,1.507,1.507,0.0,3.242,3.587,0.0,0.0,0.0,1.507,0.0,0.0,0.0,0.0,1.507,0.0,2.921,0.0,2.921,0.0,2.711,0.0,0.0,0.0,1.507,0.0,0.0,2.083,0.0,0.0,1.507,0.0,0.0,0.0,0.0,0.0,0.0,0.0,0.0,0.0,1.507,2.446,0.0,0.0,1.507,0.0,0.0,0.0,1.507,0.0,0.0,1.507,0.0,2.446,2.083,1.507,2.446,0.0,0.0,0.0,0.0,1.507,0.0,0.0,0.0,0.0,1.507,0.0,0.0,0.0,0.0,1.507,0.0,0.0,0.0,0.0,0.0,1.507,0.0,0.0,0.0,0.0,0.0,2.083,0.0,1.507,0.0,0.0,0.0,2.446,0.0,0.0,0.0,0.0,1.507,0.0,0.0,0.0,0.0,1.507,1.507,0.0,1.507,0.0,0.0,0.0,0.0,0.0,0.0,0.0,0.0,1.507,0.0,0.0,2.083,0.0,0.0,0.0,0.0,2.083,0.0,0.0,0.0,1.507,0.0,0.0,0.0,0.0,0.0,1.507,1.507,2.711,2.083,0.0,0.0,0.0,0.0,0.0,2.083,0.0,0.0,0.0,0.0,0.0,0.0,0.0,2.446,1.507,1.507,1.507,0.0,0.0,0.0,0.0,0.0,0.0,0.0,0.0,0.0,4.047,0.0,1.507,1.507,2.083,0.0,0.0,0.0,0.0,1.507,0.0,0.0,0.0,1.507,0.0,1.507,0.0,1.507,1.507,0.0,0.0,2.921,3.68,3.371,0.0,2.083,1.507,2.446,2.711,3.587,1.507,0.0,2.446,1.507,1.507,2.711,2.711,0.0,1.507,0.0,2.446,0.0,1.507,0.0,0.0,2.446,0.0,0.0,0.0,0.0,1.507,0.0,1.507,0.0,1.507,1.507,0.0,0.0,0.0,1.507,0.0,0.0,0.0,1.507,2.446,2.083,0.0,0.0,0.0,0.0,0.0,1.507,0.0,0.0,0.0,0.0,0.0,0.0,0.0,0.0,1.507,0.0,0.0,0.0,0.0,0.0,0.0,0.0,1.507,1.507,0.0,0.0,0.0,0.0,0.0,0.0,0.0,0.0,2.083,0.0,0.0,0.0,2.446,0.0,0.0,0.0,0.0,2.446,2.921,0.0,0.0,0.0,0.0,0.0,1.507,0.0,1.507,0.0,0.0,0.0,0.0,2.083,0.0,0.0,1.507,0.0,0.0,0.0,0.0,0.0,0.0,0.0,0.0,0.0,0.0,0.0,1.507,1.507,0.0,0.0,3.242,0.0,0.0,0.0,1.507,0.0,0.0,0.0,2.446,0.0,0.0,0.0,1.507,0.0,2.083,2.083,0.0,1.507,0.0,3.094,0.0,0.0,1.507,0.0,0.0,0.0,0.0,1.507,2.083,0.0,2.446,0.0,0.0,0.0,0.0,0.0,0.0,1.507,0.0,0.0,1.507,0.0,1.507,2.083,1.507,2.446,1.507,0.0,0.0,0.0,0.0,0.0,0.0,1.507,0.0,0.0,0.0,0.0,0.0,2.711,1.507,3.485,2.083,0.0,0.0,0.0,0.0,1.507,0.0,1.507,0.0,0.0,3.094,1.507,0.0,0.0,0.0,0.0,0.0,1.507,0.0,0.0,0.0,0.0,2.083,0.0,0.0,0.0,0.0,2.083,0.0,2.083,1.507,1.507,1.507,1.507,1.507,1.507,0.0,0.0,0.0,0.0,0.0,0.0,0.0,0.0,0.0,2.083,1.507,1.507,0.0,0.0,1.507,0.0,2.083,0.0,1.507,0.0,0.0,0.0,0.0,0.0,0.0,0.0,0.0,2.921,0.0,1.507,1.507,0.0,2.711,0.0,2.083,0.0,2.083,0.0,0.0,0.0,0.0,0.0,2.083,0.0,3.371,0.0,0.0,0.0,0.0,1.507,0.0,1.507,2.083,1.507,0.0,0.0,0.0,0.0,0.0,0.0,0.0,0.0,0.0,0.0,0.0,0.0,0.0,1.507,0.0,1.507,2.083,0.0,0.0,0.0,1.507,0.0,0.0,2.446,1.507,1.507,0.0,0.0,0.0,0.0,1.507,2.083,2.083,1.507,0.0,0.0,2.083,0.0,0.0,0.0,0.0,0.0,0.0,0.0,0.0,0.0,0.0,0.0,0.0,1.507,0.0,0.0,0.0,0.0,2.083,0.0,2.083,0.0,0.0,0.0,0.0,0.0,0.0,0.0,0.0,0.0,0.0,0.0,0.0,0.0,0.0,0.0,2.711,0.0,0.0,0.0,0.0,0.0,1.507,1.507,0.0,0.0,0.0,0.0,0.0,0.0,0.0,0.0,0.0,0.0,1.507,0.0,0.0,0.0,0.0,1.507,1.507,0.0,0.0,0.0,0.0,1.507,0.0,0.0,0.0,1.507,2.083,0.0,0.0,0.0,0.0,0.0,0.0,1.507,0.0,1.507,0.0,0.0,1.507,2.083,2.083,1.507,0.0,1.507,0.0,1.507,0.0,0.0,0.0,0.0,0.0,0.0,0.0,0.0,0.0,0.0,0.0,0.0,0.0,0.0,4.162,0.0,0.0,0.0,1.507,0.0,1.507,2.083,0.0,0.0,2.446,0.0,0.0,2.083,1.507,2.711,0.0,0.0,2.446,0.0,0.0,0.0,0.0,0.0,0.0,0.0,0.0,1.507,1.507,0.0,0.0,2.083,0.0,1.507,0.0,2.711,0.0,0.0,1.507,2.083,1.507,0.0,0.0,0.0,0.0,1.507,2.921,0.0,1.507,0.0,2.083,0.0,2.446,0.0,0.0,0.0,2.711,1.507,0.0,1.507,0.0,0.0,2.083,3.68,0.0,0.0,0.0,0.0,0.0,1.507,0.0,0.0,0.0,0.0,5.154,0.0,2.446,0.0,2.711,0.0,0.0,0.0,0.0,0.0,0.0,0.0,0.0,0.0,0.0,0.0,1.507,0.0,0.0,1.507,0.0,0.0,0.0,0.0,0.0,1.507,1.507,0.0,1.507,0.0,0.0,0.0,0.0,0.0,1.507,0.0,0.0,0.0,2.083,0.0,1.507,0.0,0.0,0.0,0.0,0.0,0.0,3.094,2.083,0.0
T-Zelle,0.0,0.0,0.0,1.994,0.0,0.0,0.0,0.0,0.0,0.0,1.428,0.0,0.0,0.0,0.0,0.0,0.0,0.0,0.0,0.0,0.0,1.994,0.0,0.0,1.428,1.428,2.353,1.428,0.0,0.0,0.0,2.353,0.0,1.994,0.0,0.0,0.0,0.0,2.353,0.0,0.0,0.0,1.428,0.0,1.428,0.0,0.0,0.0,0.0,0.0,0.0,2.616,0.0,0.0,2.825,2.353,0.0,1.428,1.428,0.0,0.0,1.428,0.0,0.0,0.0,0.0,2.353,0.0,0.0,0.0,2.616,0.0,1.428,1.428,1.428,0.0,0.0,0.0,1.428,0.0,0.0,0.0,0.0,0.0,1.428,0.0,0.0,0.0,0.0,0.0,0.0,2.353,0.0,0.0,2.353,1.428,1.428,0.0,1.428,0.0,0.0,0.0,3.488,1.994,1.428,1.428,1.428,1.428,0.0,0.0,0.0,0.0,0.0,1.994,1.428,0.0,0.0,0.0,0.0,1.428,0.0,2.616,0.0,0.0,0.0,0.0,0.0,0.0,0.0,0.0,1.428,0.0,0.0,1.428,0.0,0.0,0.0,1.994,1.428,0.0,1.428,0.0,0.0,1.428,2.353,1.428,0.0,1.994,0.0,0.0,0.0,0.0,0.0,1.428,2.616,0.0,0.0,0.0,0.0,0.0,0.0,0.0,0.0,0.0,1.428,0.0,0.0,0.0,0.0,0.0,0.0,2.616,0.0,0.0,0.0,0.0,0.0,0.0,0.0,0.0,1.428,1.428,0.0,0.0,0.0,0.0,0.0,1.994,0.0,0.0,0.0,0.0,0.0,3.144,0.0,1.428,0.0,0.0,0.0,1.994,0.0,0.0,0.0,0.0,0.0,0.0,0.0,1.428,0.0,1.994,0.0,1.428,0.0,0.0,0.0,0.0,0.0,1.428,1.994,0.0,1.428,0.0,0.0,0.0,0.0,0.0,1.428,0.0,0.0,0.0,3.665,1.428,0.0,0.0,2.616,1.428,0.0,0.0,0.0,0.0,0.0,0.0,0.0,0.0,1.994,1.428,0.0,0.0,0.0,2.353,0.0,1.428,0.0,1.428,1.428,0.0,0.0,1.428,0.0,0.0,0.0,0.0,0.0,0.0,0.0,0.0,0.0,0.0,2.825,0.0,0.0,1.428,1.428,1.428,0.0,0.0,1.428,0.0,0.0,0.0,1.428,0.0,1.428,1.428,0.0,0.0,0.0,0.0,0.0,1.994,0.0,0.0,0.0,0.0,0.0,0.0,0.0,0.0,0.0,1.428,0.0,0.0,0.0,0.0,0.0,0.0,0.0,1.428,0.0,2.353,0.0,1.994,0.0,0.0,0.0,0.0,0.0,0.0,0.0,0.0,1.428,1.428,0.0,0.0,3.488,0.0,1.428,0.0,1.994,0.0,1.428,0.0,1.994,0.0,0.0,0.0,0.0,0.0,0.0,0.0,0.0,1.428,0.0,0.0,0.0,1.428,1.994,1.428,0.0,2.353,0.0,1.428,0.0,0.0,0.0,0.0,0.0,1.428,1.428,1.428,0.0,0.0,0.0,2.616,0.0,1.428,0.0,0.0,0.0,0.0,1.428,1.428,0.0,0.0,1.428,0.0,0.0,0.0,0.0,2.353,0.0,0.0,1.994,0.0,0.0,0.0,2.353,0.0,1.428,0.0,2.353,0.0,1.428,0.0,2.353,0.0,0.0,0.0,0.0,1.428,0.0,0.0,0.0,1.428,0.0,0.0,0.0,0.0,1.428,0.0,1.428,1.428,0.0,1.428,0.0,0.0,0.0,0.0,1.994,0.0,0.0,0.0,1.428,0.0,1.428,0.0,0.0,0.0,1.428,0.0,0.0,1.428,0.0,0.0,0.0,2.825,0.0,1.428,0.0,0.0,2.353,0.0,1.994,0.0,0.0,1.428,0.0,0.0,0.0,0.0,0.0,0.0,0.0,0.0,0.0,0.0,0.0,3.144,2.616,0.0,0.0,2.616,0.0,0.0,0.0,0.0,0.0,0.0,0.0,0.0,0.0,0.0,0.0,0.0,2.616,0.0,0.0,0.0,0.0,2.825,0.0,1.428,1.428,0.0,1.994,0.0,0.0,0.0,0.0,1.428,1.428,3.386,1.994,0.0,0.0,0.0,1.428,0.0,0.0,0.0,0.0,1.428,0.0,0.0,0.0,2.353,0.0,0.0,0.0,0.0,0.0,0.0,0.0,0.0,1.428,0.0,0.0,1.428,0.0,1.428,1.994,0.0,1.428,0.0,1.428,0.0,0.0,0.0,0.0,0.0,0.0,1.428,0.0,1.994,0.0,2.353,0.0,0.0,0.0,0.0,0.0,1.994,0.0,2.616,0.0,0.0,0.0,1.428,0.0,0.0,1.428,1.428,0.0,0.0,0.0,0.0,0.0,0.0,0.0,0.0,1.428,0.0,1.994,0.0,0.0,0.0,0.0,0.0,1.428,1.428,1.428,1.428,1.428,3.272,0.0,1.428,0.0,0.0,0.0,0.0,0.0,0.0,1.428,0.0,2.353,1.428,0.0,0.0,0.0,0.0,0.0,0.0,0.0,1.428,1.994,0.0,0.0,0.0,1.428,1.428,0.0,0.0,0.0,3.386,0.0,1.428,0.0,1.428,0.0,0.0,1.428,0.0,1.428,0.0,0.0,1.428,0.0,0.0,0.0,0.0,2.616,0.0,1.428,0.0,0.0,0.0,0.0,0.0,1.428,1.428,0.0,0.0,0.0,0.0,0.0,1.428,1.428,0.0,0.0,0.0,0.0,0.0,2.353,0.0,0.0,1.994,0.0,0.0,1.994,0.0,0.0,1.994,0.0,1.428,0.0,3.272,0.0,1.428,0.0,0.0,0.0,0.0,1.994,0.0,0.0,0.0,0.0,0.0,0.0,0.0,0.0,1.994,1.428,0.0,0.0,0.0,0.0,1.428,0.0,2.616,0.0,1.994,0.0,0.0,1.428,0.0,0.0,2.616,0.0,1.428,0.0,1.994,0.0,0.0,1.428,0.0,0.0,0.0,0.0,0.0,1.428,0.0,1.428,1.428,0.0,0.0,0.0,0.0,0.0,0.0,1.428,0.0,0.0,1.428,0.0,4.166,0.0,0.0,1.994,1.994,0.0,0.0,0.0,0.0,2.997,0.0,0.0,0.0,0.0,0.0,0.0,1.994,0.0,0.0,0.0,0.0,0.0,0.0,1.994,0.0,0.0,0.0,1.428,0.0,1.428,0.0,0.0,0.0,0.0,2.353,0.0,0.0,1.428,1.428,0.0,1.428,0.0,0.0,1.428,0.0,1.428,0.0,0.0,0.0,0.0
Dendritische Zelle,0.0,0.0,1.926,1.926,0.0,0.0,0.0,0.0,0.0,0.0,0.0,0.0,0.0,0.0,0.0,0.0,0.0,1.369,0.0,1.369,0.0,1.369,0.0,0.0,0.0,0.0,0.0,0.0,1.369,1.926,0.0,1.369,0.0,1.369,1.369,0.0,0.0,0.0,0.0,0.0,2.923,0.0,1.369,0.0,1.369,0.0,0.0,1.369,0.0,2.544,0.0,2.282,3.589,0.0,2.923,3.412,0.0,1.926,0.0,0.0,0.0,0.0,0.0,0.0,1.926,3.806,1.369,0.0,2.282,0.0,0.0,0.0,0.0,0.0,0.0,0.0,0.0,0.0,0.0,0.0,0.0,0.0,0.0,0.0,1.926,1.369,1.369,0.0,1.369,0.0,0.0,0.0,1.369,0.0,1.369,0.0,0.0,1.369,1.369,0.0,2.751,1.369,0.0,0.0,0.0,0.0,0.0,0.0,0.0,0.0,0.0,0.0,1.926,2.282,1.369,0.0,0.0,0.0,0.0,0.0,0.0,1.369,0.0,0.0,0.0,0.0,0.0,1.369,0.0,0.0,1.926,0.0,0.0,0.0,0.0,1.369,0.0,1.369,0.0,2.544,0.0,0.0,0.0,2.751,1.926,0.0,0.0,0.0,0.0,0.0,0.0,0.0,2.282,1.926,0.0,0.0,0.0,0.0,1.369,1.926,0.0,1.369,0.0,0.0,0.0,0.0,0.0,0.0,0.0,0.0,0.0,0.0,1.369,0.0,1.369,0.0,0.0,0.0,0.0,1.369,2.751,0.0,0.0,1.369,0.0,0.0,1.926,0.0,1.369,0.0,0.0,0.0,0.0,0.0,0.0,0.0,1.926,0.0,0.0,0.0,0.0,0.0,1.369,0.0,1.369,0.0,0.0,1.369,1.369,4.994,0.0,2.751,2.544,1.369,1.369,0.0,0.0,1.369,1.926,2.282,1.926,0.0,2.544,0.0,2.282,0.0,1.369,0.0,1.369,0.0,0.0,2.923,2.544,0.0,3.069,1.926,4.845,3.197,4.268,3.589,3.31,2.282,1.926,1.369,4.384,4.268,0.0,0.0,0.0,1.369,1.369,0.0,1.369,0.0,2.282,0.0,0.0,1.926,0.0,0.0,1.926,1.926,0.0,0.0,1.369,0.0,1.369,0.0,2.282,0.0,0.0,1.369,2.282,0.0,1.926,0.0,2.282,1.369,0.0,0.0,1.369,0.0,0.0,2.282,0.0,0.0,1.926,0.0,0.0,0.0,0.0,0.0,0.0,0.0,1.369,1.369,0.0,1.369,0.0,1.369,0.0,0.0,1.369,0.0,0.0,0.0,1.369,1.369,0.0,0.0,0.0,0.0,0.0,0.0,0.0,1.926,1.369,1.926,0.0,0.0,0.0,2.282,0.0,1.369,1.369,1.926,0.0,0.0,0.0,0.0,0.0,0.0,0.0,0.0,0.0,0.0,0.0,0.0,0.0,1.369,0.0,1.369,0.0,1.369,0.0,2.282,1.369,0.0,0.0,0.0,0.0,0.0,1.369,0.0,0.0,0.0,0.0,2.544,1.369,1.369,0.0,1.369,1.369,1.926,0.0,0.0,0.0,0.0,1.369,0.0,0.0,0.0,0.0,0.0,0.0,0.0,0.0,0.0,0.0,3.197,0.0,0.0,0.0,1.369,0.0,0.0,0.0,0.0,1.926,2.282,0.0,0.0,1.369,1.369,3.666,0.0,0.0,0.0,0.0,1.369,0.0,0.0,0.0,0.0,1.369,0.0,0.0,1.369,2.282,0.0,0.0,2.544,0.0,0.0,1.369,0.0,0.0,0.0,1.369,0.0,0.0,2.282,0.0,0.0,0.0,0.0,0.0,0.0,1.369,0.0,0.0,0.0,1.369,0.0,0.0,0.0,0.0,0.0,1.369,1.369,0.0,0.0,3.069,1.369,0.0,1.926,2.282,2.282,1.369,0.0,0.0,0.0,0.0,0.0,1.369,1.926,0.0,0.0,0.0,0.0,0.0,0.0,0.0,1.369,0.0,0.0,0.0,0.0,0.0,0.0,0.0,0.0,0.0,1.369,0.0,0.0,0.0,0.0,0.0,2.544,0.0,0.0,0.0,0.0,1.369,0.0,0.0,4.612,0.0,1.926,0.0,2.282,0.0,0.0,0.0,0.0,2.751,0.0,1.926,0.0,0.0,0.0,0.0,0.0,0.0,0.0,0.0,1.369,0.0,0.0,0.0,0.0,1.926,0.0,2.923,0.0,1.369,1.926,0.0,0.0,0.0,2.282,0.0,0.0,0.0,1.369,1.369,0.0,0.0,1.369,1.369,2.544,0.0,1.369,0.0,0.0,0.0,1.369,0.0,0.0,0.0,1.369,0.0,2.751,0.0,0.0,0.0,0.0,0.0,0.0,0.0,1.369,0.0,1.926,0.0,1.369,1.926,1.369,1.926,0.0,0.0,0.0,0.0,0.0,0.0,0.0,0.0,0.0,1.369,1.369,1.926,1.369,1.369,0.0,0.0,0.0,1.369,0.0,0.0,0.0,0.0,1.369,0.0,0.0,0.0,0.0,0.0,0.0,0.0,0.0,0.0,1.369,2.544,0.0,3.589,0.0,0.0,1.369,0.0,0.0,1.369,0.0,0.0,0.0,0.0,0.0,0.0,1.369,0.0,0.0,0.0,0.0,0.0,1.369,2.282,0.0,0.0,0.0,1.369,0.0,1.926,0.0,1.926,0.0,0.0,0.0,0.0,0.0,1.369,0.0,0.0,0.0,0.0,0.0,0.0,1.369,0.0,1.369,0.0,0.0,0.0,4.088,0.0,1.369,0.0,0.0,1.926,0.0,0.0,0.0,0.0,1.926,0.0,0.0,1.369,1.369,0.0,0.0,0.0,1.369,1.369,0.0,2.282,0.0,1.369,0.0,0.0,0.0,1.369,1.369,0.0,0.0,0.0,1.369,1.369,0.0,0.0,0.0,0.0,1.926,0.0,0.0,0.0,0.0,0.0,0.0,0.0,3.197,1.369,0.0,0.0,0.0,0.0,0.0,0.0,0.0,0.0,1.369,0.0,0.0,1.926,2.282,1.369,1.369,2.282,1.369,1.369,0.0,0.0,0.0,0.0,0.0,0.0,0.0,2.751,3.666,0.0,2.282,0.0,0.0,0.0,0.0,0.0,1.369,0.0,0.0,0.0,1.369,0.0,0.0,0.0,0.0,0.0,0.0,0.0,0.0,0.0,0.0,0.0,0.0,0.0,0.0,0.0,0.0,0.0,0.0,0.0,2.751,0.0,1.926,0.0,1.926,1.369,0.0,0.0,0.0,0.0,0.0,0.0,0.0,0.0,1.369,0.0,0.0,0.0
Dendritische Zelle,0.0,0.0,0.0,0.0,0.0,0.0,1.039,0.0,0.0,0.0,0.0,1.039,0.0,0.0,0.0,0.0,0.0,1.039,1.537,1.039,0.0,1.537,1.537,1.039,0.0,0.0,0.0,1.537,1.537,0.0,0.0,2.117,0.0,1.537,1.039,1.039,0.0,0.0,1.868,0.0,2.481,1.039,1.039,0.0,1.537,0.0,0.0,0.0,1.537,2.117,0.0,2.316,0.0,0.0,2.117,2.481,0.0,2.316,0.0,0.0,0.0,0.0,0.0,0.0,1.039,1.537,2.481,0.0,2.316,1.537,0.0,0.0,1.039,1.039,0.0,0.0,0.0,1.537,0.0,0.0,1.537,0.0,0.0,0.0,1.537,0.0,0.0,0.0,1.039,0.0,0.0,0.0,1.039,0.0,1.868,0.0,1.039,1.537,0.0,0.0,0.0,0.0,0.0,0.0,1.039,0.0,0.0,0.0,0.0,3.049,0.0,1.868,1.868,0.0,1.039,0.0,1.537,1.039,1.537,0.0,1.039,0.0,0.0,0.0,0.0,0.0,0.0,0.0,0.0,1.537,0.0,0.0,0.0,1.537,0.0,1.039,1.868,1.039,0.0,2.958,0.0,0.0,0.0,0.0,0.0,1.039,0.0,0.0,0.0,0.0,0.0,0.0,1.868,1.537,1.537,0.0,0.0,0.0,0.0,0.0,0.0,1.537,0.0,0.0,0.0,0.0,0.0,0.0,0.0,0.0,0.0,0.0,0.0,0.0,1.039,0.0,0.0,0.0,0.0,1.868,1.868,1.039,0.0,0.0,0.0,1.039,1.039,1.868,1.537,0.0,1.039,0.0,0.0,0.0,0.0,2.481,1.537,1.039,1.039,0.0,0.0,0.0,1.039,0.0,1.537,0.0,0.0,1.537,1.039,4.844,0.0,2.748,1.039,2.117,1.537,0.0,0.0,2.117,0.0,0.0,1.039,1.039,0.0,1.039,1.868,0.0,0.0,1.537,0.0,0.0,2.858,3.523,1.039,1.039,2.117,1.039,4.376,3.625,3.954,3.672,3.049,3.049,2.316,1.868,4.021,3.954,0.0,0.0,0.0,1.868,2.117,1.039,1.868,0.0,1.537,0.0,0.0,0.0,0.0,1.039,1.039,0.0,0.0,0.0,1.039,0.0,0.0,0.0,2.316,0.0,0.0,0.0,2.316,1.537,2.117,0.0,1.039,0.0,0.0,0.0,2.623,1.039,0.0,0.0,0.0,1.537,1.537,1.039,1.039,0.0,0.0,0.0,0.0,0.0,0.0,2.117,0.0,2.481,0.0,1.537,0.0,0.0,0.0,0.0,0.0,1.537,0.0,1.039,1.039,1.537,1.537,1.868,0.0,0.0,0.0,1.868,1.868,1.537,0.0,0.0,0.0,1.537,0.0,1.039,1.868,2.316,0.0,1.039,0.0,1.039,1.537,0.0,1.537,0.0,0.0,0.0,0.0,0.0,1.039,0.0,0.0,1.039,0.0,0.0,0.0,1.039,1.039,0.0,0.0,1.039,0.0,0.0,0.0,0.0,0.0,0.0,0.0,0.0,1.868,1.537,0.0,0.0,0.0,1.039,0.0,1.039,0.0,0.0,0.0,0.0,1.537,0.0,1.537,0.0,2.117,0.0,1.039,0.0,0.0,3.28,0.0,0.0,0.0,1.039,0.0,0.0,0.0,0.0,1.537,2.481,0.0,2.117,1.868,1.039,2.858,0.0,0.0,1.039,0.0,0.0,0.0,0.0,1.039,0.0,0.0,0.0,1.039,0.0,1.039,0.0,0.0,1.868,0.0,1.039,0.0,0.0,0.0,0.0,1.537,0.0,0.0,2.316,0.0,1.039,0.0,1.039,0.0,1.039,1.039,0.0,0.0,0.0,0.0,0.0,0.0,0.0,1.039,0.0,0.0,0.0,0.0,1.039,3.208,1.039,2.117,0.0,2.481,0.0,0.0,0.0,1.039,0.0,0.0,0.0,0.0,1.868,1.039,1.868,1.039,0.0,0.0,1.039,0.0,1.039,0.0,0.0,0.0,0.0,0.0,0.0,0.0,0.0,0.0,0.0,1.537,0.0,0.0,1.868,0.0,2.623,0.0,0.0,0.0,1.537,2.117,0.0,0.0,4.979,0.0,1.039,1.868,2.316,0.0,1.039,2.117,1.039,2.316,0.0,1.039,0.0,0.0,0.0,0.0,0.0,0.0,0.0,1.039,1.039,0.0,0.0,1.039,0.0,1.039,0.0,0.0,0.0,2.117,0.0,0.0,0.0,0.0,3.049,1.039,0.0,2.316,1.868,1.039,1.039,2.117,0.0,1.039,2.117,1.039,2.316,1.039,0.0,0.0,1.537,0.0,0.0,0.0,0.0,1.039,2.481,0.0,0.0,0.0,2.481,0.0,0.0,1.537,1.039,0.0,1.537,1.537,0.0,1.537,0.0,1.537,0.0,1.039,0.0,2.117,0.0,0.0,0.0,0.0,0.0,0.0,0.0,1.039,0.0,1.537,0.0,0.0,1.537,2.117,0.0,0.0,1.039,0.0,0.0,1.039,0.0,1.537,1.537,1.039,0.0,0.0,0.0,1.039,1.039,1.868,0.0,3.28,0.0,0.0,0.0,0.0,0.0,0.0,1.537,0.0,0.0,0.0,0.0,0.0,1.039,0.0,0.0,0.0,0.0,1.039,1.039,1.039,1.039,1.039,0.0,1.039,0.0,2.117,0.0,1.537,0.0,0.0,0.0,0.0,0.0,1.537,0.0,1.039,1.039,0.0,1.039,0.0,1.039,0.0,1.039,0.0,0.0,1.537,3.761,0.0,0.0,0.0,0.0,1.039,0.0,2.117,0.0,0.0,0.0,0.0,2.316,0.0,2.117,1.039,1.039,0.0,1.039,1.537,1.039,1.039,1.039,0.0,1.039,0.0,1.537,1.868,0.0,0.0,0.0,0.0,0.0,1.039,1.868,1.039,0.0,0.0,2.316,0.0,1.039,0.0,1.039,0.0,0.0,1.868,3.625,1.537,0.0,0.0,2.117,0.0,0.0,1.039,0.0,1.868,1.039,0.0,1.039,1.537,0.0,0.0,0.0,0.0,0.0,0.0,1.039,0.0,0.0,1.537,1.039,1.537,0.0,1.039,3.28,1.039,2.958,1.039,1.868,0.0,0.0,0.0,1.039,1.039,0.0,0.0,0.0,0.0,1.039,1.537,0.0,1.039,0.0,1.537,0.0,0.0,0.0,0.0,0.0,1.537,0.0,0.0,0.0,1.868,0.0,1.039,2.316,1.039,1.039,0.0,2.117,1.537,1.537,0.0,1.537,0.0,1.039,1.537,2.316,0.0,1.039,0.0,1.039,0.0
Dendritische Zelle,0.0,0.0,1.22,1.22,0.0,0.0,1.22,0.0,1.22,0.0,0.0,0.0,0.0,0.0,0.0,0.0,0.0,1.22,2.099,1.22,0.0,1.22,0.0,0.0,0.0,2.099,0.0,1.753,1.22,0.0,1.22,1.22,0.0,0.0,1.22,0.0,0.0,0.0,2.099,0.0,0.0,1.753,0.0,0.0,2.099,0.0,0.0,1.22,0.0,0.0,0.0,2.874,1.22,1.22,2.874,3.605,0.0,1.22,0.0,1.753,0.0,0.0,1.753,0.0,1.22,3.389,2.874,0.0,2.56,0.0,0.0,0.0,0.0,1.753,0.0,0.0,0.0,0.0,0.0,0.0,0.0,0.0,0.0,0.0,1.22,1.753,1.22,0.0,0.0,0.0,0.0,0.0,1.22,0.0,1.22,1.22,0.0,1.753,1.753,0.0,1.22,0.0,0.0,0.0,0.0,0.0,0.0,0.0,0.0,1.22,0.0,0.0,2.356,1.22,1.753,1.22,1.22,0.0,0.0,2.099,1.22,0.0,0.0,0.0,0.0,1.22,0.0,0.0,2.099,0.0,1.753,0.0,1.22,1.22,0.0,0.0,0.0,1.22,1.22,3.305,1.753,0.0,1.22,1.22,0.0,0.0,1.22,1.22,0.0,0.0,0.0,0.0,1.22,1.753,1.22,0.0,0.0,0.0,0.0,0.0,0.0,2.099,0.0,0.0,1.22,0.0,1.22,0.0,0.0,0.0,0.0,0.0,0.0,0.0,0.0,0.0,0.0,0.0,0.0,1.753,1.753,1.753,0.0,0.0,0.0,0.0,2.356,0.0,0.0,0.0,0.0,0.0,0.0,0.0,1.22,1.753,1.753,0.0,0.0,1.22,1.22,0.0,1.22,0.0,2.356,0.0,0.0,1.753,1.753,5.124,0.0,2.56,1.22,2.099,0.0,0.0,0.0,1.22,1.22,2.099,1.22,2.56,2.099,0.0,0.0,0.0,0.0,0.0,0.0,0.0,0.0,3.0,2.56,0.0,2.874,2.099,4.885,3.98,4.77,3.836,2.874,3.112,3.112,2.356,4.181,4.663,0.0,0.0,0.0,1.22,0.0,0.0,2.099,1.22,1.753,0.0,1.22,1.22,0.0,0.0,0.0,1.22,0.0,0.0,1.753,1.22,1.22,0.0,2.099,0.0,0.0,0.0,2.56,1.22,1.753,0.0,1.22,0.0,0.0,0.0,1.753,1.22,0.0,0.0,1.22,0.0,0.0,0.0,0.0,0.0,0.0,0.0,0.0,0.0,0.0,1.753,0.0,1.753,1.22,2.56,0.0,0.0,0.0,0.0,0.0,0.0,0.0,0.0,0.0,1.753,0.0,0.0,0.0,0.0,0.0,1.22,2.099,2.099,1.22,0.0,0.0,2.099,2.099,0.0,0.0,1.22,0.0,0.0,0.0,0.0,2.099,0.0,1.753,0.0,0.0,1.22,0.0,0.0,0.0,0.0,0.0,0.0,0.0,0.0,0.0,1.22,1.22,0.0,0.0,0.0,0.0,0.0,0.0,0.0,0.0,0.0,0.0,1.753,1.22,2.356,0.0,1.753,0.0,1.22,0.0,0.0,0.0,0.0,1.753,0.0,1.753,2.099,0.0,0.0,2.099,0.0,1.22,0.0,0.0,3.0,0.0,0.0,1.753,1.22,0.0,0.0,2.099,1.22,2.56,2.099,0.0,1.753,2.56,0.0,3.213,0.0,1.753,0.0,0.0,0.0,0.0,0.0,1.22,0.0,0.0,0.0,0.0,1.753,0.0,0.0,0.0,1.753,0.0,2.099,0.0,0.0,0.0,0.0,2.099,0.0,0.0,2.099,0.0,0.0,1.753,0.0,0.0,1.22,0.0,0.0,1.753,0.0,0.0,0.0,0.0,0.0,0.0,0.0,1.22,1.22,0.0,0.0,2.729,0.0,0.0,0.0,1.22,0.0,0.0,0.0,1.753,0.0,1.753,0.0,0.0,0.0,1.22,0.0,0.0,1.22,0.0,0.0,0.0,0.0,0.0,1.22,0.0,0.0,0.0,0.0,0.0,0.0,0.0,0.0,2.356,1.22,0.0,2.099,0.0,1.753,0.0,0.0,0.0,0.0,1.22,0.0,0.0,4.77,0.0,1.22,1.22,1.22,0.0,1.22,0.0,0.0,2.099,0.0,1.753,1.753,0.0,0.0,0.0,0.0,0.0,1.22,0.0,0.0,0.0,0.0,1.22,0.0,1.22,0.0,1.22,0.0,1.22,0.0,0.0,0.0,0.0,1.753,1.22,0.0,1.753,0.0,1.753,0.0,0.0,0.0,0.0,2.874,0.0,2.356,1.22,0.0,1.22,1.22,0.0,0.0,0.0,0.0,1.22,1.753,0.0,1.22,0.0,1.753,0.0,0.0,0.0,1.22,0.0,2.099,1.753,0.0,1.22,1.22,2.356,0.0,0.0,0.0,0.0,0.0,0.0,0.0,0.0,0.0,0.0,1.22,0.0,0.0,0.0,0.0,0.0,0.0,0.0,0.0,0.0,1.22,0.0,0.0,0.0,0.0,0.0,0.0,1.22,1.22,0.0,1.22,1.22,0.0,2.356,0.0,2.356,0.0,1.22,1.22,0.0,0.0,0.0,1.22,0.0,0.0,0.0,0.0,0.0,0.0,0.0,0.0,1.22,0.0,0.0,1.753,2.099,0.0,1.22,0.0,0.0,0.0,1.753,0.0,1.22,0.0,0.0,0.0,1.22,1.753,0.0,0.0,0.0,0.0,0.0,0.0,0.0,1.753,0.0,1.22,0.0,0.0,0.0,4.465,1.22,0.0,1.22,0.0,1.22,0.0,1.22,0.0,0.0,1.22,0.0,2.56,0.0,1.753,1.22,0.0,0.0,0.0,1.753,0.0,0.0,0.0,0.0,0.0,0.0,0.0,0.0,1.22,0.0,0.0,0.0,0.0,0.0,0.0,1.753,1.22,0.0,2.099,0.0,1.22,0.0,1.22,1.753,0.0,2.56,3.0,1.753,1.753,0.0,1.753,0.0,0.0,1.753,0.0,1.753,1.22,1.753,1.22,2.099,1.22,1.22,0.0,3.466,0.0,0.0,0.0,0.0,0.0,1.22,0.0,1.22,1.22,0.0,4.492,0.0,2.56,0.0,1.22,0.0,0.0,0.0,2.099,0.0,1.22,0.0,0.0,0.0,0.0,1.22,0.0,0.0,1.753,0.0,0.0,0.0,0.0,0.0,2.099,1.22,0.0,0.0,0.0,1.753,0.0,2.56,1.22,0.0,0.0,0.0,2.56,0.0,1.22,0.0,2.356,1.22,0.0,1.753,3.0,0.0,2.56,0.0,1.22,1.22
Dendritische Zelle,0.0,0.0,0.0,2.408,0.0,0.0,0.0,0.0,0.0,0.0,1.261,0.0,0.0,0.0,0.0,0.0,0.0,1.801,0.0,1.261,0.0,0.0,0.0,0.0,0.0,0.0,0.0,1.261,1.801,1.261,0.0,0.0,0.0,0.0,0.0,1.261,0.0,0.0,1.261,0.0,0.0,0.0,0.0,0.0,0.0,0.0,1.261,0.0,0.0,0.0,0.0,2.928,0.0,0.0,3.269,3.361,0.0,2.15,0.0,0.0,0.0,1.801,1.801,0.0,0.0,0.0,2.613,0.0,2.408,2.15,0.0,0.0,0.0,0.0,1.801,0.0,0.0,1.261,0.0,0.0,0.0,0.0,0.0,0.0,1.801,0.0,0.0,0.0,0.0,0.0,1.261,0.0,1.261,0.0,1.261,0.0,0.0,0.0,0.0,0.0,0.0,0.0,0.0,0.0,0.0,0.0,0.0,0.0,0.0,0.0,1.261,1.261,1.261,1.261,1.261,0.0,0.0,0.0,1.261,0.0,0.0,1.801,0.0,0.0,0.0,0.0,0.0,0.0,0.0,2.15,1.261,0.0,0.0,1.261,0.0,0.0,0.0,1.801,1.261,3.168,0.0,0.0,1.801,0.0,0.0,0.0,1.261,1.261,0.0,1.801,1.261,0.0,0.0,1.801,0.0,0.0,0.0,0.0,0.0,0.0,0.0,1.261,1.801,0.0,0.0,0.0,0.0,0.0,0.0,1.801,0.0,0.0,1.261,1.261,0.0,0.0,0.0,0.0,0.0,1.261,1.261,2.408,0.0,0.0,1.261,0.0,0.0,1.261,0.0,0.0,1.261,0.0,0.0,0.0,1.261,2.15,0.0,0.0,0.0,0.0,0.0,0.0,0.0,0.0,1.801,1.261,0.0,1.261,0.0,4.162,0.0,2.15,0.0,1.801,0.0,0.0,0.0,1.801,0.0,1.261,0.0,0.0,0.0,0.0,0.0,0.0,0.0,1.261,1.261,0.0,3.055,0.0,0.0,0.0,2.408,0.0,3.445,2.15,2.783,1.801,1.801,0.0,1.261,2.15,3.445,2.928,1.261,0.0,0.0,2.15,1.261,0.0,0.0,0.0,1.261,0.0,0.0,0.0,0.0,0.0,0.0,0.0,0.0,0.0,0.0,0.0,1.261,0.0,1.261,0.0,0.0,0.0,1.801,1.801,1.801,0.0,0.0,0.0,0.0,0.0,2.613,0.0,0.0,0.0,1.261,0.0,1.801,0.0,0.0,0.0,0.0,0.0,0.0,0.0,0.0,1.261,0.0,0.0,0.0,1.801,0.0,0.0,0.0,0.0,0.0,0.0,0.0,0.0,0.0,1.801,1.261,1.801,0.0,0.0,0.0,2.15,1.261,0.0,0.0,1.261,1.801,2.613,0.0,1.261,1.261,0.0,0.0,0.0,0.0,0.0,1.261,0.0,1.801,0.0,0.0,0.0,0.0,0.0,0.0,0.0,0.0,0.0,0.0,1.261,0.0,1.261,1.261,0.0,0.0,1.801,0.0,0.0,0.0,1.261,0.0,0.0,0.0,1.261,1.801,1.261,0.0,1.261,3.055,1.261,1.261,0.0,0.0,0.0,0.0,0.0,1.261,0.0,1.801,2.928,1.261,0.0,1.261,0.0,0.0,3.055,0.0,1.261,0.0,1.801,1.261,1.261,0.0,1.261,2.783,1.261,0.0,1.261,0.0,1.261,2.783,1.261,0.0,1.261,0.0,0.0,0.0,0.0,1.261,0.0,0.0,0.0,0.0,0.0,1.261,1.261,0.0,1.801,1.801,2.15,1.801,0.0,0.0,1.801,0.0,1.261,0.0,0.0,0.0,0.0,0.0,0.0,0.0,0.0,0.0,0.0,1.801,0.0,0.0,0.0,0.0,1.261,1.801,0.0,1.261,0.0,2.928,0.0,2.15,1.801,1.261,0.0,1.801,0.0,1.261,0.0,1.801,0.0,0.0,0.0,0.0,2.408,1.801,1.801,0.0,0.0,0.0,0.0,0.0,1.261,0.0,0.0,0.0,0.0,0.0,0.0,0.0,1.261,0.0,0.0,2.15,0.0,0.0,1.261,0.0,2.408,0.0,2.15,0.0,1.261,1.261,1.261,0.0,2.15,0.0,1.801,0.0,1.801,1.261,0.0,0.0,1.261,2.15,1.261,0.0,1.261,1.261,0.0,0.0,1.261,0.0,0.0,1.261,2.15,0.0,0.0,1.261,1.261,0.0,0.0,1.801,0.0,0.0,2.15,0.0,0.0,0.0,0.0,1.261,0.0,1.801,0.0,0.0,0.0,0.0,1.261,0.0,1.261,1.261,2.408,0.0,0.0,0.0,1.261,0.0,0.0,0.0,0.0,0.0,1.261,1.801,0.0,0.0,2.408,0.0,0.0,1.801,2.15,0.0,1.261,1.261,0.0,1.261,0.0,0.0,0.0,0.0,0.0,0.0,0.0,0.0,1.261,0.0,0.0,1.801,1.261,0.0,0.0,1.261,0.0,0.0,0.0,1.261,0.0,0.0,0.0,2.15,0.0,0.0,0.0,0.0,1.261,0.0,2.613,0.0,1.261,1.261,0.0,0.0,0.0,2.15,0.0,1.261,1.261,0.0,1.261,1.261,1.801,1.801,0.0,0.0,0.0,0.0,1.261,1.261,0.0,0.0,0.0,0.0,0.0,0.0,1.801,0.0,0.0,0.0,0.0,1.801,0.0,0.0,0.0,1.261,1.261,0.0,1.261,0.0,1.801,0.0,1.261,0.0,0.0,0.0,0.0,0.0,1.801,0.0,0.0,0.0,3.991,0.0,0.0,0.0,0.0,0.0,0.0,1.261,0.0,0.0,0.0,0.0,2.408,0.0,2.613,2.408,1.801,0.0,0.0,0.0,0.0,0.0,0.0,0.0,1.801,0.0,0.0,0.0,1.261,0.0,0.0,1.801,0.0,2.15,0.0,0.0,2.15,0.0,1.261,0.0,0.0,0.0,0.0,0.0,0.0,2.408,2.783,1.801,0.0,0.0,2.15,0.0,1.261,1.801,0.0,1.261,0.0,2.408,0.0,2.15,0.0,1.801,2.408,2.613,2.15,2.15,2.15,0.0,1.261,1.801,0.0,0.0,1.261,1.801,3.269,0.0,3.055,1.261,2.408,1.261,1.261,0.0,0.0,0.0,0.0,0.0,0.0,0.0,0.0,0.0,0.0,1.261,1.801,0.0,0.0,0.0,0.0,1.261,0.0,1.801,0.0,0.0,0.0,1.801,0.0,0.0,2.408,0.0,0.0,0.0,1.801,1.801,1.801,0.0,1.801,1.801,0.0,1.261,1.261,0.0,1.801,1.261,0.0,1.261
T-Zelle,0.0,1.25,1.25,2.395,0.0,1.25,0.0,0.0,0.0,0.0,0.0,1.25,0.0,0.0,1.789,0.0,2.599,3.825,0.0,1.25,0.0,1.25,2.137,1.25,0.0,1.789,1.25,0.0,2.395,0.0,0.0,2.395,0.0,1.25,0.0,0.0,0.0,0.0,2.137,0.0,0.0,0.0,1.25,0.0,0.0,0.0,0.0,2.137,1.789,1.25,1.25,2.914,0.0,0.0,3.976,4.327,0.0,1.25,0.0,0.0,0.0,0.0,0.0,0.0,0.0,0.0,2.395,0.0,0.0,0.0,0.0,0.0,2.137,0.0,0.0,0.0,0.0,1.25,0.0,1.25,2.395,0.0,0.0,0.0,1.789,0.0,1.789,0.0,0.0,0.0,0.0,1.789,0.0,1.25,2.137,0.0,0.0,1.25,1.25,0.0,1.25,0.0,0.0,0.0,0.0,1.25,0.0,0.0,0.0,0.0,1.789,1.789,2.769,1.25,0.0,0.0,1.789,1.25,0.0,0.0,0.0,1.789,0.0,0.0,0.0,1.25,0.0,0.0,1.25,0.0,0.0,0.0,0.0,0.0,0.0,0.0,1.25,0.0,1.25,0.0,1.789,0.0,1.25,1.25,1.25,0.0,1.25,1.25,0.0,0.0,1.789,0.0,0.0,0.0,1.25,0.0,1.25,0.0,0.0,0.0,0.0,2.395,0.0,0.0,0.0,0.0,0.0,0.0,0.0,0.0,0.0,0.0,0.0,0.0,0.0,0.0,0.0,0.0,0.0,1.789,0.0,0.0,0.0,0.0,2.599,1.25,1.789,1.789,0.0,0.0,1.789,1.25,0.0,0.0,0.0,1.789,0.0,0.0,0.0,1.25,0.0,1.25,1.789,0.0,1.789,0.0,0.0,0.0,0.0,3.825,0.0,2.395,1.789,2.769,2.395,0.0,0.0,0.0,1.25,0.0,1.789,0.0,0.0,0.0,1.789,0.0,0.0,0.0,0.0,0.0,2.137,0.0,0.0,0.0,2.599,0.0,2.914,3.154,3.508,1.789,1.25,1.789,0.0,0.0,2.137,2.599,0.0,0.0,0.0,1.789,1.25,1.789,0.0,1.25,1.789,0.0,0.0,1.789,0.0,0.0,1.25,0.0,0.0,0.0,0.0,0.0,1.25,0.0,0.0,0.0,0.0,0.0,1.789,1.25,0.0,1.789,1.789,0.0,0.0,0.0,3.041,1.25,0.0,0.0,0.0,1.789,0.0,0.0,0.0,1.25,0.0,0.0,1.789,0.0,1.25,1.25,0.0,1.789,0.0,0.0,0.0,0.0,0.0,0.0,1.25,0.0,0.0,1.25,0.0,2.599,0.0,0.0,0.0,0.0,0.0,2.137,2.395,0.0,0.0,0.0,1.25,1.25,0.0,1.25,1.789,2.137,1.25,0.0,0.0,0.0,1.789,0.0,2.599,0.0,0.0,0.0,0.0,0.0,0.0,0.0,0.0,0.0,0.0,0.0,0.0,0.0,1.25,1.25,0.0,2.137,0.0,0.0,0.0,1.789,0.0,0.0,0.0,1.789,1.789,1.25,0.0,2.769,2.395,1.789,0.0,1.25,1.789,0.0,0.0,0.0,1.25,0.0,0.0,0.0,0.0,0.0,0.0,0.0,0.0,3.928,0.0,1.789,1.25,0.0,0.0,0.0,0.0,0.0,1.25,1.25,0.0,0.0,0.0,1.25,3.255,0.0,0.0,0.0,1.789,0.0,1.789,0.0,1.25,0.0,0.0,0.0,0.0,1.25,2.395,2.137,0.0,2.599,0.0,0.0,0.0,0.0,0.0,1.25,1.789,1.25,1.25,0.0,0.0,1.25,1.25,1.25,0.0,0.0,0.0,0.0,1.25,0.0,0.0,1.789,0.0,0.0,0.0,0.0,0.0,0.0,2.769,0.0,1.25,0.0,0.0,1.25,1.25,0.0,0.0,1.25,0.0,0.0,0.0,0.0,0.0,2.395,1.789,2.599,1.25,1.25,0.0,0.0,0.0,1.25,0.0,1.25,0.0,0.0,0.0,0.0,0.0,0.0,0.0,0.0,2.137,1.789,0.0,1.789,0.0,3.431,0.0,1.25,0.0,1.25,2.599,0.0,1.25,0.0,0.0,1.25,0.0,2.137,1.25,0.0,1.789,0.0,2.395,0.0,2.599,0.0,1.25,0.0,0.0,0.0,0.0,1.25,0.0,1.789,0.0,0.0,0.0,1.25,1.25,0.0,0.0,0.0,1.789,1.789,0.0,0.0,0.0,3.041,1.25,0.0,2.137,0.0,1.25,1.25,1.25,0.0,1.789,0.0,0.0,3.041,3.041,1.25,0.0,2.395,0.0,0.0,1.25,0.0,1.25,2.137,1.25,0.0,0.0,2.137,0.0,1.25,1.25,2.395,0.0,1.25,0.0,0.0,0.0,0.0,1.25,0.0,0.0,0.0,1.25,0.0,0.0,0.0,0.0,0.0,0.0,0.0,1.789,0.0,1.789,4.561,0.0,0.0,0.0,0.0,0.0,2.137,0.0,0.0,1.25,0.0,1.25,1.25,0.0,0.0,0.0,0.0,1.789,1.25,0.0,0.0,2.395,0.0,2.914,0.0,0.0,0.0,1.25,0.0,0.0,0.0,0.0,0.0,1.25,1.25,0.0,0.0,1.25,2.137,0.0,0.0,0.0,0.0,0.0,0.0,1.789,0.0,0.0,0.0,2.137,0.0,0.0,1.25,1.25,0.0,0.0,0.0,0.0,0.0,1.789,0.0,0.0,0.0,1.25,1.25,1.789,0.0,1.789,0.0,1.25,0.0,0.0,2.137,1.25,0.0,2.137,0.0,0.0,2.137,0.0,2.137,1.25,2.395,1.25,1.25,0.0,0.0,1.789,1.25,1.789,1.25,0.0,0.0,0.0,0.0,1.789,1.25,0.0,0.0,0.0,0.0,0.0,2.137,0.0,0.0,0.0,0.0,0.0,1.25,0.0,0.0,0.0,0.0,2.395,0.0,1.789,1.25,0.0,0.0,1.25,0.0,1.789,1.25,1.25,0.0,1.25,0.0,2.599,1.789,0.0,0.0,0.0,1.789,0.0,0.0,0.0,0.0,0.0,1.25,0.0,2.769,0.0,3.508,1.789,2.137,1.25,2.599,0.0,0.0,1.25,0.0,0.0,0.0,0.0,1.25,0.0,0.0,0.0,0.0,2.137,0.0,1.25,0.0,0.0,0.0,0.0,1.25,1.25,0.0,0.0,0.0,1.25,0.0,0.0,1.25,1.25,1.789,0.0,0.0,2.137,2.599,0.0,0.0,0.0,0.0,1.789,1.789,0.0,1.25,0.0,0.0,0.0
T-Zelle,0.0,0.0,0.0,1.385,0.0,0.0,0.0,0.0,0.0,0.0,1.944,0.0,0.0,0.0,0.0,0.0,0.0,2.943,0.0,1.944,0.0,1.944,2.301,0.0,0.0,0.0,2.301,1.385,2.301,0.0,0.0,1.385,0.0,0.0,0.0,0.0,0.0,1.944,2.301,0.0,1.385,0.0,2.301,0.0,1.944,0.0,0.0,2.301,0.0,0.0,0.0,1.944,0.0,0.0,1.944,3.217,0.0,1.385,0.0,0.0,0.0,0.0,0.0,0.0,0.0,0.0,0.0,0.0,0.0,0.0,0.0,0.0,2.301,0.0,0.0,0.0,0.0,1.385,0.0,0.0,1.385,0.0,0.0,0.0,1.385,1.944,0.0,0.0,2.301,0.0,0.0,0.0,0.0,0.0,1.385,0.0,0.0,2.301,0.0,1.385,0.0,0.0,0.0,1.944,1.944,1.385,1.385,0.0,0.0,0.0,0.0,1.385,1.385,0.0,1.944,1.944,0.0,0.0,0.0,0.0,0.0,1.944,0.0,0.0,0.0,0.0,0.0,1.944,0.0,1.385,0.0,0.0,1.385,0.0,0.0,1.385,1.385,0.0,0.0,0.0,0.0,0.0,0.0,0.0,1.944,0.0,0.0,0.0,0.0,1.385,0.0,0.0,1.385,1.944,0.0,0.0,1.385,0.0,0.0,0.0,1.944,1.385,0.0,0.0,1.944,0.0,0.0,0.0,1.385,1.944,0.0,0.0,0.0,0.0,0.0,0.0,0.0,0.0,0.0,1.944,1.385,0.0,0.0,0.0,1.385,0.0,0.0,1.385,0.0,1.944,1.385,0.0,1.385,1.944,0.0,1.385,0.0,1.944,1.385,0.0,0.0,0.0,0.0,0.0,1.944,0.0,0.0,1.944,0.0,3.331,0.0,2.563,1.385,1.944,0.0,0.0,0.0,1.944,0.0,0.0,0.0,1.944,0.0,0.0,1.944,0.0,1.385,0.0,0.0,0.0,3.609,0.0,0.0,0.0,1.385,0.0,0.0,1.385,1.385,0.0,0.0,0.0,0.0,0.0,0.0,1.944,0.0,0.0,0.0,1.385,0.0,0.0,0.0,0.0,1.385,0.0,0.0,0.0,0.0,0.0,0.0,0.0,0.0,1.385,0.0,1.385,0.0,0.0,1.944,1.385,1.385,0.0,2.563,0.0,0.0,0.0,1.944,1.385,1.944,0.0,1.944,1.944,0.0,0.0,0.0,0.0,0.0,0.0,0.0,0.0,0.0,0.0,0.0,0.0,1.385,1.944,0.0,1.385,0.0,0.0,1.385,0.0,0.0,0.0,0.0,0.0,1.385,0.0,0.0,0.0,0.0,1.944,0.0,0.0,0.0,0.0,0.0,0.0,0.0,0.0,1.385,1.944,1.385,2.563,2.301,1.385,1.385,0.0,0.0,0.0,0.0,0.0,0.0,0.0,0.0,0.0,0.0,0.0,0.0,0.0,0.0,0.0,0.0,1.385,0.0,0.0,0.0,1.385,0.0,0.0,1.385,0.0,0.0,1.385,0.0,0.0,0.0,2.301,0.0,0.0,0.0,0.0,0.0,1.385,0.0,1.944,1.385,0.0,0.0,0.0,1.385,0.0,0.0,1.944,1.385,0.0,0.0,1.385,0.0,3.609,0.0,0.0,0.0,1.385,0.0,1.944,0.0,0.0,1.385,1.385,0.0,0.0,0.0,1.944,2.301,0.0,0.0,0.0,0.0,0.0,0.0,0.0,1.385,1.944,0.0,0.0,0.0,0.0,1.385,0.0,0.0,0.0,0.0,1.385,0.0,0.0,0.0,1.385,1.385,0.0,0.0,0.0,0.0,0.0,0.0,0.0,0.0,0.0,0.0,0.0,0.0,0.0,0.0,0.0,0.0,2.563,0.0,0.0,1.385,1.944,2.771,0.0,1.385,0.0,1.385,0.0,0.0,0.0,0.0,0.0,0.0,0.0,0.0,0.0,0.0,0.0,0.0,1.385,2.301,0.0,0.0,3.217,0.0,0.0,0.0,0.0,0.0,0.0,0.0,0.0,0.0,0.0,0.0,0.0,2.301,0.0,0.0,0.0,0.0,2.301,0.0,0.0,1.385,0.0,1.385,0.0,0.0,0.0,0.0,2.301,0.0,2.771,1.385,0.0,0.0,0.0,1.385,0.0,1.385,0.0,0.0,1.385,0.0,0.0,0.0,1.944,0.0,0.0,0.0,0.0,1.944,0.0,0.0,0.0,0.0,0.0,1.944,1.944,0.0,0.0,0.0,2.563,0.0,0.0,2.771,1.385,0.0,0.0,1.385,0.0,0.0,1.385,1.385,1.944,2.301,0.0,0.0,1.944,0.0,0.0,1.385,1.385,0.0,1.385,0.0,0.0,0.0,1.385,0.0,0.0,1.385,1.385,0.0,0.0,1.385,0.0,1.385,0.0,0.0,0.0,2.301,0.0,1.385,0.0,0.0,0.0,0.0,0.0,0.0,1.385,1.385,1.385,1.944,3.609,0.0,0.0,1.944,0.0,1.385,0.0,0.0,0.0,0.0,0.0,1.944,1.944,0.0,0.0,0.0,0.0,0.0,0.0,0.0,0.0,1.385,0.0,0.0,1.385,0.0,0.0,0.0,0.0,0.0,2.943,0.0,0.0,0.0,1.385,1.385,0.0,0.0,0.0,0.0,1.385,0.0,1.385,0.0,0.0,0.0,0.0,2.301,0.0,1.944,0.0,0.0,0.0,1.385,0.0,1.385,2.301,1.385,0.0,1.385,0.0,1.385,0.0,1.944,0.0,0.0,0.0,0.0,0.0,1.385,1.944,1.385,0.0,0.0,0.0,1.385,0.0,0.0,0.0,0.0,1.944,0.0,2.771,0.0,1.944,0.0,0.0,1.944,0.0,0.0,0.0,0.0,0.0,0.0,0.0,1.385,0.0,0.0,0.0,1.385,0.0,1.385,1.385,1.944,0.0,0.0,1.385,0.0,1.944,0.0,0.0,0.0,0.0,2.301,3.95,0.0,0.0,0.0,1.385,0.0,0.0,1.385,0.0,0.0,0.0,0.0,0.0,0.0,1.944,0.0,0.0,0.0,0.0,0.0,0.0,0.0,0.0,1.385,0.0,0.0,1.944,0.0,3.89,0.0,2.563,0.0,1.944,0.0,0.0,0.0,0.0,1.385,0.0,0.0,0.0,0.0,0.0,0.0,0.0,0.0,0.0,0.0,0.0,0.0,0.0,1.385,1.385,2.301,0.0,0.0,0.0,1.944,0.0,0.0,2.301,0.0,0.0,0.0,0.0,0.0,1.385,0.0,1.944,1.385,0.0,1.944,1.385,1.385,0.0,0.0,0.0,0.0
Dendritische Zelle,0.0,0.0,1.227,0.0,0.0,0.0,0.0,0.0,0.0,0.0,0.0,0.0,0.0,0.0,0.0,0.0,0.0,1.762,1.227,2.108,0.0,0.0,0.0,0.0,0.0,0.0,1.227,0.0,0.0,0.0,0.0,1.227,0.0,1.227,1.227,0.0,1.227,0.0,1.762,0.0,2.569,0.0,0.0,1.227,1.227,0.0,0.0,1.227,1.227,1.227,0.0,2.569,0.0,0.0,3.01,3.315,0.0,1.762,1.227,0.0,0.0,1.227,0.0,0.0,0.0,2.365,1.762,0.0,2.883,0.0,0.0,0.0,0.0,0.0,1.227,0.0,0.0,1.227,0.0,1.762,0.0,0.0,0.0,0.0,1.227,0.0,1.227,0.0,0.0,0.0,0.0,1.227,0.0,0.0,1.227,1.227,0.0,1.762,1.227,0.0,2.108,0.0,0.0,0.0,0.0,0.0,0.0,0.0,0.0,0.0,1.227,0.0,0.0,0.0,1.227,1.227,1.227,0.0,1.227,0.0,0.0,0.0,0.0,0.0,0.0,0.0,0.0,0.0,1.227,0.0,0.0,0.0,0.0,0.0,0.0,0.0,0.0,1.762,0.0,2.569,1.762,0.0,0.0,1.762,2.108,0.0,1.227,1.762,0.0,0.0,0.0,0.0,0.0,0.0,0.0,0.0,0.0,1.762,2.108,0.0,1.762,0.0,0.0,0.0,1.227,0.0,0.0,0.0,0.0,1.227,0.0,0.0,0.0,0.0,2.108,0.0,0.0,1.227,0.0,0.0,0.0,1.227,1.762,0.0,0.0,0.0,0.0,0.0,2.108,0.0,0.0,0.0,0.0,0.0,1.227,2.108,2.365,0.0,1.227,0.0,1.227,0.0,0.0,0.0,1.227,0.0,0.0,0.0,1.227,5.267,0.0,0.0,0.0,0.0,0.0,0.0,0.0,1.227,0.0,0.0,1.227,0.0,0.0,0.0,0.0,0.0,0.0,0.0,1.227,0.0,1.762,1.762,1.762,0.0,1.762,1.227,4.93,3.476,4.261,4.154,3.223,3.315,2.108,2.569,4.154,4.579,0.0,1.762,0.0,1.762,1.227,0.0,0.0,0.0,1.227,0.0,0.0,1.227,0.0,0.0,0.0,1.227,0.0,0.0,0.0,0.0,0.0,1.227,1.762,1.762,0.0,0.0,1.227,1.762,1.227,0.0,0.0,0.0,0.0,0.0,1.227,0.0,0.0,1.227,0.0,0.0,0.0,0.0,0.0,0.0,0.0,0.0,1.227,0.0,0.0,2.108,0.0,1.227,1.227,0.0,0.0,0.0,0.0,0.0,0.0,0.0,0.0,0.0,1.227,1.762,1.227,0.0,0.0,0.0,0.0,1.227,1.227,2.365,0.0,0.0,0.0,1.762,1.227,1.227,1.227,0.0,0.0,0.0,0.0,0.0,1.227,0.0,1.227,1.227,0.0,0.0,0.0,0.0,0.0,0.0,0.0,0.0,0.0,0.0,0.0,1.227,0.0,1.227,0.0,2.108,0.0,0.0,1.227,0.0,1.227,1.227,1.227,2.569,0.0,1.762,0.0,0.0,2.365,1.227,1.227,1.227,0.0,1.227,0.0,0.0,0.0,0.0,0.0,0.0,1.227,0.0,0.0,0.0,0.0,3.223,0.0,0.0,0.0,1.762,0.0,0.0,1.227,0.0,3.223,2.569,0.0,2.108,0.0,0.0,3.315,0.0,1.227,1.227,1.227,0.0,0.0,0.0,0.0,0.0,0.0,0.0,1.227,0.0,1.762,0.0,1.227,2.569,1.227,1.227,0.0,0.0,0.0,0.0,1.762,0.0,0.0,2.108,0.0,1.762,0.0,0.0,0.0,0.0,0.0,0.0,2.108,1.227,0.0,0.0,0.0,0.0,1.762,0.0,0.0,1.227,0.0,0.0,3.122,0.0,1.762,0.0,0.0,0.0,0.0,0.0,1.227,0.0,1.227,0.0,0.0,1.762,0.0,0.0,0.0,0.0,0.0,0.0,0.0,1.227,0.0,1.227,0.0,0.0,0.0,0.0,0.0,0.0,0.0,0.0,1.762,0.0,0.0,1.762,0.0,2.883,1.227,0.0,0.0,0.0,1.227,1.762,0.0,5.12,0.0,1.762,0.0,2.365,1.227,0.0,1.227,0.0,1.227,1.227,1.227,0.0,1.227,0.0,1.227,0.0,0.0,1.227,0.0,0.0,0.0,0.0,1.227,0.0,0.0,1.762,1.227,1.227,1.762,1.762,0.0,0.0,0.0,1.227,0.0,0.0,2.108,0.0,1.762,0.0,0.0,2.365,0.0,2.108,0.0,2.108,1.227,0.0,0.0,0.0,0.0,0.0,0.0,0.0,1.227,2.569,0.0,0.0,0.0,1.762,0.0,0.0,0.0,1.227,1.227,1.227,1.227,0.0,0.0,0.0,1.227,1.227,1.762,0.0,1.227,0.0,0.0,0.0,0.0,1.227,0.0,1.762,0.0,1.762,1.227,0.0,0.0,0.0,1.762,0.0,0.0,1.227,0.0,1.227,0.0,0.0,1.227,1.762,0.0,0.0,0.0,0.0,0.0,0.0,2.365,1.762,2.569,1.227,2.108,0.0,0.0,1.227,0.0,1.227,0.0,0.0,0.0,0.0,0.0,1.227,0.0,0.0,0.0,0.0,0.0,0.0,1.227,1.762,1.227,0.0,0.0,0.0,1.227,0.0,1.227,0.0,0.0,0.0,1.227,1.227,2.108,0.0,0.0,1.762,1.227,0.0,1.227,1.227,1.227,1.762,0.0,0.0,1.227,4.502,0.0,0.0,0.0,1.227,1.227,2.108,1.227,0.0,0.0,0.0,0.0,1.227,0.0,2.108,1.227,1.227,0.0,0.0,1.762,0.0,2.108,1.762,0.0,0.0,0.0,0.0,0.0,0.0,0.0,0.0,0.0,0.0,1.227,0.0,0.0,0.0,0.0,0.0,0.0,0.0,0.0,0.0,0.0,0.0,2.739,2.739,1.227,0.0,0.0,1.762,1.227,0.0,2.108,1.227,1.227,1.762,1.227,1.227,1.227,0.0,0.0,1.227,2.569,0.0,0.0,1.227,1.227,0.0,0.0,0.0,1.227,1.227,2.108,3.944,0.0,2.569,0.0,0.0,0.0,1.227,1.227,2.569,0.0,0.0,0.0,1.227,0.0,1.762,1.227,0.0,0.0,0.0,0.0,0.0,0.0,0.0,0.0,0.0,0.0,1.227,0.0,0.0,1.227,0.0,1.762,2.365,1.227,1.227,0.0,1.762,1.762,1.227,0.0,1.227,0.0,0.0,1.762,1.227,0.0,2.569,0.0,1.227,1.227
B-Zelle,0.0,0.0,0.0,1.263,0.0,2.616,0.0,0.0,0.0,0.0,0.0,0.0,0.0,0.0,0.0,0.0,0.0,3.058,0.0,1.804,0.0,0.0,0.0,0.0,1.804,1.804,0.0,1.263,2.411,0.0,0.0,2.153,0.0,1.804,1.263,0.0,0.0,0.0,1.804,0.0,0.0,0.0,0.0,0.0,1.263,0.0,0.0,1.804,0.0,0.0,0.0,1.263,0.0,0.0,0.0,1.263,0.0,0.0,0.0,0.0,0.0,0.0,1.263,0.0,0.0,0.0,2.153,0.0,1.263,1.804,0.0,0.0,0.0,1.263,0.0,0.0,0.0,1.804,0.0,1.263,0.0,0.0,0.0,0.0,1.263,0.0,1.263,0.0,0.0,0.0,0.0,0.0,1.263,0.0,1.804,0.0,0.0,1.263,0.0,2.153,1.804,1.804,0.0,0.0,0.0,0.0,0.0,0.0,0.0,0.0,1.263,0.0,0.0,0.0,0.0,0.0,1.263,0.0,0.0,0.0,0.0,0.0,0.0,0.0,0.0,0.0,0.0,0.0,2.153,0.0,0.0,0.0,0.0,0.0,0.0,0.0,1.263,1.804,1.804,2.153,0.0,2.931,0.0,0.0,2.153,0.0,1.804,0.0,0.0,0.0,2.931,0.0,0.0,0.0,1.263,0.0,0.0,0.0,2.616,0.0,1.263,1.263,0.0,0.0,1.263,0.0,0.0,0.0,0.0,0.0,0.0,0.0,0.0,0.0,0.0,0.0,0.0,0.0,3.994,1.804,0.0,0.0,0.0,0.0,0.0,0.0,0.0,1.263,3.058,0.0,0.0,0.0,0.0,0.0,0.0,2.616,2.153,0.0,0.0,1.804,1.804,1.263,0.0,0.0,1.263,0.0,3.994,1.263,0.0,3.597,2.411,2.616,0.0,0.0,3.058,0.0,1.804,0.0,0.0,0.0,1.263,0.0,0.0,0.0,0.0,0.0,0.0,0.0,2.411,0.0,1.804,0.0,0.0,0.0,3.058,0.0,1.804,2.153,2.411,0.0,0.0,1.263,0.0,1.804,1.804,2.616,1.263,2.153,1.804,2.616,0.0,0.0,1.804,0.0,1.804,0.0,0.0,0.0,0.0,0.0,0.0,0.0,1.263,0.0,0.0,0.0,0.0,0.0,1.804,0.0,0.0,1.263,1.804,0.0,0.0,0.0,0.0,0.0,1.263,1.263,2.616,0.0,0.0,1.263,0.0,0.0,0.0,0.0,0.0,0.0,0.0,0.0,0.0,0.0,1.263,0.0,0.0,0.0,0.0,1.804,0.0,0.0,0.0,0.0,0.0,0.0,0.0,1.263,1.263,1.804,0.0,1.263,0.0,0.0,1.263,1.804,0.0,0.0,0.0,0.0,0.0,1.804,0.0,0.0,2.153,2.153,0.0,0.0,0.0,0.0,1.804,0.0,3.364,0.0,0.0,0.0,1.263,0.0,0.0,0.0,1.263,0.0,1.263,1.804,0.0,1.263,2.411,0.0,0.0,0.0,0.0,0.0,0.0,1.804,0.0,0.0,0.0,0.0,1.263,0.0,0.0,1.804,0.0,1.263,0.0,0.0,1.263,0.0,0.0,0.0,0.0,0.0,0.0,0.0,0.0,0.0,1.263,0.0,0.0,1.804,0.0,1.263,2.153,0.0,0.0,0.0,1.804,1.263,2.411,1.263,0.0,0.0,0.0,0.0,2.616,1.263,0.0,2.616,0.0,0.0,1.263,0.0,0.0,0.0,1.263,0.0,1.263,1.263,0.0,0.0,0.0,0.0,0.0,0.0,1.263,0.0,1.263,1.804,2.153,1.263,0.0,0.0,1.263,0.0,0.0,0.0,0.0,0.0,1.263,0.0,0.0,1.804,0.0,0.0,0.0,0.0,0.0,0.0,0.0,0.0,2.153,1.263,2.786,1.263,1.804,1.263,0.0,0.0,3.058,0.0,1.263,0.0,1.804,1.804,0.0,0.0,0.0,0.0,0.0,0.0,1.263,1.804,0.0,0.0,0.0,0.0,0.0,0.0,0.0,0.0,0.0,1.263,0.0,0.0,2.153,1.263,3.665,3.058,1.263,1.804,0.0,2.411,1.263,1.263,1.804,0.0,0.0,0.0,0.0,1.263,0.0,0.0,0.0,0.0,1.263,0.0,1.263,0.0,2.153,0.0,2.153,0.0,0.0,0.0,0.0,0.0,1.804,0.0,0.0,0.0,0.0,1.804,0.0,0.0,1.804,0.0,2.931,1.804,1.804,0.0,0.0,0.0,0.0,0.0,3.058,0.0,1.263,0.0,0.0,0.0,0.0,1.804,0.0,1.804,2.411,0.0,0.0,0.0,3.994,0.0,0.0,2.411,1.804,1.263,0.0,0.0,0.0,1.263,0.0,0.0,1.263,4.165,0.0,1.804,0.0,0.0,0.0,1.804,1.804,1.263,3.787,0.0,1.263,0.0,0.0,3.171,1.263,0.0,0.0,0.0,0.0,0.0,2.616,0.0,0.0,0.0,0.0,2.411,0.0,1.263,0.0,0.0,1.804,0.0,1.263,0.0,1.804,0.0,0.0,0.0,2.616,0.0,0.0,0.0,2.786,0.0,1.804,0.0,2.153,0.0,1.804,0.0,0.0,0.0,0.0,0.0,0.0,0.0,0.0,0.0,0.0,0.0,0.0,0.0,0.0,1.263,1.263,0.0,0.0,0.0,1.804,0.0,0.0,0.0,0.0,0.0,0.0,1.263,0.0,1.263,0.0,0.0,0.0,0.0,0.0,0.0,0.0,0.0,1.263,0.0,0.0,0.0,0.0,0.0,1.263,1.263,1.263,1.263,1.263,0.0,0.0,1.263,0.0,3.058,2.153,0.0,1.804,0.0,0.0,0.0,0.0,1.263,1.263,0.0,0.0,1.263,2.616,0.0,0.0,0.0,0.0,0.0,0.0,0.0,2.931,2.153,0.0,0.0,0.0,2.616,0.0,0.0,0.0,0.0,0.0,1.263,2.153,0.0,1.263,1.263,0.0,1.263,1.263,0.0,0.0,1.804,2.153,0.0,0.0,0.0,2.786,1.804,0.0,0.0,0.0,0.0,0.0,0.0,0.0,3.597,2.931,1.263,0.0,0.0,0.0,3.364,0.0,1.263,0.0,1.263,0.0,0.0,0.0,0.0,0.0,0.0,0.0,0.0,0.0,1.804,2.153,0.0,0.0,0.0,0.0,1.263,6.489,0.0,1.804,2.616,2.153,0.0,0.0,0.0,0.0,0.0,0.0,0.0,0.0,0.0,1.263,0.0,1.804,0.0,0.0,1.804,0.0,1.263,0.0,1.804,1.263,0.0,0.0,0.0,0.0
Monozyt,2.878,0.0,0.0,0.0,0.0,0.0,0.0,1.471,1.471,0.0,0.0,0.0,0.0,0.0,0.0,0.0,0.0,1.471,1.471,0.0,0.0,0.0,0.0,0.0,0.0,0.0,1.471,1.471,2.404,1.471,0.0,2.043,0.0,1.471,0.0,0.0,0.0,1.471,2.878,0.0,1.471,0.0,0.0,0.0,1.471,0.0,0.0,0.0,1.471,3.72,0.0,1.471,2.669,2.669,3.543,4.117,0.0,0.0,0.0,1.471,0.0,0.0,1.471,0.0,1.471,0.0,1.471,0.0,4.117,1.471,3.938,0.0,0.0,0.0,0.0,0.0,0.0,0.0,0.0,1.471,1.471,0.0,0.0,0.0,0.0,0.0,0.0,0.0,0.0,0.0,0.0,1.471,1.471,0.0,0.0,1.471,0.0,0.0,0.0,0.0,1.471,1.471,0.0,0.0,0.0,0.0,0.0,0.0,1.471,0.0,0.0,2.043,1.471,0.0,0.0,0.0,1.471,0.0,1.471,0.0,0.0,0.0,0.0,0.0,0.0,1.471,0.0,0.0,0.0,0.0,1.471,0.0,0.0,0.0,0.0,0.0,1.471,0.0,0.0,1.471,1.471,0.0,0.0,0.0,1.471,0.0,0.0,0.0,0.0,0.0,1.471,0.0,0.0,1.471,0.0,1.471,0.0,0.0,1.471,0.0,1.471,2.404,0.0,0.0,1.471,0.0,0.0,0.0,0.0,0.0,0.0,0.0,0.0,0.0,0.0,0.0,0.0,1.471,0.0,1.471,0.0,0.0,0.0,0.0,2.043,0.0,2.043,0.0,0.0,0.0,1.471,0.0,0.0,0.0,0.0,2.404,0.0,0.0,0.0,0.0,0.0,2.404,0.0,0.0,0.0,0.0,0.0,0.0,1.471,3.44,0.0,2.043,0.0,2.043,2.043,0.0,1.471,1.471,0.0,0.0,0.0,0.0,0.0,0.0,0.0,0.0,0.0,0.0,1.471,0.0,1.471,4.117,4.002,0.0,1.471,2.669,3.44,2.404,2.878,1.471,0.0,0.0,0.0,0.0,3.635,3.198,0.0,1.471,0.0,0.0,0.0,0.0,2.043,1.471,1.471,0.0,0.0,0.0,0.0,0.0,2.043,0.0,0.0,0.0,0.0,0.0,0.0,0.0,0.0,0.0,0.0,0.0,2.043,2.043,0.0,0.0,1.471,0.0,0.0,0.0,1.471,0.0,1.471,0.0,0.0,0.0,0.0,0.0,0.0,0.0,0.0,0.0,0.0,2.404,0.0,1.471,0.0,1.471,2.878,0.0,0.0,0.0,0.0,0.0,0.0,0.0,0.0,2.043,0.0,0.0,2.043,2.878,2.669,1.471,0.0,0.0,0.0,2.043,0.0,0.0,0.0,0.0,0.0,0.0,0.0,0.0,0.0,0.0,0.0,1.471,0.0,0.0,0.0,0.0,0.0,0.0,0.0,0.0,0.0,0.0,0.0,0.0,0.0,0.0,0.0,2.043,2.669,1.471,1.471,2.878,0.0,0.0,0.0,0.0,0.0,2.043,0.0,0.0,2.043,1.471,0.0,0.0,0.0,2.043,0.0,0.0,0.0,0.0,2.043,0.0,0.0,1.471,0.0,0.0,2.404,0.0,0.0,0.0,0.0,3.198,0.0,0.0,0.0,0.0,0.0,0.0,2.043,0.0,2.043,0.0,0.0,1.471,3.198,0.0,2.404,1.471,1.471,0.0,1.471,0.0,0.0,0.0,0.0,0.0,0.0,0.0,0.0,0.0,2.878,0.0,2.043,1.471,0.0,0.0,2.043,0.0,0.0,0.0,0.0,0.0,0.0,0.0,0.0,0.0,0.0,0.0,0.0,0.0,2.404,0.0,2.043,0.0,0.0,0.0,0.0,0.0,1.471,0.0,2.878,0.0,0.0,0.0,1.471,2.043,0.0,1.471,0.0,1.471,0.0,0.0,0.0,0.0,0.0,0.0,0.0,0.0,0.0,0.0,0.0,0.0,0.0,1.471,0.0,0.0,0.0,0.0,0.0,0.0,0.0,0.0,0.0,0.0,0.0,0.0,1.471,0.0,0.0,1.471,0.0,2.669,0.0,0.0,0.0,1.471,1.471,0.0,0.0,2.404,0.0,2.404,0.0,2.669,0.0,1.471,0.0,1.471,1.471,2.404,2.404,0.0,0.0,0.0,1.471,0.0,0.0,1.471,0.0,0.0,0.0,0.0,0.0,0.0,0.0,0.0,0.0,1.471,2.043,2.404,0.0,0.0,0.0,2.404,0.0,0.0,1.471,0.0,2.043,0.0,0.0,2.043,0.0,2.669,0.0,0.0,0.0,0.0,0.0,2.043,0.0,0.0,0.0,0.0,0.0,1.471,0.0,0.0,0.0,1.471,0.0,0.0,2.669,0.0,0.0,1.471,1.471,0.0,1.471,0.0,2.043,0.0,2.669,0.0,0.0,0.0,0.0,1.471,0.0,0.0,0.0,1.471,2.043,1.471,0.0,0.0,0.0,0.0,1.471,0.0,0.0,1.471,0.0,0.0,0.0,1.471,0.0,2.043,0.0,0.0,0.0,0.0,1.471,2.043,0.0,0.0,2.043,1.471,2.043,0.0,0.0,0.0,0.0,1.471,0.0,0.0,0.0,0.0,0.0,0.0,0.0,0.0,0.0,0.0,1.471,0.0,0.0,0.0,0.0,0.0,0.0,1.471,0.0,2.043,0.0,0.0,0.0,0.0,1.471,0.0,0.0,0.0,0.0,1.471,0.0,0.0,0.0,0.0,0.0,2.404,0.0,0.0,0.0,3.327,0.0,0.0,0.0,2.043,1.471,0.0,1.471,0.0,0.0,1.471,0.0,2.043,0.0,3.198,2.043,0.0,0.0,3.798,0.0,0.0,2.878,0.0,0.0,0.0,0.0,0.0,0.0,1.471,0.0,0.0,0.0,0.0,0.0,0.0,0.0,3.051,0.0,0.0,0.0,0.0,0.0,0.0,0.0,0.0,0.0,3.635,0.0,0.0,1.471,2.043,1.471,0.0,0.0,0.0,0.0,0.0,1.471,1.471,2.043,1.471,0.0,0.0,4.061,0.0,0.0,0.0,0.0,0.0,0.0,0.0,0.0,2.043,1.471,5.359,0.0,2.878,0.0,0.0,1.471,0.0,1.471,0.0,0.0,0.0,0.0,0.0,0.0,0.0,1.471,0.0,0.0,0.0,0.0,0.0,1.471,0.0,2.043,0.0,0.0,1.471,0.0,0.0,1.471,0.0,0.0,0.0,0.0,0.0,0.0,2.878,2.043,0.0,0.0,2.043,0.0,0.0,2.043,0.0,1.471,2.878,0.0,0.0,1.471
T-Zelle,0.0,0.0,1.294,1.839,0.0,1.839,0.0,0.0,0.0,0.0,0.0,0.0,0.0,0.0,0.0,0.0,0.0,3.099,0.0,1.294,0.0,0.0,2.45,0.0,0.0,1.294,0.0,0.0,0.0,0.0,0.0,1.839,0.0,1.294,0.0,1.294,0.0,0.0,0.0,0.0,2.19,0.0,2.655,0.0,2.45,0.0,0.0,0.0,1.839,0.0,1.839,2.19,0.0,0.0,3.405,3.828,0.0,0.0,1.294,1.294,1.839,0.0,1.294,1.294,0.0,0.0,0.0,0.0,0.0,0.0,0.0,0.0,1.294,0.0,0.0,0.0,0.0,1.294,0.0,1.294,0.0,0.0,0.0,0.0,1.294,0.0,0.0,0.0,0.0,0.0,1.294,2.45,0.0,0.0,0.0,0.0,0.0,0.0,1.839,0.0,0.0,0.0,0.0,0.0,0.0,0.0,0.0,0.0,0.0,0.0,0.0,2.19,2.45,0.0,0.0,0.0,0.0,0.0,0.0,0.0,1.294,0.0,0.0,0.0,0.0,0.0,0.0,0.0,1.294,0.0,0.0,0.0,0.0,0.0,1.294,1.294,0.0,1.839,0.0,0.0,0.0,0.0,0.0,0.0,1.839,0.0,0.0,0.0,0.0,0.0,0.0,0.0,1.294,0.0,1.294,0.0,0.0,0.0,0.0,0.0,2.45,1.294,0.0,0.0,0.0,0.0,0.0,0.0,0.0,0.0,0.0,0.0,0.0,0.0,0.0,1.294,0.0,0.0,0.0,0.0,2.19,0.0,0.0,0.0,1.294,1.839,0.0,0.0,1.839,0.0,1.294,1.294,0.0,0.0,0.0,1.294,2.45,0.0,1.294,1.839,0.0,0.0,2.19,0.0,0.0,0.0,0.0,0.0,1.839,0.0,1.294,2.45,2.19,2.19,1.294,0.0,0.0,0.0,0.0,0.0,0.0,0.0,0.0,0.0,1.839,0.0,0.0,1.839,0.0,0.0,3.211,0.0,0.0,0.0,2.655,1.294,0.0,0.0,0.0,0.0,0.0,0.0,0.0,0.0,0.0,0.0,0.0,0.0,0.0,1.839,0.0,0.0,1.294,0.0,2.19,0.0,0.0,1.294,0.0,0.0,1.294,0.0,0.0,0.0,0.0,0.0,0.0,1.294,2.19,0.0,0.0,0.0,0.0,2.655,0.0,0.0,2.655,0.0,0.0,0.0,1.294,0.0,0.0,0.0,0.0,0.0,0.0,0.0,0.0,0.0,0.0,0.0,0.0,0.0,0.0,0.0,0.0,1.294,0.0,0.0,0.0,0.0,0.0,0.0,0.0,0.0,0.0,0.0,0.0,2.19,0.0,1.839,0.0,0.0,0.0,1.294,2.45,0.0,0.0,0.0,1.839,2.826,0.0,0.0,1.839,0.0,1.839,0.0,0.0,1.839,0.0,1.294,1.294,0.0,0.0,0.0,0.0,0.0,0.0,0.0,1.294,0.0,0.0,1.294,1.294,0.0,0.0,1.294,0.0,1.294,0.0,0.0,0.0,1.294,0.0,1.294,0.0,2.19,1.294,0.0,0.0,1.839,0.0,2.826,0.0,0.0,2.19,0.0,0.0,0.0,0.0,1.839,1.294,0.0,1.294,0.0,0.0,0.0,1.294,3.099,0.0,1.294,0.0,1.294,0.0,0.0,1.294,0.0,0.0,0.0,0.0,0.0,1.294,1.839,2.45,1.294,0.0,0.0,0.0,1.294,1.294,0.0,0.0,0.0,0.0,0.0,0.0,0.0,2.45,1.294,0.0,1.294,0.0,1.839,0.0,0.0,0.0,0.0,1.294,0.0,0.0,0.0,0.0,0.0,1.294,0.0,0.0,0.0,1.294,0.0,0.0,0.0,0.0,0.0,0.0,1.839,0.0,0.0,0.0,1.839,2.826,2.45,0.0,0.0,0.0,0.0,0.0,1.294,1.839,1.294,1.294,1.294,1.294,0.0,0.0,0.0,2.19,3.099,1.294,0.0,1.294,1.294,0.0,0.0,0.0,0.0,0.0,0.0,0.0,0.0,0.0,0.0,0.0,0.0,3.211,0.0,1.294,1.294,1.294,2.19,0.0,0.0,1.294,0.0,1.294,0.0,1.294,0.0,0.0,1.294,1.294,2.45,2.655,0.0,0.0,0.0,1.839,0.0,1.294,0.0,0.0,0.0,0.0,0.0,0.0,1.294,0.0,1.839,0.0,0.0,1.839,0.0,0.0,0.0,0.0,0.0,1.294,1.294,1.294,0.0,0.0,0.0,1.294,0.0,2.826,1.294,0.0,0.0,1.294,1.294,0.0,2.45,0.0,2.19,2.19,0.0,0.0,1.294,0.0,0.0,1.839,1.294,0.0,1.839,0.0,0.0,0.0,0.0,0.0,0.0,1.294,2.19,0.0,1.839,0.0,0.0,0.0,1.294,1.839,0.0,2.19,0.0,1.294,0.0,0.0,0.0,0.0,0.0,1.294,1.294,1.294,0.0,1.839,3.567,0.0,1.294,1.839,0.0,0.0,1.294,1.294,0.0,1.839,0.0,1.294,1.294,0.0,0.0,0.0,0.0,1.839,1.294,0.0,0.0,1.839,0.0,1.294,0.0,0.0,0.0,1.294,0.0,0.0,1.294,0.0,0.0,0.0,0.0,0.0,0.0,0.0,0.0,0.0,0.0,0.0,0.0,1.839,0.0,0.0,0.0,0.0,0.0,1.839,0.0,0.0,0.0,1.294,0.0,0.0,1.294,1.294,0.0,0.0,0.0,0.0,0.0,1.294,0.0,0.0,0.0,0.0,0.0,0.0,0.0,0.0,0.0,1.294,1.294,1.294,0.0,0.0,2.19,0.0,1.294,1.839,2.655,0.0,0.0,0.0,0.0,0.0,0.0,1.294,0.0,0.0,1.294,0.0,0.0,0.0,1.294,0.0,1.294,0.0,0.0,1.839,0.0,0.0,0.0,0.0,2.45,0.0,1.294,0.0,0.0,0.0,1.294,2.19,3.211,1.839,0.0,0.0,1.839,0.0,0.0,0.0,1.294,1.294,0.0,1.839,0.0,1.839,0.0,0.0,2.45,0.0,0.0,0.0,0.0,0.0,0.0,0.0,0.0,0.0,1.294,0.0,3.988,0.0,1.294,0.0,1.839,0.0,0.0,0.0,0.0,0.0,0.0,0.0,0.0,0.0,1.294,0.0,0.0,0.0,0.0,0.0,0.0,1.294,0.0,1.294,0.0,0.0,0.0,0.0,0.0,0.0,0.0,0.0,2.19,0.0,0.0,0.0,0.0,1.294,2.45,0.0,0.0,0.0,0.0,0.0,0.0,1.294,0.0,0.0,0.0,0.0
Monozyt,1.985,0.0,1.42,0.0,1.985,0.0,0.0,0.0,0.0,0.0,1.42,0.0,1.985,0.0,1.42,0.0,0.0,2.343,2.343,0.0,0.0,1.985,0.0,0.0,0.0,1.42,1.42,1.42,2.606,0.0,0.0,0.0,0.0,0.0,0.0,0.0,0.0,0.0,1.985,0.0,1.42,2.815,0.0,0.0,0.0,0.0,0.0,0.0,0.0,2.987,0.0,0.0,0.0,0.0,2.606,3.477,0.0,1.985,0.0,0.0,1.42,0.0,1.42,0.0,0.0,0.0,1.985,0.0,3.655,0.0,3.57,0.0,0.0,0.0,0.0,0.0,0.0,2.343,0.0,0.0,0.0,0.0,0.0,0.0,1.42,0.0,1.42,0.0,0.0,0.0,0.0,0.0,0.0,0.0,2.343,0.0,0.0,0.0,1.985,0.0,0.0,0.0,0.0,0.0,0.0,0.0,0.0,0.0,0.0,0.0,0.0,0.0,0.0,0.0,0.0,1.42,0.0,1.42,1.985,0.0,0.0,0.0,0.0,0.0,0.0,1.42,0.0,0.0,1.42,0.0,0.0,0.0,1.985,0.0,0.0,0.0,0.0,0.0,1.985,1.42,0.0,1.42,0.0,2.343,0.0,0.0,0.0,1.985,0.0,0.0,0.0,0.0,1.42,0.0,0.0,0.0,0.0,0.0,0.0,0.0,2.343,2.987,0.0,1.42,1.42,0.0,0.0,0.0,0.0,0.0,0.0,0.0,0.0,0.0,0.0,0.0,0.0,0.0,0.0,2.343,1.42,1.42,0.0,0.0,0.0,0.0,2.343,0.0,0.0,0.0,0.0,0.0,1.42,0.0,0.0,0.0,0.0,0.0,0.0,1.985,0.0,0.0,2.606,0.0,0.0,0.0,0.0,0.0,0.0,4.65,0.0,0.0,1.985,1.42,0.0,0.0,0.0,0.0,1.42,1.42,0.0,1.42,0.0,0.0,1.42,0.0,0.0,0.0,0.0,0.0,2.343,3.936,4.451,1.42,1.985,1.42,3.873,2.987,3.477,0.0,0.0,2.343,1.42,0.0,3.873,3.57,0.0,0.0,0.0,1.42,0.0,0.0,0.0,0.0,1.42,0.0,1.42,0.0,0.0,1.985,0.0,0.0,0.0,0.0,0.0,1.985,0.0,0.0,2.343,1.42,0.0,0.0,1.985,2.343,1.985,1.985,1.42,0.0,0.0,0.0,1.985,0.0,0.0,1.42,0.0,1.42,0.0,0.0,0.0,0.0,0.0,0.0,0.0,1.42,0.0,1.42,0.0,1.42,1.985,1.42,0.0,0.0,0.0,0.0,0.0,0.0,0.0,1.985,0.0,0.0,0.0,0.0,1.42,1.42,0.0,1.42,2.343,2.343,0.0,0.0,0.0,0.0,1.42,1.42,1.42,0.0,0.0,0.0,0.0,0.0,0.0,0.0,1.985,1.42,0.0,0.0,0.0,0.0,0.0,0.0,0.0,0.0,0.0,0.0,0.0,0.0,0.0,0.0,0.0,2.606,0.0,0.0,0.0,0.0,0.0,0.0,1.42,0.0,2.343,0.0,0.0,0.0,0.0,1.42,0.0,0.0,1.42,0.0,1.985,0.0,0.0,0.0,0.0,0.0,1.42,0.0,1.985,0.0,0.0,2.343,0.0,1.42,0.0,1.42,0.0,1.42,1.42,0.0,1.985,1.42,0.0,2.815,3.477,1.985,2.987,0.0,1.42,0.0,0.0,0.0,0.0,0.0,1.42,0.0,0.0,0.0,0.0,0.0,3.134,0.0,2.815,1.985,1.42,0.0,1.42,0.0,0.0,0.0,1.985,1.985,0.0,2.343,0.0,0.0,1.985,0.0,1.42,0.0,0.0,0.0,0.0,1.42,0.0,0.0,0.0,0.0,1.42,0.0,1.42,2.606,0.0,0.0,1.985,1.42,0.0,0.0,0.0,0.0,0.0,0.0,1.985,0.0,0.0,0.0,0.0,0.0,1.42,0.0,0.0,1.42,0.0,0.0,1.42,0.0,0.0,0.0,0.0,0.0,0.0,0.0,0.0,0.0,0.0,0.0,0.0,0.0,0.0,1.985,0.0,1.42,0.0,0.0,1.42,0.0,0.0,0.0,0.0,1.985,0.0,3.262,1.42,1.42,0.0,1.42,0.0,1.985,1.42,1.42,1.42,0.0,0.0,0.0,0.0,1.42,0.0,0.0,1.42,0.0,0.0,0.0,0.0,1.42,0.0,1.985,0.0,1.985,1.42,1.985,0.0,0.0,0.0,2.343,1.42,0.0,1.985,1.42,0.0,0.0,0.0,1.42,1.42,0.0,0.0,0.0,1.42,0.0,1.42,0.0,0.0,0.0,0.0,0.0,0.0,2.606,0.0,0.0,1.42,1.985,0.0,1.42,1.42,1.42,0.0,0.0,1.42,1.985,1.42,0.0,0.0,0.0,1.42,0.0,0.0,0.0,0.0,0.0,0.0,0.0,0.0,0.0,1.985,0.0,0.0,0.0,0.0,1.42,0.0,0.0,0.0,0.0,0.0,0.0,0.0,0.0,0.0,1.42,0.0,0.0,0.0,0.0,0.0,0.0,0.0,0.0,1.985,0.0,0.0,1.42,0.0,0.0,0.0,0.0,0.0,0.0,0.0,0.0,0.0,0.0,0.0,0.0,1.42,0.0,0.0,1.42,2.815,0.0,1.42,1.985,0.0,0.0,2.815,1.42,2.343,0.0,0.0,0.0,0.0,0.0,0.0,0.0,0.0,1.985,0.0,0.0,0.0,0.0,2.343,0.0,0.0,0.0,0.0,3.805,0.0,0.0,0.0,1.42,0.0,0.0,0.0,0.0,0.0,2.343,0.0,0.0,1.42,1.42,2.606,0.0,0.0,2.815,0.0,0.0,1.42,0.0,0.0,0.0,0.0,0.0,0.0,0.0,0.0,0.0,0.0,0.0,0.0,0.0,0.0,1.42,1.42,1.42,1.985,1.42,0.0,1.42,0.0,0.0,1.42,1.42,0.0,0.0,1.42,0.0,0.0,1.42,1.42,0.0,0.0,2.606,0.0,1.42,1.42,0.0,0.0,0.0,3.733,0.0,0.0,0.0,0.0,0.0,0.0,0.0,0.0,0.0,1.985,5.307,0.0,1.42,0.0,0.0,0.0,0.0,1.42,0.0,0.0,0.0,0.0,0.0,0.0,0.0,0.0,0.0,1.42,1.985,0.0,0.0,1.42,0.0,1.42,0.0,0.0,0.0,0.0,1.42,1.985,0.0,0.0,2.987,0.0,1.985,0.0,0.0,1.42,1.42,0.0,1.42,1.42,0.0,0.0,2.987,0.0,0.0,0.0,1.42,0.0
Monozyt,1.46,0.0,1.46,1.46,0.0,0.0,0.0,1.46,0.0,0.0,0.0,0.0,3.621,2.864,0.0,0.0,0.0,0.0,2.03,0.0,1.46,0.0,0.0,2.391,1.46,1.46,0.0,0.0,1.46,0.0,0.0,1.46,0.0,0.0,0.0,0.0,2.03,0.0,0.0,0.0,1.46,3.313,0.0,0.0,0.0,0.0,0.0,1.46,1.46,3.313,0.0,2.391,3.037,0.0,3.706,3.784,0.0,2.03,0.0,1.46,0.0,0.0,0.0,0.0,1.46,0.0,1.46,0.0,3.924,1.46,2.655,0.0,0.0,0.0,0.0,0.0,0.0,0.0,0.0,0.0,1.46,0.0,2.03,0.0,1.46,0.0,0.0,0.0,0.0,0.0,0.0,1.46,0.0,0.0,1.46,0.0,0.0,0.0,2.03,0.0,0.0,1.46,0.0,0.0,0.0,0.0,0.0,0.0,0.0,0.0,0.0,0.0,0.0,1.46,0.0,0.0,0.0,0.0,0.0,0.0,0.0,2.03,0.0,0.0,0.0,1.46,0.0,0.0,1.46,0.0,0.0,0.0,0.0,0.0,0.0,0.0,1.46,0.0,0.0,0.0,1.46,0.0,1.46,0.0,0.0,0.0,0.0,0.0,0.0,0.0,0.0,0.0,2.03,0.0,0.0,0.0,0.0,0.0,0.0,0.0,0.0,0.0,0.0,0.0,2.03,0.0,0.0,0.0,0.0,0.0,0.0,0.0,0.0,1.46,0.0,0.0,0.0,0.0,0.0,0.0,1.46,1.46,2.03,0.0,0.0,0.0,0.0,0.0,0.0,0.0,0.0,0.0,0.0,0.0,0.0,1.46,1.46,0.0,0.0,2.391,1.46,1.46,2.03,0.0,0.0,0.0,0.0,0.0,0.0,4.607,0.0,1.46,1.46,2.655,0.0,0.0,0.0,0.0,0.0,1.46,0.0,1.46,2.391,0.0,0.0,0.0,1.46,0.0,0.0,0.0,1.46,3.621,3.987,0.0,2.655,0.0,3.528,2.864,3.313,3.037,2.03,0.0,0.0,0.0,3.706,3.426,0.0,0.0,0.0,0.0,0.0,0.0,0.0,0.0,0.0,0.0,1.46,0.0,0.0,0.0,0.0,0.0,0.0,0.0,1.46,0.0,1.46,1.46,0.0,0.0,0.0,0.0,2.03,2.03,0.0,1.46,2.655,0.0,1.46,0.0,2.03,0.0,0.0,0.0,0.0,0.0,1.46,0.0,0.0,0.0,0.0,0.0,0.0,2.03,0.0,1.46,0.0,2.03,1.46,2.391,0.0,0.0,0.0,0.0,0.0,0.0,0.0,1.46,0.0,2.03,1.46,0.0,3.037,1.46,0.0,0.0,2.03,2.655,0.0,0.0,2.391,0.0,0.0,1.46,0.0,0.0,0.0,0.0,0.0,1.46,2.03,0.0,1.46,0.0,0.0,0.0,0.0,0.0,1.46,0.0,0.0,0.0,0.0,1.46,0.0,0.0,1.46,1.46,1.46,3.037,0.0,0.0,0.0,0.0,1.46,0.0,0.0,2.03,0.0,0.0,0.0,0.0,0.0,0.0,0.0,0.0,0.0,0.0,3.184,0.0,1.46,0.0,0.0,0.0,2.03,0.0,0.0,0.0,0.0,3.313,0.0,0.0,0.0,0.0,1.46,2.03,0.0,0.0,2.391,0.0,0.0,1.46,3.706,0.0,3.426,0.0,0.0,0.0,0.0,0.0,0.0,0.0,2.03,0.0,0.0,0.0,0.0,0.0,3.037,0.0,3.184,2.391,0.0,1.46,2.03,1.46,0.0,0.0,2.03,0.0,0.0,2.864,0.0,1.46,1.46,0.0,0.0,0.0,0.0,0.0,0.0,0.0,1.46,0.0,0.0,0.0,0.0,0.0,1.46,0.0,0.0,2.03,1.46,0.0,0.0,0.0,2.03,0.0,1.46,0.0,1.46,0.0,0.0,0.0,0.0,2.864,0.0,0.0,0.0,0.0,0.0,0.0,0.0,0.0,0.0,0.0,0.0,0.0,0.0,0.0,0.0,0.0,0.0,0.0,0.0,0.0,0.0,2.655,0.0,2.03,0.0,2.03,0.0,0.0,2.03,0.0,1.46,3.924,0.0,1.46,0.0,2.655,1.46,0.0,0.0,0.0,1.46,1.46,0.0,0.0,0.0,0.0,0.0,0.0,0.0,2.03,0.0,0.0,0.0,0.0,0.0,0.0,0.0,0.0,0.0,0.0,3.037,1.46,1.46,0.0,0.0,1.46,0.0,0.0,2.03,1.46,2.391,0.0,0.0,1.46,1.46,2.655,0.0,2.03,0.0,0.0,0.0,1.46,0.0,0.0,0.0,0.0,0.0,0.0,0.0,1.46,0.0,0.0,0.0,0.0,1.46,0.0,0.0,1.46,1.46,0.0,0.0,0.0,0.0,0.0,1.46,0.0,1.46,0.0,0.0,1.46,0.0,0.0,1.46,1.46,1.46,0.0,2.03,0.0,0.0,0.0,1.46,0.0,0.0,0.0,0.0,0.0,0.0,0.0,0.0,1.46,0.0,0.0,0.0,0.0,0.0,0.0,0.0,0.0,3.706,0.0,0.0,0.0,0.0,0.0,0.0,0.0,0.0,0.0,0.0,0.0,0.0,0.0,0.0,0.0,0.0,0.0,0.0,0.0,0.0,2.03,2.03,2.03,0.0,1.46,0.0,0.0,2.391,0.0,0.0,0.0,0.0,0.0,0.0,0.0,1.46,1.46,0.0,0.0,1.46,0.0,0.0,0.0,0.0,0.0,0.0,3.924,0.0,0.0,0.0,0.0,0.0,0.0,1.46,0.0,0.0,0.0,0.0,2.03,1.46,1.46,0.0,0.0,0.0,3.184,0.0,2.03,0.0,0.0,0.0,0.0,0.0,0.0,2.391,1.46,0.0,0.0,0.0,0.0,0.0,0.0,0.0,0.0,0.0,2.03,0.0,0.0,0.0,0.0,0.0,0.0,2.391,3.184,0.0,0.0,1.46,0.0,0.0,0.0,0.0,0.0,0.0,2.03,0.0,2.03,1.46,0.0,0.0,0.0,3.621,0.0,0.0,0.0,0.0,0.0,0.0,0.0,0.0,1.46,1.46,5.518,0.0,1.46,0.0,0.0,0.0,0.0,0.0,0.0,0.0,0.0,0.0,0.0,0.0,1.46,2.655,0.0,2.03,0.0,1.46,1.46,0.0,0.0,1.46,0.0,1.46,0.0,0.0,2.03,0.0,0.0,0.0,0.0,0.0,0.0,0.0,2.391,1.46,1.46,0.0,2.03,0.0,0.0,0.0,2.03,0.0,2.03,0.0,0.0,1.46
Dendritische Zelle,2.436,0.0,0.0,0.0,0.0,1.499,1.499,1.499,1.499,1.499,1.499,0.0,3.361,0.0,1.499,0.0,1.499,2.436,1.499,2.073,0.0,1.499,0.0,0.0,0.0,1.499,0.0,0.0,1.499,1.499,0.0,1.499,0.0,0.0,0.0,1.499,0.0,0.0,2.073,0.0,1.499,2.073,0.0,0.0,2.073,0.0,0.0,1.499,0.0,3.084,0.0,2.436,2.436,0.0,3.232,3.084,0.0,2.436,0.0,1.499,0.0,0.0,0.0,0.0,0.0,0.0,0.0,0.0,3.475,0.0,3.084,0.0,0.0,0.0,0.0,0.0,0.0,0.0,0.0,0.0,2.073,0.0,0.0,0.0,0.0,0.0,0.0,0.0,0.0,0.0,0.0,0.0,0.0,0.0,0.0,0.0,0.0,0.0,0.0,0.0,0.0,1.499,0.0,0.0,0.0,0.0,0.0,0.0,0.0,0.0,0.0,0.0,1.499,0.0,0.0,0.0,0.0,0.0,0.0,0.0,0.0,0.0,0.0,0.0,0.0,0.0,0.0,0.0,0.0,0.0,0.0,0.0,0.0,2.073,0.0,0.0,0.0,1.499,0.0,1.499,1.499,0.0,0.0,2.073,2.073,0.0,1.499,0.0,0.0,0.0,0.0,0.0,0.0,0.0,0.0,0.0,0.0,1.499,0.0,0.0,0.0,0.0,0.0,0.0,0.0,0.0,0.0,0.0,0.0,1.499,0.0,0.0,0.0,0.0,0.0,0.0,0.0,0.0,0.0,1.499,0.0,0.0,0.0,0.0,0.0,0.0,0.0,1.499,1.499,0.0,0.0,0.0,0.0,1.499,0.0,0.0,0.0,0.0,1.499,2.073,1.499,0.0,0.0,0.0,0.0,0.0,0.0,1.499,1.499,4.515,0.0,0.0,1.499,1.499,0.0,0.0,0.0,0.0,1.499,1.499,1.499,1.499,0.0,0.0,0.0,0.0,2.436,0.0,2.073,1.499,0.0,4.036,4.256,0.0,0.0,0.0,4.152,2.911,3.905,2.073,2.073,1.499,0.0,0.0,3.475,3.475,0.0,1.499,0.0,1.499,0.0,0.0,2.073,0.0,2.436,0.0,0.0,1.499,0.0,0.0,1.499,0.0,0.0,0.0,0.0,0.0,0.0,0.0,3.361,0.0,0.0,0.0,2.436,0.0,2.073,0.0,0.0,0.0,0.0,0.0,2.702,0.0,0.0,0.0,0.0,1.499,0.0,0.0,0.0,0.0,0.0,0.0,0.0,1.499,1.499,0.0,0.0,2.073,0.0,1.499,0.0,0.0,0.0,0.0,0.0,0.0,0.0,0.0,0.0,1.499,1.499,0.0,2.702,0.0,0.0,0.0,3.475,3.232,0.0,0.0,0.0,0.0,0.0,0.0,0.0,0.0,0.0,0.0,0.0,0.0,2.436,0.0,0.0,0.0,0.0,0.0,0.0,0.0,0.0,0.0,0.0,0.0,0.0,1.499,0.0,0.0,0.0,0.0,0.0,1.499,0.0,0.0,0.0,0.0,0.0,0.0,0.0,0.0,0.0,1.499,0.0,1.499,0.0,1.499,1.499,0.0,1.499,0.0,2.911,0.0,0.0,0.0,1.499,0.0,1.499,0.0,0.0,0.0,0.0,2.436,0.0,0.0,0.0,1.499,0.0,0.0,2.073,0.0,1.499,0.0,0.0,2.436,2.911,0.0,3.084,0.0,2.073,0.0,0.0,0.0,0.0,0.0,1.499,0.0,0.0,1.499,0.0,0.0,3.973,0.0,3.084,1.499,0.0,2.436,1.499,0.0,0.0,0.0,2.073,0.0,0.0,3.232,0.0,1.499,0.0,0.0,0.0,0.0,2.702,0.0,0.0,0.0,0.0,2.436,0.0,0.0,0.0,0.0,1.499,0.0,0.0,0.0,2.702,1.499,2.073,1.499,2.436,0.0,0.0,0.0,2.073,0.0,0.0,0.0,0.0,1.499,0.0,0.0,0.0,0.0,0.0,0.0,0.0,1.499,0.0,1.499,0.0,0.0,0.0,0.0,0.0,0.0,0.0,0.0,0.0,0.0,0.0,2.073,0.0,1.499,0.0,1.499,0.0,0.0,2.073,0.0,1.499,1.499,0.0,2.436,0.0,0.0,2.073,1.499,1.499,0.0,3.084,0.0,2.073,0.0,0.0,0.0,0.0,0.0,0.0,0.0,0.0,0.0,0.0,0.0,0.0,0.0,0.0,0.0,1.499,1.499,1.499,1.499,2.073,0.0,0.0,0.0,1.499,0.0,2.073,0.0,1.499,0.0,0.0,2.073,0.0,2.436,0.0,1.499,0.0,0.0,1.499,2.073,0.0,0.0,1.499,1.499,1.499,1.499,0.0,0.0,0.0,0.0,0.0,0.0,0.0,2.702,0.0,1.499,0.0,0.0,0.0,2.073,1.499,0.0,0.0,0.0,0.0,0.0,0.0,0.0,0.0,0.0,0.0,0.0,1.499,1.499,0.0,0.0,0.0,0.0,0.0,0.0,0.0,0.0,0.0,0.0,0.0,1.499,1.499,0.0,0.0,0.0,0.0,0.0,1.499,0.0,0.0,0.0,2.702,2.073,0.0,0.0,0.0,0.0,0.0,1.499,0.0,0.0,0.0,0.0,0.0,1.499,0.0,0.0,1.499,0.0,0.0,0.0,2.073,0.0,2.073,0.0,0.0,0.0,0.0,1.499,1.499,0.0,0.0,0.0,0.0,0.0,0.0,0.0,0.0,0.0,0.0,0.0,2.073,0.0,1.499,2.702,0.0,1.499,1.499,3.973,0.0,0.0,0.0,0.0,0.0,1.499,0.0,0.0,0.0,0.0,0.0,2.073,0.0,1.499,1.499,0.0,0.0,2.702,2.073,0.0,0.0,0.0,0.0,0.0,0.0,0.0,0.0,2.073,0.0,0.0,0.0,0.0,1.499,0.0,0.0,2.702,0.0,1.499,0.0,2.436,0.0,0.0,0.0,0.0,1.499,3.084,1.499,2.073,1.499,0.0,0.0,0.0,1.499,0.0,1.499,2.073,0.0,1.499,0.0,0.0,0.0,0.0,3.475,0.0,0.0,0.0,0.0,0.0,0.0,0.0,0.0,0.0,1.499,5.593,0.0,2.073,1.499,0.0,0.0,0.0,0.0,0.0,0.0,0.0,0.0,0.0,0.0,1.499,1.499,0.0,2.073,1.499,0.0,1.499,0.0,0.0,1.499,0.0,0.0,0.0,0.0,2.702,0.0,0.0,0.0,2.073,0.0,0.0,0.0,2.702,0.0,1.499,0.0,0.0,0.0,0.0,2.073,2.436,0.0,2.436,0.0,1.499,0.0
T-Zelle,0.0,0.0,0.0,1.793,0.0,0.0,0.0,0.0,0.0,0.0,1.254,0.0,0.0,0.0,1.254,0.0,0.0,3.352,0.0,0.0,0.0,1.254,1.793,0.0,0.0,0.0,1.254,1.254,2.142,0.0,1.793,1.793,0.0,0.0,1.254,0.0,0.0,2.142,1.254,0.0,1.254,0.0,1.793,0.0,1.793,0.0,0.0,1.254,0.0,1.254,0.0,0.0,0.0,0.0,0.0,3.436,0.0,0.0,1.254,0.0,1.793,0.0,1.793,0.0,0.0,0.0,1.793,0.0,0.0,1.793,0.0,0.0,2.605,0.0,0.0,0.0,0.0,1.793,0.0,0.0,1.254,0.0,0.0,0.0,1.793,1.254,0.0,0.0,0.0,0.0,0.0,1.793,1.254,0.0,2.142,1.254,0.0,0.0,0.0,0.0,0.0,0.0,1.254,0.0,0.0,0.0,0.0,0.0,1.793,0.0,0.0,2.605,0.0,0.0,0.0,0.0,0.0,1.254,1.254,1.793,1.254,1.793,0.0,0.0,0.0,0.0,0.0,1.254,2.142,1.254,0.0,0.0,0.0,0.0,0.0,0.0,0.0,0.0,1.254,0.0,2.4,1.254,0.0,0.0,0.0,1.254,1.254,0.0,0.0,0.0,0.0,0.0,0.0,0.0,1.793,0.0,0.0,0.0,0.0,0.0,0.0,1.254,1.254,0.0,1.254,0.0,0.0,0.0,1.254,0.0,0.0,0.0,1.254,0.0,0.0,0.0,0.0,0.0,0.0,1.254,0.0,1.793,0.0,0.0,1.254,0.0,1.254,1.793,1.793,0.0,2.605,0.0,0.0,0.0,1.254,0.0,0.0,0.0,0.0,0.0,1.793,0.0,2.142,0.0,0.0,0.0,0.0,1.254,1.793,1.254,0.0,2.92,1.254,1.793,0.0,0.0,0.0,0.0,0.0,0.0,0.0,0.0,0.0,0.0,1.254,0.0,1.793,0.0,0.0,0.0,4.365,0.0,0.0,0.0,2.605,0.0,0.0,0.0,0.0,0.0,0.0,0.0,0.0,0.0,0.0,0.0,0.0,1.793,0.0,1.793,1.793,0.0,1.254,0.0,1.793,1.254,0.0,0.0,0.0,0.0,1.254,0.0,0.0,0.0,0.0,0.0,0.0,0.0,1.254,1.254,0.0,0.0,2.605,1.254,0.0,0.0,1.254,0.0,0.0,0.0,2.605,0.0,0.0,1.254,0.0,1.793,0.0,0.0,0.0,1.254,0.0,0.0,0.0,0.0,1.254,0.0,0.0,2.4,0.0,0.0,0.0,0.0,1.254,0.0,0.0,0.0,0.0,1.793,0.0,3.046,1.254,1.254,0.0,0.0,0.0,0.0,1.793,0.0,0.0,0.0,0.0,0.0,0.0,1.793,2.142,0.0,2.605,1.254,0.0,0.0,0.0,1.254,1.793,0.0,0.0,0.0,0.0,0.0,1.254,0.0,0.0,0.0,1.254,2.142,0.0,0.0,1.254,1.254,0.0,1.254,0.0,1.254,0.0,0.0,0.0,0.0,0.0,0.0,0.0,1.793,0.0,0.0,0.0,1.793,0.0,1.793,0.0,0.0,0.0,0.0,1.254,0.0,0.0,0.0,1.254,1.254,0.0,0.0,0.0,1.793,0.0,0.0,1.254,0.0,0.0,0.0,1.793,0.0,2.4,2.142,0.0,2.142,0.0,0.0,3.046,0.0,0.0,0.0,0.0,0.0,0.0,0.0,1.793,0.0,0.0,0.0,0.0,1.793,2.142,1.793,0.0,0.0,0.0,0.0,0.0,0.0,0.0,1.254,0.0,0.0,0.0,0.0,0.0,0.0,0.0,0.0,0.0,0.0,0.0,0.0,1.254,1.254,0.0,0.0,0.0,0.0,0.0,1.254,1.793,1.793,3.352,2.4,1.254,0.0,0.0,1.254,0.0,0.0,1.793,0.0,1.793,0.0,0.0,0.0,0.0,0.0,2.605,3.26,1.254,0.0,1.254,2.142,0.0,0.0,0.0,0.0,0.0,1.254,0.0,0.0,0.0,0.0,1.254,0.0,2.92,0.0,0.0,1.254,0.0,2.605,0.0,1.254,1.254,1.254,2.142,0.0,1.793,0.0,0.0,1.254,0.0,1.793,1.793,0.0,1.793,1.254,2.4,0.0,1.254,0.0,1.254,0.0,0.0,0.0,0.0,1.254,0.0,0.0,1.793,0.0,0.0,0.0,0.0,0.0,0.0,0.0,2.4,1.254,0.0,0.0,0.0,0.0,0.0,0.0,3.26,0.0,0.0,0.0,0.0,1.254,2.4,1.254,0.0,2.605,2.605,1.254,0.0,0.0,0.0,0.0,0.0,0.0,1.793,2.605,1.793,0.0,0.0,0.0,0.0,0.0,0.0,0.0,0.0,2.142,2.142,1.254,0.0,0.0,0.0,1.254,2.142,0.0,0.0,0.0,0.0,0.0,0.0,0.0,0.0,1.793,0.0,0.0,0.0,4.396,1.254,0.0,1.254,0.0,0.0,0.0,2.774,0.0,0.0,0.0,0.0,0.0,0.0,0.0,0.0,0.0,1.793,1.254,0.0,0.0,2.605,1.254,1.793,0.0,0.0,0.0,0.0,0.0,0.0,0.0,0.0,0.0,1.254,2.142,1.254,0.0,0.0,0.0,0.0,0.0,0.0,0.0,0.0,0.0,1.254,1.793,2.142,0.0,1.793,0.0,0.0,0.0,0.0,2.774,0.0,0.0,0.0,1.254,0.0,0.0,0.0,0.0,1.254,0.0,2.142,0.0,0.0,0.0,0.0,0.0,0.0,1.254,0.0,0.0,1.254,0.0,0.0,2.605,0.0,2.4,2.142,1.793,1.254,0.0,0.0,0.0,1.793,1.254,1.793,0.0,1.793,0.0,0.0,0.0,2.605,1.254,0.0,0.0,0.0,0.0,1.254,1.254,0.0,0.0,0.0,2.4,0.0,1.793,0.0,0.0,0.0,1.254,3.046,1.793,0.0,0.0,0.0,1.254,0.0,0.0,1.254,0.0,0.0,0.0,0.0,0.0,1.793,1.254,1.254,0.0,0.0,1.254,0.0,0.0,0.0,0.0,1.254,0.0,1.254,0.0,1.254,2.142,0.0,2.4,1.254,3.775,0.0,0.0,0.0,0.0,0.0,0.0,0.0,0.0,0.0,1.254,0.0,0.0,0.0,1.254,0.0,0.0,0.0,0.0,0.0,0.0,0.0,0.0,0.0,0.0,0.0,0.0,0.0,2.605,1.254,1.793,0.0,0.0,2.142,1.793,0.0,1.254,0.0,0.0,1.793,1.254,0.0,0.0,0.0,0.0,0.0
Dendritische Zelle,1.886,0.0,1.334,1.334,0.0,2.239,0.0,1.334,2.239,0.0,0.0,0.0,0.0,0.0,0.0,0.0,0.0,1.886,2.707,1.886,0.0,0.0,1.334,0.0,0.0,1.334,1.886,0.0,0.0,0.0,0.0,1.334,0.0,0.0,0.0,1.334,0.0,0.0,2.5,0.0,1.334,1.886,1.334,0.0,0.0,0.0,0.0,1.334,0.0,3.458,0.0,2.707,0.0,0.0,3.264,3.542,0.0,0.0,0.0,0.0,0.0,1.334,2.239,0.0,0.0,0.0,0.0,0.0,3.151,1.886,2.5,0.0,1.334,0.0,1.334,0.0,0.0,1.334,0.0,1.334,1.334,0.0,0.0,0.0,0.0,0.0,0.0,0.0,1.334,0.0,0.0,2.239,0.0,0.0,1.334,0.0,0.0,2.5,1.334,0.0,0.0,1.886,3.938,0.0,1.334,0.0,0.0,0.0,1.334,0.0,0.0,1.334,0.0,0.0,0.0,0.0,2.239,1.334,1.334,1.334,0.0,1.886,0.0,0.0,0.0,1.334,0.0,0.0,0.0,1.886,0.0,0.0,1.334,0.0,0.0,0.0,0.0,1.334,0.0,1.334,1.334,0.0,1.886,1.886,2.239,0.0,0.0,0.0,0.0,1.334,0.0,0.0,0.0,0.0,0.0,0.0,0.0,0.0,0.0,0.0,1.334,1.886,0.0,0.0,0.0,0.0,0.0,0.0,0.0,0.0,0.0,1.334,0.0,1.334,0.0,0.0,0.0,0.0,0.0,1.334,1.334,2.707,0.0,0.0,0.0,0.0,1.334,1.334,1.334,0.0,1.334,0.0,0.0,1.886,1.886,1.886,0.0,0.0,0.0,0.0,0.0,1.334,1.334,0.0,1.334,0.0,0.0,0.0,0.0,4.179,0.0,2.5,2.239,1.886,1.334,0.0,0.0,0.0,0.0,1.334,0.0,0.0,0.0,0.0,0.0,0.0,0.0,0.0,0.0,0.0,0.0,3.823,3.938,0.0,2.878,0.0,3.62,2.707,3.76,2.5,0.0,1.886,1.334,2.5,3.366,3.542,0.0,0.0,1.334,0.0,0.0,0.0,1.334,0.0,1.334,0.0,1.334,1.334,0.0,2.239,0.0,0.0,0.0,0.0,0.0,0.0,0.0,1.334,2.5,0.0,0.0,0.0,1.334,1.334,0.0,0.0,1.334,0.0,0.0,0.0,2.707,0.0,0.0,0.0,0.0,0.0,0.0,0.0,0.0,0.0,0.0,0.0,0.0,0.0,0.0,0.0,0.0,2.5,2.707,1.334,0.0,0.0,0.0,0.0,0.0,0.0,0.0,1.886,0.0,2.707,1.334,2.239,1.334,0.0,0.0,1.334,2.5,2.5,1.334,0.0,1.334,0.0,0.0,0.0,0.0,0.0,0.0,0.0,0.0,0.0,1.886,0.0,1.334,0.0,0.0,0.0,0.0,0.0,0.0,0.0,0.0,1.334,0.0,0.0,0.0,1.334,0.0,0.0,0.0,0.0,0.0,0.0,0.0,0.0,0.0,0.0,0.0,0.0,1.334,0.0,0.0,1.334,1.334,0.0,0.0,0.0,0.0,0.0,0.0,0.0,0.0,0.0,1.334,0.0,1.334,0.0,0.0,0.0,0.0,2.878,0.0,0.0,0.0,0.0,0.0,0.0,1.334,0.0,1.334,0.0,0.0,2.239,3.823,1.334,3.823,1.334,1.886,0.0,0.0,0.0,0.0,0.0,1.334,0.0,0.0,1.334,0.0,0.0,3.151,0.0,3.151,1.886,1.886,0.0,0.0,0.0,0.0,0.0,1.334,0.0,0.0,2.239,0.0,0.0,1.334,0.0,0.0,0.0,1.334,0.0,0.0,0.0,0.0,1.334,0.0,2.239,0.0,0.0,1.886,1.334,0.0,0.0,2.707,0.0,0.0,0.0,1.334,0.0,1.334,0.0,1.886,1.334,0.0,0.0,0.0,0.0,1.886,1.886,0.0,0.0,0.0,0.0,0.0,1.334,0.0,0.0,0.0,0.0,0.0,0.0,0.0,0.0,1.334,0.0,0.0,0.0,0.0,0.0,0.0,2.239,0.0,0.0,0.0,1.334,0.0,0.0,0.0,2.5,0.0,1.886,0.0,2.707,0.0,0.0,0.0,0.0,1.886,2.5,1.886,1.334,1.886,0.0,0.0,0.0,0.0,1.886,0.0,0.0,0.0,0.0,0.0,0.0,0.0,1.334,1.334,0.0,1.886,1.886,0.0,1.334,1.334,1.334,0.0,0.0,2.5,1.334,1.334,0.0,0.0,1.886,0.0,1.886,0.0,1.886,0.0,0.0,0.0,2.239,0.0,0.0,0.0,1.334,0.0,1.886,0.0,0.0,0.0,0.0,0.0,0.0,0.0,0.0,0.0,0.0,1.334,0.0,0.0,0.0,0.0,0.0,0.0,0.0,0.0,0.0,0.0,0.0,0.0,0.0,0.0,0.0,0.0,1.334,0.0,3.151,0.0,0.0,0.0,0.0,1.886,0.0,0.0,0.0,0.0,0.0,1.334,1.334,0.0,1.886,0.0,0.0,2.239,1.886,0.0,1.886,0.0,0.0,0.0,1.334,0.0,0.0,0.0,0.0,0.0,3.458,0.0,0.0,0.0,0.0,0.0,0.0,1.334,0.0,0.0,1.886,1.886,0.0,0.0,1.334,1.886,0.0,2.239,0.0,1.886,0.0,0.0,0.0,1.334,0.0,0.0,1.334,0.0,0.0,0.0,0.0,0.0,0.0,1.334,1.886,0.0,0.0,0.0,3.991,1.334,0.0,0.0,0.0,1.886,1.334,2.239,0.0,0.0,1.334,0.0,2.5,1.334,1.886,1.334,0.0,0.0,1.334,0.0,1.334,2.5,1.886,0.0,1.334,0.0,0.0,0.0,0.0,0.0,0.0,0.0,0.0,2.707,0.0,0.0,1.334,1.886,1.334,0.0,1.886,1.886,0.0,1.334,1.334,1.334,2.5,0.0,0.0,1.886,0.0,0.0,0.0,0.0,0.0,0.0,0.0,0.0,1.334,1.886,1.886,0.0,1.886,3.458,0.0,0.0,0.0,0.0,0.0,0.0,0.0,0.0,1.886,1.886,5.267,1.334,2.5,0.0,0.0,0.0,0.0,1.334,1.334,3.366,0.0,0.0,0.0,0.0,0.0,1.334,1.334,0.0,0.0,0.0,0.0,0.0,0.0,0.0,0.0,1.334,0.0,0.0,1.334,1.334,0.0,0.0,0.0,0.0,0.0,0.0,2.5,0.0,2.239,0.0,1.886,0.0,0.0,1.334,1.886,0.0,0.0,0.0,1.886,0.0
T-Zelle,0.0,0.0,0.0,2.067,0.0,0.0,0.0,0.0,0.0,0.0,2.067,0.0,0.0,0.0,0.0,0.0,0.0,3.826,0.0,0.0,0.0,1.493,1.493,0.0,0.0,0.0,1.493,2.43,0.0,0.0,1.493,0.0,0.0,0.0,0.0,0.0,1.493,2.695,0.0,1.493,0.0,1.493,0.0,0.0,2.43,0.0,1.493,2.067,0.0,1.493,0.0,2.067,1.493,0.0,3.078,2.067,0.0,0.0,1.493,0.0,2.067,0.0,1.493,0.0,0.0,0.0,2.067,0.0,0.0,0.0,0.0,0.0,2.067,0.0,0.0,0.0,0.0,0.0,0.0,1.493,1.493,1.493,0.0,0.0,2.695,0.0,0.0,0.0,0.0,0.0,1.493,2.43,0.0,0.0,1.493,2.067,0.0,0.0,0.0,0.0,0.0,1.493,0.0,0.0,0.0,1.493,0.0,0.0,0.0,0.0,0.0,3.354,1.493,0.0,0.0,0.0,0.0,1.493,2.905,1.493,0.0,0.0,0.0,0.0,0.0,0.0,0.0,0.0,1.493,1.493,0.0,0.0,0.0,0.0,0.0,0.0,0.0,0.0,0.0,0.0,0.0,0.0,0.0,0.0,1.493,0.0,0.0,1.493,0.0,0.0,0.0,0.0,0.0,0.0,2.067,1.493,0.0,0.0,0.0,0.0,0.0,2.067,0.0,0.0,0.0,0.0,0.0,0.0,1.493,1.493,0.0,0.0,0.0,0.0,0.0,0.0,0.0,0.0,0.0,0.0,0.0,2.695,0.0,0.0,2.43,0.0,0.0,1.493,0.0,0.0,2.067,0.0,0.0,0.0,0.0,1.493,1.493,0.0,0.0,0.0,0.0,0.0,0.0,0.0,0.0,0.0,0.0,0.0,1.493,2.43,0.0,1.493,0.0,2.067,0.0,0.0,1.493,0.0,0.0,1.493,0.0,0.0,0.0,0.0,1.493,0.0,0.0,0.0,0.0,0.0,4.343,0.0,0.0,0.0,2.067,0.0,0.0,0.0,0.0,0.0,0.0,0.0,0.0,0.0,0.0,0.0,0.0,0.0,0.0,2.695,1.493,1.493,0.0,1.493,0.0,0.0,0.0,1.493,0.0,1.493,0.0,0.0,0.0,0.0,0.0,0.0,2.067,0.0,2.43,0.0,0.0,0.0,1.493,1.493,0.0,0.0,0.0,0.0,0.0,0.0,2.695,0.0,0.0,0.0,0.0,0.0,0.0,0.0,0.0,2.43,0.0,0.0,0.0,0.0,0.0,1.493,0.0,2.43,0.0,1.493,0.0,0.0,0.0,0.0,0.0,0.0,0.0,1.493,0.0,2.43,0.0,2.067,0.0,0.0,0.0,2.43,0.0,0.0,0.0,0.0,0.0,0.0,0.0,1.493,1.493,0.0,2.067,0.0,0.0,0.0,1.493,0.0,0.0,0.0,0.0,0.0,0.0,0.0,0.0,0.0,0.0,2.067,0.0,2.067,0.0,2.43,0.0,0.0,0.0,0.0,0.0,0.0,0.0,0.0,1.493,0.0,0.0,2.067,0.0,0.0,0.0,1.493,1.493,2.905,0.0,0.0,0.0,0.0,0.0,0.0,0.0,0.0,0.0,0.0,2.43,1.493,0.0,0.0,0.0,2.43,0.0,0.0,1.493,0.0,0.0,0.0,1.493,0.0,2.067,1.493,0.0,2.695,0.0,0.0,3.078,1.493,0.0,0.0,1.493,0.0,0.0,0.0,2.067,0.0,0.0,0.0,0.0,1.493,0.0,2.067,0.0,0.0,0.0,1.493,0.0,0.0,0.0,1.493,0.0,0.0,0.0,0.0,0.0,0.0,0.0,0.0,0.0,0.0,0.0,0.0,0.0,0.0,2.067,2.067,0.0,1.493,0.0,0.0,2.695,1.493,3.663,1.493,0.0,0.0,1.493,0.0,1.493,0.0,0.0,0.0,0.0,0.0,1.493,0.0,0.0,1.493,1.493,2.695,1.493,0.0,0.0,2.905,0.0,1.493,0.0,0.0,0.0,0.0,0.0,0.0,0.0,0.0,0.0,0.0,2.695,0.0,0.0,0.0,0.0,0.0,0.0,0.0,0.0,1.493,0.0,0.0,2.067,0.0,0.0,2.43,0.0,2.905,0.0,0.0,0.0,0.0,1.493,0.0,0.0,0.0,0.0,0.0,0.0,0.0,0.0,1.493,0.0,0.0,0.0,0.0,0.0,1.493,0.0,0.0,1.493,0.0,0.0,1.493,0.0,0.0,0.0,0.0,0.0,0.0,1.493,1.493,0.0,0.0,0.0,0.0,0.0,1.493,0.0,2.43,2.067,0.0,0.0,1.493,0.0,0.0,0.0,0.0,1.493,0.0,0.0,0.0,0.0,1.493,0.0,0.0,0.0,0.0,1.493,0.0,0.0,1.493,0.0,0.0,0.0,1.493,1.493,0.0,0.0,0.0,0.0,0.0,0.0,0.0,0.0,0.0,0.0,1.493,1.493,2.067,0.0,0.0,2.067,0.0,0.0,0.0,2.067,0.0,0.0,0.0,0.0,1.493,0.0,0.0,0.0,0.0,0.0,0.0,0.0,2.43,0.0,0.0,1.493,1.493,0.0,0.0,0.0,0.0,1.493,1.493,0.0,0.0,0.0,0.0,1.493,0.0,0.0,0.0,1.493,0.0,0.0,0.0,0.0,0.0,1.493,2.067,2.067,0.0,1.493,0.0,0.0,0.0,0.0,1.493,0.0,0.0,0.0,0.0,0.0,0.0,0.0,0.0,0.0,0.0,0.0,0.0,0.0,0.0,0.0,0.0,0.0,0.0,1.493,0.0,1.493,1.493,0.0,1.493,0.0,2.43,0.0,2.067,1.493,0.0,0.0,0.0,0.0,0.0,0.0,0.0,0.0,0.0,0.0,0.0,3.078,0.0,0.0,0.0,0.0,0.0,1.493,0.0,2.695,1.493,0.0,1.493,0.0,0.0,0.0,0.0,0.0,0.0,3.078,2.905,2.067,1.493,1.493,0.0,0.0,1.493,0.0,0.0,0.0,0.0,1.493,0.0,2.067,2.067,1.493,2.695,0.0,0.0,1.493,0.0,0.0,0.0,1.493,0.0,0.0,2.067,0.0,3.57,0.0,2.43,0.0,4.145,0.0,0.0,0.0,0.0,0.0,0.0,0.0,0.0,0.0,1.493,0.0,0.0,0.0,0.0,0.0,0.0,0.0,0.0,1.493,0.0,0.0,0.0,2.067,0.0,0.0,0.0,0.0,0.0,1.493,0.0,0.0,0.0,1.493,2.067,0.0,0.0,2.067,1.493,1.493,1.493,0.0,0.0,0.0,0.0,0.0
Monozyt,0.0,0.0,0.0,1.409,0.0,0.0,0.0,1.409,0.0,0.0,1.409,0.0,0.0,0.0,0.0,0.0,0.0,0.0,0.0,1.409,0.0,1.409,0.0,1.409,0.0,0.0,0.0,0.0,1.409,1.409,0.0,1.409,0.0,0.0,0.0,0.0,0.0,0.0,2.33,0.0,1.409,1.972,1.409,0.0,1.409,0.0,0.0,0.0,0.0,3.555,1.409,1.409,0.0,0.0,3.248,3.858,0.0,0.0,1.972,0.0,0.0,0.0,1.409,0.0,1.409,0.0,1.409,0.0,3.12,1.409,2.801,0.0,1.409,1.409,0.0,0.0,0.0,0.0,0.0,0.0,0.0,0.0,1.409,0.0,2.33,0.0,0.0,0.0,1.409,0.0,0.0,0.0,0.0,0.0,0.0,0.0,0.0,0.0,0.0,0.0,0.0,0.0,0.0,0.0,0.0,0.0,0.0,0.0,0.0,0.0,0.0,0.0,0.0,1.409,0.0,1.409,1.972,0.0,0.0,0.0,0.0,1.409,0.0,0.0,0.0,1.409,0.0,0.0,0.0,0.0,0.0,0.0,0.0,1.409,0.0,0.0,0.0,0.0,1.409,1.409,1.409,0.0,0.0,1.972,1.972,0.0,0.0,0.0,0.0,0.0,0.0,0.0,1.409,0.0,1.409,0.0,0.0,0.0,0.0,0.0,1.409,2.33,0.0,0.0,0.0,0.0,0.0,0.0,0.0,0.0,0.0,0.0,0.0,0.0,0.0,0.0,0.0,0.0,0.0,1.972,0.0,1.409,0.0,0.0,0.0,0.0,0.0,0.0,1.409,0.0,0.0,0.0,0.0,0.0,0.0,2.33,0.0,0.0,0.0,1.409,0.0,1.972,1.409,0.0,1.409,0.0,0.0,2.33,1.409,4.188,1.409,2.33,1.972,1.409,0.0,0.0,0.0,0.0,0.0,0.0,0.0,1.409,0.0,0.0,1.409,0.0,0.0,0.0,0.0,0.0,3.12,3.463,3.463,0.0,2.593,1.409,3.12,0.0,2.33,1.972,1.409,1.409,0.0,0.0,2.593,2.973,0.0,0.0,0.0,1.972,1.409,0.0,1.972,0.0,0.0,0.0,0.0,0.0,0.0,1.972,0.0,0.0,0.0,0.0,0.0,0.0,0.0,0.0,2.33,1.409,1.409,1.972,1.409,0.0,1.972,0.0,0.0,0.0,0.0,0.0,0.0,1.409,0.0,0.0,0.0,0.0,0.0,0.0,0.0,0.0,0.0,0.0,0.0,1.409,0.0,0.0,0.0,1.972,2.33,0.0,0.0,0.0,0.0,0.0,0.0,1.409,0.0,1.409,0.0,1.409,0.0,2.593,1.972,0.0,0.0,1.409,2.801,2.33,1.409,0.0,1.409,0.0,1.972,1.972,0.0,0.0,0.0,0.0,0.0,0.0,0.0,0.0,1.409,0.0,0.0,0.0,0.0,0.0,0.0,0.0,0.0,0.0,0.0,1.409,0.0,1.409,2.33,0.0,1.972,2.593,0.0,1.409,0.0,0.0,0.0,1.972,0.0,0.0,1.409,1.972,0.0,1.409,1.409,2.593,0.0,0.0,1.409,0.0,2.593,0.0,0.0,0.0,0.0,0.0,1.409,0.0,0.0,0.0,0.0,3.248,0.0,0.0,0.0,0.0,0.0,0.0,0.0,0.0,2.33,1.409,0.0,3.12,3.12,0.0,2.801,1.409,1.409,0.0,0.0,0.0,0.0,0.0,0.0,0.0,0.0,1.409,0.0,0.0,2.33,0.0,2.801,2.593,1.409,0.0,1.409,0.0,0.0,0.0,1.972,0.0,0.0,1.972,0.0,0.0,0.0,0.0,0.0,0.0,0.0,1.409,1.409,0.0,0.0,1.409,0.0,0.0,0.0,0.0,1.409,1.409,0.0,0.0,0.0,1.409,1.409,0.0,0.0,0.0,0.0,0.0,0.0,0.0,0.0,0.0,0.0,0.0,1.972,2.801,0.0,0.0,0.0,1.972,1.409,1.409,0.0,1.409,0.0,0.0,0.0,0.0,0.0,0.0,1.409,1.409,1.972,0.0,0.0,2.33,1.972,1.972,0.0,0.0,0.0,0.0,0.0,0.0,0.0,1.972,0.0,1.409,0.0,2.593,0.0,0.0,0.0,0.0,1.409,1.972,1.972,0.0,0.0,0.0,0.0,0.0,0.0,0.0,0.0,0.0,0.0,0.0,0.0,0.0,0.0,0.0,0.0,1.409,1.972,1.409,1.409,0.0,0.0,0.0,0.0,0.0,2.593,1.409,0.0,0.0,0.0,0.0,2.33,0.0,1.409,1.972,1.409,0.0,0.0,1.972,0.0,0.0,0.0,0.0,1.409,1.409,0.0,0.0,0.0,1.972,0.0,1.409,1.409,0.0,0.0,1.972,0.0,1.409,0.0,0.0,1.409,1.409,0.0,0.0,1.409,0.0,0.0,1.409,0.0,0.0,0.0,0.0,1.972,0.0,1.409,0.0,0.0,1.409,2.33,0.0,0.0,0.0,1.409,0.0,0.0,0.0,0.0,0.0,0.0,0.0,0.0,0.0,1.972,0.0,0.0,0.0,0.0,0.0,2.33,0.0,0.0,0.0,0.0,1.972,1.409,0.0,0.0,1.409,0.0,0.0,1.972,0.0,0.0,0.0,1.409,0.0,0.0,1.972,1.409,0.0,1.409,1.409,0.0,0.0,1.972,0.0,0.0,0.0,0.0,1.972,1.409,1.409,0.0,0.0,0.0,0.0,0.0,0.0,1.409,1.972,0.0,0.0,0.0,3.718,0.0,0.0,1.409,1.972,0.0,0.0,0.0,0.0,0.0,2.33,0.0,1.409,1.972,2.593,2.593,1.409,0.0,2.973,0.0,0.0,1.409,0.0,0.0,1.409,0.0,0.0,0.0,0.0,0.0,0.0,0.0,0.0,1.409,0.0,0.0,2.33,1.409,1.409,1.409,1.972,0.0,0.0,0.0,0.0,1.972,3.248,1.409,1.409,1.409,2.33,0.0,0.0,0.0,0.0,0.0,1.972,0.0,0.0,0.0,1.409,0.0,0.0,3.555,0.0,0.0,0.0,0.0,0.0,0.0,1.409,1.409,1.972,1.972,5.006,0.0,2.801,1.409,1.409,0.0,0.0,0.0,0.0,0.0,0.0,0.0,0.0,0.0,1.409,1.972,0.0,0.0,0.0,0.0,1.972,0.0,0.0,0.0,0.0,1.972,0.0,2.33,0.0,0.0,0.0,0.0,0.0,0.0,0.0,0.0,0.0,0.0,1.972,0.0,1.972,1.409,0.0,0.0,1.409,1.409,2.801,0.0,1.409,0.0
Monozyt,0.0,0.0,0.0,2.126,0.0,0.0,0.0,1.545,1.545,1.545,1.545,0.0,2.757,1.545,0.0,0.0,0.0,2.49,2.126,0.0,0.0,1.545,0.0,0.0,0.0,1.545,0.0,1.545,1.545,1.545,0.0,0.0,0.0,0.0,0.0,0.0,0.0,1.545,2.757,0.0,1.545,1.545,0.0,0.0,2.126,0.0,0.0,0.0,1.545,3.141,0.0,1.545,2.968,0.0,2.757,4.031,0.0,1.545,2.126,0.0,0.0,1.545,0.0,0.0,0.0,0.0,0.0,0.0,3.418,1.545,2.968,0.0,0.0,0.0,0.0,0.0,0.0,1.545,0.0,0.0,0.0,0.0,0.0,1.545,0.0,1.545,1.545,0.0,0.0,0.0,0.0,0.0,0.0,0.0,0.0,1.545,1.545,0.0,1.545,0.0,0.0,0.0,0.0,0.0,0.0,0.0,0.0,0.0,0.0,0.0,0.0,0.0,0.0,2.126,1.545,0.0,0.0,0.0,0.0,0.0,0.0,1.545,0.0,0.0,0.0,0.0,0.0,1.545,2.126,0.0,0.0,0.0,0.0,0.0,0.0,0.0,1.545,1.545,0.0,0.0,1.545,0.0,1.545,1.545,2.126,0.0,0.0,0.0,0.0,0.0,0.0,0.0,2.126,0.0,0.0,0.0,0.0,0.0,0.0,0.0,0.0,0.0,0.0,1.545,0.0,0.0,0.0,0.0,0.0,0.0,1.545,0.0,0.0,1.545,0.0,0.0,0.0,0.0,0.0,0.0,1.545,1.545,0.0,0.0,0.0,0.0,2.757,1.545,0.0,0.0,0.0,0.0,0.0,0.0,0.0,0.0,0.0,0.0,0.0,0.0,0.0,1.545,0.0,0.0,0.0,0.0,0.0,1.545,1.545,3.813,0.0,1.545,1.545,0.0,0.0,0.0,0.0,0.0,0.0,1.545,1.545,0.0,1.545,0.0,0.0,0.0,0.0,0.0,0.0,0.0,2.49,3.728,4.211,2.126,2.49,0.0,3.289,2.49,2.126,0.0,0.0,0.0,0.0,0.0,3.289,2.126,0.0,0.0,0.0,0.0,0.0,0.0,0.0,0.0,1.545,0.0,1.545,0.0,0.0,1.545,0.0,0.0,0.0,0.0,0.0,2.49,2.126,0.0,2.757,0.0,0.0,0.0,2.757,2.126,2.126,0.0,0.0,0.0,0.0,0.0,1.545,0.0,1.545,0.0,0.0,0.0,0.0,0.0,1.545,1.545,0.0,0.0,0.0,3.141,0.0,0.0,0.0,2.126,1.545,0.0,0.0,0.0,0.0,0.0,0.0,0.0,1.545,1.545,0.0,2.126,0.0,1.545,3.418,0.0,0.0,1.545,0.0,0.0,0.0,0.0,1.545,0.0,2.126,0.0,0.0,0.0,0.0,0.0,0.0,0.0,0.0,0.0,1.545,0.0,0.0,0.0,0.0,0.0,0.0,0.0,0.0,1.545,0.0,0.0,0.0,0.0,1.545,0.0,0.0,1.545,0.0,1.545,0.0,0.0,0.0,0.0,0.0,0.0,1.545,0.0,0.0,1.545,0.0,1.545,0.0,0.0,0.0,0.0,3.532,0.0,0.0,2.126,0.0,0.0,2.757,0.0,0.0,0.0,0.0,1.545,0.0,0.0,1.545,0.0,0.0,0.0,0.0,0.0,2.968,0.0,0.0,0.0,3.891,1.545,3.141,2.126,0.0,0.0,0.0,0.0,0.0,0.0,0.0,0.0,0.0,0.0,0.0,2.126,3.532,0.0,2.126,2.757,0.0,1.545,1.545,0.0,0.0,0.0,0.0,1.545,0.0,2.968,1.545,0.0,0.0,0.0,0.0,0.0,2.126,1.545,0.0,1.545,0.0,0.0,0.0,0.0,1.545,1.545,1.545,0.0,0.0,0.0,2.126,0.0,0.0,2.126,0.0,1.545,0.0,0.0,0.0,0.0,0.0,0.0,0.0,0.0,0.0,0.0,0.0,0.0,0.0,0.0,0.0,0.0,0.0,0.0,0.0,0.0,0.0,0.0,0.0,0.0,1.545,1.545,0.0,0.0,0.0,1.545,0.0,2.49,0.0,0.0,0.0,1.545,2.126,0.0,2.49,3.141,0.0,2.757,0.0,2.757,0.0,0.0,0.0,0.0,2.49,2.126,1.545,0.0,0.0,0.0,0.0,0.0,0.0,2.126,0.0,0.0,0.0,0.0,0.0,0.0,0.0,0.0,0.0,0.0,1.545,1.545,0.0,0.0,0.0,0.0,0.0,0.0,2.126,0.0,0.0,0.0,0.0,2.126,2.126,1.545,1.545,0.0,0.0,0.0,0.0,1.545,0.0,0.0,0.0,0.0,1.545,2.126,0.0,0.0,0.0,1.545,0.0,0.0,0.0,1.545,0.0,2.126,0.0,0.0,2.126,0.0,1.545,0.0,0.0,0.0,0.0,0.0,0.0,0.0,0.0,0.0,0.0,1.545,0.0,1.545,1.545,0.0,0.0,0.0,0.0,0.0,0.0,1.545,0.0,0.0,0.0,0.0,1.545,0.0,0.0,0.0,1.545,0.0,1.545,1.545,0.0,0.0,0.0,0.0,0.0,1.545,0.0,0.0,0.0,1.545,0.0,1.545,0.0,0.0,0.0,1.545,0.0,0.0,0.0,0.0,1.545,0.0,2.49,1.545,2.49,1.545,1.545,0.0,2.126,1.545,0.0,0.0,0.0,0.0,1.545,0.0,1.545,0.0,0.0,0.0,0.0,0.0,1.545,0.0,0.0,0.0,0.0,0.0,0.0,3.289,0.0,0.0,1.545,2.126,0.0,0.0,0.0,1.545,0.0,0.0,0.0,2.49,1.545,2.49,2.757,0.0,0.0,2.126,1.545,1.545,2.49,0.0,0.0,0.0,0.0,0.0,0.0,0.0,0.0,0.0,0.0,0.0,0.0,0.0,0.0,2.968,1.545,0.0,2.126,2.126,0.0,0.0,0.0,0.0,2.49,3.532,0.0,0.0,0.0,0.0,0.0,1.545,2.126,0.0,1.545,0.0,0.0,0.0,0.0,1.545,0.0,0.0,3.728,0.0,0.0,0.0,0.0,0.0,0.0,0.0,0.0,2.126,1.545,5.387,0.0,1.545,0.0,0.0,0.0,0.0,0.0,0.0,0.0,0.0,0.0,1.545,0.0,0.0,2.49,0.0,0.0,0.0,0.0,1.545,0.0,0.0,2.126,1.545,0.0,2.126,0.0,2.126,2.126,0.0,0.0,2.126,0.0,1.545,0.0,2.126,0.0,1.545,0.0,2.126,0.0,0.0,1.545,1.545,1.545,2.968,0.0,0.0,0.0
B-Zelle,0.0,0.0,0.0,0.0,0.0,1.458,0.0,0.0,1.458,0.0,2.028,0.0,0.0,0.0,0.0,1.458,0.0,2.862,1.458,0.0,0.0,0.0,1.458,0.0,0.0,1.458,1.458,0.0,0.0,0.0,0.0,2.028,0.0,0.0,0.0,0.0,0.0,0.0,0.0,0.0,0.0,0.0,1.458,0.0,2.653,0.0,0.0,0.0,0.0,1.458,0.0,0.0,0.0,0.0,2.389,0.0,0.0,1.458,1.458,0.0,0.0,0.0,0.0,0.0,0.0,0.0,2.389,0.0,0.0,1.458,0.0,0.0,0.0,0.0,2.028,0.0,0.0,0.0,0.0,0.0,1.458,0.0,0.0,0.0,2.028,2.028,1.458,0.0,0.0,0.0,0.0,0.0,0.0,0.0,0.0,0.0,0.0,2.028,2.028,0.0,0.0,0.0,0.0,0.0,0.0,0.0,0.0,0.0,0.0,0.0,0.0,0.0,0.0,0.0,0.0,2.389,0.0,0.0,0.0,0.0,1.458,2.028,0.0,0.0,0.0,0.0,0.0,1.458,1.458,0.0,2.028,0.0,0.0,0.0,0.0,1.458,1.458,0.0,0.0,1.458,0.0,1.458,0.0,0.0,0.0,1.458,0.0,0.0,0.0,0.0,0.0,0.0,0.0,0.0,0.0,0.0,0.0,0.0,0.0,0.0,0.0,2.028,2.028,0.0,0.0,0.0,0.0,0.0,0.0,1.458,0.0,0.0,0.0,0.0,0.0,0.0,0.0,0.0,2.862,2.028,0.0,2.028,0.0,0.0,2.028,0.0,0.0,0.0,2.028,2.028,0.0,1.458,0.0,0.0,0.0,0.0,0.0,0.0,1.458,0.0,2.028,0.0,1.458,0.0,0.0,0.0,0.0,0.0,0.0,4.699,0.0,2.653,0.0,2.028,0.0,0.0,1.458,0.0,0.0,0.0,0.0,0.0,0.0,0.0,0.0,0.0,0.0,0.0,1.458,0.0,3.182,0.0,0.0,0.0,2.653,0.0,3.854,0.0,2.653,2.028,2.028,1.458,1.458,1.458,3.035,3.035,0.0,0.0,0.0,2.389,0.0,1.458,2.028,0.0,1.458,1.458,1.458,0.0,0.0,0.0,2.389,0.0,0.0,0.0,1.458,0.0,1.458,0.0,2.028,0.0,1.458,0.0,1.458,2.028,0.0,0.0,1.458,0.0,0.0,0.0,2.028,0.0,0.0,0.0,0.0,0.0,1.458,2.389,2.653,1.458,0.0,0.0,0.0,0.0,1.458,0.0,0.0,1.458,0.0,1.458,0.0,0.0,0.0,0.0,0.0,0.0,0.0,0.0,2.028,2.028,0.0,0.0,0.0,0.0,0.0,0.0,0.0,0.0,0.0,0.0,0.0,2.653,0.0,2.389,2.028,0.0,0.0,0.0,0.0,0.0,2.653,0.0,0.0,0.0,2.028,0.0,0.0,0.0,0.0,0.0,0.0,1.458,0.0,0.0,0.0,0.0,1.458,1.458,0.0,1.458,0.0,0.0,1.458,0.0,0.0,0.0,0.0,1.458,0.0,0.0,1.458,0.0,0.0,2.389,0.0,0.0,2.389,0.0,0.0,0.0,0.0,0.0,0.0,0.0,0.0,0.0,0.0,0.0,1.458,2.653,0.0,0.0,0.0,1.458,0.0,1.458,0.0,0.0,0.0,1.458,1.458,0.0,0.0,2.389,3.035,0.0,0.0,0.0,0.0,0.0,1.458,1.458,0.0,0.0,0.0,0.0,0.0,1.458,1.458,0.0,0.0,2.389,1.458,2.389,0.0,0.0,0.0,0.0,1.458,0.0,2.389,0.0,0.0,0.0,0.0,0.0,2.028,0.0,0.0,0.0,1.458,0.0,0.0,1.458,0.0,0.0,0.0,0.0,2.028,0.0,3.31,0.0,0.0,0.0,1.458,0.0,0.0,0.0,2.028,0.0,0.0,0.0,0.0,0.0,0.0,0.0,2.389,1.458,1.458,0.0,0.0,1.458,0.0,1.458,0.0,0.0,0.0,0.0,0.0,0.0,0.0,0.0,0.0,0.0,2.389,0.0,0.0,0.0,1.458,2.653,0.0,0.0,0.0,0.0,1.458,0.0,2.028,0.0,0.0,0.0,0.0,2.862,1.458,1.458,0.0,0.0,1.458,1.458,2.389,0.0,1.458,0.0,0.0,0.0,0.0,1.458,0.0,0.0,0.0,0.0,0.0,0.0,0.0,0.0,0.0,1.458,1.458,0.0,0.0,0.0,0.0,2.028,0.0,0.0,1.458,1.458,1.458,0.0,0.0,0.0,0.0,1.458,1.458,2.653,0.0,0.0,0.0,0.0,1.458,1.458,0.0,0.0,0.0,1.458,0.0,0.0,0.0,1.458,0.0,0.0,0.0,2.028,1.458,1.458,0.0,1.458,1.458,1.458,0.0,1.458,2.862,0.0,0.0,0.0,0.0,0.0,0.0,0.0,0.0,2.028,0.0,1.458,2.028,0.0,0.0,0.0,2.028,0.0,0.0,0.0,1.458,0.0,0.0,0.0,1.458,0.0,1.458,0.0,0.0,0.0,2.028,0.0,0.0,0.0,2.028,1.458,1.458,0.0,0.0,0.0,0.0,1.458,0.0,0.0,0.0,0.0,0.0,1.458,1.458,0.0,0.0,0.0,1.458,0.0,0.0,1.458,1.458,0.0,1.458,2.389,0.0,0.0,1.458,0.0,0.0,0.0,1.458,0.0,0.0,1.458,1.458,0.0,0.0,1.458,0.0,0.0,0.0,0.0,0.0,0.0,0.0,0.0,0.0,0.0,1.458,1.458,0.0,0.0,0.0,0.0,0.0,1.458,0.0,2.028,0.0,2.389,0.0,1.458,0.0,0.0,2.028,1.458,2.389,0.0,0.0,0.0,0.0,0.0,2.389,0.0,0.0,0.0,0.0,0.0,1.458,0.0,0.0,0.0,0.0,1.458,0.0,2.389,0.0,0.0,0.0,0.0,2.389,2.389,1.458,1.458,0.0,0.0,1.458,1.458,0.0,0.0,0.0,0.0,1.458,0.0,2.389,0.0,0.0,1.458,0.0,0.0,0.0,0.0,0.0,3.035,0.0,0.0,0.0,1.458,1.458,3.985,0.0,3.31,0.0,1.458,0.0,1.458,0.0,0.0,0.0,0.0,0.0,0.0,0.0,0.0,0.0,0.0,1.458,2.028,1.458,0.0,0.0,0.0,1.458,2.028,2.389,0.0,1.458,0.0,1.458,0.0,0.0,0.0,0.0,1.458,0.0,0.0,0.0,2.028,0.0,0.0,1.458,0.0,1.458,1.458,0.0,1.458,0.0,2.028,0.0
T-Zelle,0.0,0.0,0.0,2.341,0.0,0.0,0.0,0.0,0.0,0.0,1.739,0.0,0.0,0.0,1.739,0.0,3.652,3.711,0.0,2.858,0.0,1.208,1.208,0.0,0.0,1.739,1.208,2.341,1.208,0.0,0.0,1.208,0.0,1.208,1.208,0.0,0.0,0.0,1.739,0.0,0.0,0.0,0.0,0.0,2.341,0.0,0.0,0.0,1.208,0.0,1.208,2.713,0.0,0.0,2.858,4.127,0.0,1.739,0.0,0.0,0.0,0.0,1.208,0.0,0.0,0.0,2.713,0.0,0.0,0.0,0.0,0.0,1.739,0.0,2.085,0.0,0.0,0.0,0.0,0.0,1.208,0.0,1.208,0.0,1.208,1.739,1.208,0.0,1.208,0.0,0.0,0.0,0.0,0.0,1.208,0.0,1.208,1.739,0.0,0.0,0.0,0.0,0.0,0.0,0.0,0.0,0.0,0.0,2.544,0.0,0.0,1.208,2.544,0.0,0.0,0.0,1.208,0.0,0.0,2.085,1.208,0.0,1.208,0.0,0.0,2.085,0.0,1.208,0.0,0.0,1.739,0.0,0.0,1.208,1.208,1.208,1.208,1.208,0.0,1.208,2.085,0.0,1.208,0.0,1.208,1.208,0.0,1.739,0.0,0.0,0.0,0.0,0.0,0.0,0.0,0.0,0.0,0.0,0.0,0.0,0.0,0.0,0.0,0.0,1.208,0.0,0.0,0.0,1.208,0.0,0.0,0.0,0.0,1.208,0.0,1.208,0.0,0.0,0.0,1.208,2.544,0.0,0.0,0.0,1.208,0.0,2.341,4.007,0.0,0.0,1.739,1.739,0.0,0.0,0.0,2.085,2.085,0.0,0.0,0.0,0.0,0.0,1.208,0.0,1.739,0.0,0.0,2.341,0.0,3.197,1.208,2.341,1.208,2.085,0.0,0.0,0.0,1.208,1.208,0.0,0.0,0.0,0.0,0.0,2.713,0.0,1.739,2.341,0.0,1.208,1.208,0.0,0.0,0.0,2.341,1.739,1.739,0.0,2.085,1.208,1.739,0.0,0.0,0.0,1.739,0.0,0.0,1.208,0.0,0.0,1.739,1.208,0.0,1.739,1.208,0.0,0.0,1.208,0.0,1.739,1.208,0.0,0.0,1.739,1.739,0.0,1.739,1.208,0.0,0.0,0.0,0.0,2.544,0.0,0.0,1.739,0.0,0.0,0.0,0.0,3.097,0.0,0.0,0.0,0.0,0.0,0.0,0.0,0.0,0.0,0.0,0.0,0.0,0.0,1.739,1.208,1.208,1.739,0.0,0.0,0.0,0.0,0.0,0.0,0.0,1.739,0.0,1.739,0.0,1.208,0.0,2.544,0.0,0.0,0.0,2.085,0.0,0.0,1.739,0.0,0.0,1.739,0.0,1.208,2.341,0.0,0.0,0.0,0.0,0.0,1.208,0.0,0.0,0.0,0.0,1.208,0.0,0.0,0.0,0.0,0.0,0.0,0.0,0.0,0.0,0.0,2.341,0.0,0.0,0.0,0.0,0.0,0.0,1.739,1.208,0.0,0.0,0.0,2.085,1.208,0.0,2.341,1.208,1.208,1.739,2.085,0.0,0.0,0.0,0.0,0.0,0.0,0.0,0.0,0.0,0.0,0.0,0.0,0.0,3.373,0.0,0.0,1.739,0.0,1.208,0.0,2.085,0.0,0.0,0.0,0.0,1.208,0.0,1.208,1.739,0.0,0.0,0.0,1.739,0.0,0.0,0.0,1.208,0.0,0.0,1.739,0.0,0.0,1.208,0.0,0.0,0.0,0.0,2.341,0.0,0.0,0.0,1.208,2.713,0.0,0.0,0.0,0.0,0.0,0.0,0.0,0.0,0.0,1.208,0.0,1.208,0.0,0.0,1.208,1.208,0.0,1.208,0.0,1.208,2.341,3.097,1.208,1.739,0.0,1.208,1.208,1.208,1.208,0.0,1.208,1.739,1.208,1.208,0.0,0.0,1.208,2.858,2.713,2.085,0.0,1.208,0.0,0.0,0.0,0.0,0.0,0.0,0.0,0.0,0.0,0.0,0.0,1.208,0.0,3.097,0.0,0.0,2.341,0.0,3.197,0.0,0.0,0.0,0.0,0.0,0.0,1.208,0.0,0.0,1.208,0.0,1.208,0.0,0.0,0.0,0.0,2.341,0.0,2.341,0.0,1.208,0.0,0.0,0.0,1.739,0.0,0.0,0.0,0.0,0.0,1.208,1.208,0.0,0.0,1.208,1.739,2.085,1.208,1.208,0.0,0.0,0.0,1.208,0.0,2.341,1.208,0.0,0.0,0.0,1.739,1.208,1.208,0.0,2.984,1.208,0.0,0.0,2.341,0.0,0.0,0.0,0.0,0.0,2.341,1.208,0.0,0.0,1.208,0.0,2.085,0.0,1.208,0.0,1.739,0.0,0.0,0.0,0.0,1.208,0.0,1.739,0.0,1.208,0.0,0.0,0.0,0.0,0.0,0.0,1.208,1.208,0.0,2.085,3.82,1.208,0.0,0.0,0.0,0.0,1.739,1.739,1.739,1.739,0.0,0.0,0.0,0.0,0.0,0.0,0.0,2.341,1.208,0.0,0.0,2.544,0.0,0.0,1.208,0.0,0.0,1.208,0.0,0.0,0.0,0.0,1.208,0.0,0.0,1.208,0.0,1.208,0.0,0.0,0.0,0.0,0.0,0.0,0.0,1.208,0.0,2.341,0.0,2.085,0.0,1.208,0.0,2.341,1.208,0.0,0.0,0.0,1.208,0.0,0.0,1.739,1.208,0.0,0.0,2.085,0.0,0.0,0.0,0.0,0.0,0.0,0.0,0.0,0.0,1.739,0.0,0.0,1.208,0.0,2.085,1.208,2.341,1.739,1.739,0.0,0.0,1.739,1.208,1.208,1.208,0.0,0.0,0.0,0.0,2.341,2.085,0.0,0.0,0.0,0.0,0.0,0.0,1.739,0.0,0.0,0.0,0.0,1.739,0.0,0.0,0.0,1.208,2.085,1.208,1.208,2.085,0.0,0.0,2.085,1.208,2.085,1.208,0.0,0.0,0.0,0.0,2.713,1.208,0.0,1.739,0.0,2.085,0.0,0.0,0.0,0.0,0.0,1.208,0.0,2.341,1.739,2.713,1.208,1.208,0.0,1.208,0.0,0.0,0.0,0.0,0.0,0.0,0.0,0.0,0.0,1.208,0.0,1.208,1.739,0.0,0.0,0.0,1.208,0.0,0.0,1.208,1.739,0.0,0.0,0.0,0.0,0.0,0.0,1.208,0.0,1.739,0.0,0.0,1.208,2.085,0.0,0.0,0.0,0.0,1.208,2.858,0.0,1.208,0.0,1.739,0.0
T-Zelle,0.0,0.0,1.386,0.0,0.0,0.0,0.0,0.0,0.0,0.0,0.0,1.386,0.0,0.0,1.386,0.0,0.0,3.526,0.0,0.0,1.946,0.0,1.386,1.386,0.0,0.0,1.386,0.0,1.946,0.0,0.0,0.0,0.0,1.386,0.0,1.386,0.0,0.0,1.386,0.0,1.386,1.386,0.0,0.0,1.386,0.0,0.0,0.0,0.0,2.944,2.565,2.302,0.0,0.0,3.091,3.526,0.0,0.0,1.386,0.0,0.0,1.386,1.386,0.0,0.0,0.0,1.386,0.0,3.219,1.386,1.386,0.0,0.0,0.0,1.386,0.0,1.386,0.0,0.0,0.0,1.946,0.0,1.386,0.0,1.946,0.0,1.386,1.386,0.0,0.0,0.0,0.0,0.0,0.0,0.0,0.0,1.386,1.386,1.386,0.0,0.0,1.386,3.951,1.386,0.0,0.0,1.386,0.0,0.0,0.0,0.0,1.386,1.946,1.386,0.0,0.0,1.386,0.0,0.0,0.0,0.0,0.0,0.0,0.0,0.0,0.0,0.0,1.386,0.0,0.0,1.386,0.0,0.0,1.946,1.386,0.0,0.0,0.0,0.0,1.946,0.0,0.0,1.386,0.0,0.0,0.0,0.0,0.0,0.0,0.0,1.386,0.0,0.0,0.0,0.0,1.386,0.0,0.0,1.386,0.0,0.0,1.946,0.0,0.0,0.0,1.946,0.0,0.0,1.386,0.0,0.0,2.302,0.0,0.0,0.0,2.302,0.0,0.0,0.0,1.946,1.386,1.946,0.0,0.0,1.386,0.0,1.386,1.386,2.302,0.0,1.946,0.0,0.0,2.944,0.0,0.0,1.386,0.0,0.0,1.946,0.0,0.0,1.946,0.0,1.946,0.0,0.0,1.386,0.0,3.434,0.0,1.946,0.0,1.946,1.946,0.0,0.0,1.386,0.0,1.386,1.946,0.0,0.0,0.0,0.0,0.0,0.0,0.0,1.946,0.0,2.565,3.332,3.091,0.0,2.772,0.0,2.565,2.772,3.091,0.0,0.0,0.0,0.0,0.0,1.946,2.565,1.386,0.0,0.0,1.386,0.0,0.0,0.0,0.0,1.386,0.0,0.0,0.0,0.0,0.0,0.0,0.0,0.0,0.0,0.0,1.386,0.0,1.386,1.386,0.0,0.0,0.0,1.386,2.302,0.0,0.0,1.386,1.946,0.0,0.0,2.944,0.0,0.0,0.0,0.0,0.0,1.946,0.0,1.946,1.386,0.0,0.0,0.0,1.386,0.0,1.386,0.0,2.302,0.0,1.386,0.0,0.0,0.0,0.0,0.0,0.0,0.0,1.946,0.0,0.0,0.0,2.565,0.0,0.0,0.0,0.0,2.772,1.386,0.0,0.0,0.0,0.0,2.302,1.386,0.0,0.0,0.0,0.0,0.0,1.386,1.386,0.0,2.772,0.0,0.0,0.0,0.0,0.0,0.0,0.0,0.0,0.0,1.386,0.0,0.0,1.386,1.386,0.0,0.0,2.302,0.0,0.0,0.0,0.0,2.302,0.0,0.0,0.0,0.0,1.386,0.0,1.386,0.0,1.946,0.0,0.0,2.302,0.0,0.0,0.0,1.386,0.0,1.386,0.0,2.944,0.0,0.0,0.0,0.0,2.565,0.0,0.0,0.0,0.0,2.944,0.0,0.0,0.0,2.565,0.0,0.0,0.0,1.386,1.946,2.302,1.386,0.0,0.0,0.0,0.0,1.386,0.0,0.0,0.0,0.0,0.0,0.0,0.0,2.565,1.946,0.0,1.386,0.0,0.0,0.0,0.0,0.0,0.0,1.386,0.0,0.0,1.946,0.0,1.386,0.0,0.0,0.0,1.946,0.0,0.0,1.946,0.0,0.0,0.0,0.0,2.302,1.946,0.0,1.946,1.386,1.946,0.0,1.386,0.0,0.0,0.0,1.946,0.0,1.946,0.0,1.386,1.386,0.0,0.0,0.0,0.0,1.386,2.565,1.386,0.0,0.0,1.386,0.0,0.0,0.0,0.0,1.386,0.0,0.0,0.0,0.0,0.0,0.0,0.0,1.386,1.386,0.0,1.946,0.0,1.946,0.0,0.0,0.0,0.0,0.0,0.0,1.386,2.772,0.0,1.946,1.386,2.565,0.0,0.0,0.0,0.0,1.946,0.0,0.0,0.0,0.0,0.0,0.0,0.0,0.0,1.946,0.0,0.0,0.0,0.0,0.0,0.0,0.0,0.0,0.0,1.386,1.386,1.386,0.0,2.302,1.946,1.946,0.0,0.0,1.946,0.0,1.386,0.0,1.386,1.386,1.386,1.946,0.0,2.772,1.946,2.302,0.0,1.946,0.0,0.0,1.386,0.0,0.0,2.302,0.0,0.0,0.0,1.386,0.0,0.0,0.0,1.946,0.0,1.386,1.386,1.386,1.946,1.386,0.0,0.0,1.386,0.0,0.0,0.0,0.0,0.0,0.0,0.0,0.0,0.0,1.946,0.0,0.0,2.302,1.386,0.0,1.946,0.0,1.386,1.386,0.0,0.0,0.0,0.0,1.386,1.386,0.0,0.0,0.0,0.0,1.386,1.386,0.0,0.0,1.946,0.0,0.0,0.0,0.0,0.0,0.0,0.0,0.0,2.302,0.0,0.0,0.0,1.946,1.386,0.0,0.0,0.0,0.0,0.0,2.302,1.386,0.0,0.0,1.946,0.0,3.091,0.0,0.0,0.0,0.0,0.0,1.386,0.0,1.386,1.386,1.386,0.0,0.0,1.386,0.0,0.0,1.386,0.0,0.0,0.0,2.302,0.0,1.386,0.0,1.386,0.0,0.0,0.0,1.386,0.0,0.0,0.0,0.0,3.091,1.386,1.386,1.386,2.302,0.0,2.302,0.0,0.0,2.302,0.0,0.0,0.0,0.0,0.0,1.946,1.386,0.0,2.302,0.0,0.0,1.386,0.0,0.0,1.386,0.0,1.386,0.0,2.302,0.0,0.0,0.0,0.0,2.772,2.565,0.0,0.0,1.386,1.386,0.0,0.0,0.0,0.0,1.386,0.0,0.0,0.0,0.0,1.946,0.0,2.565,2.565,0.0,0.0,0.0,0.0,0.0,1.386,0.0,0.0,0.0,1.386,4.977,0.0,1.946,0.0,1.386,0.0,0.0,0.0,0.0,3.219,0.0,0.0,0.0,0.0,0.0,1.386,1.946,0.0,1.386,1.386,1.386,0.0,0.0,1.946,0.0,1.946,1.386,0.0,0.0,1.386,0.0,0.0,1.386,0.0,0.0,0.0,0.0,0.0,1.386,0.0,0.0,0.0,0.0,2.302,1.386,1.946,1.386,0.0,0.0,0.0
T-Zelle,0.0,0.0,1.405,1.967,0.0,0.0,0.0,0.0,0.0,0.0,0.0,0.0,0.0,0.0,0.0,0.0,0.0,3.243,0.0,0.0,0.0,0.0,0.0,0.0,1.967,0.0,1.405,1.405,0.0,0.0,0.0,0.0,0.0,1.405,1.967,0.0,0.0,1.405,1.967,1.405,1.405,0.0,1.405,0.0,2.588,0.0,0.0,0.0,1.405,0.0,1.405,2.796,0.0,0.0,2.588,2.968,0.0,0.0,0.0,2.796,0.0,0.0,1.967,0.0,0.0,0.0,1.967,0.0,0.0,1.405,0.0,0.0,0.0,0.0,0.0,0.0,0.0,1.405,0.0,0.0,0.0,0.0,1.405,0.0,1.967,0.0,0.0,0.0,0.0,0.0,1.405,0.0,0.0,0.0,1.405,0.0,1.405,0.0,1.967,0.0,0.0,0.0,0.0,0.0,0.0,1.405,1.405,1.967,0.0,0.0,1.967,1.967,0.0,0.0,0.0,0.0,0.0,0.0,0.0,0.0,0.0,1.405,0.0,0.0,0.0,1.405,0.0,0.0,0.0,0.0,1.405,0.0,0.0,0.0,0.0,0.0,0.0,0.0,1.405,1.405,0.0,0.0,0.0,0.0,1.405,2.325,0.0,0.0,0.0,0.0,0.0,0.0,0.0,2.325,0.0,0.0,1.405,0.0,0.0,0.0,1.405,1.405,0.0,0.0,1.405,0.0,0.0,0.0,0.0,0.0,0.0,0.0,0.0,0.0,0.0,0.0,0.0,0.0,0.0,1.405,0.0,1.405,0.0,0.0,1.967,0.0,0.0,0.0,0.0,2.325,0.0,0.0,0.0,1.405,0.0,1.405,1.967,1.405,1.405,0.0,0.0,0.0,1.405,0.0,0.0,0.0,0.0,0.0,0.0,1.405,0.0,2.796,0.0,1.405,0.0,1.405,0.0,0.0,0.0,0.0,0.0,0.0,0.0,0.0,1.967,0.0,0.0,1.405,1.967,0.0,4.273,1.405,1.967,0.0,2.796,2.325,0.0,0.0,0.0,0.0,0.0,0.0,0.0,0.0,0.0,0.0,1.405,0.0,0.0,0.0,0.0,1.405,0.0,0.0,0.0,1.405,0.0,1.405,1.405,1.405,0.0,0.0,0.0,0.0,0.0,1.405,0.0,0.0,1.405,0.0,0.0,1.405,1.405,3.356,0.0,0.0,1.405,0.0,0.0,0.0,0.0,0.0,1.967,0.0,0.0,0.0,0.0,0.0,0.0,1.405,0.0,0.0,0.0,0.0,0.0,1.405,0.0,1.405,0.0,0.0,0.0,0.0,0.0,1.405,0.0,0.0,1.405,0.0,0.0,2.325,2.588,1.967,0.0,0.0,0.0,1.405,0.0,0.0,1.405,0.0,0.0,2.325,0.0,1.405,1.405,0.0,0.0,0.0,0.0,0.0,1.405,0.0,1.967,0.0,0.0,0.0,0.0,0.0,0.0,0.0,0.0,0.0,0.0,1.405,0.0,1.967,0.0,0.0,0.0,1.405,0.0,0.0,0.0,0.0,1.405,0.0,0.0,0.0,0.0,0.0,0.0,1.405,0.0,1.967,0.0,1.405,0.0,0.0,0.0,0.0,1.405,0.0,1.967,0.0,1.405,0.0,1.405,1.405,1.405,3.115,0.0,0.0,0.0,0.0,0.0,0.0,1.405,0.0,0.0,1.405,0.0,0.0,0.0,1.405,3.243,0.0,0.0,0.0,0.0,0.0,1.405,0.0,0.0,0.0,0.0,0.0,0.0,0.0,1.967,2.588,0.0,0.0,0.0,0.0,0.0,0.0,0.0,0.0,0.0,0.0,0.0,0.0,0.0,1.405,0.0,0.0,0.0,0.0,1.405,1.405,0.0,0.0,0.0,0.0,0.0,0.0,1.967,0.0,1.405,0.0,1.405,0.0,1.405,0.0,0.0,0.0,0.0,0.0,1.405,0.0,1.405,0.0,0.0,0.0,0.0,0.0,2.588,1.967,0.0,1.405,0.0,1.405,0.0,0.0,0.0,0.0,0.0,1.405,0.0,0.0,0.0,0.0,0.0,0.0,2.325,1.405,1.967,0.0,0.0,2.325,0.0,0.0,0.0,0.0,2.968,0.0,0.0,0.0,0.0,2.796,1.405,2.325,1.405,0.0,0.0,1.405,0.0,0.0,1.405,0.0,0.0,0.0,0.0,0.0,0.0,0.0,0.0,0.0,0.0,0.0,0.0,0.0,0.0,0.0,0.0,0.0,1.967,2.325,0.0,0.0,0.0,0.0,0.0,0.0,1.967,0.0,0.0,0.0,1.405,1.405,2.325,1.967,0.0,2.325,2.588,0.0,0.0,1.967,0.0,0.0,0.0,1.405,0.0,1.967,0.0,0.0,0.0,2.588,0.0,0.0,0.0,1.405,0.0,1.967,0.0,1.405,0.0,0.0,0.0,1.405,2.325,0.0,1.405,0.0,0.0,0.0,0.0,1.405,0.0,0.0,0.0,0.0,0.0,3.853,0.0,0.0,1.967,0.0,0.0,1.405,0.0,0.0,0.0,0.0,0.0,1.405,0.0,0.0,0.0,0.0,0.0,1.405,0.0,1.405,1.967,0.0,1.405,0.0,0.0,0.0,0.0,0.0,0.0,0.0,0.0,0.0,0.0,0.0,1.405,0.0,0.0,0.0,0.0,0.0,1.405,0.0,0.0,1.405,0.0,0.0,1.967,0.0,0.0,0.0,0.0,1.405,0.0,1.405,0.0,1.405,0.0,1.405,1.405,0.0,0.0,0.0,1.405,0.0,0.0,0.0,1.405,0.0,0.0,0.0,1.405,1.967,0.0,0.0,0.0,0.0,0.0,1.967,0.0,0.0,0.0,1.405,0.0,1.405,0.0,0.0,0.0,1.967,1.405,0.0,1.405,0.0,0.0,0.0,1.405,0.0,0.0,0.0,0.0,0.0,1.967,0.0,1.405,0.0,0.0,1.967,0.0,1.405,0.0,1.405,1.405,0.0,2.325,2.588,1.967,0.0,0.0,1.405,0.0,0.0,0.0,1.405,0.0,0.0,1.405,0.0,0.0,0.0,0.0,2.325,0.0,0.0,2.796,0.0,0.0,0.0,1.967,1.405,0.0,1.967,1.405,3.976,0.0,2.325,1.405,2.796,0.0,0.0,0.0,0.0,0.0,0.0,0.0,0.0,0.0,1.967,0.0,0.0,1.405,0.0,1.405,0.0,0.0,0.0,1.405,0.0,0.0,0.0,0.0,0.0,1.405,0.0,0.0,1.967,1.405,1.405,0.0,0.0,0.0,1.405,0.0,1.967,0.0,0.0,0.0,1.405,0.0,1.405,0.0,1.967,1.405
Monozyt,0.0,0.0,0.0,1.478,0.0,0.0,0.0,1.478,0.0,0.0,0.0,0.0,1.478,0.0,0.0,0.0,0.0,0.0,0.0,2.05,0.0,1.478,0.0,0.0,0.0,0.0,0.0,0.0,1.478,0.0,0.0,1.478,0.0,0.0,0.0,0.0,0.0,0.0,2.412,0.0,2.05,0.0,0.0,0.0,0.0,0.0,0.0,2.05,0.0,2.412,0.0,1.478,3.335,3.059,2.412,3.335,0.0,1.478,0.0,0.0,0.0,0.0,1.478,0.0,1.478,2.05,2.412,0.0,2.677,1.478,0.0,0.0,0.0,0.0,0.0,0.0,0.0,1.478,0.0,0.0,2.05,0.0,1.478,0.0,0.0,0.0,0.0,0.0,0.0,0.0,0.0,3.807,0.0,1.478,0.0,0.0,0.0,0.0,1.478,0.0,2.412,0.0,0.0,0.0,0.0,0.0,2.05,0.0,0.0,1.478,0.0,0.0,0.0,0.0,0.0,0.0,0.0,2.05,0.0,0.0,1.478,0.0,0.0,0.0,0.0,0.0,1.478,0.0,0.0,1.478,0.0,0.0,0.0,0.0,0.0,1.478,1.478,0.0,0.0,3.206,1.478,0.0,0.0,0.0,0.0,0.0,1.478,0.0,0.0,1.478,0.0,0.0,1.478,0.0,2.05,0.0,0.0,0.0,0.0,0.0,0.0,0.0,0.0,0.0,0.0,0.0,0.0,0.0,0.0,0.0,0.0,0.0,0.0,0.0,0.0,0.0,0.0,1.478,0.0,1.478,0.0,0.0,0.0,0.0,0.0,0.0,2.677,0.0,1.478,0.0,2.05,0.0,0.0,0.0,0.0,0.0,1.478,0.0,0.0,2.05,1.478,0.0,1.478,1.478,2.05,0.0,0.0,1.478,0.0,4.94,0.0,0.0,2.886,0.0,1.478,0.0,0.0,0.0,1.478,0.0,1.478,0.0,0.0,0.0,0.0,0.0,0.0,0.0,0.0,1.478,0.0,2.412,2.412,0.0,2.05,1.478,4.725,3.643,4.45,3.728,3.551,3.335,3.206,2.677,3.206,3.807,0.0,0.0,2.05,0.0,1.478,0.0,2.05,0.0,1.478,0.0,0.0,0.0,0.0,0.0,0.0,0.0,0.0,0.0,0.0,1.478,0.0,0.0,2.886,1.478,0.0,1.478,0.0,0.0,2.412,0.0,0.0,0.0,0.0,0.0,2.412,0.0,0.0,0.0,0.0,0.0,0.0,0.0,2.05,0.0,0.0,0.0,0.0,2.05,0.0,0.0,0.0,0.0,0.0,0.0,0.0,0.0,0.0,0.0,0.0,0.0,1.478,1.478,0.0,0.0,0.0,1.478,0.0,0.0,0.0,2.05,2.886,2.677,0.0,0.0,1.478,0.0,0.0,1.478,0.0,0.0,0.0,0.0,0.0,2.05,0.0,0.0,1.478,0.0,0.0,0.0,0.0,0.0,0.0,0.0,0.0,0.0,1.478,0.0,0.0,1.478,1.478,1.478,0.0,1.478,1.478,0.0,0.0,0.0,2.412,0.0,0.0,2.412,0.0,2.05,0.0,0.0,0.0,0.0,0.0,0.0,0.0,1.478,2.412,0.0,0.0,2.05,0.0,0.0,1.478,0.0,0.0,0.0,0.0,2.677,0.0,1.478,0.0,0.0,0.0,0.0,0.0,0.0,3.059,0.0,0.0,0.0,3.059,0.0,3.449,0.0,1.478,0.0,0.0,1.478,0.0,0.0,2.05,0.0,0.0,1.478,2.412,0.0,0.0,0.0,0.0,2.05,0.0,2.412,0.0,0.0,0.0,0.0,2.412,0.0,0.0,3.335,1.478,0.0,0.0,0.0,0.0,1.478,1.478,0.0,0.0,0.0,0.0,2.412,0.0,0.0,0.0,0.0,0.0,0.0,0.0,0.0,2.677,0.0,1.478,0.0,1.478,1.478,0.0,0.0,0.0,0.0,0.0,0.0,0.0,2.05,0.0,0.0,0.0,0.0,0.0,0.0,0.0,1.478,0.0,1.478,0.0,0.0,0.0,0.0,0.0,0.0,0.0,0.0,2.412,0.0,0.0,1.478,0.0,2.677,0.0,2.677,0.0,0.0,0.0,0.0,0.0,4.94,0.0,0.0,1.478,2.05,1.478,0.0,0.0,0.0,1.478,0.0,1.478,0.0,0.0,0.0,0.0,0.0,0.0,2.05,0.0,0.0,0.0,0.0,0.0,0.0,0.0,0.0,0.0,0.0,1.478,1.478,1.478,0.0,0.0,2.412,0.0,0.0,2.05,0.0,2.05,0.0,0.0,0.0,0.0,3.807,0.0,1.478,0.0,0.0,0.0,1.478,0.0,0.0,0.0,0.0,2.412,1.478,0.0,0.0,0.0,0.0,0.0,0.0,0.0,2.677,0.0,1.478,1.478,0.0,1.478,0.0,0.0,0.0,0.0,0.0,0.0,0.0,0.0,0.0,0.0,0.0,0.0,0.0,1.478,0.0,1.478,0.0,0.0,0.0,0.0,0.0,0.0,0.0,0.0,0.0,1.478,0.0,0.0,1.478,0.0,0.0,1.478,0.0,2.05,0.0,2.412,0.0,3.335,0.0,2.05,0.0,0.0,2.05,0.0,0.0,0.0,0.0,1.478,0.0,0.0,0.0,0.0,0.0,1.478,0.0,0.0,0.0,1.478,1.478,1.478,0.0,1.478,0.0,1.478,2.05,2.05,0.0,1.478,0.0,0.0,0.0,0.0,0.0,0.0,0.0,0.0,0.0,0.0,0.0,0.0,0.0,0.0,1.478,0.0,4.229,0.0,0.0,0.0,1.478,0.0,0.0,2.677,0.0,0.0,0.0,0.0,1.478,0.0,2.412,2.05,0.0,0.0,0.0,0.0,0.0,1.478,0.0,0.0,1.478,0.0,0.0,0.0,0.0,0.0,0.0,0.0,0.0,1.478,1.478,1.478,0.0,1.478,0.0,0.0,0.0,0.0,1.478,0.0,0.0,0.0,3.643,2.412,1.478,2.05,2.05,0.0,0.0,0.0,1.478,1.478,2.05,0.0,0.0,2.412,0.0,0.0,0.0,3.449,0.0,0.0,0.0,0.0,0.0,0.0,0.0,1.478,1.478,1.478,4.94,0.0,2.412,0.0,0.0,0.0,0.0,0.0,0.0,0.0,2.05,0.0,0.0,0.0,1.478,2.412,0.0,0.0,1.478,0.0,0.0,0.0,0.0,1.478,0.0,0.0,0.0,0.0,0.0,2.05,0.0,0.0,1.478,0.0,0.0,0.0,3.059,0.0,0.0,0.0,2.677,0.0,0.0,2.05,2.05,1.478,1.478,0.0,0.0,0.0
T-Zelle,0.0,0.0,1.997,1.997,0.0,0.0,1.431,0.0,0.0,0.0,1.431,0.0,0.0,0.0,1.997,0.0,0.0,3.492,0.0,0.0,0.0,0.0,2.829,0.0,0.0,1.431,1.431,1.431,0.0,0.0,0.0,0.0,0.0,0.0,0.0,0.0,0.0,0.0,0.0,0.0,1.431,0.0,1.431,0.0,0.0,0.0,0.0,0.0,0.0,0.0,0.0,1.431,0.0,0.0,2.357,2.357,0.0,1.431,0.0,0.0,0.0,0.0,0.0,0.0,0.0,0.0,0.0,0.0,0.0,0.0,0.0,0.0,0.0,0.0,0.0,0.0,0.0,0.0,0.0,1.431,1.431,0.0,0.0,0.0,2.357,0.0,0.0,0.0,0.0,0.0,0.0,1.431,0.0,0.0,0.0,0.0,0.0,1.431,1.997,0.0,0.0,0.0,0.0,1.431,1.997,1.431,1.431,0.0,0.0,0.0,0.0,3.001,1.997,0.0,1.997,0.0,1.431,0.0,0.0,0.0,1.431,0.0,0.0,0.0,0.0,0.0,0.0,0.0,1.997,1.431,0.0,0.0,0.0,0.0,0.0,1.431,0.0,1.997,0.0,0.0,0.0,0.0,0.0,0.0,0.0,2.357,0.0,1.431,0.0,0.0,0.0,0.0,1.431,1.431,0.0,1.431,0.0,0.0,1.431,0.0,1.431,1.431,0.0,0.0,1.431,0.0,0.0,0.0,0.0,1.997,0.0,0.0,0.0,0.0,0.0,0.0,0.0,0.0,0.0,0.0,0.0,0.0,0.0,0.0,1.431,1.431,0.0,0.0,1.431,1.431,1.431,1.431,0.0,0.0,1.431,2.62,1.431,0.0,0.0,1.431,0.0,0.0,0.0,0.0,1.997,0.0,0.0,1.431,0.0,1.997,1.431,2.829,1.997,0.0,0.0,0.0,0.0,2.357,0.0,0.0,0.0,0.0,0.0,0.0,0.0,0.0,1.997,0.0,0.0,0.0,4.066,0.0,0.0,0.0,0.0,1.431,0.0,0.0,0.0,0.0,0.0,0.0,0.0,0.0,0.0,0.0,0.0,0.0,0.0,0.0,0.0,0.0,0.0,0.0,0.0,0.0,0.0,1.431,0.0,0.0,0.0,0.0,0.0,0.0,0.0,0.0,0.0,0.0,1.431,0.0,0.0,0.0,0.0,1.431,0.0,0.0,1.997,0.0,0.0,1.431,1.431,1.431,0.0,0.0,0.0,0.0,0.0,0.0,0.0,1.431,0.0,0.0,0.0,0.0,0.0,1.431,0.0,1.431,0.0,0.0,0.0,0.0,1.431,0.0,1.431,0.0,0.0,0.0,0.0,0.0,0.0,2.357,0.0,0.0,0.0,1.431,0.0,0.0,0.0,0.0,1.997,1.431,0.0,0.0,1.431,0.0,1.997,0.0,0.0,1.431,0.0,0.0,1.431,0.0,0.0,0.0,0.0,0.0,1.431,0.0,0.0,0.0,0.0,1.431,0.0,0.0,1.431,2.357,0.0,0.0,0.0,1.431,0.0,0.0,1.997,0.0,0.0,1.431,0.0,1.997,0.0,1.431,1.431,1.431,0.0,0.0,1.431,0.0,0.0,0.0,1.431,0.0,0.0,0.0,0.0,0.0,0.0,1.431,0.0,1.431,0.0,0.0,0.0,0.0,0.0,0.0,0.0,0.0,0.0,0.0,0.0,0.0,1.997,2.357,3.001,0.0,0.0,0.0,0.0,1.431,0.0,0.0,1.431,0.0,0.0,0.0,0.0,0.0,2.62,1.997,0.0,0.0,0.0,0.0,1.431,0.0,1.431,1.431,2.357,0.0,0.0,0.0,0.0,0.0,1.431,0.0,0.0,1.431,0.0,0.0,0.0,0.0,1.431,0.0,0.0,1.997,1.997,0.0,1.431,1.997,2.357,1.431,0.0,0.0,2.357,0.0,0.0,0.0,0.0,1.431,0.0,1.431,0.0,0.0,0.0,0.0,1.431,1.997,0.0,0.0,0.0,0.0,0.0,0.0,0.0,0.0,1.431,0.0,0.0,0.0,0.0,0.0,0.0,0.0,2.829,0.0,1.997,0.0,1.431,1.997,0.0,0.0,0.0,0.0,0.0,0.0,1.431,0.0,0.0,1.431,0.0,3.39,0.0,0.0,1.431,0.0,0.0,0.0,1.997,2.357,0.0,0.0,0.0,0.0,0.0,0.0,0.0,0.0,0.0,0.0,0.0,0.0,0.0,0.0,0.0,0.0,1.997,0.0,1.431,0.0,0.0,0.0,0.0,1.431,1.997,1.431,0.0,0.0,0.0,0.0,1.997,2.62,0.0,1.431,2.357,0.0,0.0,0.0,0.0,0.0,0.0,0.0,1.431,1.431,0.0,0.0,0.0,0.0,0.0,0.0,0.0,1.431,0.0,1.431,0.0,0.0,0.0,0.0,0.0,1.431,1.997,0.0,0.0,0.0,0.0,0.0,0.0,0.0,0.0,0.0,0.0,0.0,1.997,2.357,0.0,0.0,1.431,0.0,0.0,0.0,1.431,0.0,0.0,0.0,0.0,0.0,0.0,0.0,1.431,0.0,1.431,0.0,0.0,0.0,2.357,0.0,0.0,0.0,0.0,0.0,1.431,0.0,0.0,0.0,0.0,0.0,0.0,0.0,1.431,0.0,0.0,0.0,0.0,1.431,0.0,0.0,0.0,0.0,1.431,0.0,2.357,0.0,1.431,0.0,0.0,0.0,1.997,0.0,0.0,1.997,1.431,0.0,0.0,0.0,0.0,0.0,0.0,1.997,0.0,0.0,0.0,0.0,0.0,0.0,0.0,0.0,1.431,0.0,1.997,1.431,0.0,1.997,1.431,1.431,0.0,1.997,0.0,1.431,0.0,0.0,1.997,1.431,1.431,0.0,0.0,0.0,0.0,0.0,3.001,0.0,0.0,0.0,0.0,0.0,1.997,0.0,1.431,0.0,0.0,2.357,0.0,2.357,0.0,1.997,0.0,1.431,1.431,3.584,0.0,1.997,0.0,0.0,0.0,1.431,0.0,1.431,0.0,0.0,1.431,0.0,1.431,0.0,1.431,0.0,0.0,0.0,1.997,0.0,0.0,0.0,1.431,0.0,0.0,1.431,1.997,2.829,0.0,2.357,0.0,2.357,0.0,0.0,0.0,0.0,1.431,0.0,0.0,0.0,0.0,0.0,0.0,0.0,0.0,1.431,0.0,0.0,0.0,0.0,0.0,0.0,0.0,0.0,1.431,0.0,1.997,0.0,0.0,2.357,0.0,0.0,0.0,0.0,1.431,2.357,0.0,0.0,1.431,0.0,0.0,0.0,0.0,1.997,0.0,1.431,1.431
NK-Zelle,0.0,0.0,0.0,1.645,0.0,1.645,0.0,0.0,0.0,1.645,0.0,0.0,0.0,0.0,0.0,0.0,1.645,0.0,2.236,1.645,0.0,0.0,0.0,0.0,0.0,1.645,0.0,2.236,2.605,0.0,0.0,0.0,1.645,0.0,1.645,1.645,0.0,0.0,2.874,0.0,0.0,1.645,1.645,0.0,2.236,0.0,0.0,1.645,0.0,0.0,0.0,1.645,0.0,0.0,2.236,1.645,0.0,0.0,0.0,2.236,0.0,0.0,1.645,0.0,0.0,0.0,2.236,0.0,3.539,0.0,1.645,0.0,1.645,0.0,0.0,1.645,0.0,0.0,0.0,1.645,2.236,0.0,1.645,0.0,2.236,0.0,0.0,0.0,0.0,0.0,0.0,2.605,0.0,0.0,0.0,0.0,0.0,0.0,1.645,0.0,0.0,0.0,4.658,0.0,0.0,0.0,0.0,0.0,0.0,0.0,0.0,1.645,1.645,0.0,0.0,0.0,0.0,0.0,0.0,0.0,0.0,1.645,0.0,0.0,0.0,0.0,0.0,2.236,1.645,0.0,0.0,0.0,0.0,0.0,0.0,0.0,0.0,0.0,0.0,2.236,0.0,0.0,0.0,0.0,1.645,1.645,0.0,0.0,0.0,0.0,0.0,0.0,0.0,1.645,0.0,0.0,0.0,0.0,1.645,0.0,0.0,0.0,0.0,0.0,2.236,2.236,0.0,0.0,2.236,1.645,0.0,0.0,0.0,0.0,0.0,1.645,0.0,0.0,0.0,0.0,1.645,3.261,1.645,0.0,0.0,0.0,0.0,1.645,0.0,0.0,0.0,0.0,0.0,2.874,0.0,2.874,0.0,0.0,0.0,0.0,0.0,1.645,0.0,0.0,2.874,0.0,0.0,1.645,0.0,3.086,0.0,2.236,1.645,2.605,2.605,0.0,0.0,2.236,0.0,0.0,0.0,2.236,0.0,0.0,1.645,0.0,0.0,0.0,1.645,0.0,0.0,1.645,0.0,0.0,3.849,1.645,0.0,0.0,1.645,0.0,0.0,0.0,0.0,0.0,0.0,0.0,0.0,0.0,0.0,2.236,0.0,0.0,0.0,0.0,1.645,0.0,0.0,0.0,0.0,0.0,0.0,1.645,0.0,0.0,1.645,0.0,0.0,1.645,0.0,1.645,0.0,0.0,1.645,2.236,0.0,0.0,2.605,0.0,1.645,0.0,0.0,0.0,0.0,0.0,2.605,0.0,0.0,0.0,0.0,1.645,0.0,0.0,0.0,0.0,0.0,1.645,0.0,0.0,0.0,0.0,0.0,0.0,0.0,0.0,0.0,0.0,0.0,1.645,0.0,2.605,2.236,0.0,0.0,0.0,1.645,2.605,0.0,0.0,2.236,0.0,0.0,0.0,2.236,1.645,0.0,0.0,0.0,0.0,0.0,0.0,1.645,0.0,2.236,0.0,0.0,0.0,0.0,0.0,0.0,0.0,0.0,0.0,0.0,0.0,0.0,1.645,0.0,0.0,0.0,3.086,1.645,1.645,0.0,0.0,0.0,0.0,0.0,2.236,0.0,0.0,0.0,0.0,1.645,1.645,0.0,2.236,1.645,0.0,0.0,0.0,1.645,0.0,1.645,3.41,0.0,1.645,0.0,1.645,1.645,3.41,0.0,0.0,0.0,0.0,0.0,0.0,1.645,0.0,2.605,1.645,2.605,1.645,0.0,1.645,3.086,0.0,0.0,0.0,0.0,0.0,0.0,0.0,0.0,0.0,0.0,0.0,0.0,0.0,3.935,2.605,2.605,0.0,0.0,2.236,1.645,0.0,0.0,0.0,2.236,0.0,0.0,0.0,2.605,1.645,0.0,0.0,0.0,0.0,0.0,0.0,0.0,0.0,1.645,1.645,1.645,2.874,0.0,0.0,2.236,0.0,3.086,0.0,2.605,0.0,2.236,0.0,0.0,0.0,1.645,0.0,2.236,1.645,0.0,0.0,0.0,0.0,0.0,0.0,0.0,0.0,0.0,0.0,0.0,0.0,0.0,0.0,0.0,0.0,0.0,0.0,0.0,0.0,0.0,0.0,2.236,1.645,0.0,0.0,0.0,2.874,0.0,2.605,0.0,0.0,0.0,0.0,1.645,0.0,0.0,2.605,0.0,2.236,0.0,0.0,0.0,0.0,2.236,0.0,0.0,0.0,0.0,0.0,0.0,0.0,0.0,2.236,1.645,0.0,0.0,0.0,0.0,0.0,0.0,0.0,0.0,0.0,3.086,1.645,0.0,2.236,3.261,0.0,0.0,0.0,2.874,2.236,0.0,0.0,1.645,0.0,2.236,1.645,1.645,2.236,1.645,0.0,0.0,1.645,0.0,0.0,0.0,0.0,0.0,2.874,2.236,0.0,0.0,0.0,0.0,0.0,0.0,2.874,0.0,1.645,0.0,0.0,0.0,0.0,0.0,2.236,1.645,0.0,0.0,0.0,0.0,0.0,0.0,0.0,0.0,0.0,1.645,0.0,1.645,0.0,1.645,0.0,0.0,0.0,0.0,0.0,1.645,0.0,0.0,0.0,1.645,1.645,0.0,0.0,0.0,0.0,2.236,0.0,0.0,0.0,2.236,0.0,1.645,0.0,0.0,0.0,0.0,0.0,0.0,0.0,1.645,0.0,0.0,2.236,0.0,0.0,1.645,0.0,0.0,0.0,0.0,1.645,0.0,2.236,1.645,0.0,2.236,2.605,0.0,0.0,0.0,0.0,0.0,0.0,0.0,2.236,0.0,0.0,0.0,0.0,0.0,1.645,0.0,0.0,0.0,0.0,0.0,0.0,1.645,1.645,1.645,0.0,0.0,0.0,1.645,0.0,0.0,1.645,0.0,3.41,0.0,0.0,1.645,0.0,0.0,0.0,0.0,0.0,1.645,1.645,0.0,2.236,0.0,0.0,0.0,0.0,1.645,2.236,0.0,0.0,0.0,0.0,2.236,0.0,0.0,2.236,0.0,1.645,2.236,0.0,0.0,0.0,2.236,2.236,0.0,2.236,0.0,0.0,0.0,0.0,0.0,0.0,0.0,0.0,1.645,0.0,2.605,0.0,0.0,2.874,3.261,0.0,0.0,0.0,0.0,0.0,0.0,0.0,2.236,2.236,2.236,2.605,0.0,2.236,0.0,1.645,0.0,0.0,0.0,0.0,4.806,0.0,0.0,0.0,0.0,1.645,0.0,0.0,0.0,0.0,0.0,0.0,0.0,0.0,0.0,0.0,1.645,0.0,0.0,0.0,2.236,0.0,0.0,1.645,0.0,1.645,0.0,0.0,0.0,1.645,0.0,0.0,0.0,0.0,2.605,2.236,1.645,3.539,0.0,1.645,0.0
Dendritische Zelle,0.0,0.0,0.0,2.168,0.0,0.0,0.0,0.0,0.0,0.0,0.0,0.0,0.0,0.0,1.276,0.0,0.0,1.819,0.0,1.819,0.0,0.0,0.0,1.276,2.168,0.0,0.0,0.0,2.168,0.0,0.0,0.0,0.0,1.276,0.0,0.0,0.0,0.0,1.819,1.276,2.168,0.0,0.0,0.0,1.276,0.0,0.0,0.0,1.276,1.276,1.276,3.188,0.0,0.0,2.168,0.0,1.276,1.276,0.0,0.0,0.0,0.0,1.276,0.0,0.0,0.0,3.289,0.0,1.276,0.0,0.0,0.0,0.0,0.0,0.0,0.0,0.0,1.276,0.0,0.0,1.276,0.0,0.0,0.0,0.0,1.276,1.276,0.0,0.0,0.0,0.0,1.819,0.0,0.0,2.168,0.0,0.0,1.276,0.0,0.0,1.276,1.819,0.0,0.0,0.0,0.0,0.0,0.0,0.0,0.0,0.0,1.276,1.819,1.276,0.0,0.0,0.0,0.0,1.276,1.276,0.0,0.0,0.0,0.0,0.0,0.0,0.0,0.0,0.0,0.0,0.0,0.0,0.0,0.0,0.0,0.0,0.0,1.819,1.819,2.427,1.276,1.276,1.819,0.0,0.0,0.0,0.0,0.0,0.0,0.0,0.0,0.0,2.632,1.276,1.819,0.0,0.0,0.0,1.276,0.0,0.0,0.0,0.0,0.0,1.276,0.0,0.0,0.0,0.0,1.276,0.0,0.0,0.0,0.0,0.0,0.0,0.0,1.276,0.0,0.0,1.276,0.0,0.0,0.0,1.276,0.0,1.276,0.0,2.168,0.0,0.0,1.276,0.0,0.0,1.276,2.168,1.819,0.0,0.0,0.0,0.0,0.0,1.276,0.0,2.427,0.0,0.0,1.276,1.276,5.258,0.0,2.948,1.276,2.632,0.0,0.0,0.0,1.819,0.0,0.0,1.276,1.819,2.168,0.0,0.0,0.0,0.0,0.0,1.276,0.0,0.0,0.0,1.819,0.0,2.168,0.0,5.173,3.804,4.671,3.86,3.381,2.803,2.632,2.948,4.718,4.486,0.0,0.0,0.0,0.0,1.276,0.0,1.819,0.0,2.427,1.276,0.0,0.0,0.0,1.276,0.0,0.0,0.0,0.0,0.0,0.0,1.276,1.276,0.0,0.0,0.0,0.0,1.276,1.276,3.381,0.0,0.0,0.0,1.276,1.276,2.168,0.0,0.0,1.276,0.0,1.276,0.0,0.0,0.0,2.427,0.0,1.276,0.0,0.0,0.0,1.276,0.0,1.819,0.0,1.819,0.0,0.0,0.0,0.0,0.0,0.0,1.276,1.276,0.0,1.276,1.276,0.0,0.0,0.0,0.0,1.819,0.0,0.0,0.0,0.0,0.0,0.0,1.276,1.819,1.276,0.0,0.0,0.0,0.0,0.0,2.168,0.0,1.276,0.0,0.0,0.0,0.0,0.0,0.0,0.0,0.0,0.0,0.0,0.0,0.0,1.276,0.0,1.276,0.0,1.276,0.0,0.0,0.0,0.0,1.276,0.0,0.0,0.0,1.819,1.819,0.0,0.0,1.276,0.0,0.0,0.0,1.276,0.0,0.0,0.0,0.0,1.819,1.276,0.0,0.0,0.0,1.276,0.0,0.0,3.615,0.0,0.0,0.0,0.0,0.0,0.0,0.0,1.276,2.168,1.819,0.0,1.276,1.819,1.276,2.427,1.276,0.0,0.0,1.276,1.276,0.0,0.0,2.427,1.276,0.0,0.0,1.276,0.0,0.0,0.0,0.0,1.819,0.0,1.819,0.0,0.0,0.0,0.0,2.168,1.819,0.0,2.948,0.0,0.0,1.276,1.276,0.0,0.0,0.0,0.0,0.0,0.0,0.0,0.0,0.0,0.0,1.276,0.0,0.0,1.276,0.0,0.0,4.1,0.0,0.0,0.0,1.276,0.0,0.0,0.0,1.276,0.0,0.0,0.0,0.0,1.276,0.0,0.0,0.0,0.0,0.0,0.0,0.0,1.276,0.0,0.0,0.0,0.0,0.0,0.0,0.0,0.0,0.0,0.0,2.168,0.0,0.0,2.803,0.0,3.188,0.0,2.427,0.0,0.0,1.276,0.0,0.0,4.741,0.0,1.276,0.0,1.819,0.0,0.0,0.0,0.0,1.276,0.0,2.427,1.276,0.0,0.0,0.0,0.0,0.0,1.819,1.276,0.0,0.0,0.0,0.0,0.0,0.0,0.0,0.0,0.0,2.168,2.427,0.0,0.0,0.0,0.0,0.0,0.0,2.168,1.276,0.0,0.0,0.0,1.819,0.0,1.276,0.0,2.632,0.0,0.0,0.0,1.819,0.0,0.0,0.0,1.819,0.0,2.803,0.0,0.0,0.0,0.0,0.0,0.0,0.0,1.276,0.0,0.0,0.0,1.276,0.0,0.0,1.276,0.0,0.0,0.0,1.276,0.0,0.0,0.0,0.0,1.819,0.0,0.0,2.168,1.819,0.0,0.0,0.0,0.0,1.819,0.0,0.0,1.276,0.0,1.819,0.0,0.0,0.0,0.0,0.0,3.075,0.0,1.276,0.0,0.0,0.0,1.276,3.543,1.276,1.276,0.0,0.0,0.0,0.0,1.276,0.0,0.0,0.0,0.0,0.0,0.0,0.0,0.0,0.0,0.0,0.0,0.0,0.0,0.0,0.0,0.0,2.168,0.0,2.632,0.0,1.819,0.0,0.0,0.0,1.819,0.0,2.168,0.0,0.0,0.0,0.0,0.0,1.276,0.0,0.0,0.0,0.0,0.0,1.276,4.963,0.0,0.0,0.0,0.0,1.276,0.0,1.819,0.0,0.0,0.0,0.0,2.427,1.819,2.168,0.0,0.0,0.0,1.276,1.276,0.0,1.276,1.276,0.0,1.819,1.276,0.0,0.0,0.0,0.0,0.0,0.0,0.0,1.276,0.0,0.0,1.276,0.0,1.819,0.0,1.819,0.0,0.0,0.0,0.0,1.819,0.0,1.276,1.819,0.0,0.0,1.276,0.0,0.0,1.276,2.427,0.0,1.276,0.0,1.819,1.819,0.0,0.0,0.0,0.0,1.819,0.0,0.0,0.0,0.0,0.0,0.0,0.0,2.168,3.381,1.276,1.819,0.0,0.0,1.276,0.0,0.0,0.0,0.0,0.0,0.0,1.276,0.0,0.0,2.168,0.0,0.0,0.0,0.0,0.0,0.0,0.0,0.0,1.819,0.0,0.0,0.0,0.0,1.276,0.0,1.819,2.427,0.0,1.276,0.0,1.819,0.0,1.276,0.0,1.819,0.0,0.0,1.276,1.819,1.276,0.0,0.0,1.276,0.0
Dendritische Zelle,1.313,0.0,0.0,2.214,0.0,0.0,0.0,0.0,1.862,1.313,0.0,1.313,2.474,1.313,1.313,1.313,0.0,1.862,1.313,0.0,0.0,1.862,1.313,1.862,0.0,0.0,0.0,1.313,1.862,0.0,0.0,0.0,0.0,0.0,0.0,0.0,0.0,0.0,1.313,0.0,0.0,1.862,0.0,0.0,0.0,0.0,0.0,0.0,0.0,3.339,0.0,0.0,1.313,0.0,3.124,4.062,0.0,1.313,0.0,1.313,1.313,0.0,0.0,0.0,0.0,0.0,1.313,0.0,2.68,0.0,2.474,0.0,1.313,0.0,0.0,0.0,0.0,0.0,0.0,1.313,1.862,0.0,0.0,0.0,2.214,0.0,0.0,1.313,1.313,0.0,0.0,1.862,0.0,0.0,1.862,0.0,1.313,0.0,1.313,0.0,0.0,0.0,0.0,0.0,0.0,0.0,0.0,0.0,1.313,0.0,0.0,0.0,2.214,0.0,0.0,1.862,0.0,0.0,1.313,1.862,0.0,0.0,0.0,0.0,0.0,0.0,0.0,1.313,0.0,0.0,0.0,0.0,0.0,0.0,0.0,1.862,0.0,0.0,0.0,2.214,1.313,0.0,1.313,1.862,1.313,0.0,0.0,0.0,0.0,0.0,0.0,0.0,0.0,1.862,1.313,0.0,1.313,0.0,0.0,0.0,1.862,1.862,0.0,1.313,1.313,0.0,0.0,0.0,0.0,1.313,0.0,0.0,0.0,2.214,0.0,0.0,0.0,0.0,0.0,1.862,0.0,1.313,1.313,0.0,0.0,0.0,1.862,0.0,0.0,0.0,0.0,0.0,0.0,0.0,0.0,1.862,1.862,0.0,0.0,1.313,1.862,1.313,2.214,0.0,1.862,0.0,0.0,1.862,0.0,3.732,1.313,1.313,0.0,1.313,0.0,0.0,0.0,1.313,0.0,1.313,0.0,0.0,0.0,0.0,1.313,0.0,0.0,0.0,0.0,0.0,2.68,3.431,3.911,0.0,2.474,1.313,2.474,2.214,3.339,0.0,1.862,1.862,0.0,0.0,3.237,3.237,0.0,0.0,0.0,1.862,0.0,0.0,1.862,1.313,0.0,0.0,1.313,0.0,0.0,0.0,0.0,1.313,0.0,0.0,0.0,0.0,1.313,0.0,2.68,0.0,0.0,0.0,1.313,2.214,0.0,0.0,1.313,0.0,0.0,0.0,1.313,1.862,0.0,1.313,0.0,0.0,0.0,0.0,0.0,1.862,0.0,1.313,0.0,1.313,0.0,1.313,0.0,2.214,0.0,0.0,0.0,0.0,1.313,0.0,0.0,1.313,0.0,0.0,0.0,1.313,1.313,1.862,0.0,1.313,0.0,0.0,2.214,1.862,0.0,0.0,0.0,0.0,0.0,1.313,1.862,0.0,0.0,0.0,0.0,0.0,1.313,0.0,0.0,0.0,0.0,0.0,0.0,0.0,0.0,1.313,1.313,0.0,0.0,1.313,0.0,1.313,0.0,1.313,0.0,2.214,0.0,0.0,0.0,1.862,0.0,0.0,0.0,2.474,1.862,0.0,0.0,1.862,0.0,0.0,0.0,0.0,0.0,0.0,0.0,0.0,0.0,0.0,0.0,0.0,0.0,0.0,0.0,0.0,0.0,2.851,0.0,0.0,1.313,1.313,0.0,0.0,0.0,0.0,1.862,0.0,0.0,0.0,2.68,0.0,3.515,0.0,0.0,0.0,1.313,0.0,1.313,0.0,0.0,1.313,0.0,0.0,0.0,0.0,2.997,0.0,1.313,1.313,0.0,1.313,0.0,0.0,0.0,0.0,1.313,1.313,0.0,2.214,0.0,0.0,1.313,0.0,0.0,0.0,2.214,0.0,0.0,0.0,1.313,0.0,0.0,0.0,1.862,0.0,1.862,1.313,0.0,0.0,1.313,0.0,1.313,0.0,0.0,0.0,0.0,0.0,0.0,1.862,0.0,0.0,0.0,0.0,1.862,1.313,0.0,0.0,0.0,0.0,0.0,0.0,0.0,0.0,0.0,0.0,0.0,0.0,0.0,0.0,0.0,0.0,2.68,0.0,0.0,1.313,1.313,2.68,0.0,0.0,1.313,0.0,0.0,0.0,0.0,2.474,0.0,2.68,0.0,1.862,1.313,0.0,0.0,0.0,1.313,1.313,1.313,0.0,0.0,0.0,1.313,0.0,0.0,1.313,1.313,0.0,0.0,0.0,0.0,0.0,0.0,0.0,0.0,0.0,0.0,1.313,1.313,0.0,0.0,2.214,0.0,0.0,2.851,1.862,0.0,0.0,0.0,1.862,1.313,2.474,0.0,2.68,1.313,0.0,0.0,1.862,0.0,0.0,0.0,0.0,0.0,2.214,0.0,0.0,0.0,1.313,0.0,1.313,0.0,1.313,0.0,1.313,0.0,0.0,0.0,0.0,1.313,0.0,0.0,0.0,0.0,0.0,1.313,2.474,1.313,0.0,0.0,0.0,0.0,0.0,1.313,3.339,0.0,0.0,1.313,0.0,0.0,0.0,0.0,0.0,0.0,0.0,0.0,1.313,0.0,0.0,0.0,0.0,1.862,1.862,0.0,1.313,1.313,0.0,2.214,1.313,0.0,0.0,1.313,1.313,0.0,0.0,0.0,1.313,0.0,0.0,0.0,0.0,0.0,0.0,1.313,0.0,0.0,1.313,1.862,1.862,2.474,1.862,3.339,0.0,1.313,0.0,0.0,0.0,0.0,0.0,0.0,0.0,0.0,0.0,0.0,0.0,0.0,0.0,0.0,1.313,0.0,0.0,2.68,3.124,0.0,0.0,0.0,1.313,1.313,1.313,1.862,0.0,0.0,1.313,0.0,1.313,0.0,2.474,1.313,0.0,0.0,2.214,0.0,0.0,1.313,0.0,0.0,1.313,0.0,0.0,1.313,1.862,0.0,0.0,0.0,1.862,1.862,1.313,0.0,2.68,0.0,1.862,0.0,1.862,0.0,0.0,0.0,0.0,2.474,1.313,1.313,0.0,0.0,0.0,0.0,0.0,1.313,0.0,1.862,0.0,1.313,0.0,2.474,1.862,0.0,1.862,3.515,0.0,0.0,0.0,0.0,0.0,1.862,1.313,0.0,1.862,0.0,5.084,0.0,2.851,0.0,2.474,0.0,0.0,0.0,1.313,0.0,0.0,0.0,0.0,0.0,0.0,2.214,0.0,0.0,0.0,0.0,0.0,1.313,0.0,1.313,0.0,0.0,0.0,0.0,0.0,1.313,0.0,0.0,2.474,1.313,1.313,0.0,2.214,0.0,1.313,0.0,0.0,0.0,0.0,0.0,0.0,1.862,1.862,0.0,1.862,0.0
Monozyt,2.546,0.0,1.371,1.371,0.0,0.0,0.0,0.0,1.929,0.0,1.929,0.0,2.754,0.0,0.0,0.0,0.0,2.546,0.0,2.754,0.0,1.371,0.0,1.371,0.0,1.371,1.371,1.371,2.285,0.0,0.0,1.371,0.0,0.0,0.0,0.0,0.0,0.0,0.0,0.0,0.0,1.371,0.0,0.0,1.371,0.0,0.0,0.0,1.371,3.313,0.0,0.0,2.285,0.0,2.285,3.2,0.0,1.929,0.0,1.371,0.0,0.0,0.0,0.0,1.371,0.0,1.371,0.0,3.072,0.0,3.415,0.0,0.0,1.371,1.371,0.0,0.0,2.285,0.0,0.0,0.0,0.0,0.0,0.0,1.371,0.0,1.371,0.0,0.0,0.0,0.0,1.371,0.0,0.0,0.0,0.0,1.929,0.0,0.0,0.0,0.0,0.0,1.371,0.0,0.0,1.371,0.0,0.0,0.0,0.0,0.0,0.0,0.0,1.371,1.929,0.0,0.0,1.371,0.0,0.0,0.0,1.929,0.0,0.0,0.0,0.0,0.0,0.0,0.0,0.0,0.0,0.0,0.0,0.0,0.0,0.0,0.0,1.371,0.0,1.371,0.0,0.0,0.0,1.371,1.371,0.0,1.371,1.371,0.0,1.371,0.0,0.0,1.929,0.0,1.371,0.0,0.0,0.0,0.0,0.0,0.0,1.929,0.0,0.0,0.0,0.0,0.0,0.0,1.371,0.0,0.0,0.0,0.0,3.313,0.0,0.0,0.0,0.0,0.0,0.0,1.371,1.929,0.0,0.0,0.0,0.0,1.371,0.0,0.0,1.371,0.0,0.0,0.0,0.0,0.0,2.546,1.371,0.0,0.0,1.929,1.929,0.0,1.371,0.0,0.0,0.0,0.0,1.929,1.929,3.507,0.0,2.754,0.0,2.754,0.0,0.0,0.0,0.0,1.929,1.371,0.0,0.0,0.0,0.0,1.371,0.0,0.0,0.0,0.0,0.0,2.285,3.313,3.669,1.371,2.546,1.371,2.925,0.0,2.285,1.371,0.0,1.371,0.0,0.0,2.285,1.371,0.0,0.0,0.0,1.371,0.0,1.371,1.371,0.0,0.0,0.0,0.0,0.0,0.0,0.0,0.0,0.0,0.0,0.0,0.0,0.0,0.0,0.0,2.754,0.0,0.0,0.0,2.285,1.371,0.0,0.0,0.0,0.0,0.0,0.0,1.929,1.371,0.0,0.0,0.0,1.371,0.0,0.0,1.371,0.0,0.0,0.0,0.0,1.929,1.371,0.0,0.0,1.929,1.929,2.285,0.0,0.0,0.0,0.0,0.0,1.371,0.0,1.929,0.0,1.929,0.0,2.546,1.371,0.0,0.0,1.371,2.754,0.0,0.0,0.0,0.0,1.371,1.371,1.371,1.371,0.0,0.0,0.0,0.0,1.371,1.929,0.0,2.754,0.0,0.0,0.0,0.0,0.0,0.0,0.0,0.0,1.371,0.0,2.285,0.0,0.0,0.0,1.371,0.0,2.285,0.0,0.0,0.0,0.0,1.371,0.0,0.0,1.929,0.0,0.0,0.0,0.0,0.0,2.285,0.0,0.0,1.371,0.0,1.371,0.0,0.0,2.546,1.371,0.0,1.371,0.0,0.0,0.0,0.0,1.929,0.0,0.0,0.0,0.0,0.0,1.371,0.0,0.0,2.285,1.371,0.0,1.929,2.285,1.371,2.925,0.0,0.0,0.0,0.0,0.0,1.371,0.0,1.929,0.0,0.0,0.0,0.0,0.0,2.546,0.0,2.754,1.929,0.0,1.371,0.0,0.0,0.0,0.0,1.371,1.371,0.0,1.929,0.0,0.0,0.0,0.0,0.0,0.0,1.371,0.0,1.371,1.371,0.0,1.929,0.0,0.0,1.371,0.0,1.371,0.0,0.0,1.929,1.929,0.0,0.0,1.371,0.0,0.0,1.371,0.0,0.0,1.371,0.0,0.0,0.0,0.0,0.0,0.0,0.0,0.0,0.0,1.929,1.371,0.0,0.0,0.0,0.0,0.0,0.0,0.0,0.0,0.0,0.0,0.0,3.072,1.371,0.0,0.0,0.0,2.754,0.0,0.0,0.0,0.0,1.371,0.0,1.371,0.0,0.0,2.754,0.0,2.754,1.371,0.0,1.371,0.0,1.371,1.371,0.0,0.0,0.0,0.0,0.0,0.0,0.0,1.929,0.0,0.0,0.0,0.0,0.0,0.0,0.0,0.0,0.0,0.0,2.285,1.371,0.0,0.0,0.0,0.0,0.0,0.0,2.285,1.371,1.371,0.0,0.0,2.285,0.0,1.929,1.371,0.0,1.371,0.0,0.0,0.0,0.0,0.0,0.0,0.0,1.371,0.0,0.0,0.0,0.0,0.0,0.0,1.371,1.371,0.0,0.0,1.371,0.0,1.371,1.371,0.0,0.0,0.0,0.0,0.0,0.0,0.0,0.0,1.371,0.0,0.0,1.371,0.0,1.371,0.0,2.546,0.0,0.0,0.0,0.0,0.0,0.0,0.0,1.371,0.0,0.0,0.0,1.371,1.371,0.0,1.371,2.925,0.0,1.371,0.0,0.0,1.371,2.285,0.0,1.371,0.0,0.0,0.0,0.0,0.0,0.0,0.0,0.0,1.371,0.0,0.0,1.371,0.0,0.0,0.0,1.371,0.0,2.754,0.0,0.0,0.0,1.371,0.0,2.754,1.371,0.0,0.0,0.0,0.0,1.371,0.0,1.371,0.0,0.0,0.0,0.0,0.0,0.0,0.0,1.371,1.371,0.0,0.0,0.0,2.546,0.0,0.0,0.0,1.371,0.0,0.0,1.929,0.0,0.0,2.546,0.0,1.929,1.371,0.0,1.371,1.371,0.0,0.0,0.0,0.0,2.285,0.0,0.0,0.0,0.0,0.0,1.371,1.371,0.0,0.0,0.0,0.0,0.0,0.0,0.0,2.546,1.371,0.0,1.371,1.371,0.0,0.0,0.0,0.0,2.285,3.2,0.0,0.0,1.371,1.371,2.285,0.0,1.371,0.0,1.371,3.072,1.371,1.371,1.371,1.929,0.0,0.0,3.507,1.929,0.0,0.0,1.371,0.0,1.371,0.0,0.0,0.0,0.0,5.092,1.371,1.929,1.371,1.929,0.0,0.0,0.0,0.0,2.925,0.0,0.0,0.0,0.0,1.371,0.0,1.371,0.0,0.0,0.0,1.371,0.0,0.0,1.929,0.0,0.0,0.0,0.0,0.0,1.371,0.0,0.0,0.0,0.0,1.929,0.0,1.929,1.371,0.0,0.0,0.0,0.0,0.0,1.371,1.929,0.0,1.371,0.0,1.371,0.0
Dendritische Zelle,0.0,0.0,0.0,1.436,0.0,0.0,0.0,1.436,1.436,0.0,2.003,1.436,0.0,0.0,0.0,0.0,0.0,3.396,2.003,1.436,0.0,0.0,1.436,1.436,0.0,1.436,0.0,2.003,0.0,0.0,0.0,1.436,0.0,2.003,0.0,0.0,0.0,0.0,0.0,0.0,0.0,1.436,2.003,0.0,1.436,0.0,0.0,1.436,0.0,3.282,0.0,0.0,2.626,0.0,3.396,3.956,0.0,2.362,1.436,1.436,0.0,0.0,1.436,1.436,0.0,0.0,2.003,0.0,3.396,1.436,2.626,0.0,0.0,0.0,0.0,0.0,0.0,2.003,0.0,0.0,0.0,0.0,0.0,0.0,0.0,0.0,0.0,0.0,0.0,0.0,1.436,1.436,0.0,0.0,1.436,0.0,0.0,0.0,1.436,0.0,0.0,0.0,3.675,0.0,0.0,0.0,1.436,0.0,0.0,0.0,0.0,0.0,1.436,0.0,1.436,2.362,0.0,0.0,0.0,0.0,0.0,0.0,0.0,0.0,0.0,0.0,0.0,0.0,0.0,1.436,0.0,0.0,0.0,0.0,0.0,0.0,1.436,0.0,0.0,2.626,1.436,0.0,0.0,2.003,0.0,0.0,0.0,0.0,0.0,2.003,1.436,0.0,1.436,0.0,0.0,0.0,0.0,0.0,0.0,0.0,0.0,1.436,0.0,0.0,1.436,1.436,0.0,0.0,0.0,1.436,0.0,1.436,0.0,0.0,0.0,2.362,0.0,0.0,0.0,0.0,1.436,0.0,0.0,0.0,0.0,0.0,2.003,0.0,0.0,0.0,0.0,0.0,0.0,0.0,0.0,2.003,0.0,0.0,0.0,1.436,0.0,0.0,0.0,1.436,2.003,0.0,0.0,0.0,0.0,3.826,0.0,1.436,0.0,2.003,1.436,0.0,0.0,1.436,0.0,1.436,1.436,1.436,0.0,0.0,0.0,1.436,0.0,0.0,0.0,0.0,0.0,3.59,3.893,0.0,3.007,0.0,3.498,2.834,3.154,1.436,1.436,1.436,0.0,0.0,3.007,3.753,0.0,0.0,0.0,1.436,0.0,0.0,0.0,1.436,0.0,0.0,0.0,0.0,0.0,0.0,0.0,0.0,0.0,0.0,0.0,0.0,0.0,0.0,1.436,0.0,1.436,0.0,0.0,1.436,1.436,0.0,0.0,0.0,0.0,1.436,1.436,0.0,0.0,1.436,0.0,0.0,1.436,0.0,0.0,0.0,0.0,0.0,0.0,2.362,1.436,0.0,0.0,2.003,1.436,1.436,0.0,0.0,0.0,0.0,0.0,2.003,0.0,2.003,0.0,1.436,0.0,2.003,2.003,1.436,0.0,2.003,2.003,1.436,0.0,0.0,1.436,0.0,0.0,1.436,0.0,0.0,0.0,0.0,0.0,0.0,1.436,0.0,1.436,0.0,0.0,0.0,0.0,0.0,0.0,0.0,0.0,0.0,0.0,0.0,0.0,1.436,0.0,0.0,0.0,2.362,0.0,1.436,0.0,0.0,0.0,0.0,0.0,2.003,0.0,0.0,0.0,2.003,1.436,0.0,0.0,0.0,1.436,0.0,3.007,0.0,0.0,0.0,0.0,1.436,2.003,0.0,1.436,0.0,0.0,1.436,0.0,0.0,0.0,0.0,0.0,1.436,1.436,0.0,2.362,0.0,1.436,2.003,3.282,1.436,2.362,1.436,1.436,0.0,1.436,0.0,0.0,0.0,0.0,0.0,0.0,1.436,0.0,1.436,3.282,0.0,0.0,2.003,0.0,0.0,1.436,0.0,0.0,0.0,2.003,1.436,0.0,2.362,2.362,1.436,1.436,0.0,0.0,0.0,1.436,0.0,0.0,0.0,0.0,2.362,0.0,1.436,1.436,1.436,0.0,1.436,1.436,2.003,1.436,1.436,0.0,2.003,0.0,0.0,0.0,0.0,0.0,0.0,0.0,0.0,0.0,0.0,1.436,2.626,0.0,0.0,0.0,0.0,1.436,0.0,0.0,0.0,0.0,0.0,0.0,0.0,0.0,0.0,0.0,0.0,0.0,0.0,0.0,2.003,0.0,2.362,0.0,0.0,0.0,1.436,1.436,0.0,1.436,1.436,0.0,1.436,0.0,1.436,1.436,1.436,2.003,0.0,2.003,0.0,1.436,0.0,0.0,0.0,0.0,0.0,0.0,2.626,2.003,0.0,0.0,0.0,0.0,0.0,0.0,0.0,1.436,2.003,2.003,2.362,0.0,3.498,3.007,1.436,0.0,0.0,0.0,0.0,2.362,0.0,0.0,0.0,0.0,2.003,0.0,2.003,1.436,0.0,0.0,2.003,0.0,0.0,0.0,1.436,0.0,2.362,0.0,0.0,0.0,1.436,0.0,0.0,0.0,1.436,0.0,1.436,1.436,1.436,0.0,0.0,0.0,0.0,1.436,0.0,0.0,0.0,0.0,0.0,0.0,0.0,0.0,0.0,1.436,0.0,2.626,2.362,0.0,0.0,0.0,0.0,0.0,1.436,0.0,0.0,0.0,0.0,0.0,1.436,0.0,0.0,1.436,0.0,2.362,0.0,0.0,0.0,2.834,0.0,1.436,0.0,0.0,0.0,0.0,1.436,1.436,3.154,0.0,0.0,0.0,0.0,0.0,0.0,0.0,0.0,1.436,0.0,1.436,1.436,2.003,0.0,1.436,0.0,1.436,0.0,0.0,0.0,0.0,0.0,0.0,0.0,0.0,1.436,0.0,0.0,1.436,0.0,0.0,0.0,0.0,2.003,1.436,0.0,0.0,3.826,2.626,0.0,0.0,2.003,0.0,0.0,0.0,0.0,0.0,0.0,0.0,2.362,1.436,2.626,1.436,1.436,0.0,3.007,1.436,0.0,1.436,0.0,0.0,0.0,0.0,0.0,2.003,0.0,0.0,0.0,0.0,0.0,0.0,0.0,0.0,3.282,1.436,0.0,0.0,2.003,0.0,0.0,0.0,0.0,2.003,3.396,0.0,0.0,1.436,1.436,0.0,0.0,1.436,0.0,2.362,1.436,0.0,2.362,1.436,2.362,0.0,2.003,3.282,0.0,0.0,0.0,0.0,0.0,1.436,0.0,0.0,1.436,1.436,5.431,0.0,2.834,0.0,1.436,0.0,0.0,0.0,0.0,3.007,0.0,0.0,1.436,0.0,0.0,0.0,0.0,1.436,0.0,0.0,1.436,0.0,0.0,1.436,1.436,0.0,2.003,0.0,1.436,1.436,0.0,0.0,0.0,0.0,2.003,0.0,3.007,0.0,2.362,0.0,1.436,0.0,0.0,2.003,1.436,1.436,1.436,0.0,1.436,1.436
T-Zelle,0.0,0.0,0.0,1.839,0.0,1.293,2.449,0.0,0.0,0.0,0.0,0.0,0.0,0.0,0.0,0.0,0.0,3.405,0.0,2.19,0.0,0.0,2.19,0.0,0.0,1.293,0.0,0.0,1.293,0.0,0.0,0.0,0.0,0.0,0.0,0.0,0.0,2.19,1.293,1.293,0.0,0.0,0.0,0.0,1.839,0.0,0.0,1.293,0.0,0.0,0.0,0.0,0.0,0.0,2.449,2.449,0.0,1.293,1.293,0.0,0.0,1.293,2.449,0.0,0.0,0.0,2.655,0.0,0.0,0.0,0.0,0.0,2.449,0.0,2.19,0.0,0.0,1.839,1.293,0.0,1.839,1.293,0.0,0.0,2.19,0.0,0.0,0.0,0.0,1.293,0.0,1.293,2.19,1.839,1.839,0.0,0.0,1.293,0.0,0.0,0.0,0.0,0.0,0.0,0.0,0.0,1.293,0.0,0.0,0.0,0.0,3.211,1.293,1.293,0.0,0.0,0.0,1.293,1.293,1.839,0.0,1.839,0.0,0.0,0.0,1.293,0.0,0.0,1.293,0.0,0.0,0.0,1.293,1.839,0.0,1.293,0.0,1.293,0.0,1.293,0.0,0.0,2.19,0.0,1.293,0.0,1.293,0.0,1.839,0.0,0.0,0.0,0.0,1.293,0.0,1.839,0.0,0.0,0.0,0.0,1.293,1.293,0.0,0.0,1.293,0.0,0.0,0.0,2.449,0.0,0.0,0.0,0.0,0.0,0.0,0.0,0.0,0.0,0.0,0.0,2.449,0.0,0.0,0.0,0.0,0.0,0.0,0.0,1.839,0.0,1.839,0.0,0.0,1.839,0.0,2.19,0.0,0.0,1.839,0.0,0.0,0.0,0.0,0.0,1.293,0.0,0.0,0.0,0.0,1.839,0.0,2.655,2.655,2.449,1.293,0.0,0.0,0.0,0.0,0.0,1.293,0.0,0.0,0.0,0.0,0.0,0.0,0.0,1.293,0.0,3.884,0.0,0.0,0.0,2.19,2.19,0.0,0.0,0.0,0.0,0.0,0.0,0.0,0.0,0.0,0.0,1.293,1.293,0.0,0.0,1.839,0.0,0.0,0.0,0.0,0.0,0.0,0.0,0.0,0.0,0.0,1.293,0.0,0.0,0.0,0.0,0.0,0.0,1.839,0.0,1.839,0.0,1.839,0.0,0.0,0.0,1.293,0.0,0.0,1.293,2.449,0.0,0.0,0.0,0.0,1.293,1.839,0.0,0.0,1.839,0.0,0.0,0.0,0.0,0.0,1.839,0.0,2.449,0.0,0.0,0.0,0.0,0.0,0.0,0.0,0.0,0.0,1.293,1.293,2.449,1.839,1.839,0.0,0.0,0.0,2.971,0.0,0.0,0.0,0.0,0.0,0.0,0.0,1.293,2.19,0.0,1.839,0.0,0.0,1.839,1.839,1.293,0.0,0.0,0.0,0.0,0.0,0.0,2.449,0.0,0.0,0.0,0.0,0.0,0.0,1.839,0.0,2.19,0.0,1.839,0.0,0.0,0.0,1.293,0.0,0.0,0.0,0.0,0.0,1.293,0.0,2.19,0.0,2.449,0.0,1.293,1.293,0.0,0.0,0.0,2.449,1.839,0.0,0.0,1.839,0.0,0.0,0.0,0.0,0.0,0.0,0.0,0.0,0.0,1.293,0.0,1.293,0.0,2.449,1.839,1.839,0.0,1.293,0.0,3.211,0.0,0.0,0.0,0.0,1.839,1.293,0.0,1.839,0.0,0.0,1.293,0.0,1.293,2.19,1.293,0.0,0.0,0.0,0.0,0.0,0.0,0.0,0.0,1.839,1.293,0.0,0.0,1.293,0.0,0.0,0.0,0.0,1.839,0.0,1.293,0.0,1.293,0.0,1.839,0.0,2.19,0.0,0.0,1.839,2.449,2.971,2.655,1.293,0.0,0.0,0.0,0.0,1.293,0.0,0.0,1.293,0.0,0.0,0.0,0.0,0.0,2.19,3.211,1.293,0.0,0.0,1.839,1.293,1.293,0.0,0.0,1.293,2.449,0.0,0.0,0.0,1.293,0.0,0.0,3.098,2.19,0.0,0.0,0.0,2.449,0.0,1.293,1.839,0.0,0.0,0.0,0.0,0.0,0.0,1.839,0.0,2.19,0.0,0.0,1.839,0.0,1.839,0.0,0.0,0.0,0.0,0.0,0.0,0.0,0.0,1.293,1.293,0.0,0.0,0.0,1.293,0.0,0.0,0.0,0.0,0.0,3.211,1.839,0.0,0.0,0.0,0.0,0.0,0.0,2.826,1.839,0.0,0.0,1.293,0.0,0.0,2.19,0.0,1.839,2.449,0.0,0.0,0.0,0.0,0.0,0.0,0.0,1.293,2.19,0.0,0.0,0.0,0.0,0.0,0.0,0.0,1.839,0.0,1.839,0.0,1.839,0.0,0.0,0.0,0.0,1.839,0.0,1.293,0.0,0.0,0.0,0.0,0.0,0.0,1.293,1.293,0.0,0.0,0.0,0.0,1.293,1.839,0.0,0.0,0.0,1.293,0.0,0.0,0.0,1.839,1.293,0.0,0.0,0.0,0.0,0.0,1.293,0.0,0.0,1.839,0.0,0.0,0.0,0.0,0.0,0.0,1.293,1.839,3.405,0.0,1.293,0.0,0.0,2.449,0.0,0.0,0.0,1.839,0.0,0.0,0.0,1.293,1.293,0.0,0.0,2.655,0.0,2.655,0.0,0.0,0.0,1.839,0.0,0.0,2.449,1.293,0.0,0.0,0.0,1.293,0.0,0.0,0.0,0.0,0.0,0.0,0.0,1.839,0.0,1.293,1.293,0.0,1.293,1.839,1.293,0.0,0.0,0.0,2.449,0.0,1.293,0.0,1.839,0.0,0.0,1.839,0.0,1.839,0.0,1.293,1.839,0.0,0.0,1.293,1.293,0.0,1.293,0.0,0.0,2.19,0.0,1.839,0.0,0.0,2.19,0.0,1.293,0.0,0.0,1.293,0.0,0.0,2.655,1.293,0.0,0.0,0.0,0.0,0.0,1.293,0.0,1.293,0.0,0.0,0.0,0.0,0.0,0.0,1.839,1.839,0.0,0.0,0.0,0.0,0.0,0.0,0.0,1.293,1.293,0.0,2.655,0.0,2.971,0.0,2.826,0.0,0.0,0.0,0.0,2.971,0.0,0.0,1.839,0.0,0.0,0.0,0.0,1.293,0.0,1.839,0.0,0.0,0.0,0.0,0.0,0.0,0.0,0.0,0.0,0.0,0.0,0.0,2.19,0.0,1.839,0.0,0.0,2.19,1.839,0.0,0.0,1.293,0.0,1.293,1.293,1.293,1.293,0.0,1.293,0.0
Dendritische Zelle,0.0,0.0,2.318,2.58,0.0,0.0,0.0,1.399,1.399,1.399,0.0,0.0,0.0,0.0,0.0,0.0,0.0,1.399,2.318,1.96,0.0,0.0,0.0,0.0,0.0,0.0,0.0,0.0,0.0,0.0,0.0,0.0,1.399,0.0,0.0,0.0,0.0,0.0,0.0,0.0,1.399,0.0,0.0,0.0,1.399,0.0,0.0,1.399,1.399,2.58,0.0,2.318,1.399,0.0,2.318,3.235,0.0,1.96,0.0,0.0,0.0,0.0,1.96,0.0,1.399,3.107,1.399,0.0,2.788,1.96,0.0,0.0,0.0,0.0,1.399,0.0,0.0,0.0,0.0,0.0,0.0,0.0,1.96,0.0,0.0,0.0,0.0,0.0,0.0,0.0,0.0,1.96,0.0,0.0,1.96,0.0,0.0,0.0,1.399,0.0,0.0,0.0,1.399,0.0,0.0,0.0,0.0,0.0,0.0,0.0,0.0,0.0,1.399,1.399,0.0,0.0,1.399,0.0,0.0,0.0,0.0,0.0,0.0,0.0,0.0,0.0,0.0,0.0,0.0,0.0,1.399,1.399,0.0,0.0,0.0,1.399,1.399,1.399,0.0,3.235,0.0,0.0,0.0,1.96,1.399,0.0,0.0,0.0,0.0,0.0,0.0,0.0,0.0,1.399,0.0,0.0,0.0,0.0,0.0,0.0,0.0,1.399,0.0,0.0,1.96,0.0,0.0,0.0,1.399,0.0,0.0,0.0,1.399,0.0,0.0,0.0,0.0,0.0,0.0,0.0,0.0,1.399,1.96,0.0,0.0,0.0,2.788,2.318,0.0,0.0,1.96,0.0,0.0,0.0,0.0,1.96,1.399,0.0,0.0,1.399,0.0,0.0,1.399,0.0,0.0,0.0,0.0,1.399,0.0,5.295,1.399,2.58,0.0,2.318,1.399,0.0,0.0,0.0,0.0,1.96,0.0,1.96,2.318,0.0,1.96,0.0,0.0,0.0,0.0,0.0,0.0,2.96,3.235,0.0,1.96,1.96,5.181,4.221,4.929,4.127,3.778,3.45,2.96,2.58,4.622,4.929,0.0,1.96,0.0,0.0,1.96,0.0,2.318,0.0,2.318,0.0,0.0,0.0,0.0,1.399,0.0,0.0,0.0,0.0,0.0,0.0,1.399,0.0,1.96,0.0,0.0,0.0,0.0,2.58,1.399,0.0,0.0,0.0,0.0,0.0,2.58,0.0,0.0,0.0,0.0,1.96,0.0,1.399,1.399,0.0,0.0,0.0,0.0,0.0,0.0,1.399,0.0,0.0,0.0,1.399,0.0,0.0,0.0,0.0,0.0,0.0,0.0,0.0,0.0,1.399,1.399,1.399,1.399,0.0,0.0,1.96,1.399,1.96,0.0,0.0,1.96,0.0,0.0,1.399,0.0,0.0,0.0,0.0,0.0,0.0,0.0,0.0,1.96,0.0,0.0,0.0,0.0,0.0,0.0,0.0,0.0,0.0,0.0,0.0,0.0,1.399,1.399,0.0,0.0,0.0,0.0,0.0,0.0,0.0,0.0,1.399,0.0,2.318,0.0,0.0,0.0,1.399,0.0,0.0,0.0,0.0,0.0,0.0,2.788,0.0,1.96,0.0,1.399,0.0,1.399,0.0,1.399,0.0,0.0,1.96,0.0,0.0,0.0,0.0,0.0,0.0,0.0,0.0,2.788,0.0,0.0,0.0,1.399,1.96,3.348,0.0,1.399,0.0,0.0,0.0,0.0,0.0,0.0,0.0,0.0,1.399,1.399,0.0,0.0,0.0,1.399,1.96,0.0,2.96,0.0,0.0,0.0,0.0,1.399,1.399,0.0,1.399,0.0,1.399,0.0,0.0,0.0,0.0,0.0,0.0,0.0,0.0,0.0,0.0,0.0,0.0,0.0,0.0,0.0,0.0,0.0,1.399,3.107,0.0,1.399,0.0,0.0,1.399,0.0,0.0,0.0,0.0,0.0,0.0,0.0,2.58,0.0,0.0,0.0,1.399,0.0,0.0,0.0,0.0,0.0,0.0,0.0,0.0,0.0,0.0,0.0,0.0,0.0,0.0,1.96,0.0,0.0,0.0,0.0,3.107,0.0,1.399,0.0,0.0,1.96,0.0,0.0,4.708,0.0,0.0,0.0,0.0,0.0,0.0,1.399,0.0,1.399,0.0,2.318,0.0,0.0,0.0,0.0,0.0,0.0,1.96,0.0,0.0,0.0,0.0,0.0,0.0,1.399,0.0,1.399,1.399,1.399,1.399,0.0,0.0,0.0,1.96,0.0,0.0,1.399,0.0,1.399,0.0,1.96,0.0,0.0,2.318,0.0,1.96,0.0,0.0,0.0,0.0,0.0,0.0,1.96,0.0,0.0,1.399,0.0,0.0,0.0,1.399,0.0,0.0,0.0,0.0,0.0,0.0,0.0,0.0,1.399,0.0,1.96,0.0,0.0,0.0,1.399,0.0,0.0,0.0,1.399,0.0,1.399,1.96,0.0,1.399,1.399,0.0,0.0,1.399,0.0,0.0,0.0,0.0,0.0,0.0,0.0,0.0,0.0,0.0,0.0,0.0,0.0,0.0,0.0,0.0,1.399,1.399,2.318,0.0,2.318,0.0,0.0,0.0,0.0,0.0,0.0,0.0,0.0,0.0,0.0,0.0,0.0,0.0,1.96,0.0,1.96,1.399,0.0,0.0,0.0,0.0,1.399,0.0,2.58,0.0,2.318,0.0,0.0,0.0,1.399,0.0,0.0,0.0,0.0,0.0,0.0,0.0,0.0,0.0,0.0,1.96,0.0,1.399,0.0,4.708,0.0,0.0,1.399,1.399,1.399,0.0,0.0,1.399,0.0,0.0,0.0,2.58,0.0,1.399,0.0,0.0,0.0,1.399,0.0,0.0,1.399,0.0,0.0,0.0,0.0,0.0,0.0,0.0,0.0,0.0,0.0,0.0,1.399,1.399,1.399,1.399,0.0,1.399,0.0,0.0,0.0,0.0,0.0,0.0,1.399,2.788,1.96,0.0,0.0,1.399,0.0,0.0,0.0,0.0,0.0,1.399,0.0,1.96,0.0,1.399,1.399,1.399,2.96,0.0,1.399,0.0,0.0,0.0,1.399,0.0,0.0,0.0,1.399,4.735,0.0,0.0,0.0,1.96,0.0,0.0,0.0,1.399,0.0,0.0,0.0,0.0,0.0,1.399,0.0,0.0,0.0,0.0,0.0,1.399,0.0,0.0,1.399,0.0,0.0,0.0,0.0,1.399,0.0,0.0,1.96,1.96,0.0,0.0,0.0,1.399,0.0,1.399,0.0,2.318,0.0,1.399,1.399,1.399,0.0,1.399,0.0,0.0,0.0
Dendritische Zelle,0.0,0.0,0.0,0.0,0.0,0.0,0.0,1.489,0.0,0.0,0.0,0.0,0.0,0.0,0.0,0.0,0.0,2.063,2.063,1.489,0.0,1.489,0.0,0.0,0.0,0.0,0.0,1.489,0.0,1.489,0.0,2.063,0.0,0.0,0.0,0.0,0.0,0.0,0.0,0.0,2.063,0.0,0.0,0.0,0.0,0.0,0.0,0.0,2.063,1.489,0.0,2.063,3.961,1.489,3.565,3.893,0.0,0.0,1.489,1.489,0.0,0.0,0.0,0.0,1.489,4.193,0.0,0.0,2.063,1.489,0.0,0.0,0.0,0.0,1.489,0.0,0.0,2.063,0.0,0.0,1.489,0.0,1.489,0.0,0.0,0.0,0.0,0.0,0.0,0.0,0.0,2.69,0.0,0.0,1.489,0.0,0.0,0.0,0.0,0.0,0.0,0.0,0.0,0.0,0.0,0.0,1.489,0.0,0.0,0.0,0.0,0.0,1.489,0.0,0.0,0.0,0.0,0.0,0.0,1.489,1.489,0.0,0.0,0.0,0.0,1.489,0.0,0.0,2.063,2.063,1.489,0.0,0.0,0.0,0.0,0.0,0.0,1.489,0.0,3.22,2.063,1.489,0.0,0.0,0.0,0.0,0.0,1.489,0.0,0.0,0.0,0.0,2.063,1.489,0.0,0.0,0.0,0.0,0.0,0.0,0.0,0.0,0.0,0.0,0.0,0.0,0.0,0.0,0.0,0.0,0.0,0.0,0.0,0.0,1.489,0.0,0.0,0.0,0.0,2.063,1.489,0.0,0.0,0.0,0.0,2.425,1.489,0.0,0.0,0.0,1.489,0.0,0.0,0.0,1.489,1.489,2.425,0.0,0.0,0.0,2.063,1.489,0.0,1.489,2.063,0.0,0.0,1.489,1.489,5.171,0.0,2.425,1.489,2.425,1.489,0.0,0.0,0.0,0.0,2.899,0.0,0.0,0.0,0.0,0.0,0.0,0.0,2.063,1.489,0.0,1.489,2.063,2.425,0.0,2.063,0.0,4.424,3.821,3.961,3.22,2.063,2.425,2.899,2.063,2.899,4.084,0.0,0.0,0.0,0.0,1.489,0.0,1.489,0.0,0.0,0.0,0.0,0.0,0.0,1.489,1.489,0.0,0.0,0.0,0.0,0.0,0.0,0.0,2.063,0.0,0.0,0.0,3.073,1.489,0.0,0.0,0.0,0.0,0.0,0.0,2.425,0.0,0.0,0.0,0.0,0.0,0.0,1.489,0.0,0.0,0.0,0.0,0.0,0.0,0.0,1.489,0.0,2.425,0.0,0.0,0.0,0.0,0.0,0.0,0.0,0.0,0.0,1.489,0.0,0.0,2.063,1.489,0.0,0.0,0.0,0.0,2.425,2.899,0.0,0.0,0.0,0.0,0.0,0.0,0.0,0.0,0.0,0.0,0.0,1.489,1.489,0.0,0.0,0.0,0.0,0.0,0.0,0.0,0.0,0.0,0.0,0.0,0.0,0.0,0.0,2.063,1.489,0.0,0.0,1.489,0.0,0.0,1.489,0.0,0.0,0.0,0.0,1.489,2.063,0.0,0.0,1.489,2.69,1.489,0.0,2.063,0.0,0.0,3.22,0.0,0.0,0.0,0.0,0.0,0.0,0.0,1.489,0.0,0.0,3.462,0.0,0.0,0.0,0.0,0.0,0.0,0.0,0.0,2.69,0.0,0.0,2.063,2.425,0.0,3.22,0.0,1.489,2.063,0.0,0.0,0.0,0.0,2.063,0.0,0.0,0.0,1.489,0.0,0.0,0.0,0.0,2.063,0.0,2.063,0.0,0.0,0.0,2.063,2.063,0.0,0.0,2.425,0.0,0.0,0.0,0.0,0.0,0.0,0.0,0.0,0.0,0.0,1.489,1.489,0.0,0.0,2.899,0.0,0.0,0.0,0.0,0.0,2.425,0.0,1.489,0.0,2.063,0.0,0.0,0.0,0.0,1.489,0.0,0.0,0.0,2.69,0.0,0.0,0.0,0.0,1.489,0.0,0.0,2.063,0.0,0.0,0.0,0.0,0.0,0.0,0.0,0.0,0.0,0.0,2.425,0.0,0.0,1.489,0.0,2.899,0.0,1.489,0.0,2.063,0.0,1.489,0.0,4.739,0.0,0.0,0.0,0.0,2.063,0.0,1.489,0.0,1.489,2.063,1.489,0.0,0.0,0.0,1.489,0.0,0.0,0.0,0.0,0.0,0.0,0.0,0.0,0.0,0.0,0.0,0.0,0.0,2.063,0.0,0.0,0.0,0.0,0.0,0.0,0.0,3.073,1.489,1.489,0.0,0.0,0.0,0.0,1.489,0.0,0.0,0.0,0.0,1.489,2.063,0.0,0.0,0.0,0.0,0.0,2.425,0.0,0.0,0.0,2.063,0.0,0.0,0.0,2.899,0.0,2.425,0.0,0.0,1.489,0.0,2.063,0.0,0.0,0.0,1.489,0.0,0.0,0.0,0.0,0.0,0.0,1.489,0.0,0.0,1.489,0.0,0.0,0.0,0.0,0.0,0.0,0.0,0.0,0.0,1.489,0.0,0.0,1.489,0.0,0.0,0.0,0.0,1.489,0.0,1.489,0.0,2.063,2.063,2.69,0.0,0.0,0.0,0.0,0.0,0.0,0.0,0.0,0.0,0.0,0.0,0.0,0.0,0.0,0.0,0.0,0.0,0.0,1.489,1.489,0.0,2.425,0.0,1.489,0.0,0.0,0.0,0.0,0.0,1.489,0.0,0.0,0.0,0.0,0.0,0.0,0.0,0.0,1.489,0.0,3.22,0.0,1.489,0.0,4.576,0.0,0.0,2.063,0.0,1.489,0.0,2.425,0.0,0.0,2.063,0.0,1.489,0.0,2.425,2.063,0.0,0.0,1.489,0.0,1.489,1.489,0.0,0.0,0.0,0.0,1.489,0.0,0.0,0.0,0.0,0.0,0.0,2.063,0.0,1.489,0.0,0.0,1.489,0.0,1.489,0.0,0.0,0.0,0.0,2.063,2.425,1.489,0.0,0.0,0.0,0.0,0.0,0.0,0.0,1.489,2.425,0.0,0.0,2.063,2.425,0.0,1.489,3.073,0.0,1.489,0.0,1.489,0.0,0.0,0.0,0.0,0.0,2.425,4.14,0.0,0.0,0.0,2.063,0.0,0.0,0.0,0.0,0.0,2.425,0.0,0.0,0.0,0.0,2.063,1.489,0.0,1.489,0.0,0.0,0.0,0.0,1.489,1.489,0.0,0.0,0.0,0.0,1.489,0.0,0.0,1.489,0.0,2.063,0.0,2.063,0.0,0.0,0.0,2.425,0.0,0.0,0.0,0.0,1.489,2.063,0.0,0.0,0.0
T-Zelle,0.0,0.0,0.0,2.243,0.0,0.0,0.0,0.0,0.0,0.0,0.0,0.0,0.0,0.0,0.0,0.0,1.651,3.268,0.0,2.243,0.0,1.651,0.0,0.0,0.0,0.0,2.612,0.0,2.612,0.0,0.0,0.0,0.0,0.0,0.0,0.0,0.0,0.0,2.243,2.243,0.0,0.0,0.0,0.0,1.651,0.0,0.0,0.0,1.651,0.0,0.0,3.268,0.0,0.0,3.546,3.764,0.0,0.0,0.0,0.0,0.0,0.0,1.651,0.0,0.0,0.0,2.882,0.0,0.0,0.0,0.0,0.0,0.0,0.0,2.243,0.0,0.0,0.0,0.0,0.0,0.0,1.651,0.0,0.0,0.0,0.0,1.651,0.0,0.0,0.0,1.651,0.0,0.0,0.0,2.243,1.651,0.0,0.0,0.0,0.0,1.651,0.0,0.0,0.0,0.0,0.0,0.0,1.651,0.0,0.0,0.0,2.243,0.0,0.0,0.0,0.0,0.0,0.0,0.0,0.0,0.0,1.651,0.0,0.0,0.0,0.0,0.0,2.243,0.0,0.0,0.0,0.0,0.0,0.0,1.651,0.0,0.0,2.243,0.0,1.651,0.0,0.0,1.651,1.651,2.243,1.651,0.0,0.0,0.0,2.243,0.0,0.0,0.0,0.0,0.0,0.0,0.0,0.0,0.0,0.0,0.0,2.243,0.0,0.0,1.651,0.0,0.0,0.0,0.0,0.0,0.0,1.651,0.0,0.0,0.0,0.0,0.0,0.0,0.0,1.651,0.0,2.243,0.0,0.0,0.0,0.0,0.0,0.0,0.0,0.0,1.651,0.0,2.882,2.243,0.0,0.0,2.882,0.0,0.0,0.0,0.0,0.0,1.651,0.0,0.0,0.0,0.0,0.0,1.651,3.417,0.0,1.651,0.0,0.0,0.0,0.0,0.0,0.0,0.0,0.0,0.0,0.0,0.0,0.0,0.0,0.0,0.0,0.0,0.0,0.0,3.417,0.0,0.0,1.651,3.268,2.612,2.882,1.651,1.651,1.651,0.0,2.243,0.0,0.0,0.0,3.268,1.651,0.0,0.0,1.651,0.0,0.0,0.0,0.0,2.243,0.0,0.0,0.0,0.0,1.651,2.243,0.0,0.0,0.0,0.0,0.0,0.0,0.0,0.0,0.0,0.0,0.0,2.243,0.0,0.0,0.0,0.0,0.0,0.0,0.0,0.0,0.0,0.0,1.651,0.0,1.651,1.651,0.0,0.0,0.0,0.0,0.0,0.0,0.0,0.0,1.651,0.0,2.612,0.0,1.651,0.0,1.651,0.0,0.0,0.0,0.0,1.651,2.243,0.0,1.651,0.0,1.651,0.0,0.0,0.0,0.0,0.0,0.0,0.0,0.0,0.0,0.0,0.0,1.651,2.612,0.0,0.0,0.0,0.0,0.0,0.0,0.0,0.0,0.0,0.0,0.0,0.0,0.0,2.243,0.0,0.0,0.0,0.0,2.243,0.0,0.0,1.651,0.0,0.0,0.0,0.0,0.0,0.0,1.651,0.0,0.0,0.0,2.612,0.0,2.612,0.0,2.612,0.0,1.651,0.0,0.0,0.0,0.0,0.0,0.0,1.651,0.0,1.651,0.0,0.0,0.0,0.0,0.0,0.0,3.268,0.0,0.0,0.0,0.0,1.651,0.0,1.651,0.0,3.268,1.651,1.651,1.651,0.0,0.0,3.268,0.0,0.0,0.0,0.0,0.0,0.0,0.0,2.882,0.0,0.0,0.0,0.0,0.0,0.0,0.0,0.0,0.0,0.0,1.651,0.0,0.0,0.0,3.093,0.0,0.0,0.0,0.0,0.0,0.0,0.0,2.243,0.0,0.0,0.0,0.0,1.651,0.0,0.0,0.0,0.0,0.0,0.0,0.0,2.243,1.651,3.093,0.0,2.243,0.0,1.651,0.0,0.0,0.0,0.0,0.0,0.0,0.0,1.651,0.0,0.0,0.0,1.651,3.546,1.651,0.0,0.0,2.882,0.0,1.651,0.0,0.0,0.0,0.0,0.0,0.0,0.0,0.0,0.0,0.0,2.243,0.0,0.0,2.243,2.243,2.243,0.0,0.0,0.0,0.0,0.0,0.0,0.0,0.0,0.0,2.612,0.0,3.268,2.243,0.0,2.243,0.0,1.651,0.0,1.651,0.0,0.0,0.0,1.651,0.0,0.0,0.0,0.0,0.0,0.0,0.0,0.0,1.651,0.0,0.0,0.0,0.0,2.882,1.651,0.0,0.0,0.0,0.0,0.0,0.0,2.243,0.0,3.417,0.0,1.651,0.0,0.0,0.0,0.0,2.612,0.0,0.0,0.0,0.0,0.0,0.0,1.651,0.0,1.651,2.612,2.882,0.0,0.0,2.243,0.0,0.0,0.0,1.651,0.0,1.651,0.0,1.651,0.0,0.0,0.0,2.243,3.764,0.0,0.0,0.0,0.0,0.0,0.0,0.0,2.243,0.0,3.546,0.0,2.612,0.0,0.0,0.0,0.0,0.0,2.243,0.0,1.651,0.0,1.651,0.0,0.0,1.651,0.0,0.0,1.651,0.0,1.651,0.0,0.0,2.612,1.651,0.0,2.243,1.651,0.0,0.0,2.243,0.0,0.0,1.651,0.0,0.0,0.0,0.0,0.0,0.0,0.0,0.0,2.243,0.0,0.0,0.0,0.0,0.0,1.651,0.0,2.882,0.0,3.093,0.0,0.0,0.0,0.0,1.651,0.0,0.0,0.0,0.0,0.0,0.0,0.0,0.0,1.651,0.0,0.0,0.0,0.0,0.0,2.612,0.0,1.651,0.0,0.0,0.0,2.243,0.0,0.0,2.243,0.0,0.0,1.651,2.882,0.0,2.243,0.0,0.0,1.651,0.0,1.651,0.0,0.0,1.651,0.0,0.0,2.612,1.651,0.0,0.0,0.0,0.0,0.0,2.243,1.651,0.0,0.0,2.243,0.0,1.651,0.0,0.0,0.0,1.651,0.0,3.546,1.651,0.0,0.0,1.651,0.0,1.651,2.243,1.651,0.0,0.0,0.0,0.0,0.0,0.0,0.0,2.612,0.0,0.0,0.0,0.0,0.0,0.0,1.651,0.0,0.0,0.0,1.651,2.612,0.0,3.093,0.0,1.651,0.0,0.0,0.0,0.0,2.612,0.0,0.0,0.0,0.0,0.0,1.651,0.0,2.243,0.0,0.0,0.0,0.0,0.0,2.243,0.0,0.0,0.0,0.0,0.0,0.0,0.0,0.0,1.651,0.0,2.243,0.0,0.0,1.651,1.651,0.0,2.612,0.0,0.0,2.243,1.651,0.0,0.0,0.0,0.0,0.0
Dendritische Zelle,1.36,0.0,0.0,2.27,0.0,0.0,0.0,0.0,0.0,1.36,0.0,0.0,0.0,0.0,0.0,0.0,0.0,2.532,0.0,0.0,0.0,1.36,0.0,0.0,0.0,0.0,1.36,1.36,1.36,1.36,0.0,0.0,0.0,0.0,0.0,0.0,0.0,1.915,2.27,0.0,1.915,1.36,1.36,0.0,1.915,0.0,0.0,1.36,1.36,2.27,1.36,1.36,1.915,0.0,3.399,4.076,0.0,1.915,0.0,1.36,0.0,1.36,0.0,0.0,0.0,0.0,1.915,1.36,2.739,0.0,2.739,0.0,0.0,0.0,0.0,0.0,0.0,0.0,0.0,0.0,1.36,0.0,0.0,0.0,1.36,0.0,0.0,1.36,0.0,0.0,0.0,1.915,0.0,0.0,1.915,1.36,0.0,1.36,1.36,0.0,0.0,0.0,0.0,0.0,0.0,0.0,0.0,1.36,0.0,0.0,0.0,1.36,0.0,0.0,0.0,0.0,1.36,0.0,1.36,0.0,0.0,1.915,0.0,0.0,0.0,0.0,0.0,1.915,0.0,1.36,0.0,0.0,0.0,1.36,0.0,0.0,0.0,1.36,0.0,1.915,1.36,0.0,1.36,1.36,2.27,0.0,0.0,1.36,0.0,0.0,0.0,0.0,0.0,1.36,0.0,0.0,0.0,0.0,1.36,0.0,1.36,0.0,0.0,0.0,0.0,0.0,0.0,0.0,0.0,0.0,0.0,0.0,1.36,0.0,1.36,0.0,0.0,0.0,0.0,2.27,1.915,0.0,1.36,0.0,1.36,0.0,1.36,0.0,0.0,0.0,0.0,1.36,1.36,0.0,1.36,1.915,1.36,0.0,0.0,0.0,0.0,1.36,0.0,0.0,1.36,0.0,0.0,2.27,1.36,3.057,0.0,2.739,0.0,2.739,0.0,0.0,0.0,1.36,1.36,0.0,1.915,0.0,0.0,0.0,0.0,0.0,0.0,1.36,0.0,0.0,2.911,4.124,3.916,0.0,2.27,0.0,2.739,1.915,2.27,0.0,0.0,1.915,0.0,1.36,0.0,2.27,0.0,0.0,0.0,1.36,0.0,0.0,1.36,0.0,0.0,0.0,0.0,0.0,0.0,0.0,0.0,1.36,0.0,0.0,1.36,0.0,0.0,0.0,2.27,0.0,1.36,0.0,0.0,2.532,0.0,0.0,0.0,0.0,1.36,0.0,1.915,0.0,0.0,0.0,0.0,0.0,0.0,0.0,0.0,1.915,0.0,0.0,0.0,1.36,1.36,1.915,0.0,2.739,0.0,1.36,0.0,0.0,1.36,0.0,0.0,0.0,0.0,1.36,0.0,1.915,0.0,1.915,1.36,0.0,0.0,0.0,1.36,2.27,0.0,0.0,0.0,0.0,0.0,0.0,1.36,0.0,0.0,1.36,0.0,1.36,1.915,0.0,0.0,0.0,0.0,1.36,0.0,0.0,0.0,0.0,0.0,0.0,0.0,1.36,0.0,1.915,0.0,0.0,1.915,2.911,0.0,0.0,1.36,0.0,0.0,1.36,0.0,0.0,0.0,0.0,0.0,0.0,0.0,0.0,0.0,1.36,0.0,0.0,1.915,0.0,0.0,0.0,0.0,0.0,1.915,0.0,1.36,0.0,1.36,0.0,0.0,0.0,0.0,1.36,0.0,0.0,0.0,0.0,2.532,1.36,0.0,2.27,3.184,0.0,3.184,0.0,0.0,0.0,0.0,0.0,0.0,0.0,1.36,1.36,0.0,0.0,0.0,0.0,3.184,0.0,1.915,1.36,0.0,0.0,0.0,0.0,0.0,0.0,1.915,1.915,0.0,1.915,0.0,0.0,0.0,0.0,0.0,0.0,1.36,0.0,0.0,0.0,0.0,0.0,0.0,0.0,0.0,1.915,1.36,1.915,1.36,0.0,1.915,0.0,2.532,0.0,1.915,0.0,1.36,0.0,1.915,0.0,0.0,0.0,0.0,1.915,1.915,1.915,0.0,0.0,0.0,0.0,0.0,0.0,0.0,0.0,0.0,1.36,0.0,0.0,0.0,0.0,0.0,0.0,2.27,0.0,0.0,2.532,0.0,2.532,0.0,0.0,0.0,0.0,1.36,0.0,0.0,1.915,0.0,2.739,0.0,1.915,0.0,0.0,0.0,0.0,1.915,0.0,2.27,0.0,1.915,0.0,0.0,0.0,0.0,0.0,0.0,1.36,1.36,0.0,0.0,0.0,0.0,0.0,0.0,0.0,1.36,0.0,0.0,0.0,0.0,1.36,0.0,0.0,2.911,1.36,1.36,0.0,1.36,0.0,0.0,1.36,0.0,1.915,1.36,1.36,2.27,1.915,0.0,0.0,0.0,1.36,0.0,1.915,0.0,0.0,0.0,1.915,0.0,0.0,1.915,1.915,0.0,1.36,1.36,0.0,0.0,0.0,0.0,0.0,1.36,0.0,0.0,0.0,0.0,1.36,0.0,0.0,1.915,1.915,1.36,0.0,1.915,1.36,0.0,0.0,0.0,0.0,0.0,0.0,0.0,0.0,0.0,0.0,2.27,0.0,0.0,0.0,0.0,0.0,1.36,0.0,0.0,0.0,2.27,1.915,1.36,1.36,0.0,0.0,0.0,1.915,0.0,0.0,0.0,1.36,0.0,1.915,0.0,0.0,0.0,0.0,0.0,1.36,1.915,1.915,0.0,0.0,0.0,1.915,0.0,2.27,2.27,0.0,0.0,0.0,1.915,2.27,0.0,1.915,0.0,0.0,0.0,0.0,0.0,0.0,0.0,0.0,1.36,0.0,0.0,3.654,0.0,0.0,0.0,0.0,1.36,0.0,0.0,0.0,1.36,1.36,0.0,0.0,0.0,2.739,0.0,0.0,0.0,1.36,0.0,1.915,0.0,1.915,0.0,0.0,0.0,0.0,0.0,1.915,0.0,0.0,0.0,0.0,1.36,0.0,0.0,2.27,2.27,1.915,0.0,1.915,0.0,0.0,0.0,0.0,1.915,1.915,0.0,0.0,0.0,0.0,0.0,0.0,1.915,0.0,1.36,2.27,0.0,1.36,2.27,1.36,0.0,0.0,3.492,1.36,0.0,0.0,0.0,0.0,0.0,0.0,0.0,2.27,1.36,5.316,0.0,1.915,0.0,1.915,0.0,0.0,0.0,0.0,1.36,0.0,0.0,0.0,0.0,0.0,1.36,1.36,0.0,1.915,1.915,0.0,0.0,0.0,1.36,1.36,0.0,0.0,1.915,0.0,1.915,0.0,0.0,1.36,0.0,1.915,0.0,1.36,1.36,1.36,0.0,0.0,0.0,0.0,0.0,1.915,0.0,1.36,0.0,1.36,0.0
Dendritische Zelle,0.0,0.0,1.468,0.0,0.0,0.0,0.0,0.0,2.399,0.0,1.468,0.0,2.399,0.0,0.0,0.0,0.0,1.468,1.468,0.0,0.0,2.038,0.0,0.0,1.468,0.0,0.0,0.0,2.399,0.0,0.0,1.468,0.0,1.468,0.0,0.0,0.0,0.0,2.873,0.0,2.399,0.0,0.0,0.0,0.0,0.0,0.0,1.468,0.0,2.399,0.0,0.0,2.038,0.0,2.664,4.216,0.0,2.038,0.0,0.0,0.0,0.0,0.0,0.0,0.0,0.0,0.0,0.0,3.193,2.038,2.399,0.0,2.038,0.0,0.0,0.0,0.0,2.038,1.468,0.0,0.0,0.0,0.0,0.0,0.0,0.0,0.0,0.0,0.0,0.0,0.0,2.664,0.0,0.0,1.468,1.468,0.0,1.468,1.468,0.0,0.0,2.038,4.396,0.0,0.0,0.0,0.0,0.0,0.0,0.0,0.0,1.468,0.0,0.0,0.0,0.0,0.0,1.468,0.0,0.0,0.0,1.468,0.0,0.0,0.0,2.399,0.0,1.468,0.0,0.0,0.0,0.0,0.0,0.0,0.0,0.0,0.0,2.038,1.468,0.0,1.468,0.0,2.038,2.399,1.468,0.0,0.0,1.468,0.0,0.0,0.0,0.0,1.468,0.0,1.468,0.0,0.0,0.0,0.0,0.0,0.0,2.038,0.0,0.0,0.0,0.0,1.468,0.0,1.468,0.0,0.0,3.046,0.0,0.0,0.0,1.468,0.0,0.0,0.0,1.468,2.038,0.0,0.0,0.0,0.0,0.0,1.468,0.0,2.038,0.0,0.0,0.0,0.0,2.399,0.0,2.399,0.0,0.0,0.0,2.399,2.038,1.468,1.468,0.0,1.468,0.0,0.0,2.399,1.468,4.354,0.0,2.038,1.468,1.468,1.468,0.0,0.0,0.0,1.468,2.038,0.0,0.0,2.038,0.0,1.468,0.0,0.0,0.0,0.0,1.468,2.399,3.715,3.63,0.0,3.63,1.468,3.866,3.046,3.793,2.664,2.873,2.664,0.0,2.399,3.793,2.873,0.0,0.0,1.468,0.0,0.0,0.0,0.0,0.0,1.468,0.0,0.0,1.468,0.0,0.0,0.0,0.0,0.0,0.0,0.0,0.0,0.0,0.0,0.0,0.0,0.0,1.468,2.038,2.399,1.468,0.0,2.038,0.0,0.0,2.038,2.038,1.468,0.0,1.468,0.0,0.0,0.0,0.0,0.0,0.0,0.0,0.0,0.0,2.038,1.468,2.038,0.0,2.873,1.468,1.468,0.0,0.0,0.0,0.0,0.0,1.468,0.0,0.0,0.0,0.0,1.468,2.038,1.468,1.468,0.0,2.038,2.038,2.664,0.0,0.0,0.0,0.0,0.0,0.0,0.0,0.0,0.0,0.0,0.0,1.468,0.0,0.0,0.0,0.0,0.0,0.0,0.0,0.0,2.038,0.0,0.0,0.0,0.0,0.0,0.0,1.468,1.468,0.0,0.0,2.038,0.0,0.0,0.0,0.0,0.0,0.0,1.468,1.468,1.468,0.0,0.0,0.0,0.0,1.468,0.0,1.468,2.399,0.0,2.873,0.0,1.468,0.0,0.0,1.468,1.468,0.0,0.0,0.0,0.0,3.715,0.0,0.0,0.0,0.0,0.0,0.0,0.0,0.0,3.193,0.0,1.468,0.0,2.399,1.468,1.468,1.468,1.468,0.0,0.0,0.0,0.0,0.0,1.468,0.0,0.0,0.0,0.0,1.468,2.038,0.0,1.468,0.0,0.0,0.0,1.468,0.0,0.0,0.0,0.0,1.468,0.0,2.038,2.038,1.468,0.0,0.0,0.0,0.0,2.664,0.0,0.0,0.0,0.0,0.0,0.0,2.399,0.0,1.468,0.0,0.0,1.468,2.399,2.038,1.468,0.0,1.468,2.399,1.468,0.0,0.0,0.0,1.468,0.0,0.0,0.0,0.0,0.0,0.0,0.0,0.0,0.0,0.0,0.0,0.0,0.0,1.468,0.0,0.0,0.0,2.399,0.0,0.0,0.0,0.0,2.038,0.0,0.0,0.0,0.0,2.399,0.0,1.468,0.0,0.0,0.0,0.0,1.468,2.038,0.0,2.399,0.0,2.399,1.468,0.0,0.0,0.0,2.399,0.0,2.038,0.0,1.468,0.0,0.0,0.0,0.0,2.038,0.0,0.0,0.0,0.0,0.0,1.468,0.0,0.0,2.038,0.0,2.038,1.468,1.468,2.399,2.873,0.0,0.0,0.0,1.468,1.468,2.038,0.0,0.0,0.0,0.0,2.038,0.0,2.038,2.664,2.038,0.0,1.468,0.0,0.0,1.468,0.0,2.038,2.038,0.0,0.0,0.0,0.0,0.0,0.0,2.038,0.0,0.0,0.0,0.0,2.038,1.468,1.468,2.038,0.0,0.0,0.0,0.0,0.0,0.0,1.468,0.0,1.468,1.468,0.0,1.468,0.0,0.0,0.0,0.0,1.468,0.0,0.0,0.0,0.0,0.0,0.0,0.0,1.468,0.0,0.0,0.0,0.0,0.0,0.0,2.038,0.0,0.0,0.0,2.399,0.0,1.468,1.468,0.0,0.0,0.0,1.468,0.0,3.322,0.0,0.0,0.0,2.038,0.0,0.0,1.468,0.0,1.468,0.0,1.468,0.0,1.468,0.0,2.038,1.468,2.038,0.0,1.468,0.0,0.0,0.0,1.468,0.0,0.0,1.468,0.0,0.0,0.0,0.0,0.0,0.0,1.468,0.0,1.468,0.0,1.468,2.873,2.038,1.468,0.0,2.038,0.0,1.468,0.0,0.0,0.0,0.0,0.0,2.038,0.0,1.468,2.038,0.0,0.0,2.038,0.0,0.0,2.399,1.468,1.468,0.0,0.0,0.0,1.468,0.0,0.0,0.0,0.0,0.0,0.0,0.0,0.0,1.468,2.038,2.038,2.399,1.468,0.0,0.0,0.0,0.0,0.0,3.046,0.0,1.468,2.038,1.468,1.468,0.0,1.468,2.038,2.873,2.664,2.038,1.468,1.468,0.0,0.0,2.038,3.538,1.468,0.0,0.0,0.0,0.0,1.468,0.0,0.0,2.038,1.468,5.354,0.0,2.873,0.0,0.0,0.0,0.0,0.0,0.0,3.538,0.0,0.0,0.0,0.0,0.0,2.038,0.0,0.0,0.0,0.0,1.468,0.0,0.0,2.038,1.468,0.0,0.0,0.0,1.468,0.0,0.0,0.0,2.038,0.0,0.0,0.0,0.0,0.0,0.0,0.0,2.038,0.0,0.0,1.468,2.038,0.0,2.038,0.0,2.038,0.0
B-Zelle,0.0,0.0,1.355,1.911,0.0,0.0,0.0,0.0,0.0,0.0,0.0,0.0,0.0,0.0,0.0,0.0,0.0,2.734,0.0,1.355,0.0,2.265,0.0,0.0,1.355,0.0,0.0,0.0,1.911,1.355,1.355,1.355,0.0,1.355,1.355,1.355,1.355,0.0,1.355,0.0,1.355,0.0,0.0,0.0,0.0,0.0,0.0,0.0,0.0,0.0,0.0,0.0,0.0,0.0,0.0,2.734,0.0,0.0,1.355,1.355,0.0,0.0,1.355,0.0,1.355,0.0,2.527,0.0,0.0,0.0,0.0,2.527,0.0,0.0,0.0,0.0,0.0,1.911,0.0,1.911,1.911,0.0,0.0,0.0,0.0,0.0,0.0,1.355,0.0,0.0,0.0,0.0,0.0,1.355,1.355,0.0,0.0,1.355,0.0,0.0,1.911,0.0,0.0,0.0,1.355,0.0,0.0,0.0,1.355,0.0,0.0,1.911,1.911,1.911,0.0,0.0,0.0,0.0,1.911,0.0,0.0,1.355,0.0,0.0,0.0,1.355,1.355,0.0,0.0,1.355,0.0,0.0,1.355,0.0,0.0,0.0,0.0,0.0,0.0,2.527,0.0,1.355,0.0,1.911,0.0,0.0,0.0,0.0,0.0,0.0,0.0,0.0,1.355,0.0,0.0,0.0,0.0,0.0,0.0,0.0,1.355,1.355,1.911,0.0,1.355,0.0,0.0,0.0,0.0,1.355,0.0,0.0,0.0,0.0,1.911,0.0,0.0,0.0,0.0,0.0,1.355,2.265,0.0,1.355,0.0,0.0,0.0,0.0,0.0,0.0,1.355,0.0,0.0,0.0,0.0,2.265,0.0,0.0,0.0,1.355,1.911,0.0,1.911,0.0,0.0,0.0,0.0,1.911,0.0,4.803,0.0,1.911,1.355,0.0,0.0,0.0,0.0,1.355,0.0,0.0,1.355,0.0,0.0,0.0,1.355,0.0,1.355,0.0,0.0,1.355,4.704,0.0,0.0,0.0,3.179,1.355,4.73,3.788,4.07,3.394,3.052,3.486,2.265,1.911,3.486,4.329,0.0,0.0,1.355,1.355,1.355,0.0,1.911,0.0,1.911,0.0,0.0,1.355,0.0,0.0,1.355,0.0,0.0,0.0,0.0,0.0,0.0,0.0,2.265,0.0,0.0,0.0,0.0,2.265,0.0,0.0,0.0,0.0,0.0,0.0,2.734,0.0,0.0,0.0,0.0,0.0,0.0,0.0,1.355,0.0,0.0,0.0,0.0,0.0,0.0,1.355,0.0,1.911,0.0,1.355,0.0,0.0,1.355,0.0,0.0,0.0,0.0,2.265,0.0,1.355,1.355,0.0,0.0,0.0,0.0,1.911,0.0,0.0,0.0,0.0,0.0,0.0,1.355,0.0,0.0,0.0,0.0,0.0,0.0,0.0,1.911,0.0,2.527,0.0,0.0,0.0,1.911,0.0,0.0,1.355,0.0,0.0,0.0,0.0,0.0,2.265,0.0,0.0,0.0,1.911,0.0,0.0,0.0,2.265,0.0,0.0,0.0,0.0,0.0,2.265,0.0,0.0,1.355,1.911,0.0,0.0,1.911,0.0,0.0,0.0,0.0,0.0,0.0,0.0,1.911,0.0,0.0,0.0,0.0,1.911,0.0,0.0,0.0,1.355,0.0,0.0,1.355,0.0,0.0,1.355,0.0,0.0,0.0,0.0,3.394,0.0,0.0,1.911,0.0,0.0,0.0,0.0,1.911,0.0,0.0,0.0,0.0,0.0,2.265,1.355,0.0,0.0,1.355,1.355,1.911,0.0,0.0,0.0,1.355,0.0,0.0,1.355,0.0,0.0,1.911,1.911,2.265,0.0,1.355,0.0,1.355,1.355,0.0,0.0,1.355,0.0,0.0,0.0,1.911,1.355,1.911,0.0,0.0,0.0,1.355,0.0,1.355,1.355,0.0,0.0,0.0,0.0,0.0,0.0,0.0,0.0,0.0,0.0,0.0,0.0,0.0,0.0,0.0,0.0,0.0,0.0,0.0,0.0,0.0,0.0,0.0,0.0,0.0,0.0,2.265,0.0,0.0,1.355,0.0,2.527,0.0,0.0,0.0,0.0,0.0,0.0,0.0,0.0,0.0,1.355,0.0,2.527,0.0,1.355,0.0,0.0,1.355,0.0,2.265,0.0,0.0,0.0,0.0,0.0,0.0,1.355,1.911,1.355,0.0,0.0,0.0,1.355,0.0,0.0,0.0,0.0,1.911,2.265,0.0,0.0,0.0,0.0,1.911,1.355,2.265,0.0,0.0,0.0,0.0,0.0,1.911,1.911,0.0,0.0,0.0,1.355,1.355,2.265,0.0,0.0,0.0,0.0,1.355,1.911,0.0,0.0,0.0,1.355,1.355,1.911,0.0,2.527,0.0,1.911,0.0,0.0,1.355,1.355,0.0,0.0,0.0,0.0,1.355,1.355,0.0,0.0,1.911,0.0,1.355,0.0,0.0,2.265,1.355,0.0,0.0,0.0,1.355,1.911,0.0,0.0,0.0,0.0,0.0,0.0,2.265,0.0,0.0,0.0,0.0,0.0,1.355,0.0,0.0,1.355,1.355,1.355,2.734,1.355,1.911,0.0,0.0,0.0,0.0,0.0,0.0,0.0,0.0,0.0,0.0,0.0,0.0,0.0,0.0,0.0,0.0,2.265,0.0,0.0,0.0,3.179,1.355,0.0,1.355,0.0,0.0,0.0,0.0,0.0,0.0,0.0,0.0,0.0,0.0,0.0,0.0,0.0,0.0,1.355,0.0,1.355,0.0,0.0,0.0,0.0,2.265,0.0,1.355,0.0,2.265,0.0,0.0,1.911,1.355,1.355,1.355,1.355,1.355,0.0,0.0,0.0,1.355,0.0,1.355,1.355,0.0,1.911,0.0,0.0,0.0,0.0,0.0,0.0,0.0,0.0,0.0,0.0,0.0,0.0,0.0,0.0,0.0,1.911,0.0,0.0,0.0,1.355,0.0,1.911,1.355,0.0,0.0,1.355,1.355,0.0,0.0,0.0,0.0,0.0,0.0,0.0,2.265,1.355,0.0,1.355,0.0,1.355,0.0,1.355,0.0,2.734,1.911,1.355,0.0,1.911,0.0,3.292,0.0,3.486,0.0,0.0,0.0,1.911,0.0,0.0,0.0,0.0,0.0,0.0,0.0,0.0,0.0,0.0,1.355,1.911,0.0,1.911,0.0,0.0,1.911,1.355,2.265,0.0,0.0,0.0,0.0,0.0,0.0,2.527,0.0,1.355,0.0,0.0,1.355,0.0,0.0,0.0,1.355,0.0,0.0,0.0,1.355,0.0,0.0,0.0,0.0
Dendritische Zelle,0.0,0.0,1.928,0.0,0.0,0.0,1.37,0.0,0.0,0.0,1.37,0.0,0.0,0.0,1.37,1.37,0.0,1.37,2.283,0.0,0.0,1.928,0.0,0.0,0.0,1.37,0.0,1.37,1.37,0.0,0.0,0.0,0.0,1.928,0.0,0.0,0.0,0.0,0.0,0.0,2.283,1.37,0.0,0.0,1.37,0.0,0.0,0.0,1.37,2.283,0.0,3.198,1.37,0.0,2.283,3.312,0.0,0.0,0.0,0.0,0.0,0.0,0.0,0.0,1.928,3.312,1.37,0.0,2.753,0.0,0.0,0.0,0.0,0.0,0.0,0.0,0.0,1.37,0.0,0.0,0.0,0.0,0.0,1.37,0.0,0.0,1.37,0.0,0.0,0.0,0.0,2.753,1.37,0.0,0.0,0.0,0.0,1.37,0.0,0.0,1.928,0.0,0.0,0.0,0.0,0.0,1.37,0.0,0.0,1.37,0.0,2.283,0.0,0.0,1.928,0.0,0.0,0.0,0.0,0.0,0.0,0.0,0.0,0.0,0.0,0.0,0.0,0.0,0.0,0.0,0.0,0.0,0.0,0.0,0.0,0.0,0.0,1.37,0.0,3.198,0.0,0.0,0.0,1.928,0.0,0.0,0.0,0.0,0.0,0.0,1.37,0.0,1.928,1.37,1.37,0.0,0.0,0.0,1.37,0.0,0.0,1.37,0.0,0.0,0.0,0.0,0.0,0.0,1.37,0.0,0.0,0.0,0.0,0.0,1.37,0.0,0.0,0.0,0.0,1.928,0.0,0.0,0.0,0.0,0.0,0.0,2.545,1.37,0.0,0.0,0.0,0.0,0.0,0.0,0.0,1.37,2.283,0.0,1.928,0.0,0.0,1.928,0.0,0.0,2.283,0.0,0.0,0.0,0.0,5.161,0.0,2.283,2.283,2.283,0.0,0.0,0.0,0.0,0.0,1.928,1.37,0.0,0.0,0.0,1.37,0.0,0.0,0.0,0.0,1.37,0.0,2.545,2.924,0.0,1.37,2.283,5.242,3.506,4.724,3.74,2.924,2.924,2.545,2.283,3.986,4.554,0.0,0.0,0.0,0.0,0.0,0.0,1.928,0.0,1.37,0.0,0.0,0.0,0.0,0.0,1.928,1.37,0.0,0.0,0.0,0.0,0.0,0.0,2.545,1.928,0.0,0.0,1.928,1.37,2.753,1.928,0.0,1.37,0.0,0.0,0.0,0.0,0.0,1.37,0.0,0.0,0.0,0.0,0.0,0.0,0.0,0.0,0.0,0.0,0.0,1.37,0.0,2.753,0.0,1.37,0.0,0.0,0.0,0.0,0.0,0.0,1.37,1.37,0.0,2.545,1.37,0.0,1.37,0.0,0.0,1.37,1.928,2.753,0.0,0.0,1.928,2.283,0.0,1.37,0.0,0.0,0.0,0.0,0.0,1.37,1.37,0.0,2.283,0.0,0.0,0.0,0.0,0.0,1.37,0.0,0.0,1.37,0.0,0.0,0.0,1.928,1.928,0.0,0.0,0.0,0.0,0.0,0.0,0.0,1.37,0.0,1.37,2.545,0.0,0.0,0.0,0.0,0.0,0.0,1.37,0.0,0.0,0.0,1.37,0.0,1.37,1.37,0.0,0.0,1.37,0.0,0.0,0.0,0.0,2.753,0.0,1.37,0.0,0.0,0.0,1.37,1.928,0.0,2.545,1.37,0.0,2.545,1.37,1.37,3.808,0.0,0.0,1.37,0.0,0.0,0.0,0.0,0.0,0.0,0.0,0.0,0.0,1.37,0.0,0.0,0.0,1.928,0.0,1.37,0.0,0.0,0.0,0.0,0.0,0.0,0.0,2.924,0.0,0.0,0.0,0.0,0.0,0.0,1.37,0.0,1.37,1.37,0.0,0.0,0.0,0.0,0.0,0.0,0.0,0.0,0.0,0.0,3.071,0.0,0.0,0.0,2.283,0.0,1.37,1.37,1.37,0.0,0.0,0.0,1.37,2.283,0.0,0.0,0.0,1.37,0.0,0.0,0.0,0.0,0.0,1.37,0.0,0.0,0.0,0.0,0.0,0.0,0.0,0.0,2.283,0.0,0.0,1.37,1.37,2.753,0.0,1.37,0.0,1.37,1.37,0.0,1.37,5.016,0.0,0.0,1.37,1.37,0.0,0.0,0.0,0.0,0.0,0.0,1.37,0.0,0.0,0.0,0.0,0.0,0.0,1.37,1.928,0.0,0.0,0.0,1.37,0.0,0.0,0.0,1.928,0.0,0.0,0.0,0.0,0.0,0.0,3.198,1.37,0.0,2.283,1.37,1.928,0.0,0.0,1.37,0.0,1.928,0.0,0.0,0.0,0.0,0.0,0.0,0.0,0.0,1.928,0.0,0.0,1.928,0.0,0.0,0.0,0.0,0.0,1.37,0.0,1.928,1.928,1.37,1.928,0.0,0.0,0.0,1.928,1.37,0.0,0.0,0.0,0.0,1.928,0.0,0.0,0.0,0.0,1.37,1.37,0.0,1.37,0.0,0.0,0.0,0.0,0.0,0.0,0.0,0.0,0.0,0.0,0.0,0.0,0.0,1.37,1.928,0.0,0.0,1.928,0.0,2.283,0.0,2.753,1.37,1.928,0.0,0.0,0.0,0.0,0.0,0.0,1.37,0.0,0.0,0.0,0.0,0.0,0.0,1.37,0.0,0.0,0.0,0.0,0.0,1.37,0.0,0.0,0.0,2.283,1.928,1.928,0.0,0.0,0.0,1.37,1.37,1.928,1.37,0.0,0.0,0.0,0.0,0.0,0.0,1.37,1.37,1.928,0.0,1.37,4.04,0.0,0.0,0.0,1.37,0.0,1.37,1.928,0.0,1.37,1.37,0.0,1.37,1.37,0.0,1.37,0.0,0.0,0.0,0.0,1.37,2.283,1.37,0.0,0.0,0.0,0.0,0.0,0.0,0.0,0.0,0.0,0.0,0.0,0.0,0.0,0.0,0.0,0.0,0.0,0.0,0.0,1.37,1.37,0.0,2.545,3.198,2.283,0.0,0.0,0.0,0.0,0.0,0.0,1.37,1.928,1.37,1.37,1.928,3.071,0.0,0.0,0.0,3.312,0.0,0.0,0.0,0.0,0.0,1.37,0.0,0.0,1.37,2.283,4.31,0.0,1.37,0.0,0.0,0.0,0.0,0.0,0.0,0.0,0.0,0.0,0.0,0.0,0.0,1.37,1.37,0.0,0.0,0.0,0.0,0.0,0.0,0.0,0.0,0.0,0.0,0.0,0.0,1.37,0.0,2.753,1.928,0.0,0.0,0.0,0.0,1.37,0.0,0.0,1.37,0.0,0.0,2.753,1.928,1.37,1.928,0.0,0.0,0.0
T-Zelle,0.0,1.543,0.0,2.123,0.0,0.0,1.543,1.543,0.0,2.487,2.123,0.0,0.0,0.0,1.543,0.0,0.0,3.529,0.0,1.543,0.0,2.123,2.487,0.0,0.0,1.543,0.0,0.0,2.123,0.0,0.0,2.487,0.0,0.0,0.0,0.0,0.0,0.0,2.487,1.543,0.0,0.0,2.123,0.0,0.0,0.0,0.0,2.123,0.0,1.543,1.543,2.964,0.0,0.0,1.543,3.809,0.0,1.543,1.543,0.0,1.543,0.0,0.0,0.0,0.0,0.0,2.754,0.0,1.543,2.123,0.0,0.0,0.0,0.0,1.543,0.0,0.0,0.0,0.0,0.0,2.123,1.543,0.0,0.0,1.543,0.0,0.0,1.543,0.0,0.0,0.0,1.543,0.0,0.0,1.543,0.0,1.543,0.0,1.543,0.0,0.0,1.543,0.0,0.0,0.0,0.0,0.0,0.0,0.0,0.0,0.0,2.754,1.543,1.543,0.0,2.123,1.543,0.0,0.0,1.543,0.0,0.0,0.0,0.0,0.0,1.543,0.0,0.0,0.0,1.543,0.0,0.0,0.0,0.0,0.0,0.0,0.0,1.543,0.0,1.543,0.0,1.543,0.0,0.0,2.487,0.0,0.0,0.0,0.0,0.0,0.0,0.0,1.543,0.0,1.543,0.0,0.0,0.0,0.0,0.0,0.0,1.543,0.0,0.0,0.0,0.0,0.0,0.0,0.0,0.0,0.0,0.0,0.0,0.0,0.0,0.0,0.0,0.0,0.0,2.123,0.0,0.0,0.0,0.0,0.0,0.0,1.543,0.0,2.487,0.0,1.543,0.0,0.0,0.0,0.0,2.123,0.0,1.543,0.0,0.0,0.0,0.0,2.487,0.0,2.487,0.0,0.0,0.0,0.0,2.964,1.543,3.286,2.754,1.543,1.543,0.0,0.0,0.0,0.0,0.0,0.0,0.0,0.0,0.0,1.543,0.0,2.123,0.0,0.0,0.0,1.543,0.0,0.0,0.0,2.487,1.543,1.543,1.543,2.754,2.123,0.0,0.0,0.0,0.0,1.543,0.0,0.0,0.0,0.0,2.123,0.0,2.123,0.0,0.0,1.543,0.0,0.0,0.0,0.0,0.0,0.0,0.0,0.0,0.0,2.123,0.0,1.543,0.0,2.487,0.0,1.543,0.0,1.543,0.0,0.0,0.0,0.0,0.0,2.754,0.0,2.123,0.0,0.0,1.543,0.0,0.0,1.543,0.0,0.0,0.0,0.0,0.0,0.0,0.0,0.0,0.0,0.0,0.0,0.0,1.543,0.0,0.0,0.0,0.0,0.0,0.0,0.0,2.487,0.0,3.138,0.0,2.754,0.0,0.0,0.0,2.123,0.0,0.0,0.0,0.0,0.0,1.543,1.543,1.543,2.123,0.0,1.543,0.0,0.0,0.0,0.0,0.0,2.487,0.0,0.0,0.0,0.0,0.0,0.0,0.0,0.0,2.487,1.543,1.543,0.0,1.543,0.0,1.543,0.0,0.0,1.543,0.0,0.0,1.543,2.123,0.0,0.0,1.543,1.543,0.0,0.0,0.0,0.0,2.123,1.543,0.0,1.543,0.0,0.0,0.0,0.0,0.0,1.543,0.0,2.123,0.0,0.0,0.0,0.0,3.529,0.0,0.0,0.0,1.543,0.0,0.0,1.543,0.0,1.543,0.0,0.0,0.0,1.543,0.0,2.123,2.964,0.0,1.543,0.0,0.0,0.0,0.0,2.123,0.0,0.0,1.543,0.0,2.123,1.543,0.0,0.0,1.543,0.0,1.543,0.0,0.0,0.0,1.543,0.0,1.543,1.543,0.0,1.543,0.0,1.543,0.0,0.0,0.0,2.123,0.0,1.543,0.0,2.123,0.0,0.0,0.0,0.0,0.0,0.0,2.123,2.964,0.0,0.0,0.0,2.487,0.0,0.0,0.0,0.0,0.0,1.543,0.0,1.543,0.0,0.0,0.0,2.123,3.138,0.0,0.0,2.487,0.0,0.0,0.0,0.0,0.0,2.123,0.0,0.0,0.0,0.0,0.0,1.543,0.0,2.754,0.0,0.0,1.543,0.0,1.543,0.0,0.0,0.0,1.543,2.123,0.0,1.543,0.0,0.0,2.487,0.0,2.754,0.0,0.0,0.0,0.0,2.487,0.0,0.0,0.0,0.0,0.0,0.0,0.0,0.0,1.543,0.0,2.487,0.0,0.0,1.543,0.0,0.0,0.0,0.0,0.0,0.0,0.0,0.0,0.0,0.0,0.0,0.0,0.0,2.754,0.0,0.0,0.0,0.0,1.543,0.0,1.543,0.0,2.487,2.964,2.123,0.0,2.487,0.0,0.0,0.0,0.0,0.0,2.123,0.0,0.0,0.0,2.487,0.0,0.0,2.123,0.0,0.0,0.0,2.123,0.0,0.0,0.0,0.0,0.0,0.0,0.0,0.0,0.0,0.0,0.0,0.0,0.0,0.0,0.0,2.487,2.123,1.543,0.0,0.0,2.487,0.0,0.0,2.123,0.0,1.543,0.0,0.0,0.0,0.0,1.543,0.0,0.0,0.0,0.0,2.123,1.543,0.0,0.0,1.543,0.0,2.487,0.0,0.0,0.0,1.543,0.0,0.0,1.543,0.0,0.0,0.0,2.754,0.0,0.0,0.0,2.964,0.0,1.543,0.0,0.0,1.543,0.0,0.0,0.0,2.487,0.0,2.123,2.754,0.0,0.0,0.0,0.0,0.0,1.543,0.0,1.543,0.0,0.0,0.0,0.0,1.543,0.0,0.0,0.0,0.0,0.0,1.543,1.543,0.0,2.123,0.0,0.0,1.543,0.0,0.0,0.0,0.0,2.123,0.0,2.754,1.543,0.0,0.0,0.0,3.138,0.0,0.0,1.543,0.0,0.0,0.0,0.0,2.754,2.487,0.0,0.0,0.0,0.0,2.123,1.543,0.0,0.0,0.0,2.487,0.0,2.123,0.0,0.0,0.0,0.0,0.0,2.123,1.543,0.0,0.0,2.754,0.0,0.0,0.0,2.487,1.543,0.0,0.0,0.0,2.964,2.754,0.0,2.487,0.0,0.0,0.0,0.0,0.0,0.0,1.543,0.0,0.0,2.487,1.543,2.487,0.0,2.487,0.0,2.487,0.0,0.0,0.0,0.0,0.0,0.0,0.0,0.0,0.0,2.123,0.0,0.0,0.0,1.543,0.0,0.0,0.0,0.0,0.0,0.0,0.0,1.543,0.0,0.0,2.123,0.0,0.0,1.543,1.543,0.0,0.0,0.0,0.0,2.754,0.0,1.543,0.0,0.0,1.543,2.487,1.543,3.138,0.0,0.0,0.0
T-Zelle,0.0,0.0,0.0,2.306,0.0,0.0,0.0,0.0,0.0,0.0,0.0,0.0,0.0,0.0,0.0,0.0,3.094,2.948,0.0,0.0,0.0,1.949,0.0,0.0,0.0,2.306,1.389,2.306,2.306,0.0,0.0,2.306,0.0,1.389,0.0,1.389,0.0,0.0,1.949,1.389,0.0,0.0,2.568,0.0,0.0,0.0,0.0,0.0,0.0,2.568,1.389,4.162,0.0,0.0,4.011,4.294,0.0,0.0,0.0,0.0,0.0,0.0,0.0,0.0,0.0,0.0,2.776,0.0,0.0,0.0,0.0,0.0,0.0,0.0,0.0,0.0,0.0,1.389,0.0,0.0,0.0,0.0,0.0,0.0,1.389,0.0,0.0,1.389,0.0,0.0,0.0,0.0,0.0,0.0,0.0,0.0,0.0,0.0,0.0,0.0,0.0,1.389,0.0,0.0,0.0,1.389,0.0,0.0,1.949,0.0,0.0,2.306,2.306,0.0,0.0,0.0,2.306,1.389,0.0,1.389,0.0,0.0,0.0,0.0,0.0,0.0,0.0,0.0,1.389,0.0,0.0,0.0,0.0,0.0,0.0,1.389,0.0,0.0,1.389,0.0,1.949,2.306,0.0,0.0,0.0,2.776,0.0,1.389,0.0,0.0,0.0,0.0,1.389,1.949,0.0,0.0,0.0,0.0,1.949,0.0,0.0,0.0,0.0,0.0,0.0,0.0,0.0,0.0,0.0,0.0,0.0,0.0,1.389,0.0,0.0,0.0,0.0,0.0,0.0,0.0,0.0,0.0,0.0,0.0,1.949,0.0,1.389,3.955,1.949,0.0,2.568,0.0,0.0,0.0,1.949,1.949,0.0,0.0,0.0,1.389,0.0,0.0,1.389,0.0,0.0,0.0,0.0,2.568,0.0,3.094,1.389,0.0,1.389,1.389,1.389,0.0,0.0,1.389,0.0,0.0,0.0,0.0,0.0,0.0,2.306,0.0,0.0,0.0,0.0,0.0,2.306,0.0,0.0,0.0,1.949,0.0,2.306,2.306,2.306,0.0,0.0,0.0,0.0,1.389,1.949,1.949,0.0,0.0,0.0,0.0,2.306,1.389,0.0,0.0,0.0,0.0,0.0,1.389,0.0,0.0,1.389,1.389,0.0,0.0,1.389,0.0,0.0,1.389,1.949,1.389,0.0,0.0,0.0,0.0,0.0,0.0,2.776,0.0,2.306,0.0,3.094,0.0,0.0,0.0,0.0,0.0,1.949,0.0,0.0,0.0,0.0,0.0,0.0,0.0,0.0,1.389,0.0,1.389,0.0,1.389,0.0,0.0,0.0,0.0,0.0,0.0,1.389,0.0,0.0,3.437,0.0,0.0,0.0,0.0,0.0,0.0,0.0,0.0,1.389,0.0,1.389,2.306,0.0,1.949,1.949,0.0,1.389,0.0,0.0,0.0,0.0,0.0,1.389,0.0,1.389,0.0,0.0,0.0,0.0,0.0,0.0,1.389,0.0,0.0,0.0,2.306,0.0,0.0,0.0,1.389,0.0,1.949,0.0,1.949,0.0,0.0,0.0,2.776,1.389,1.389,0.0,2.568,2.306,1.949,0.0,0.0,0.0,0.0,0.0,0.0,0.0,0.0,0.0,0.0,0.0,0.0,0.0,0.0,0.0,3.765,0.0,0.0,0.0,1.389,0.0,1.389,1.389,0.0,1.949,1.389,0.0,1.949,0.0,1.389,3.437,0.0,0.0,0.0,1.389,0.0,0.0,1.389,0.0,0.0,0.0,0.0,0.0,0.0,1.949,0.0,0.0,1.389,0.0,1.389,0.0,0.0,0.0,0.0,2.306,0.0,0.0,0.0,0.0,1.389,0.0,0.0,0.0,0.0,1.949,1.389,1.389,0.0,1.389,0.0,0.0,0.0,1.389,0.0,0.0,1.389,2.306,1.389,2.306,0.0,0.0,0.0,1.389,0.0,0.0,0.0,1.389,1.949,1.389,0.0,0.0,1.949,2.948,2.948,1.949,0.0,1.389,0.0,0.0,0.0,0.0,0.0,0.0,0.0,0.0,0.0,0.0,0.0,2.306,0.0,2.306,0.0,1.389,1.949,1.389,3.335,0.0,1.389,0.0,0.0,2.568,0.0,0.0,0.0,1.389,2.306,0.0,1.389,1.389,0.0,0.0,1.389,2.306,0.0,2.568,0.0,1.389,0.0,0.0,1.389,0.0,1.389,0.0,1.389,0.0,0.0,0.0,0.0,0.0,0.0,0.0,0.0,2.568,1.949,0.0,0.0,0.0,1.389,0.0,0.0,1.389,0.0,1.389,0.0,0.0,1.389,1.389,0.0,0.0,3.692,1.389,0.0,0.0,1.949,0.0,0.0,1.949,0.0,0.0,2.306,0.0,0.0,0.0,2.306,0.0,1.389,1.949,0.0,0.0,2.776,0.0,0.0,0.0,1.949,1.389,0.0,1.389,0.0,0.0,0.0,0.0,0.0,0.0,0.0,0.0,0.0,2.306,0.0,2.568,4.011,0.0,0.0,0.0,0.0,0.0,0.0,2.306,0.0,1.389,0.0,1.389,0.0,0.0,0.0,1.389,0.0,2.306,1.949,0.0,1.389,1.949,1.389,1.389,1.949,0.0,0.0,0.0,0.0,1.389,0.0,0.0,0.0,0.0,1.389,0.0,0.0,0.0,2.306,0.0,0.0,1.389,1.949,0.0,0.0,1.389,0.0,0.0,0.0,1.949,0.0,0.0,1.949,0.0,1.949,0.0,1.389,0.0,0.0,0.0,0.0,0.0,0.0,0.0,0.0,0.0,0.0,0.0,0.0,0.0,0.0,1.389,1.949,1.389,1.389,2.776,0.0,0.0,1.389,0.0,2.776,0.0,1.389,1.389,0.0,0.0,0.0,2.568,0.0,0.0,0.0,0.0,1.949,0.0,0.0,1.949,0.0,0.0,0.0,0.0,0.0,1.389,0.0,2.306,2.568,0.0,0.0,0.0,1.389,0.0,1.389,0.0,0.0,1.949,1.389,2.306,2.306,0.0,1.389,0.0,0.0,0.0,1.389,0.0,0.0,2.306,0.0,1.949,1.389,0.0,2.306,0.0,1.949,0.0,0.0,0.0,0.0,0.0,2.306,0.0,2.306,1.389,3.692,1.949,1.949,0.0,2.568,0.0,0.0,0.0,0.0,0.0,0.0,0.0,0.0,0.0,0.0,0.0,1.389,0.0,0.0,0.0,1.949,0.0,0.0,0.0,0.0,1.389,0.0,0.0,0.0,1.949,0.0,0.0,2.568,1.389,0.0,0.0,0.0,1.389,1.389,0.0,2.306,0.0,0.0,1.389,1.389,0.0,2.306,0.0,1.389,1.389
NK-Zelle,0.0,0.0,0.0,2.759,0.0,0.0,1.546,1.546,0.0,1.546,0.0,0.0,0.0,0.0,2.127,0.0,2.492,2.969,0.0,2.759,0.0,2.127,1.546,0.0,0.0,0.0,0.0,0.0,2.127,0.0,0.0,0.0,0.0,2.127,1.546,0.0,0.0,0.0,2.492,0.0,0.0,0.0,2.127,0.0,2.492,1.546,0.0,0.0,1.546,0.0,1.546,2.759,0.0,0.0,2.969,3.419,0.0,2.492,2.127,0.0,0.0,0.0,0.0,0.0,0.0,0.0,2.759,0.0,0.0,0.0,2.127,0.0,2.127,1.546,0.0,0.0,0.0,1.546,0.0,0.0,0.0,0.0,1.546,0.0,0.0,0.0,0.0,0.0,0.0,0.0,0.0,0.0,0.0,0.0,1.546,0.0,0.0,1.546,1.546,0.0,0.0,0.0,4.454,1.546,0.0,0.0,0.0,1.546,0.0,0.0,1.546,2.127,1.546,0.0,0.0,1.546,0.0,0.0,0.0,1.546,0.0,0.0,0.0,0.0,0.0,0.0,0.0,0.0,0.0,0.0,0.0,0.0,0.0,2.127,0.0,1.546,1.546,0.0,2.127,0.0,1.546,0.0,0.0,1.546,2.492,0.0,0.0,0.0,1.546,0.0,0.0,0.0,0.0,1.546,2.127,0.0,0.0,0.0,0.0,0.0,0.0,0.0,0.0,0.0,0.0,1.546,1.546,0.0,1.546,0.0,0.0,3.143,0.0,0.0,0.0,2.127,0.0,2.127,0.0,0.0,1.546,1.546,1.546,0.0,0.0,0.0,0.0,0.0,0.0,0.0,0.0,0.0,0.0,3.143,0.0,1.546,0.0,0.0,0.0,0.0,0.0,0.0,1.546,0.0,0.0,1.546,0.0,0.0,0.0,2.127,0.0,1.546,1.546,1.546,0.0,0.0,0.0,1.546,0.0,0.0,0.0,0.0,0.0,0.0,2.127,0.0,1.546,0.0,1.546,0.0,1.546,0.0,0.0,0.0,2.969,0.0,1.546,0.0,0.0,0.0,0.0,0.0,0.0,0.0,1.546,1.546,0.0,1.546,0.0,1.546,0.0,0.0,0.0,1.546,1.546,0.0,0.0,0.0,0.0,0.0,2.127,1.546,0.0,1.546,0.0,0.0,0.0,1.546,0.0,0.0,0.0,0.0,0.0,0.0,0.0,0.0,2.127,0.0,1.546,0.0,2.127,0.0,0.0,0.0,0.0,0.0,0.0,1.546,0.0,0.0,0.0,0.0,0.0,0.0,1.546,0.0,0.0,1.546,0.0,1.546,0.0,0.0,0.0,0.0,0.0,0.0,0.0,0.0,0.0,1.546,0.0,1.546,0.0,0.0,0.0,0.0,0.0,0.0,0.0,0.0,0.0,0.0,1.546,1.546,2.127,1.546,0.0,0.0,0.0,0.0,1.546,0.0,2.127,0.0,0.0,0.0,0.0,0.0,0.0,1.546,0.0,2.127,0.0,0.0,0.0,0.0,1.546,0.0,0.0,1.546,0.0,1.546,0.0,0.0,1.546,0.0,0.0,2.127,1.546,1.546,0.0,1.546,0.0,1.546,0.0,2.492,2.127,0.0,0.0,0.0,0.0,0.0,2.492,2.492,0.0,0.0,0.0,0.0,0.0,2.127,0.0,0.0,0.0,0.0,0.0,0.0,1.546,0.0,2.759,1.546,2.969,0.0,0.0,2.127,2.759,0.0,0.0,0.0,0.0,0.0,2.127,0.0,0.0,1.546,0.0,0.0,0.0,0.0,3.419,3.419,2.492,0.0,0.0,2.127,1.546,0.0,0.0,2.127,2.759,0.0,0.0,0.0,1.546,0.0,0.0,0.0,0.0,0.0,2.492,1.546,0.0,0.0,0.0,0.0,0.0,2.969,1.546,0.0,0.0,1.546,3.729,0.0,0.0,0.0,1.546,0.0,0.0,1.546,1.546,0.0,2.127,0.0,0.0,0.0,0.0,0.0,1.546,2.127,0.0,0.0,0.0,0.0,0.0,0.0,1.546,0.0,0.0,0.0,0.0,0.0,0.0,0.0,0.0,0.0,3.143,0.0,0.0,2.127,1.546,2.492,0.0,2.759,0.0,0.0,0.0,0.0,1.546,0.0,0.0,0.0,0.0,0.0,0.0,0.0,0.0,0.0,1.546,0.0,2.127,0.0,0.0,0.0,0.0,1.546,1.546,2.492,1.546,0.0,0.0,0.0,0.0,0.0,0.0,0.0,0.0,0.0,2.969,1.546,0.0,3.143,3.419,2.492,0.0,0.0,0.0,1.546,1.546,0.0,1.546,2.127,0.0,0.0,2.127,2.759,2.127,0.0,0.0,0.0,0.0,0.0,0.0,0.0,0.0,2.127,0.0,0.0,0.0,0.0,0.0,0.0,1.546,2.759,0.0,0.0,0.0,0.0,2.492,0.0,0.0,0.0,0.0,0.0,0.0,0.0,0.0,0.0,0.0,0.0,2.127,0.0,1.546,0.0,0.0,2.492,0.0,1.546,2.127,0.0,0.0,0.0,0.0,0.0,0.0,0.0,0.0,0.0,0.0,0.0,0.0,0.0,1.546,0.0,0.0,0.0,2.759,1.546,2.492,0.0,0.0,2.969,0.0,0.0,0.0,3.291,2.127,0.0,0.0,2.127,0.0,0.0,1.546,0.0,0.0,0.0,0.0,1.546,0.0,0.0,0.0,0.0,0.0,0.0,1.546,0.0,0.0,0.0,1.546,0.0,1.546,3.729,0.0,0.0,0.0,0.0,0.0,0.0,0.0,0.0,0.0,0.0,0.0,0.0,2.969,0.0,0.0,0.0,0.0,0.0,0.0,0.0,0.0,0.0,0.0,1.546,0.0,2.492,0.0,1.546,0.0,0.0,0.0,0.0,2.127,1.546,0.0,0.0,0.0,0.0,0.0,2.127,0.0,1.546,0.0,0.0,2.127,2.127,0.0,1.546,0.0,2.127,0.0,0.0,1.546,0.0,0.0,0.0,2.492,0.0,0.0,1.546,0.0,0.0,1.546,0.0,0.0,0.0,2.127,0.0,2.492,0.0,2.127,1.546,0.0,2.127,2.127,0.0,0.0,0.0,0.0,0.0,1.546,1.546,1.546,2.127,2.127,3.636,0.0,1.546,0.0,0.0,0.0,0.0,0.0,0.0,4.496,0.0,0.0,0.0,0.0,0.0,1.546,0.0,1.546,0.0,1.546,1.546,0.0,0.0,1.546,1.546,0.0,0.0,0.0,0.0,0.0,0.0,0.0,2.492,0.0,0.0,1.546,0.0,1.546,2.492,0.0,1.546,0.0,0.0,1.546,0.0,0.0,2.969,0.0,0.0,0.0
T-Zelle,0.0,0.0,2.183,0.0,0.0,0.0,1.288,0.0,1.288,0.0,0.0,0.0,0.0,0.0,1.288,0.0,0.0,3.305,0.0,1.288,0.0,1.288,0.0,0.0,0.0,0.0,1.833,1.288,1.833,0.0,0.0,2.183,0.0,1.833,0.0,0.0,0.0,0.0,2.648,0.0,0.0,0.0,0.0,0.0,0.0,0.0,0.0,0.0,0.0,0.0,1.833,1.833,0.0,0.0,2.819,3.091,0.0,1.288,0.0,0.0,0.0,0.0,0.0,0.0,0.0,0.0,1.833,1.288,0.0,1.288,0.0,0.0,0.0,0.0,1.288,0.0,0.0,1.833,0.0,0.0,0.0,0.0,0.0,0.0,1.833,0.0,1.288,0.0,0.0,0.0,0.0,1.833,0.0,0.0,1.288,0.0,1.833,0.0,0.0,0.0,0.0,0.0,1.288,1.288,2.442,0.0,0.0,0.0,0.0,0.0,1.288,0.0,0.0,0.0,1.288,1.288,1.833,1.288,0.0,1.288,0.0,1.288,0.0,0.0,0.0,0.0,0.0,1.288,0.0,0.0,1.288,0.0,0.0,1.288,1.288,0.0,0.0,0.0,0.0,1.288,0.0,2.442,1.288,1.288,1.288,0.0,1.288,1.288,0.0,0.0,1.288,0.0,0.0,0.0,0.0,1.288,0.0,0.0,2.648,0.0,0.0,2.183,0.0,0.0,1.833,0.0,0.0,0.0,0.0,0.0,0.0,0.0,0.0,0.0,0.0,0.0,0.0,0.0,3.481,1.288,0.0,0.0,0.0,0.0,1.288,0.0,2.183,1.288,2.442,1.288,0.0,0.0,0.0,0.0,1.288,2.183,2.819,0.0,0.0,0.0,1.288,0.0,1.288,0.0,0.0,0.0,3.305,0.0,1.288,2.648,0.0,2.819,1.288,1.288,1.288,0.0,0.0,2.183,1.288,0.0,0.0,0.0,0.0,0.0,0.0,0.0,1.288,0.0,2.183,0.0,1.288,0.0,0.0,0.0,2.648,1.288,1.288,1.288,1.833,1.288,1.288,2.442,0.0,0.0,0.0,1.288,0.0,1.833,1.288,2.442,0.0,0.0,1.288,0.0,1.288,0.0,1.288,0.0,0.0,0.0,0.0,0.0,0.0,0.0,0.0,1.288,1.833,1.288,1.288,0.0,0.0,0.0,2.442,1.288,0.0,0.0,0.0,0.0,0.0,0.0,2.183,0.0,0.0,1.288,0.0,1.288,1.288,0.0,1.833,1.288,0.0,0.0,0.0,0.0,0.0,1.833,0.0,0.0,0.0,1.288,0.0,0.0,0.0,0.0,0.0,0.0,0.0,0.0,0.0,0.0,1.288,0.0,0.0,0.0,0.0,1.833,0.0,0.0,0.0,1.288,0.0,1.288,0.0,0.0,1.288,1.288,1.833,0.0,0.0,0.0,0.0,0.0,2.648,0.0,0.0,0.0,1.288,0.0,0.0,0.0,1.288,1.288,0.0,1.288,1.288,1.833,1.288,1.288,0.0,1.288,0.0,1.833,0.0,0.0,0.0,1.288,0.0,0.0,2.183,1.288,0.0,1.288,0.0,1.833,0.0,0.0,0.0,0.0,0.0,0.0,2.183,0.0,0.0,0.0,0.0,0.0,0.0,0.0,0.0,3.091,0.0,0.0,0.0,1.288,1.288,0.0,0.0,0.0,2.183,1.288,0.0,1.288,1.288,1.833,2.183,0.0,0.0,1.833,1.288,0.0,0.0,0.0,0.0,0.0,0.0,0.0,1.288,0.0,1.288,0.0,0.0,0.0,0.0,1.288,0.0,1.288,0.0,2.183,2.648,0.0,0.0,0.0,0.0,0.0,0.0,1.288,0.0,0.0,1.288,0.0,0.0,0.0,0.0,1.833,0.0,1.833,0.0,0.0,0.0,0.0,2.442,1.288,1.833,0.0,1.833,1.288,1.288,1.288,2.442,0.0,0.0,0.0,1.288,0.0,0.0,0.0,2.183,1.833,1.288,0.0,0.0,0.0,1.288,1.288,0.0,0.0,0.0,0.0,0.0,0.0,1.288,0.0,0.0,0.0,1.833,0.0,1.833,2.648,0.0,3.204,0.0,2.183,0.0,1.288,0.0,0.0,0.0,1.288,0.0,1.833,0.0,2.648,0.0,0.0,0.0,0.0,1.833,1.288,1.288,1.833,1.833,0.0,0.0,1.288,0.0,1.288,1.288,0.0,0.0,0.0,1.288,1.288,0.0,0.0,0.0,1.288,1.288,1.833,0.0,0.0,0.0,1.288,0.0,0.0,2.442,1.288,1.288,0.0,1.288,1.288,0.0,0.0,0.0,1.288,0.0,0.0,0.0,2.442,3.481,0.0,0.0,0.0,2.183,1.833,0.0,0.0,0.0,0.0,0.0,0.0,0.0,3.631,1.833,0.0,0.0,1.288,1.288,1.288,0.0,0.0,3.204,0.0,0.0,0.0,0.0,1.288,0.0,0.0,1.288,0.0,2.183,0.0,2.183,1.288,0.0,0.0,1.288,3.204,0.0,1.288,1.833,0.0,2.183,0.0,0.0,1.288,1.288,0.0,0.0,0.0,2.183,0.0,0.0,0.0,2.442,1.288,2.183,1.288,0.0,0.0,0.0,0.0,0.0,0.0,0.0,0.0,1.288,1.288,0.0,1.288,2.183,0.0,1.288,1.288,0.0,0.0,1.288,0.0,1.833,1.288,2.183,0.0,0.0,0.0,0.0,0.0,1.833,0.0,0.0,1.288,1.288,0.0,0.0,0.0,0.0,0.0,1.288,0.0,1.288,0.0,0.0,0.0,0.0,0.0,1.833,1.288,0.0,0.0,1.288,0.0,0.0,1.833,0.0,2.183,1.833,0.0,0.0,0.0,0.0,0.0,1.288,1.288,0.0,0.0,0.0,1.288,1.288,0.0,1.288,1.833,0.0,0.0,0.0,0.0,2.442,0.0,1.288,0.0,0.0,1.288,0.0,1.833,0.0,0.0,1.288,1.288,2.819,2.183,0.0,1.833,0.0,0.0,1.833,0.0,1.833,0.0,0.0,0.0,0.0,0.0,2.648,2.183,0.0,2.183,0.0,1.288,1.288,0.0,0.0,1.833,2.442,0.0,0.0,1.288,1.833,4.073,1.288,0.0,0.0,2.442,1.288,0.0,1.288,0.0,0.0,0.0,0.0,0.0,0.0,1.288,0.0,0.0,1.833,1.288,0.0,1.288,4.885,0.0,0.0,0.0,1.833,0.0,0.0,0.0,0.0,0.0,0.0,0.0,0.0,1.288,0.0,0.0,1.833,0.0,0.0,1.288,1.288,0.0,1.288,0.0,0.0,0.0,0.0,0.0,1.288
Dendritische Zelle,0.0,0.0,1.729,2.846,0.0,0.0,0.0,1.199,0.0,0.0,0.0,0.0,0.0,0.0,0.0,1.199,0.0,1.729,0.0,0.0,0.0,1.729,0.0,0.0,0.0,0.0,1.729,0.0,1.199,1.199,0.0,0.0,0.0,1.729,0.0,1.199,0.0,0.0,0.0,0.0,2.532,0.0,0.0,0.0,0.0,0.0,0.0,0.0,0.0,0.0,0.0,2.329,0.0,0.0,1.199,2.073,0.0,1.729,0.0,1.199,0.0,0.0,0.0,0.0,1.199,2.972,2.701,0.0,2.329,1.199,0.0,0.0,0.0,0.0,1.729,0.0,0.0,0.0,0.0,0.0,1.199,0.0,1.199,0.0,0.0,1.199,0.0,0.0,0.0,0.0,0.0,0.0,0.0,2.329,1.199,0.0,0.0,1.199,0.0,0.0,1.199,1.199,0.0,0.0,0.0,0.0,1.199,0.0,0.0,0.0,1.199,0.0,0.0,0.0,1.199,0.0,1.729,0.0,1.199,1.199,0.0,2.073,0.0,0.0,0.0,0.0,0.0,0.0,1.729,0.0,1.199,0.0,0.0,0.0,0.0,0.0,1.199,0.0,0.0,3.51,0.0,0.0,0.0,0.0,2.073,0.0,1.199,0.0,0.0,0.0,0.0,0.0,1.729,0.0,0.0,0.0,0.0,0.0,0.0,0.0,1.199,1.199,1.199,0.0,1.729,0.0,0.0,0.0,0.0,0.0,0.0,0.0,1.199,1.199,0.0,0.0,0.0,0.0,0.0,0.0,2.073,0.0,0.0,0.0,0.0,0.0,1.729,1.199,0.0,0.0,0.0,0.0,0.0,0.0,0.0,2.073,0.0,0.0,0.0,0.0,0.0,1.199,1.199,0.0,2.073,0.0,0.0,0.0,1.199,5.409,0.0,1.729,1.199,1.729,0.0,0.0,0.0,1.199,0.0,0.0,0.0,1.199,1.729,0.0,0.0,0.0,1.199,0.0,0.0,0.0,0.0,2.329,2.972,0.0,2.532,0.0,5.356,3.994,4.837,4.319,3.994,3.51,2.329,2.532,4.819,4.588,0.0,0.0,1.199,0.0,0.0,0.0,1.729,1.199,2.329,0.0,0.0,1.729,0.0,0.0,1.199,0.0,0.0,0.0,0.0,0.0,1.199,1.199,2.701,0.0,1.199,0.0,1.199,1.199,3.084,0.0,1.199,1.199,0.0,0.0,2.701,1.199,0.0,0.0,0.0,0.0,0.0,1.199,0.0,0.0,0.0,0.0,0.0,0.0,1.199,2.073,0.0,1.729,0.0,1.199,0.0,0.0,0.0,0.0,0.0,0.0,0.0,1.199,0.0,0.0,0.0,1.199,0.0,0.0,0.0,1.199,0.0,2.073,0.0,0.0,0.0,1.729,0.0,0.0,0.0,0.0,0.0,0.0,0.0,0.0,1.729,0.0,1.729,0.0,0.0,0.0,0.0,0.0,0.0,0.0,0.0,0.0,0.0,1.729,0.0,0.0,0.0,0.0,0.0,2.329,0.0,0.0,0.0,0.0,1.729,1.199,0.0,0.0,1.729,1.199,0.0,0.0,0.0,0.0,0.0,0.0,0.0,0.0,0.0,0.0,0.0,2.073,0.0,0.0,2.532,0.0,0.0,0.0,0.0,2.846,0.0,0.0,0.0,0.0,0.0,0.0,1.199,0.0,2.972,1.199,0.0,1.199,2.329,0.0,2.701,1.199,0.0,0.0,0.0,1.199,0.0,0.0,1.729,0.0,0.0,0.0,0.0,0.0,2.972,0.0,1.199,0.0,0.0,1.199,1.199,0.0,0.0,0.0,2.073,1.199,0.0,2.701,0.0,1.199,0.0,0.0,0.0,0.0,2.329,0.0,1.199,2.073,0.0,1.199,0.0,0.0,0.0,0.0,0.0,0.0,1.199,1.199,2.972,0.0,2.329,1.199,2.329,0.0,1.199,0.0,0.0,0.0,0.0,0.0,0.0,2.532,0.0,0.0,0.0,0.0,0.0,0.0,0.0,2.329,0.0,0.0,0.0,0.0,0.0,0.0,0.0,0.0,0.0,0.0,2.329,1.199,0.0,2.073,1.199,2.701,0.0,1.729,1.199,1.199,2.073,0.0,0.0,4.873,0.0,1.199,0.0,2.073,2.073,0.0,0.0,0.0,2.329,0.0,0.0,0.0,1.199,0.0,0.0,1.199,0.0,1.729,1.199,0.0,0.0,0.0,0.0,0.0,1.199,0.0,1.729,0.0,2.532,1.199,0.0,0.0,0.0,1.199,1.199,0.0,1.729,2.846,1.199,0.0,0.0,0.0,0.0,2.701,1.729,0.0,0.0,0.0,0.0,0.0,0.0,0.0,0.0,1.199,0.0,1.729,0.0,0.0,0.0,1.199,0.0,0.0,1.199,1.199,1.199,1.729,1.729,0.0,2.073,0.0,1.199,0.0,0.0,0.0,0.0,0.0,0.0,0.0,0.0,1.729,0.0,0.0,0.0,0.0,1.199,0.0,0.0,0.0,0.0,0.0,0.0,0.0,0.0,0.0,0.0,0.0,0.0,2.073,0.0,0.0,0.0,0.0,1.199,0.0,2.073,1.729,3.084,0.0,1.199,0.0,0.0,0.0,0.0,0.0,1.199,0.0,0.0,1.729,0.0,1.199,0.0,0.0,0.0,0.0,0.0,0.0,2.329,0.0,2.073,0.0,0.0,0.0,2.846,1.729,1.199,0.0,0.0,0.0,1.199,1.199,0.0,0.0,0.0,0.0,0.0,0.0,1.199,1.729,0.0,0.0,0.0,0.0,0.0,5.163,0.0,0.0,0.0,0.0,2.073,0.0,1.199,0.0,0.0,1.199,0.0,2.073,1.729,0.0,0.0,0.0,0.0,0.0,0.0,1.199,1.199,0.0,1.199,1.729,0.0,0.0,0.0,1.199,0.0,0.0,0.0,0.0,1.729,1.199,1.199,0.0,0.0,1.729,0.0,1.729,0.0,0.0,0.0,0.0,1.199,2.532,0.0,1.199,1.199,0.0,0.0,0.0,1.199,0.0,1.729,1.199,0.0,0.0,1.729,0.0,1.199,1.199,1.729,0.0,1.199,1.199,0.0,0.0,1.199,0.0,0.0,0.0,2.329,4.152,0.0,1.729,0.0,0.0,0.0,1.199,0.0,1.199,0.0,0.0,0.0,0.0,1.199,2.073,0.0,0.0,0.0,1.729,0.0,0.0,0.0,0.0,0.0,1.199,1.729,0.0,0.0,0.0,0.0,0.0,2.532,1.199,0.0,1.199,0.0,2.073,1.199,0.0,0.0,2.073,0.0,0.0,1.199,1.199,1.199,1.729,0.0,1.729,1.199
Dendritische Zelle,1.351,0.0,1.905,0.0,0.0,1.905,0.0,0.0,0.0,1.905,1.905,0.0,0.0,0.0,0.0,0.0,0.0,2.26,0.0,0.0,0.0,0.0,0.0,0.0,0.0,1.351,1.905,1.351,1.351,0.0,0.0,0.0,0.0,1.351,0.0,2.26,0.0,0.0,0.0,0.0,1.905,0.0,0.0,0.0,0.0,0.0,0.0,1.351,0.0,2.26,0.0,2.521,2.899,1.905,3.046,3.715,0.0,1.351,1.351,0.0,0.0,1.351,0.0,0.0,0.0,2.521,2.899,0.0,0.0,0.0,0.0,0.0,0.0,0.0,0.0,0.0,0.0,1.351,0.0,0.0,1.905,0.0,0.0,0.0,1.351,1.905,1.351,0.0,0.0,0.0,1.351,2.26,0.0,0.0,1.351,1.351,0.0,2.26,0.0,1.351,1.351,0.0,0.0,0.0,0.0,1.905,0.0,0.0,1.351,0.0,0.0,0.0,1.905,0.0,1.351,0.0,0.0,0.0,0.0,0.0,0.0,0.0,0.0,0.0,0.0,1.351,0.0,1.351,0.0,0.0,0.0,0.0,0.0,1.351,0.0,0.0,2.26,0.0,0.0,1.905,0.0,0.0,1.351,2.26,0.0,0.0,0.0,0.0,0.0,1.905,0.0,0.0,0.0,0.0,0.0,1.905,0.0,0.0,0.0,0.0,0.0,1.351,0.0,0.0,0.0,0.0,0.0,0.0,0.0,0.0,0.0,0.0,0.0,0.0,0.0,0.0,0.0,0.0,0.0,0.0,1.351,0.0,0.0,0.0,0.0,2.26,0.0,0.0,1.351,0.0,0.0,0.0,0.0,0.0,0.0,1.351,1.351,0.0,0.0,0.0,0.0,0.0,0.0,0.0,1.351,0.0,0.0,1.351,0.0,5.028,0.0,1.351,1.351,2.521,1.351,0.0,0.0,0.0,0.0,1.351,0.0,0.0,0.0,0.0,0.0,0.0,0.0,0.0,0.0,0.0,3.286,3.046,2.899,0.0,1.905,1.351,4.496,3.046,4.112,3.48,0.0,3.046,2.26,2.899,3.286,3.905,0.0,1.351,0.0,1.905,1.351,0.0,1.351,1.351,2.26,0.0,0.0,0.0,0.0,0.0,0.0,0.0,0.0,0.0,0.0,0.0,1.351,0.0,2.26,0.0,0.0,0.0,1.351,0.0,1.905,0.0,0.0,0.0,1.351,0.0,2.26,0.0,0.0,0.0,0.0,1.905,1.351,0.0,0.0,0.0,0.0,0.0,0.0,0.0,0.0,2.26,0.0,1.351,0.0,1.351,0.0,0.0,0.0,0.0,0.0,0.0,0.0,1.905,0.0,1.905,1.351,0.0,0.0,0.0,0.0,1.351,2.521,1.351,0.0,0.0,0.0,0.0,0.0,1.351,0.0,0.0,1.905,0.0,0.0,1.351,1.905,0.0,2.26,0.0,0.0,0.0,0.0,0.0,1.351,0.0,0.0,0.0,0.0,0.0,0.0,1.351,0.0,0.0,0.0,1.905,0.0,0.0,0.0,0.0,1.351,0.0,0.0,0.0,1.351,1.351,0.0,0.0,1.351,1.351,0.0,0.0,1.351,0.0,1.351,0.0,1.351,1.905,0.0,0.0,0.0,0.0,0.0,0.0,0.0,3.173,0.0,0.0,0.0,0.0,0.0,0.0,0.0,0.0,2.521,0.0,0.0,1.351,2.26,0.0,3.845,0.0,1.351,0.0,0.0,0.0,1.905,0.0,0.0,0.0,0.0,0.0,0.0,0.0,1.351,0.0,0.0,1.351,0.0,0.0,0.0,0.0,1.351,0.0,0.0,0.0,0.0,1.351,0.0,0.0,0.0,1.351,0.0,0.0,0.0,0.0,1.351,0.0,0.0,0.0,0.0,0.0,0.0,1.351,1.905,0.0,0.0,0.0,2.26,1.351,0.0,0.0,1.905,0.0,1.905,0.0,0.0,0.0,1.351,0.0,0.0,1.905,0.0,2.26,0.0,0.0,0.0,2.26,0.0,1.351,1.351,0.0,0.0,0.0,0.0,0.0,0.0,0.0,1.351,0.0,1.351,1.351,0.0,0.0,1.351,2.26,0.0,1.905,0.0,0.0,1.905,0.0,1.905,4.464,0.0,1.351,0.0,1.351,0.0,0.0,0.0,0.0,1.905,0.0,0.0,0.0,0.0,0.0,2.26,0.0,0.0,3.046,1.351,0.0,0.0,0.0,0.0,0.0,0.0,1.351,1.351,0.0,1.905,0.0,0.0,0.0,0.0,1.351,1.351,0.0,0.0,1.351,0.0,0.0,0.0,1.351,0.0,2.26,0.0,0.0,0.0,0.0,0.0,1.905,0.0,0.0,0.0,0.0,1.351,3.046,0.0,1.351,0.0,1.351,0.0,0.0,0.0,1.351,0.0,1.905,0.0,0.0,0.0,0.0,1.905,0.0,1.351,0.0,0.0,0.0,0.0,0.0,0.0,0.0,0.0,0.0,0.0,0.0,0.0,0.0,0.0,0.0,0.0,0.0,1.351,0.0,1.351,0.0,0.0,0.0,1.905,1.905,0.0,0.0,0.0,0.0,1.351,0.0,3.173,1.351,1.351,1.351,0.0,0.0,0.0,0.0,0.0,0.0,0.0,0.0,0.0,0.0,1.351,0.0,0.0,0.0,0.0,0.0,0.0,0.0,1.351,1.351,0.0,0.0,0.0,0.0,1.905,0.0,1.905,0.0,0.0,0.0,0.0,0.0,0.0,1.905,0.0,0.0,0.0,0.0,0.0,0.0,0.0,1.905,0.0,0.0,0.0,4.014,0.0,1.351,1.351,1.351,0.0,0.0,2.26,0.0,0.0,2.728,0.0,1.905,0.0,0.0,0.0,0.0,0.0,1.905,0.0,0.0,1.351,0.0,0.0,0.0,0.0,0.0,1.351,0.0,0.0,0.0,1.351,0.0,1.905,0.0,1.905,0.0,0.0,2.26,0.0,1.351,0.0,0.0,0.0,0.0,1.905,3.173,0.0,1.351,0.0,1.905,0.0,0.0,0.0,0.0,1.351,0.0,2.26,0.0,2.26,1.351,0.0,1.905,2.899,0.0,0.0,1.351,0.0,0.0,0.0,0.0,0.0,0.0,2.521,4.158,1.351,2.521,1.351,1.351,0.0,0.0,1.905,1.905,0.0,0.0,0.0,0.0,0.0,1.351,0.0,0.0,0.0,0.0,0.0,0.0,0.0,0.0,1.351,0.0,0.0,0.0,1.351,0.0,1.351,0.0,2.521,0.0,0.0,0.0,0.0,0.0,0.0,0.0,0.0,2.26,0.0,0.0,0.0,2.26,0.0,2.26,0.0,1.905,0.0
Dendritische Zelle,0.0,0.0,0.0,0.0,0.0,0.0,0.0,1.453,0.0,0.0,0.0,1.453,0.0,0.0,2.021,0.0,0.0,0.0,1.453,0.0,0.0,0.0,0.0,0.0,0.0,0.0,0.0,1.453,0.0,0.0,0.0,1.453,0.0,0.0,0.0,0.0,0.0,0.0,0.0,0.0,2.021,0.0,1.453,0.0,1.453,0.0,0.0,2.382,0.0,2.021,0.0,1.453,2.021,0.0,3.303,3.303,0.0,0.0,0.0,0.0,0.0,1.453,0.0,0.0,0.0,3.774,2.382,0.0,2.382,0.0,0.0,0.0,0.0,0.0,0.0,0.0,0.0,0.0,0.0,0.0,1.453,0.0,0.0,0.0,2.021,0.0,0.0,0.0,0.0,0.0,0.0,0.0,0.0,0.0,2.021,0.0,0.0,2.021,0.0,0.0,1.453,1.453,0.0,0.0,0.0,0.0,1.453,0.0,0.0,0.0,0.0,2.021,0.0,0.0,0.0,0.0,0.0,0.0,0.0,1.453,0.0,0.0,0.0,0.0,0.0,0.0,0.0,0.0,0.0,0.0,0.0,0.0,0.0,0.0,0.0,0.0,0.0,0.0,0.0,1.453,2.382,0.0,1.453,1.453,1.453,0.0,0.0,0.0,0.0,0.0,0.0,0.0,0.0,0.0,1.453,0.0,0.0,0.0,0.0,0.0,1.453,0.0,0.0,0.0,0.0,0.0,0.0,0.0,0.0,1.453,0.0,0.0,0.0,0.0,0.0,0.0,0.0,0.0,0.0,1.453,0.0,0.0,2.382,0.0,0.0,0.0,0.0,1.453,0.0,0.0,0.0,0.0,0.0,0.0,0.0,2.646,1.453,0.0,0.0,0.0,0.0,0.0,2.021,0.0,2.021,0.0,0.0,2.021,0.0,5.235,0.0,2.382,0.0,1.453,2.021,0.0,0.0,0.0,0.0,1.453,0.0,0.0,1.453,0.0,1.453,0.0,1.453,0.0,0.0,0.0,1.453,3.028,2.855,0.0,1.453,0.0,4.857,3.774,4.245,4.037,3.175,3.519,1.453,2.646,4.597,4.75,0.0,1.453,0.0,0.0,1.453,0.0,1.453,0.0,2.382,0.0,0.0,0.0,0.0,1.453,0.0,2.021,0.0,0.0,0.0,0.0,0.0,0.0,2.382,1.453,1.453,0.0,2.021,1.453,2.021,1.453,0.0,0.0,0.0,0.0,2.021,0.0,0.0,0.0,0.0,0.0,0.0,0.0,0.0,0.0,0.0,0.0,0.0,0.0,1.453,1.453,0.0,2.646,2.021,0.0,0.0,0.0,0.0,0.0,0.0,0.0,0.0,1.453,0.0,1.453,0.0,1.453,0.0,0.0,0.0,0.0,2.382,1.453,0.0,0.0,0.0,1.453,1.453,0.0,2.382,0.0,0.0,0.0,0.0,1.453,0.0,0.0,0.0,0.0,0.0,0.0,0.0,0.0,0.0,0.0,0.0,0.0,0.0,1.453,0.0,0.0,1.453,0.0,0.0,1.453,0.0,0.0,0.0,0.0,0.0,0.0,0.0,2.021,1.453,0.0,0.0,0.0,0.0,1.453,0.0,0.0,0.0,0.0,0.0,0.0,1.453,0.0,1.453,0.0,0.0,0.0,0.0,0.0,0.0,2.855,0.0,0.0,0.0,0.0,0.0,0.0,1.453,0.0,3.028,0.0,0.0,1.453,0.0,1.453,2.855,0.0,1.453,0.0,0.0,0.0,0.0,0.0,1.453,0.0,0.0,1.453,0.0,0.0,0.0,0.0,0.0,0.0,0.0,0.0,0.0,0.0,0.0,0.0,1.453,2.382,0.0,2.021,0.0,0.0,0.0,0.0,0.0,0.0,0.0,0.0,0.0,0.0,0.0,0.0,0.0,0.0,0.0,0.0,2.382,0.0,0.0,0.0,2.021,1.453,1.453,1.453,0.0,0.0,1.453,0.0,0.0,0.0,0.0,0.0,0.0,2.646,1.453,0.0,0.0,0.0,0.0,0.0,0.0,2.646,0.0,0.0,0.0,0.0,0.0,0.0,0.0,0.0,0.0,0.0,2.646,0.0,0.0,0.0,0.0,3.028,0.0,2.021,0.0,0.0,2.382,0.0,0.0,4.857,0.0,1.453,0.0,1.453,1.453,0.0,0.0,0.0,1.453,0.0,1.453,0.0,2.021,0.0,0.0,0.0,0.0,0.0,0.0,0.0,0.0,0.0,0.0,0.0,0.0,1.453,0.0,0.0,0.0,0.0,0.0,0.0,0.0,0.0,0.0,0.0,0.0,2.382,2.382,0.0,0.0,2.021,1.453,1.453,0.0,1.453,0.0,0.0,0.0,0.0,0.0,0.0,0.0,0.0,2.021,2.646,0.0,0.0,0.0,2.382,0.0,0.0,0.0,0.0,0.0,1.453,0.0,2.021,0.0,0.0,2.382,0.0,0.0,0.0,0.0,0.0,0.0,1.453,0.0,0.0,0.0,0.0,2.021,0.0,2.021,0.0,0.0,0.0,1.453,0.0,0.0,0.0,1.453,0.0,0.0,0.0,2.021,1.453,0.0,1.453,1.453,0.0,1.453,0.0,2.855,0.0,3.611,1.453,1.453,2.021,0.0,0.0,0.0,0.0,0.0,0.0,0.0,0.0,0.0,0.0,0.0,0.0,0.0,0.0,0.0,0.0,0.0,0.0,2.855,0.0,0.0,0.0,2.382,1.453,2.021,0.0,0.0,0.0,0.0,0.0,0.0,0.0,0.0,0.0,0.0,0.0,0.0,0.0,1.453,0.0,0.0,0.0,0.0,4.335,0.0,0.0,0.0,0.0,0.0,0.0,0.0,1.453,0.0,0.0,0.0,2.021,0.0,0.0,0.0,0.0,0.0,0.0,2.021,0.0,2.021,0.0,0.0,0.0,0.0,0.0,0.0,0.0,0.0,0.0,0.0,0.0,1.453,0.0,0.0,1.453,0.0,1.453,0.0,2.382,0.0,0.0,0.0,0.0,2.382,2.382,1.453,0.0,0.0,0.0,0.0,0.0,2.021,1.453,0.0,2.855,0.0,2.021,1.453,1.453,0.0,0.0,2.646,0.0,0.0,0.0,0.0,0.0,0.0,0.0,0.0,0.0,2.382,3.417,0.0,2.382,0.0,1.453,0.0,0.0,0.0,1.453,0.0,0.0,0.0,0.0,0.0,2.382,0.0,0.0,1.453,0.0,0.0,1.453,0.0,0.0,1.453,0.0,0.0,0.0,0.0,0.0,1.453,0.0,2.646,0.0,0.0,1.453,0.0,2.382,1.453,0.0,0.0,2.021,1.453,0.0,1.453,1.453,1.453,0.0,0.0,0.0,0.0
NK-Zelle,0.0,0.0,0.0,1.65,0.0,0.0,0.0,0.0,0.0,1.65,1.65,0.0,0.0,0.0,0.0,0.0,0.0,0.0,0.0,2.611,0.0,0.0,2.611,0.0,0.0,0.0,1.65,1.65,0.0,0.0,0.0,0.0,0.0,0.0,0.0,0.0,1.65,1.65,2.242,1.65,1.65,2.242,0.0,0.0,1.65,2.242,0.0,1.65,0.0,0.0,0.0,0.0,0.0,0.0,0.0,1.65,0.0,0.0,0.0,0.0,0.0,1.65,0.0,1.65,0.0,0.0,0.0,0.0,3.416,0.0,2.611,0.0,2.611,0.0,0.0,0.0,0.0,2.611,1.65,0.0,0.0,0.0,1.65,0.0,0.0,0.0,0.0,0.0,0.0,0.0,0.0,0.0,0.0,0.0,0.0,1.65,0.0,1.65,0.0,0.0,0.0,0.0,3.267,0.0,0.0,0.0,0.0,0.0,0.0,0.0,0.0,1.65,0.0,0.0,0.0,0.0,0.0,0.0,0.0,1.65,1.65,1.65,0.0,0.0,0.0,0.0,0.0,0.0,0.0,0.0,0.0,0.0,0.0,0.0,0.0,0.0,2.242,1.65,0.0,0.0,0.0,1.65,0.0,1.65,0.0,0.0,0.0,1.65,0.0,1.65,0.0,0.0,0.0,0.0,1.65,0.0,0.0,0.0,0.0,0.0,0.0,0.0,0.0,0.0,1.65,2.242,0.0,0.0,0.0,0.0,0.0,0.0,1.65,0.0,0.0,0.0,0.0,3.416,0.0,2.242,2.88,2.88,0.0,0.0,0.0,0.0,0.0,1.65,0.0,0.0,0.0,0.0,0.0,3.762,1.65,0.0,0.0,0.0,0.0,0.0,1.65,3.092,0.0,0.0,0.0,0.0,0.0,1.65,0.0,0.0,1.65,2.611,1.65,0.0,2.611,0.0,0.0,2.242,1.65,0.0,1.65,0.0,0.0,0.0,0.0,0.0,1.65,1.65,0.0,0.0,1.65,0.0,0.0,0.0,2.611,0.0,0.0,0.0,0.0,0.0,0.0,0.0,0.0,0.0,0.0,0.0,0.0,0.0,2.242,1.65,2.242,2.242,0.0,1.65,0.0,1.65,0.0,0.0,0.0,0.0,0.0,0.0,1.65,1.65,0.0,0.0,1.65,1.65,0.0,0.0,0.0,0.0,2.242,0.0,0.0,1.65,1.65,0.0,1.65,0.0,2.611,0.0,2.242,0.0,0.0,1.65,0.0,1.65,0.0,0.0,0.0,0.0,0.0,0.0,0.0,0.0,1.65,0.0,0.0,0.0,0.0,0.0,0.0,0.0,0.0,0.0,1.65,0.0,0.0,1.65,0.0,2.611,0.0,0.0,1.65,2.242,2.242,0.0,0.0,0.0,0.0,0.0,0.0,0.0,1.65,0.0,0.0,0.0,0.0,0.0,1.65,0.0,1.65,0.0,0.0,0.0,0.0,0.0,0.0,0.0,1.65,0.0,0.0,1.65,0.0,0.0,0.0,0.0,0.0,2.611,0.0,0.0,0.0,0.0,0.0,0.0,0.0,0.0,0.0,1.65,0.0,1.65,1.65,0.0,0.0,2.611,0.0,0.0,0.0,0.0,0.0,0.0,3.416,2.242,0.0,0.0,1.65,1.65,0.0,3.092,0.0,0.0,0.0,1.65,0.0,0.0,2.242,0.0,2.611,2.242,1.65,0.0,1.65,0.0,3.092,2.242,0.0,0.0,0.0,1.65,0.0,0.0,0.0,0.0,0.0,0.0,0.0,1.65,3.267,2.611,0.0,0.0,0.0,0.0,1.65,0.0,0.0,1.65,2.88,0.0,0.0,0.0,1.65,0.0,0.0,0.0,0.0,0.0,1.65,1.65,0.0,0.0,0.0,0.0,0.0,3.941,2.242,0.0,0.0,0.0,2.242,0.0,3.092,0.0,1.65,0.0,0.0,1.65,1.65,0.0,1.65,0.0,0.0,0.0,0.0,0.0,0.0,0.0,0.0,0.0,0.0,0.0,0.0,0.0,0.0,0.0,0.0,0.0,0.0,0.0,0.0,0.0,0.0,0.0,2.88,0.0,2.242,2.611,1.65,2.88,0.0,3.416,1.65,0.0,2.611,0.0,0.0,0.0,0.0,2.242,0.0,2.242,0.0,0.0,1.65,0.0,1.65,0.0,2.611,0.0,0.0,0.0,2.242,0.0,0.0,0.0,0.0,1.65,0.0,0.0,0.0,0.0,0.0,0.0,1.65,1.65,3.267,2.611,2.242,3.092,3.092,0.0,0.0,0.0,2.611,1.65,0.0,0.0,1.65,1.65,0.0,0.0,0.0,3.092,1.65,0.0,0.0,2.611,0.0,0.0,0.0,1.65,2.242,2.611,0.0,0.0,0.0,0.0,0.0,2.242,0.0,1.65,0.0,0.0,1.65,0.0,2.242,0.0,0.0,0.0,0.0,0.0,1.65,0.0,0.0,1.65,0.0,0.0,0.0,0.0,1.65,2.242,2.242,0.0,0.0,2.242,0.0,0.0,0.0,1.65,0.0,0.0,1.65,0.0,0.0,1.65,0.0,0.0,1.65,0.0,2.242,1.65,0.0,0.0,3.092,0.0,0.0,0.0,0.0,0.0,0.0,0.0,0.0,2.242,0.0,0.0,0.0,1.65,0.0,0.0,0.0,0.0,0.0,0.0,0.0,0.0,0.0,1.65,2.242,0.0,2.242,2.611,1.65,0.0,0.0,0.0,1.65,1.65,2.611,3.092,0.0,0.0,0.0,0.0,0.0,1.65,1.65,1.65,1.65,1.65,1.65,0.0,2.242,2.242,0.0,0.0,1.65,0.0,2.611,0.0,0.0,0.0,0.0,3.092,2.242,3.267,0.0,2.611,0.0,0.0,0.0,1.65,1.65,0.0,0.0,2.242,0.0,0.0,0.0,0.0,0.0,2.88,0.0,0.0,0.0,2.242,0.0,0.0,0.0,1.65,0.0,1.65,2.611,0.0,1.65,0.0,1.65,1.65,0.0,2.611,0.0,1.65,0.0,0.0,0.0,0.0,1.65,0.0,1.65,0.0,0.0,0.0,0.0,2.242,1.65,0.0,0.0,0.0,0.0,0.0,0.0,0.0,1.65,0.0,0.0,3.092,2.242,0.0,0.0,1.65,0.0,0.0,0.0,0.0,4.538,0.0,0.0,0.0,0.0,2.242,0.0,0.0,1.65,0.0,0.0,1.65,0.0,0.0,0.0,0.0,0.0,0.0,0.0,0.0,2.242,0.0,0.0,1.65,0.0,0.0,0.0,0.0,1.65,0.0,0.0,1.65,1.65,0.0,3.267,2.242,0.0,1.65,1.65,2.611,0.0
T-Zelle,0.0,0.0,0.0,0.0,0.0,1.479,0.0,0.0,1.479,0.0,1.479,0.0,0.0,0.0,1.479,0.0,0.0,3.729,0.0,0.0,0.0,0.0,2.051,0.0,0.0,0.0,0.0,0.0,0.0,0.0,0.0,1.479,0.0,1.479,1.479,1.479,0.0,0.0,0.0,2.051,0.0,0.0,2.051,0.0,1.479,0.0,0.0,0.0,1.479,0.0,0.0,2.678,0.0,0.0,3.45,3.644,0.0,0.0,0.0,0.0,0.0,0.0,2.413,0.0,0.0,0.0,0.0,0.0,0.0,2.051,0.0,0.0,2.051,0.0,1.479,0.0,0.0,0.0,0.0,0.0,0.0,0.0,0.0,0.0,0.0,0.0,0.0,0.0,2.051,0.0,1.479,0.0,1.479,0.0,2.051,0.0,1.479,0.0,1.479,0.0,0.0,0.0,0.0,0.0,0.0,1.479,0.0,0.0,1.479,0.0,0.0,2.051,2.051,0.0,2.051,0.0,1.479,0.0,0.0,0.0,0.0,2.051,0.0,0.0,0.0,0.0,0.0,0.0,0.0,0.0,0.0,0.0,0.0,2.051,0.0,0.0,1.479,2.413,2.413,1.479,0.0,0.0,0.0,0.0,2.051,1.479,1.479,2.413,0.0,1.479,0.0,0.0,0.0,0.0,1.479,0.0,0.0,0.0,2.051,0.0,0.0,2.678,0.0,0.0,1.479,0.0,0.0,0.0,0.0,0.0,0.0,0.0,0.0,1.479,0.0,0.0,0.0,0.0,0.0,0.0,0.0,1.479,1.479,0.0,1.479,2.413,0.0,1.479,0.0,3.207,0.0,0.0,0.0,2.051,1.479,1.479,0.0,1.479,1.479,0.0,1.479,0.0,0.0,0.0,2.051,0.0,0.0,2.051,1.479,2.413,1.479,2.413,1.479,1.479,0.0,0.0,0.0,1.479,0.0,0.0,1.479,0.0,0.0,0.0,0.0,0.0,0.0,0.0,0.0,1.479,3.45,0.0,1.479,0.0,2.678,2.413,0.0,0.0,0.0,0.0,0.0,0.0,0.0,0.0,0.0,0.0,0.0,0.0,0.0,0.0,0.0,1.479,0.0,0.0,0.0,0.0,0.0,0.0,0.0,0.0,0.0,1.479,0.0,1.479,0.0,0.0,0.0,0.0,0.0,0.0,1.479,0.0,0.0,2.413,0.0,0.0,1.479,0.0,0.0,1.479,2.413,0.0,2.051,2.051,0.0,1.479,0.0,0.0,0.0,0.0,0.0,0.0,0.0,0.0,0.0,1.479,0.0,2.051,0.0,0.0,0.0,0.0,1.479,0.0,0.0,0.0,0.0,0.0,0.0,2.887,0.0,2.413,0.0,0.0,0.0,0.0,1.479,0.0,1.479,0.0,1.479,1.479,1.479,0.0,2.051,0.0,0.0,0.0,0.0,0.0,1.479,0.0,2.413,0.0,0.0,0.0,0.0,0.0,0.0,0.0,0.0,0.0,0.0,0.0,0.0,1.479,0.0,0.0,0.0,0.0,0.0,2.051,0.0,2.413,2.051,0.0,0.0,3.06,0.0,0.0,0.0,2.678,2.413,1.479,0.0,0.0,0.0,0.0,0.0,0.0,2.413,0.0,0.0,0.0,2.051,0.0,0.0,1.479,1.479,3.207,0.0,0.0,0.0,0.0,0.0,0.0,0.0,0.0,2.051,0.0,0.0,0.0,0.0,1.479,3.207,1.479,0.0,0.0,0.0,0.0,0.0,0.0,2.051,0.0,0.0,0.0,0.0,0.0,2.051,0.0,1.479,0.0,0.0,2.051,0.0,0.0,1.479,0.0,1.479,1.479,0.0,0.0,0.0,0.0,0.0,0.0,0.0,0.0,0.0,0.0,0.0,0.0,0.0,0.0,0.0,1.479,1.479,0.0,0.0,0.0,0.0,2.413,0.0,0.0,1.479,0.0,1.479,0.0,0.0,0.0,0.0,0.0,2.051,0.0,0.0,0.0,2.413,3.207,0.0,0.0,0.0,2.678,0.0,0.0,0.0,1.479,2.051,1.479,0.0,0.0,0.0,0.0,0.0,0.0,3.336,0.0,1.479,0.0,2.051,3.336,0.0,1.479,0.0,1.479,2.413,0.0,0.0,0.0,0.0,1.479,0.0,3.06,2.051,0.0,1.479,0.0,2.678,0.0,0.0,0.0,0.0,0.0,0.0,0.0,0.0,0.0,0.0,0.0,0.0,0.0,0.0,0.0,0.0,0.0,1.479,0.0,1.479,1.479,0.0,0.0,0.0,0.0,0.0,0.0,3.06,1.479,0.0,0.0,1.479,0.0,0.0,1.479,0.0,2.887,1.479,0.0,0.0,2.887,0.0,0.0,0.0,1.479,0.0,2.051,0.0,0.0,0.0,0.0,0.0,0.0,0.0,2.051,0.0,0.0,0.0,0.0,0.0,0.0,0.0,1.479,1.479,0.0,0.0,0.0,0.0,0.0,0.0,0.0,0.0,0.0,1.479,0.0,0.0,3.644,0.0,2.051,1.479,0.0,0.0,0.0,1.479,0.0,0.0,1.479,0.0,1.479,0.0,0.0,0.0,0.0,1.479,2.051,0.0,1.479,2.678,1.479,2.051,1.479,0.0,0.0,0.0,0.0,0.0,2.413,0.0,0.0,0.0,1.479,0.0,0.0,0.0,0.0,0.0,0.0,0.0,1.479,2.051,0.0,0.0,0.0,2.051,0.0,1.479,0.0,0.0,0.0,0.0,2.413,0.0,2.051,0.0,0.0,2.051,0.0,0.0,0.0,0.0,1.479,0.0,0.0,1.479,0.0,0.0,0.0,1.479,1.479,0.0,0.0,1.479,1.479,0.0,1.479,0.0,2.051,0.0,2.051,0.0,0.0,0.0,0.0,0.0,2.051,1.479,0.0,0.0,0.0,0.0,0.0,1.479,1.479,0.0,0.0,0.0,0.0,2.051,1.479,0.0,0.0,0.0,1.479,0.0,0.0,0.0,1.479,0.0,0.0,0.0,2.051,0.0,0.0,0.0,2.051,0.0,0.0,2.051,0.0,0.0,0.0,0.0,0.0,0.0,0.0,0.0,2.051,0.0,0.0,0.0,0.0,0.0,0.0,1.479,0.0,0.0,0.0,0.0,3.207,0.0,2.887,1.479,2.887,0.0,0.0,0.0,0.0,1.479,0.0,0.0,0.0,0.0,0.0,0.0,0.0,1.479,0.0,0.0,0.0,0.0,0.0,0.0,1.479,0.0,1.479,0.0,0.0,2.051,0.0,0.0,2.051,2.413,0.0,0.0,0.0,2.051,0.0,0.0,1.479,0.0,0.0,1.479,0.0,1.479,0.0,0.0,0.0,0.0
T-Zelle,0.0,1.524,0.0,1.524,0.0,0.0,0.0,0.0,0.0,0.0,0.0,0.0,0.0,0.0,0.0,0.0,0.0,3.787,0.0,0.0,0.0,1.524,1.524,0.0,1.524,1.524,2.102,2.466,2.102,0.0,0.0,1.524,0.0,1.524,0.0,2.102,0.0,0.0,0.0,0.0,0.0,1.524,0.0,0.0,0.0,0.0,0.0,0.0,1.524,0.0,0.0,3.264,0.0,0.0,2.942,4.382,0.0,1.524,1.524,0.0,0.0,0.0,1.524,0.0,0.0,0.0,1.524,1.524,0.0,1.524,1.524,0.0,0.0,0.0,1.524,0.0,0.0,0.0,0.0,0.0,2.102,0.0,0.0,0.0,2.102,0.0,1.524,0.0,0.0,0.0,0.0,2.466,0.0,0.0,0.0,0.0,1.524,1.524,0.0,0.0,0.0,0.0,0.0,0.0,0.0,1.524,0.0,0.0,0.0,0.0,0.0,1.524,1.524,2.466,0.0,0.0,0.0,1.524,0.0,0.0,0.0,1.524,0.0,0.0,0.0,0.0,0.0,0.0,1.524,0.0,1.524,0.0,0.0,1.524,0.0,0.0,0.0,1.524,0.0,2.732,0.0,0.0,1.524,2.466,1.524,0.0,1.524,0.0,0.0,0.0,0.0,0.0,0.0,2.466,0.0,0.0,0.0,0.0,1.524,0.0,1.524,0.0,0.0,0.0,0.0,0.0,0.0,0.0,0.0,0.0,0.0,0.0,0.0,1.524,0.0,0.0,0.0,0.0,0.0,1.524,1.524,0.0,0.0,0.0,2.102,0.0,0.0,0.0,1.524,2.466,2.102,1.524,0.0,0.0,0.0,0.0,1.524,1.524,0.0,0.0,1.524,0.0,1.524,0.0,0.0,0.0,0.0,1.524,1.524,2.732,0.0,2.732,2.102,0.0,0.0,0.0,0.0,1.524,0.0,0.0,0.0,0.0,0.0,0.0,2.102,0.0,0.0,1.524,0.0,0.0,2.102,0.0,0.0,0.0,1.524,1.524,0.0,2.466,2.942,0.0,0.0,0.0,0.0,0.0,0.0,2.102,0.0,0.0,0.0,0.0,1.524,2.102,0.0,0.0,0.0,0.0,0.0,0.0,0.0,1.524,1.524,1.524,0.0,0.0,1.524,1.524,1.524,0.0,0.0,0.0,0.0,0.0,2.466,2.102,0.0,0.0,1.524,0.0,0.0,1.524,2.102,0.0,0.0,1.524,0.0,0.0,0.0,0.0,0.0,0.0,0.0,0.0,0.0,0.0,1.524,2.466,0.0,1.524,0.0,1.524,0.0,0.0,0.0,0.0,0.0,1.524,0.0,1.524,0.0,2.102,0.0,0.0,0.0,0.0,0.0,1.524,1.524,0.0,0.0,0.0,1.524,1.524,2.102,1.524,2.466,2.102,2.102,0.0,0.0,0.0,1.524,0.0,0.0,0.0,0.0,0.0,0.0,0.0,0.0,0.0,1.524,0.0,0.0,1.524,0.0,0.0,1.524,0.0,0.0,2.102,0.0,1.524,0.0,0.0,1.524,2.102,0.0,0.0,2.466,1.524,0.0,2.102,2.102,1.524,1.524,1.524,2.102,0.0,0.0,0.0,1.524,0.0,0.0,0.0,0.0,0.0,0.0,0.0,0.0,3.392,0.0,0.0,0.0,1.524,0.0,0.0,2.466,0.0,0.0,0.0,0.0,2.466,1.524,1.524,3.609,0.0,0.0,0.0,0.0,0.0,0.0,0.0,1.524,0.0,0.0,1.524,0.0,0.0,1.524,0.0,0.0,0.0,0.0,0.0,0.0,0.0,0.0,1.524,0.0,1.524,0.0,0.0,0.0,0.0,0.0,0.0,0.0,0.0,0.0,0.0,0.0,0.0,0.0,0.0,0.0,0.0,0.0,0.0,1.524,2.102,2.102,0.0,0.0,0.0,0.0,1.524,1.524,0.0,0.0,0.0,0.0,1.524,0.0,0.0,0.0,0.0,2.102,2.102,0.0,1.524,1.524,0.0,0.0,0.0,0.0,0.0,0.0,1.524,0.0,0.0,0.0,0.0,0.0,0.0,2.466,0.0,1.524,2.102,0.0,2.732,0.0,0.0,0.0,0.0,1.524,0.0,0.0,1.524,0.0,2.102,0.0,2.466,1.524,0.0,1.524,2.102,2.102,1.524,2.102,0.0,1.524,0.0,0.0,0.0,0.0,2.466,1.524,2.102,0.0,0.0,0.0,0.0,0.0,0.0,0.0,0.0,0.0,1.524,0.0,0.0,0.0,0.0,0.0,0.0,2.102,0.0,0.0,0.0,1.524,2.102,0.0,0.0,0.0,3.392,0.0,2.102,0.0,2.466,0.0,0.0,0.0,1.524,0.0,2.466,0.0,0.0,0.0,2.102,0.0,0.0,2.102,2.466,0.0,1.524,0.0,0.0,0.0,1.524,1.524,0.0,1.524,0.0,1.524,0.0,0.0,0.0,0.0,0.0,0.0,0.0,2.102,0.0,1.524,3.609,1.524,0.0,0.0,0.0,0.0,1.524,1.524,0.0,0.0,0.0,2.102,1.524,0.0,0.0,0.0,0.0,1.524,1.524,0.0,0.0,2.466,0.0,1.524,0.0,0.0,0.0,1.524,0.0,0.0,0.0,0.0,1.524,1.524,1.524,0.0,0.0,0.0,0.0,0.0,1.524,0.0,0.0,1.524,0.0,1.524,0.0,0.0,0.0,1.524,0.0,0.0,0.0,2.102,1.524,0.0,1.524,1.524,1.524,1.524,0.0,2.102,0.0,1.524,0.0,0.0,0.0,0.0,0.0,0.0,1.524,1.524,2.466,0.0,1.524,2.732,0.0,0.0,0.0,0.0,2.102,1.524,1.524,1.524,2.102,0.0,0.0,2.102,2.102,0.0,1.524,0.0,0.0,0.0,0.0,2.466,1.524,0.0,0.0,0.0,0.0,2.732,0.0,0.0,1.524,0.0,3.116,0.0,1.524,0.0,0.0,0.0,0.0,2.732,0.0,2.942,0.0,0.0,1.524,0.0,0.0,0.0,1.524,2.102,0.0,0.0,0.0,1.524,2.102,0.0,0.0,0.0,0.0,0.0,0.0,1.524,0.0,1.524,0.0,0.0,0.0,1.524,3.392,0.0,2.466,1.524,2.732,0.0,0.0,0.0,0.0,0.0,0.0,0.0,1.524,0.0,0.0,0.0,0.0,0.0,0.0,0.0,1.524,0.0,0.0,0.0,1.524,0.0,0.0,0.0,0.0,0.0,0.0,0.0,1.524,1.524,1.524,0.0,1.524,1.524,2.102,0.0,1.524,0.0,0.0,2.466,0.0,0.0,1.524,0.0,0.0,0.0
B-Zelle,0.0,0.0,2.096,1.519,0.0,1.519,1.519,0.0,0.0,1.519,2.46,0.0,0.0,0.0,0.0,0.0,0.0,3.5,1.519,0.0,0.0,1.519,0.0,1.519,0.0,1.519,0.0,0.0,0.0,0.0,0.0,0.0,0.0,0.0,0.0,1.519,0.0,0.0,2.096,0.0,0.0,0.0,0.0,0.0,0.0,0.0,0.0,0.0,2.096,0.0,0.0,2.46,0.0,0.0,2.46,3.602,0.0,2.096,1.519,1.519,0.0,0.0,1.519,0.0,0.0,0.0,2.726,0.0,0.0,0.0,0.0,2.096,0.0,0.0,0.0,0.0,0.0,0.0,0.0,0.0,1.519,0.0,0.0,0.0,0.0,0.0,0.0,0.0,1.519,0.0,0.0,0.0,0.0,0.0,0.0,0.0,0.0,2.096,0.0,2.096,0.0,2.46,0.0,0.0,0.0,0.0,0.0,0.0,0.0,0.0,1.519,0.0,2.096,0.0,0.0,0.0,0.0,0.0,0.0,0.0,0.0,2.096,0.0,0.0,0.0,1.519,0.0,1.519,0.0,0.0,0.0,0.0,0.0,0.0,0.0,0.0,1.519,1.519,0.0,2.096,0.0,0.0,1.519,2.096,1.519,0.0,0.0,0.0,0.0,0.0,1.519,0.0,0.0,0.0,0.0,0.0,0.0,0.0,0.0,0.0,0.0,2.096,1.519,0.0,0.0,0.0,0.0,0.0,0.0,0.0,0.0,0.0,0.0,0.0,0.0,0.0,0.0,0.0,3.109,0.0,0.0,2.936,0.0,2.096,0.0,1.519,0.0,0.0,2.096,0.0,0.0,0.0,0.0,0.0,0.0,2.46,0.0,0.0,0.0,1.519,0.0,1.519,0.0,1.519,0.0,0.0,0.0,1.519,0.0,4.614,0.0,2.726,1.519,2.46,1.519,0.0,2.096,1.519,1.519,0.0,0.0,0.0,1.519,0.0,0.0,0.0,0.0,0.0,0.0,0.0,4.376,0.0,0.0,0.0,2.46,2.726,4.282,3.5,4.062,2.726,2.096,1.519,1.519,2.096,3.931,3.5,0.0,1.519,0.0,1.519,0.0,0.0,0.0,0.0,1.519,0.0,2.096,0.0,0.0,0.0,0.0,0.0,0.0,0.0,0.0,0.0,1.519,0.0,0.0,0.0,0.0,0.0,0.0,0.0,0.0,0.0,0.0,0.0,0.0,0.0,2.096,0.0,0.0,1.519,0.0,2.096,1.519,1.519,0.0,1.519,0.0,0.0,0.0,0.0,0.0,0.0,0.0,2.096,0.0,0.0,0.0,0.0,0.0,0.0,0.0,0.0,0.0,0.0,0.0,2.46,0.0,0.0,0.0,0.0,0.0,2.096,0.0,0.0,0.0,0.0,1.519,1.519,0.0,0.0,0.0,1.519,0.0,0.0,0.0,0.0,2.096,0.0,2.726,0.0,0.0,0.0,1.519,0.0,0.0,0.0,0.0,0.0,0.0,0.0,1.519,1.519,1.519,1.519,0.0,0.0,0.0,0.0,0.0,0.0,0.0,0.0,0.0,0.0,0.0,1.519,0.0,2.096,0.0,2.46,0.0,1.519,0.0,0.0,0.0,0.0,0.0,0.0,0.0,0.0,0.0,0.0,0.0,0.0,0.0,1.519,0.0,0.0,1.519,0.0,0.0,1.519,0.0,0.0,0.0,1.519,0.0,0.0,1.519,0.0,2.726,0.0,1.519,2.096,0.0,1.519,0.0,0.0,0.0,0.0,0.0,0.0,0.0,0.0,2.46,1.519,0.0,0.0,0.0,0.0,0.0,0.0,1.519,0.0,2.096,0.0,1.519,0.0,0.0,0.0,0.0,0.0,2.46,0.0,0.0,0.0,0.0,0.0,1.519,0.0,0.0,0.0,2.096,0.0,1.519,2.46,3.109,1.519,0.0,1.519,1.519,0.0,0.0,0.0,1.519,1.519,0.0,0.0,0.0,2.096,0.0,0.0,0.0,0.0,0.0,0.0,0.0,2.096,0.0,0.0,0.0,0.0,0.0,0.0,0.0,0.0,0.0,0.0,2.096,1.519,1.519,0.0,0.0,2.096,0.0,2.096,0.0,2.096,1.519,2.096,0.0,0.0,0.0,0.0,0.0,0.0,0.0,2.46,0.0,1.519,0.0,0.0,2.096,1.519,1.519,0.0,0.0,0.0,0.0,0.0,0.0,0.0,0.0,0.0,0.0,0.0,1.519,0.0,0.0,0.0,1.519,0.0,2.096,2.726,0.0,0.0,0.0,0.0,1.519,0.0,2.096,0.0,0.0,0.0,0.0,1.519,1.519,0.0,0.0,0.0,0.0,0.0,0.0,1.519,0.0,0.0,0.0,0.0,0.0,2.726,1.519,0.0,0.0,1.519,0.0,0.0,0.0,2.096,1.519,2.46,0.0,1.519,0.0,0.0,1.519,0.0,0.0,0.0,1.519,0.0,0.0,0.0,0.0,0.0,0.0,2.096,1.519,0.0,0.0,0.0,1.519,0.0,0.0,0.0,0.0,0.0,1.519,0.0,1.519,0.0,1.519,0.0,0.0,0.0,0.0,0.0,0.0,0.0,0.0,1.519,2.096,0.0,2.726,1.519,1.519,0.0,0.0,0.0,0.0,0.0,0.0,0.0,0.0,2.096,0.0,0.0,0.0,0.0,0.0,0.0,0.0,1.519,1.519,0.0,0.0,2.726,2.096,0.0,2.096,0.0,0.0,0.0,0.0,0.0,0.0,0.0,0.0,0.0,0.0,0.0,0.0,0.0,1.519,0.0,0.0,0.0,0.0,1.519,0.0,0.0,1.519,0.0,0.0,0.0,0.0,1.519,0.0,1.519,0.0,2.726,1.519,2.726,1.519,0.0,0.0,0.0,0.0,0.0,1.519,1.519,0.0,2.096,1.519,0.0,2.096,0.0,0.0,0.0,0.0,0.0,2.096,0.0,1.519,0.0,0.0,2.726,0.0,1.519,0.0,0.0,0.0,0.0,2.096,0.0,0.0,0.0,1.519,0.0,0.0,0.0,0.0,0.0,0.0,0.0,0.0,0.0,1.519,0.0,1.519,0.0,0.0,0.0,1.519,1.519,0.0,3.257,1.519,0.0,0.0,0.0,1.519,3.386,0.0,2.46,0.0,1.519,0.0,0.0,0.0,0.0,0.0,0.0,0.0,0.0,0.0,0.0,0.0,2.096,0.0,0.0,0.0,0.0,0.0,0.0,0.0,1.519,1.519,0.0,0.0,0.0,0.0,0.0,0.0,0.0,0.0,0.0,0.0,1.519,0.0,1.519,0.0,1.519,0.0,0.0,0.0,2.096,0.0,1.519,0.0,0.0,0.0
T-Zelle,0.0,0.0,0.0,1.387,0.0,0.0,1.387,0.0,0.0,0.0,1.387,0.0,0.0,0.0,1.387,0.0,1.387,4.008,0.0,1.946,0.0,1.387,3.091,0.0,1.387,0.0,1.387,1.387,0.0,0.0,0.0,0.0,0.0,1.387,0.0,0.0,1.387,2.773,1.387,1.946,0.0,0.0,2.303,0.0,0.0,0.0,0.0,0.0,0.0,0.0,0.0,1.387,0.0,0.0,2.773,1.387,0.0,1.946,0.0,0.0,0.0,1.387,0.0,0.0,0.0,0.0,1.387,0.0,0.0,1.946,0.0,0.0,2.773,0.0,0.0,0.0,0.0,0.0,0.0,1.387,1.387,1.387,0.0,0.0,2.565,0.0,0.0,1.387,0.0,0.0,0.0,1.387,1.387,1.387,1.387,1.387,0.0,0.0,0.0,1.387,0.0,1.387,0.0,0.0,0.0,0.0,0.0,0.0,0.0,0.0,0.0,2.565,2.773,0.0,0.0,1.387,1.387,1.387,1.946,1.387,1.946,1.387,0.0,0.0,0.0,0.0,0.0,2.303,0.0,0.0,0.0,0.0,0.0,0.0,0.0,0.0,0.0,0.0,0.0,0.0,0.0,0.0,2.303,1.387,1.387,1.387,1.387,1.946,0.0,0.0,0.0,0.0,0.0,0.0,0.0,0.0,0.0,0.0,0.0,0.0,0.0,0.0,0.0,0.0,1.387,0.0,0.0,0.0,0.0,0.0,0.0,0.0,0.0,1.387,0.0,0.0,0.0,0.0,0.0,2.303,1.387,2.303,0.0,0.0,2.303,0.0,0.0,0.0,0.0,0.0,1.946,0.0,1.946,1.387,0.0,2.565,1.946,0.0,0.0,1.387,0.0,0.0,0.0,0.0,0.0,0.0,0.0,2.773,1.387,1.387,0.0,2.303,1.946,2.565,1.387,0.0,0.0,0.0,0.0,0.0,0.0,0.0,0.0,0.0,0.0,0.0,0.0,0.0,0.0,0.0,2.303,0.0,0.0,0.0,2.565,0.0,0.0,0.0,0.0,0.0,0.0,0.0,0.0,0.0,0.0,0.0,1.387,0.0,1.387,1.946,0.0,1.387,1.387,1.387,1.387,1.387,0.0,0.0,0.0,0.0,0.0,0.0,0.0,0.0,0.0,0.0,0.0,0.0,1.946,1.387,0.0,0.0,1.387,0.0,0.0,0.0,1.387,0.0,1.387,0.0,2.773,0.0,0.0,0.0,0.0,1.387,0.0,0.0,0.0,0.0,0.0,0.0,0.0,0.0,0.0,0.0,0.0,2.773,0.0,2.303,0.0,0.0,1.387,0.0,0.0,0.0,0.0,0.0,1.387,1.387,0.0,2.303,0.0,0.0,0.0,0.0,0.0,0.0,0.0,0.0,0.0,0.0,0.0,1.387,2.303,0.0,0.0,0.0,0.0,0.0,1.387,0.0,0.0,0.0,0.0,0.0,0.0,0.0,2.303,0.0,0.0,1.387,0.0,0.0,0.0,0.0,0.0,1.387,0.0,2.773,0.0,1.387,1.387,0.0,0.0,0.0,0.0,1.946,1.387,1.387,0.0,1.387,0.0,0.0,0.0,1.387,1.387,1.387,0.0,0.0,0.0,1.946,0.0,0.0,0.0,0.0,0.0,0.0,0.0,2.945,0.0,2.303,0.0,1.387,2.303,0.0,1.946,0.0,1.387,1.387,1.387,0.0,0.0,0.0,2.945,0.0,0.0,0.0,0.0,0.0,1.387,1.387,2.303,0.0,0.0,0.0,0.0,1.387,1.946,1.387,0.0,1.387,0.0,0.0,0.0,0.0,0.0,1.946,2.303,1.946,0.0,0.0,0.0,0.0,0.0,1.387,0.0,0.0,0.0,1.387,1.387,0.0,0.0,0.0,0.0,0.0,0.0,0.0,1.387,1.387,2.773,1.387,0.0,0.0,0.0,1.387,1.946,0.0,1.387,1.387,0.0,0.0,1.387,0.0,0.0,0.0,0.0,2.945,0.0,1.387,1.387,1.387,0.0,0.0,0.0,1.387,0.0,0.0,0.0,0.0,0.0,0.0,1.387,0.0,2.945,0.0,0.0,1.946,0.0,3.219,0.0,0.0,0.0,1.387,1.946,0.0,0.0,0.0,0.0,1.946,0.0,1.946,1.387,0.0,0.0,0.0,1.946,0.0,0.0,0.0,2.303,0.0,0.0,0.0,0.0,1.387,1.387,1.387,0.0,0.0,0.0,0.0,0.0,0.0,1.946,0.0,1.946,2.303,0.0,0.0,0.0,1.387,0.0,0.0,2.565,0.0,0.0,0.0,0.0,0.0,1.387,0.0,0.0,0.0,2.565,0.0,0.0,2.303,0.0,0.0,1.387,0.0,1.387,2.303,0.0,0.0,0.0,1.387,0.0,0.0,0.0,2.303,0.0,1.387,0.0,1.387,0.0,0.0,0.0,1.387,2.773,0.0,0.0,0.0,0.0,0.0,0.0,0.0,0.0,1.946,1.387,0.0,1.946,0.0,0.0,1.387,1.387,0.0,0.0,0.0,1.946,0.0,0.0,0.0,0.0,0.0,0.0,0.0,1.387,0.0,0.0,1.387,0.0,1.387,2.303,0.0,0.0,0.0,0.0,0.0,0.0,1.946,0.0,0.0,0.0,0.0,0.0,2.303,1.387,0.0,0.0,0.0,0.0,0.0,0.0,0.0,1.946,0.0,0.0,1.387,1.387,0.0,0.0,0.0,1.387,0.0,0.0,1.387,1.387,1.946,0.0,0.0,1.387,0.0,0.0,0.0,1.387,0.0,0.0,0.0,0.0,0.0,0.0,0.0,1.946,0.0,0.0,0.0,2.945,0.0,0.0,0.0,0.0,2.773,0.0,1.946,1.387,0.0,0.0,0.0,2.565,1.387,0.0,0.0,0.0,0.0,0.0,0.0,2.773,0.0,0.0,0.0,1.387,0.0,1.946,1.387,0.0,0.0,0.0,1.387,0.0,1.387,0.0,0.0,0.0,1.387,1.946,1.387,0.0,0.0,0.0,1.387,1.387,0.0,1.946,2.303,1.946,0.0,1.387,0.0,0.0,3.091,0.0,1.387,0.0,0.0,0.0,0.0,0.0,0.0,1.387,0.0,0.0,1.387,1.946,0.0,1.387,2.303,0.0,3.091,0.0,0.0,1.387,0.0,0.0,0.0,0.0,1.387,0.0,1.946,0.0,0.0,0.0,1.387,0.0,0.0,0.0,0.0,1.387,0.0,2.303,0.0,0.0,0.0,0.0,0.0,0.0,1.387,0.0,1.387,0.0,0.0,0.0,2.773,0.0,0.0,0.0,0.0,0.0,1.387,0.0,1.387,0.0,0.0,0.0
T-Zelle,0.0,0.0,2.059,0.0,0.0,0.0,0.0,0.0,0.0,0.0,0.0,1.486,0.0,0.0,0.0,0.0,0.0,3.216,0.0,1.486,0.0,0.0,2.059,0.0,0.0,0.0,0.0,2.059,0.0,0.0,1.486,2.421,0.0,0.0,0.0,1.486,0.0,0.0,2.686,0.0,0.0,0.0,1.486,0.0,2.896,0.0,0.0,0.0,0.0,0.0,0.0,2.686,0.0,0.0,1.486,3.069,0.0,1.486,1.486,0.0,0.0,0.0,0.0,0.0,0.0,0.0,2.059,0.0,0.0,1.486,0.0,0.0,0.0,0.0,1.486,0.0,0.0,2.059,0.0,1.486,0.0,0.0,0.0,0.0,2.421,0.0,0.0,0.0,2.421,0.0,0.0,0.0,0.0,0.0,1.486,0.0,1.486,0.0,2.059,0.0,0.0,0.0,0.0,0.0,0.0,0.0,0.0,0.0,0.0,0.0,0.0,2.059,1.486,0.0,2.896,0.0,0.0,0.0,0.0,0.0,0.0,2.686,0.0,0.0,0.0,0.0,0.0,0.0,0.0,0.0,0.0,0.0,0.0,0.0,0.0,0.0,0.0,1.486,0.0,2.421,2.059,0.0,1.486,1.486,1.486,0.0,1.486,0.0,0.0,1.486,0.0,0.0,0.0,0.0,1.486,0.0,0.0,0.0,0.0,0.0,2.059,3.069,0.0,0.0,1.486,0.0,0.0,0.0,0.0,1.486,0.0,0.0,0.0,0.0,0.0,0.0,0.0,0.0,0.0,0.0,1.486,0.0,0.0,0.0,0.0,1.486,0.0,1.486,2.059,0.0,1.486,0.0,0.0,0.0,1.486,2.421,2.896,1.486,0.0,0.0,1.486,0.0,2.896,0.0,0.0,0.0,0.0,1.486,0.0,2.059,1.486,2.686,0.0,2.059,0.0,0.0,0.0,0.0,0.0,0.0,0.0,0.0,0.0,0.0,1.486,0.0,1.486,0.0,0.0,0.0,3.654,0.0,0.0,0.0,2.686,0.0,0.0,1.486,1.486,0.0,0.0,2.059,0.0,0.0,0.0,2.059,0.0,0.0,0.0,2.421,2.059,0.0,0.0,0.0,1.486,0.0,0.0,0.0,0.0,0.0,0.0,0.0,0.0,0.0,0.0,0.0,0.0,0.0,1.486,0.0,0.0,0.0,2.896,2.421,0.0,0.0,0.0,0.0,0.0,0.0,2.421,0.0,0.0,0.0,0.0,0.0,0.0,0.0,0.0,1.486,0.0,0.0,0.0,0.0,0.0,0.0,0.0,1.486,0.0,0.0,0.0,0.0,0.0,0.0,0.0,0.0,0.0,2.059,1.486,2.059,0.0,2.421,0.0,0.0,0.0,1.486,0.0,0.0,0.0,0.0,1.486,1.486,0.0,0.0,2.421,0.0,0.0,0.0,0.0,2.421,2.059,0.0,2.059,0.0,0.0,0.0,0.0,0.0,0.0,0.0,0.0,1.486,0.0,0.0,0.0,0.0,2.059,2.059,0.0,0.0,0.0,0.0,0.0,2.421,2.059,0.0,0.0,2.059,1.486,1.486,0.0,2.059,0.0,1.486,0.0,2.059,1.486,1.486,1.486,0.0,0.0,1.486,0.0,0.0,2.421,0.0,0.0,0.0,0.0,1.486,0.0,0.0,0.0,0.0,0.0,0.0,2.059,0.0,2.059,0.0,0.0,0.0,0.0,0.0,1.486,1.486,0.0,0.0,0.0,0.0,0.0,0.0,0.0,0.0,0.0,0.0,0.0,0.0,2.421,0.0,0.0,0.0,0.0,0.0,0.0,0.0,0.0,0.0,0.0,0.0,0.0,0.0,0.0,0.0,1.486,1.486,0.0,0.0,0.0,0.0,1.486,0.0,0.0,0.0,0.0,0.0,1.486,0.0,2.421,2.059,2.896,0.0,0.0,0.0,0.0,0.0,0.0,0.0,1.486,1.486,0.0,0.0,1.486,0.0,0.0,0.0,2.059,2.896,0.0,1.486,0.0,1.486,0.0,0.0,0.0,0.0,0.0,0.0,0.0,0.0,0.0,0.0,0.0,0.0,2.686,0.0,0.0,2.059,0.0,2.686,0.0,0.0,0.0,2.059,1.486,0.0,0.0,0.0,0.0,2.059,1.486,2.686,2.059,0.0,0.0,0.0,0.0,0.0,1.486,0.0,1.486,0.0,0.0,0.0,0.0,2.059,0.0,1.486,0.0,0.0,0.0,0.0,0.0,0.0,0.0,1.486,0.0,0.0,0.0,0.0,0.0,0.0,0.0,0.0,3.069,2.059,1.486,0.0,2.059,1.486,0.0,2.896,0.0,0.0,2.686,0.0,0.0,1.486,0.0,0.0,1.486,0.0,0.0,2.059,0.0,0.0,0.0,2.059,0.0,0.0,0.0,0.0,0.0,1.486,0.0,0.0,0.0,1.486,0.0,2.059,0.0,0.0,0.0,0.0,0.0,0.0,0.0,0.0,2.059,0.0,2.059,0.0,2.421,3.561,0.0,0.0,2.059,0.0,0.0,0.0,0.0,0.0,0.0,1.486,1.486,1.486,0.0,0.0,0.0,0.0,0.0,0.0,0.0,0.0,1.486,0.0,0.0,0.0,0.0,0.0,0.0,0.0,0.0,0.0,0.0,0.0,0.0,1.486,1.486,0.0,0.0,1.486,0.0,0.0,0.0,0.0,0.0,0.0,0.0,0.0,1.486,0.0,2.421,0.0,0.0,0.0,1.486,0.0,0.0,0.0,0.0,0.0,0.0,0.0,0.0,0.0,2.059,0.0,0.0,2.059,0.0,0.0,1.486,0.0,0.0,0.0,1.486,0.0,2.059,0.0,0.0,1.486,0.0,1.486,0.0,1.486,2.059,1.486,0.0,0.0,0.0,0.0,1.486,1.486,0.0,0.0,0.0,0.0,1.486,1.486,0.0,0.0,0.0,0.0,0.0,0.0,0.0,0.0,0.0,0.0,0.0,0.0,0.0,1.486,0.0,0.0,1.486,3.817,1.486,1.486,0.0,1.486,0.0,0.0,0.0,0.0,0.0,0.0,0.0,0.0,2.059,0.0,0.0,2.896,0.0,0.0,0.0,0.0,0.0,0.0,0.0,0.0,0.0,0.0,0.0,3.345,0.0,2.421,1.486,2.686,0.0,0.0,0.0,0.0,0.0,0.0,0.0,0.0,0.0,1.486,0.0,0.0,1.486,0.0,1.486,0.0,0.0,0.0,0.0,0.0,1.486,0.0,2.059,0.0,0.0,0.0,0.0,0.0,0.0,2.059,0.0,0.0,1.486,2.059,0.0,1.486,0.0,0.0,0.0,0.0,0.0,2.059,0.0,0.0,2.059
Monozyt,0.0,0.0,0.0,2.096,0.0,0.0,0.0,1.519,1.519,0.0,0.0,0.0,2.46,0.0,0.0,0.0,0.0,2.936,0.0,0.0,0.0,1.519,0.0,0.0,1.519,0.0,0.0,0.0,2.936,0.0,0.0,2.096,0.0,1.519,0.0,0.0,0.0,0.0,2.46,0.0,2.936,3.109,0.0,0.0,0.0,0.0,0.0,0.0,1.519,3.109,0.0,1.519,2.726,0.0,3.5,4.121,0.0,2.46,0.0,0.0,0.0,0.0,0.0,0.0,1.519,0.0,1.519,0.0,3.998,0.0,3.257,0.0,0.0,0.0,1.519,0.0,0.0,2.726,0.0,0.0,1.519,0.0,0.0,0.0,0.0,1.519,0.0,0.0,1.519,0.0,0.0,1.519,0.0,0.0,0.0,0.0,0.0,0.0,2.096,0.0,0.0,0.0,0.0,0.0,0.0,0.0,0.0,0.0,1.519,0.0,0.0,0.0,0.0,0.0,0.0,0.0,0.0,0.0,1.519,0.0,0.0,0.0,0.0,0.0,0.0,1.519,0.0,1.519,1.519,0.0,0.0,0.0,0.0,1.519,0.0,1.519,0.0,0.0,0.0,0.0,0.0,0.0,0.0,1.519,0.0,0.0,0.0,0.0,0.0,2.096,0.0,0.0,2.096,0.0,1.519,0.0,0.0,0.0,0.0,0.0,0.0,0.0,0.0,2.096,2.096,0.0,0.0,0.0,0.0,0.0,2.46,0.0,0.0,0.0,1.519,0.0,0.0,0.0,0.0,2.46,0.0,0.0,1.519,0.0,0.0,2.096,2.096,1.519,0.0,0.0,1.519,0.0,0.0,0.0,0.0,1.519,1.519,0.0,0.0,1.519,0.0,1.519,1.519,0.0,2.096,0.0,0.0,0.0,0.0,4.33,0.0,0.0,0.0,2.46,2.096,0.0,0.0,0.0,2.096,0.0,0.0,0.0,0.0,0.0,1.519,0.0,0.0,0.0,0.0,0.0,0.0,3.931,3.5,0.0,2.726,1.519,4.062,3.386,3.386,3.109,0.0,2.096,1.519,0.0,3.858,2.936,0.0,0.0,0.0,0.0,1.519,0.0,1.519,0.0,1.519,0.0,1.519,1.519,0.0,0.0,0.0,0.0,0.0,0.0,0.0,1.519,0.0,0.0,2.46,2.46,1.519,0.0,1.519,2.096,2.726,0.0,0.0,0.0,0.0,0.0,1.519,1.519,0.0,0.0,0.0,0.0,2.46,0.0,1.519,0.0,0.0,0.0,0.0,0.0,1.519,1.519,0.0,2.096,2.936,0.0,0.0,0.0,1.519,0.0,0.0,0.0,0.0,0.0,0.0,1.519,0.0,0.0,1.519,0.0,0.0,1.519,0.0,2.096,0.0,0.0,0.0,1.519,1.519,0.0,0.0,1.519,0.0,0.0,0.0,0.0,0.0,0.0,1.519,0.0,0.0,0.0,0.0,0.0,0.0,1.519,0.0,1.519,0.0,0.0,0.0,0.0,1.519,0.0,0.0,0.0,0.0,0.0,0.0,0.0,0.0,0.0,0.0,0.0,1.519,2.096,0.0,0.0,0.0,2.096,0.0,1.519,1.519,1.519,3.386,0.0,0.0,1.519,0.0,0.0,1.519,0.0,0.0,0.0,0.0,3.257,0.0,0.0,0.0,0.0,0.0,0.0,1.519,0.0,2.936,0.0,0.0,0.0,2.936,0.0,3.386,0.0,0.0,0.0,0.0,0.0,0.0,0.0,0.0,0.0,0.0,0.0,1.519,0.0,3.386,0.0,1.519,2.936,1.519,0.0,0.0,0.0,0.0,0.0,0.0,0.0,0.0,3.386,0.0,0.0,0.0,0.0,0.0,0.0,2.096,0.0,1.519,1.519,0.0,2.096,0.0,0.0,0.0,2.096,1.519,2.46,0.0,2.096,3.257,0.0,0.0,0.0,2.096,0.0,0.0,0.0,2.096,0.0,0.0,0.0,0.0,1.519,0.0,0.0,0.0,1.519,0.0,0.0,0.0,0.0,0.0,0.0,0.0,0.0,0.0,0.0,0.0,0.0,0.0,0.0,1.519,0.0,0.0,0.0,0.0,2.726,0.0,1.519,0.0,1.519,1.519,0.0,0.0,2.46,0.0,0.0,0.0,2.936,0.0,2.46,0.0,0.0,2.096,1.519,2.46,0.0,0.0,1.519,0.0,0.0,0.0,1.519,0.0,0.0,0.0,0.0,1.519,0.0,0.0,0.0,0.0,0.0,1.519,2.096,0.0,0.0,0.0,0.0,0.0,0.0,2.726,0.0,2.46,0.0,0.0,0.0,0.0,2.936,0.0,0.0,1.519,0.0,0.0,0.0,0.0,0.0,1.519,0.0,0.0,3.109,0.0,0.0,0.0,0.0,0.0,1.519,0.0,0.0,0.0,1.519,0.0,0.0,1.519,0.0,0.0,0.0,0.0,0.0,0.0,0.0,0.0,0.0,0.0,0.0,0.0,0.0,0.0,0.0,2.726,0.0,0.0,0.0,0.0,0.0,0.0,0.0,0.0,0.0,1.519,0.0,0.0,1.519,0.0,0.0,1.519,0.0,0.0,0.0,0.0,0.0,2.46,0.0,2.096,0.0,0.0,0.0,0.0,0.0,0.0,0.0,0.0,0.0,0.0,0.0,0.0,0.0,1.519,0.0,1.519,0.0,0.0,0.0,1.519,0.0,2.096,0.0,2.096,1.519,2.096,0.0,0.0,0.0,2.096,1.519,0.0,0.0,0.0,0.0,0.0,0.0,0.0,0.0,0.0,2.096,0.0,1.519,0.0,3.5,0.0,0.0,0.0,1.519,0.0,0.0,0.0,0.0,0.0,0.0,0.0,2.096,0.0,0.0,2.096,0.0,0.0,3.695,0.0,0.0,0.0,0.0,0.0,0.0,0.0,0.0,0.0,0.0,0.0,0.0,0.0,0.0,0.0,0.0,0.0,2.096,0.0,0.0,0.0,2.726,0.0,1.519,0.0,0.0,1.519,3.998,0.0,0.0,0.0,0.0,0.0,0.0,1.519,0.0,2.46,3.109,1.519,1.519,1.519,1.519,0.0,1.519,3.858,0.0,0.0,0.0,0.0,0.0,0.0,0.0,0.0,2.096,2.096,5.435,1.519,2.096,0.0,0.0,0.0,0.0,1.519,0.0,0.0,1.519,0.0,0.0,0.0,1.519,0.0,0.0,0.0,1.519,0.0,0.0,0.0,0.0,2.46,1.519,0.0,0.0,0.0,0.0,0.0,0.0,0.0,0.0,0.0,1.519,0.0,1.519,0.0,0.0,0.0,0.0,0.0,0.0,0.0,2.096,1.519,0.0,0.0,0.0,0.0
T-Zelle,0.0,0.0,1.505,1.505,0.0,0.0,0.0,0.0,1.505,0.0,1.505,0.0,0.0,0.0,0.0,0.0,0.0,3.092,0.0,0.0,0.0,1.505,2.444,0.0,0.0,0.0,0.0,0.0,1.505,0.0,1.505,0.0,0.0,0.0,1.505,1.505,0.0,0.0,2.081,0.0,0.0,0.0,2.444,0.0,2.081,0.0,0.0,0.0,0.0,0.0,0.0,2.709,0.0,0.0,3.092,3.092,0.0,2.444,0.0,1.505,0.0,0.0,1.505,1.505,0.0,0.0,1.505,0.0,0.0,0.0,1.505,0.0,0.0,0.0,0.0,0.0,0.0,0.0,0.0,0.0,0.0,1.505,0.0,0.0,0.0,0.0,1.505,0.0,1.505,0.0,0.0,2.444,0.0,0.0,2.444,0.0,0.0,0.0,0.0,0.0,0.0,0.0,3.483,0.0,0.0,0.0,0.0,0.0,0.0,0.0,0.0,1.505,2.081,0.0,2.444,0.0,1.505,0.0,0.0,0.0,0.0,2.081,0.0,0.0,0.0,0.0,0.0,0.0,1.505,2.081,0.0,0.0,0.0,1.505,0.0,1.505,0.0,2.081,0.0,0.0,0.0,0.0,0.0,1.505,1.505,2.081,0.0,0.0,0.0,0.0,0.0,0.0,1.505,0.0,0.0,0.0,0.0,0.0,0.0,0.0,0.0,2.081,0.0,0.0,1.505,0.0,0.0,0.0,0.0,1.505,0.0,1.505,0.0,0.0,0.0,0.0,0.0,0.0,0.0,0.0,1.505,0.0,0.0,0.0,0.0,0.0,0.0,0.0,1.505,0.0,2.081,0.0,1.505,1.505,0.0,1.505,0.0,0.0,0.0,1.505,0.0,1.505,0.0,0.0,0.0,0.0,0.0,0.0,0.0,2.444,0.0,2.709,0.0,1.505,0.0,0.0,0.0,0.0,1.505,0.0,1.505,0.0,0.0,0.0,0.0,0.0,2.081,1.505,0.0,1.505,3.763,0.0,0.0,0.0,3.092,2.444,0.0,1.505,1.505,0.0,0.0,0.0,1.505,0.0,2.081,2.444,0.0,0.0,0.0,2.081,0.0,0.0,0.0,0.0,1.505,0.0,0.0,2.081,0.0,1.505,0.0,2.709,0.0,0.0,0.0,0.0,0.0,0.0,1.505,0.0,0.0,0.0,2.081,2.081,0.0,0.0,0.0,0.0,1.505,0.0,2.444,0.0,0.0,1.505,0.0,1.505,0.0,0.0,0.0,0.0,0.0,0.0,0.0,0.0,0.0,0.0,0.0,1.505,0.0,0.0,0.0,0.0,0.0,0.0,0.0,0.0,1.505,0.0,0.0,1.505,0.0,2.444,0.0,0.0,0.0,2.444,1.505,0.0,1.505,0.0,0.0,0.0,0.0,1.505,1.505,0.0,1.505,0.0,1.505,0.0,1.505,0.0,2.081,0.0,0.0,0.0,0.0,0.0,1.505,0.0,0.0,0.0,0.0,1.505,0.0,0.0,0.0,0.0,0.0,2.444,0.0,1.505,0.0,0.0,0.0,0.0,0.0,1.505,0.0,2.444,0.0,2.081,1.505,0.0,1.505,2.081,1.505,0.0,0.0,0.0,2.081,1.505,1.505,1.505,0.0,0.0,0.0,0.0,0.0,2.709,0.0,0.0,0.0,1.505,0.0,0.0,1.505,1.505,2.709,2.444,0.0,2.444,1.505,0.0,2.709,2.081,0.0,0.0,0.0,0.0,1.505,0.0,0.0,0.0,0.0,0.0,0.0,0.0,2.444,0.0,0.0,0.0,1.505,0.0,0.0,0.0,0.0,0.0,2.081,0.0,0.0,0.0,0.0,0.0,0.0,1.505,0.0,0.0,2.081,0.0,0.0,0.0,0.0,0.0,0.0,2.081,2.081,0.0,0.0,0.0,3.369,1.505,0.0,0.0,1.505,0.0,1.505,0.0,0.0,0.0,0.0,0.0,0.0,0.0,0.0,0.0,2.919,2.081,0.0,0.0,0.0,2.444,0.0,0.0,0.0,0.0,3.092,0.0,0.0,0.0,0.0,0.0,2.081,0.0,3.092,0.0,2.081,1.505,0.0,2.081,0.0,2.444,0.0,0.0,0.0,0.0,1.505,0.0,1.505,0.0,0.0,3.24,2.444,0.0,0.0,1.505,1.505,0.0,2.081,0.0,0.0,0.0,1.505,1.505,0.0,0.0,1.505,1.505,1.505,0.0,0.0,1.505,0.0,0.0,0.0,0.0,2.444,1.505,1.505,2.444,0.0,2.081,2.081,0.0,2.444,0.0,0.0,0.0,0.0,1.505,0.0,0.0,0.0,3.092,2.081,1.505,0.0,2.444,0.0,0.0,0.0,2.081,0.0,0.0,0.0,0.0,0.0,0.0,0.0,0.0,0.0,0.0,0.0,2.081,0.0,0.0,1.505,0.0,0.0,0.0,2.081,0.0,0.0,0.0,0.0,0.0,1.505,2.081,0.0,0.0,0.0,0.0,2.081,2.709,0.0,0.0,0.0,0.0,0.0,0.0,0.0,0.0,1.505,0.0,1.505,1.505,0.0,0.0,1.505,0.0,2.709,0.0,0.0,0.0,2.081,1.505,0.0,0.0,0.0,0.0,0.0,0.0,0.0,3.841,0.0,1.505,0.0,1.505,0.0,0.0,0.0,0.0,0.0,0.0,0.0,0.0,1.505,0.0,0.0,0.0,1.505,0.0,0.0,0.0,0.0,0.0,0.0,1.505,0.0,1.505,0.0,0.0,0.0,0.0,0.0,0.0,0.0,0.0,0.0,0.0,0.0,0.0,3.092,1.505,0.0,2.081,0.0,0.0,2.081,0.0,0.0,2.081,2.081,0.0,1.505,2.709,2.444,1.505,0.0,0.0,0.0,1.505,2.709,0.0,0.0,0.0,0.0,0.0,2.444,0.0,0.0,0.0,0.0,0.0,1.505,0.0,0.0,0.0,0.0,1.505,0.0,0.0,0.0,0.0,0.0,0.0,2.081,3.483,1.505,1.505,0.0,2.709,1.505,1.505,0.0,0.0,1.505,0.0,0.0,0.0,2.444,0.0,0.0,2.709,0.0,0.0,0.0,0.0,0.0,0.0,1.505,0.0,0.0,0.0,1.505,3.585,0.0,0.0,0.0,2.081,0.0,0.0,0.0,0.0,3.678,0.0,0.0,0.0,0.0,1.505,0.0,0.0,0.0,0.0,1.505,2.081,0.0,0.0,0.0,0.0,1.505,0.0,0.0,0.0,1.505,0.0,0.0,2.081,0.0,0.0,0.0,0.0,0.0,2.444,0.0,1.505,0.0,0.0,2.081,2.081,0.0,2.081,1.505,2.444,0.0
B-Zelle,0.0,0.0,0.0,1.177,0.0,0.0,0.0,1.177,0.0,0.0,1.177,0.0,0.0,0.0,0.0,0.0,0.0,3.777,0.0,1.703,0.0,0.0,1.703,0.0,0.0,0.0,1.177,1.177,1.177,1.177,0.0,1.177,0.0,1.177,1.177,1.703,0.0,0.0,2.301,0.0,0.0,0.0,0.0,0.0,0.0,0.0,0.0,0.0,1.177,1.177,0.0,1.703,0.0,0.0,2.301,2.817,0.0,1.703,0.0,0.0,0.0,1.177,2.046,0.0,0.0,0.0,2.301,0.0,0.0,1.177,0.0,1.177,0.0,0.0,1.177,0.0,0.0,0.0,0.0,0.0,2.046,0.0,0.0,0.0,0.0,1.703,0.0,1.177,0.0,0.0,0.0,0.0,0.0,0.0,0.0,0.0,0.0,0.0,1.177,0.0,2.817,0.0,0.0,0.0,0.0,0.0,0.0,0.0,1.177,0.0,0.0,0.0,1.703,1.177,1.177,0.0,2.046,0.0,1.177,0.0,0.0,2.504,0.0,1.177,0.0,1.177,2.046,1.177,0.0,1.177,0.0,0.0,1.177,0.0,0.0,0.0,0.0,0.0,0.0,2.817,0.0,0.0,1.177,2.301,1.177,0.0,1.177,1.703,0.0,0.0,0.0,0.0,1.177,0.0,0.0,2.046,0.0,0.0,0.0,0.0,1.177,1.703,0.0,0.0,0.0,0.0,0.0,0.0,0.0,0.0,0.0,0.0,1.177,0.0,2.943,0.0,0.0,0.0,0.0,0.0,0.0,2.817,1.177,2.672,0.0,1.177,0.0,0.0,1.703,0.0,0.0,1.703,0.0,0.0,0.0,1.177,0.0,0.0,0.0,0.0,1.703,0.0,1.177,0.0,1.177,0.0,0.0,0.0,0.0,4.71,2.046,1.703,1.703,1.177,1.177,0.0,1.177,1.177,0.0,0.0,1.177,0.0,2.046,0.0,0.0,0.0,0.0,0.0,1.177,0.0,4.533,0.0,1.177,2.504,2.943,2.817,4.581,2.504,3.724,3.155,2.943,2.301,1.177,2.943,4.005,3.827,0.0,1.177,0.0,1.177,2.046,0.0,1.177,0.0,1.177,0.0,0.0,1.703,0.0,2.046,0.0,0.0,0.0,0.0,0.0,0.0,0.0,0.0,2.672,1.177,0.0,0.0,1.177,1.177,0.0,0.0,0.0,0.0,1.177,0.0,2.504,0.0,0.0,0.0,0.0,1.177,0.0,1.177,2.046,0.0,0.0,0.0,0.0,0.0,0.0,0.0,0.0,1.703,0.0,0.0,0.0,0.0,1.177,0.0,0.0,1.177,0.0,0.0,0.0,1.177,0.0,0.0,0.0,0.0,0.0,1.177,0.0,0.0,0.0,0.0,0.0,2.046,0.0,0.0,1.177,0.0,0.0,0.0,0.0,1.177,1.177,0.0,0.0,0.0,2.046,0.0,0.0,0.0,0.0,0.0,1.177,1.703,1.177,0.0,1.177,0.0,0.0,1.703,0.0,2.504,1.177,0.0,0.0,0.0,0.0,0.0,0.0,0.0,1.703,1.177,0.0,2.301,1.177,1.177,0.0,1.177,0.0,0.0,0.0,0.0,1.177,0.0,1.177,0.0,0.0,0.0,1.703,0.0,0.0,2.672,0.0,0.0,0.0,1.177,0.0,0.0,0.0,0.0,1.177,1.177,0.0,0.0,0.0,1.703,2.817,0.0,1.177,2.301,0.0,0.0,1.177,0.0,1.177,1.177,0.0,0.0,0.0,0.0,1.703,0.0,0.0,1.177,0.0,0.0,0.0,0.0,0.0,0.0,0.0,0.0,0.0,1.177,1.177,0.0,1.177,0.0,0.0,1.177,1.703,0.0,1.177,0.0,0.0,0.0,0.0,0.0,0.0,0.0,1.177,2.046,3.247,1.177,0.0,2.046,0.0,0.0,0.0,0.0,0.0,0.0,0.0,0.0,0.0,0.0,0.0,0.0,0.0,0.0,0.0,0.0,0.0,0.0,0.0,0.0,0.0,0.0,0.0,0.0,0.0,0.0,0.0,0.0,0.0,1.177,2.046,0.0,0.0,0.0,0.0,2.301,0.0,1.177,0.0,1.177,0.0,0.0,0.0,0.0,0.0,1.177,0.0,2.301,2.504,0.0,1.177,0.0,2.817,2.046,1.177,0.0,0.0,0.0,0.0,0.0,0.0,0.0,1.177,2.817,0.0,0.0,0.0,0.0,0.0,0.0,0.0,0.0,0.0,1.703,0.0,1.177,0.0,0.0,0.0,0.0,0.0,1.177,0.0,0.0,0.0,2.301,1.703,0.0,1.177,1.177,0.0,0.0,0.0,0.0,0.0,0.0,0.0,0.0,1.177,1.703,0.0,0.0,1.177,1.703,0.0,0.0,1.177,0.0,1.703,1.703,1.177,1.177,0.0,0.0,2.046,0.0,1.703,0.0,0.0,0.0,0.0,0.0,0.0,1.177,1.703,0.0,2.046,0.0,1.177,0.0,0.0,0.0,2.301,0.0,0.0,0.0,0.0,1.177,0.0,0.0,1.177,1.177,2.504,0.0,0.0,0.0,1.177,0.0,0.0,0.0,1.703,0.0,2.301,1.703,1.177,0.0,1.177,0.0,0.0,1.703,0.0,0.0,0.0,1.177,0.0,0.0,0.0,0.0,1.177,1.177,1.177,0.0,0.0,0.0,1.703,3.247,0.0,0.0,1.177,0.0,0.0,0.0,1.177,0.0,1.177,0.0,0.0,0.0,0.0,0.0,0.0,0.0,0.0,0.0,0.0,0.0,0.0,0.0,0.0,0.0,0.0,1.703,0.0,0.0,1.177,1.177,1.177,1.703,0.0,1.177,0.0,1.177,0.0,0.0,0.0,0.0,2.046,0.0,0.0,0.0,0.0,0.0,1.177,0.0,1.177,1.703,0.0,0.0,0.0,0.0,0.0,0.0,1.177,0.0,0.0,1.177,0.0,1.177,0.0,0.0,1.703,1.703,2.301,3.055,1.703,0.0,0.0,1.177,1.177,0.0,0.0,0.0,1.177,0.0,2.046,0.0,1.703,0.0,1.177,0.0,0.0,0.0,0.0,0.0,0.0,3.479,1.177,0.0,0.0,1.177,0.0,3.479,0.0,3.055,1.177,1.177,0.0,0.0,0.0,0.0,0.0,0.0,0.0,0.0,0.0,0.0,0.0,2.301,0.0,0.0,1.177,0.0,0.0,0.0,0.0,2.301,0.0,0.0,0.0,0.0,1.177,0.0,0.0,1.703,0.0,2.046,0.0,0.0,1.177,0.0,0.0,2.046,0.0,0.0,0.0,2.046,0.0,0.0,0.0,0.0,0.0
Monozyt,2.197,0.0,0.0,1.609,0.0,0.0,0.0,2.565,1.609,0.0,0.0,0.0,1.609,0.0,0.0,0.0,0.0,0.0,2.197,0.0,0.0,0.0,0.0,0.0,0.0,1.609,0.0,0.0,2.197,1.609,0.0,1.609,0.0,0.0,0.0,0.0,0.0,0.0,3.045,0.0,1.609,0.0,0.0,0.0,3.045,0.0,0.0,1.609,1.609,4.111,0.0,1.609,0.0,0.0,1.609,2.833,0.0,0.0,0.0,0.0,0.0,1.609,1.609,0.0,2.565,0.0,0.0,0.0,3.714,0.0,3.219,0.0,0.0,0.0,0.0,0.0,0.0,0.0,0.0,1.609,3.045,0.0,0.0,0.0,0.0,0.0,0.0,0.0,0.0,0.0,0.0,0.0,0.0,0.0,0.0,1.609,0.0,0.0,0.0,0.0,0.0,0.0,0.0,0.0,0.0,0.0,0.0,0.0,0.0,0.0,0.0,0.0,2.197,0.0,0.0,0.0,0.0,0.0,0.0,0.0,0.0,1.609,0.0,0.0,0.0,1.609,0.0,0.0,0.0,0.0,0.0,0.0,0.0,0.0,0.0,0.0,1.609,1.609,0.0,1.609,1.609,0.0,1.609,2.833,1.609,1.609,0.0,1.609,0.0,0.0,0.0,0.0,2.197,0.0,0.0,0.0,0.0,0.0,0.0,0.0,0.0,1.609,0.0,1.609,1.609,0.0,0.0,0.0,0.0,0.0,0.0,0.0,0.0,2.197,1.609,0.0,0.0,0.0,0.0,0.0,0.0,1.609,1.609,0.0,1.609,0.0,1.609,2.197,1.609,0.0,0.0,1.609,0.0,0.0,0.0,1.609,0.0,0.0,0.0,0.0,1.609,2.197,1.609,0.0,1.609,0.0,0.0,0.0,0.0,4.443,0.0,2.565,0.0,3.219,0.0,0.0,0.0,0.0,0.0,1.609,0.0,0.0,0.0,0.0,0.0,0.0,0.0,0.0,0.0,0.0,1.609,3.892,3.892,1.609,2.197,1.609,3.892,2.565,2.833,2.565,2.565,2.833,2.197,0.0,3.497,3.892,0.0,0.0,0.0,0.0,0.0,1.609,1.609,0.0,0.0,0.0,1.609,1.609,0.0,0.0,0.0,1.609,0.0,0.0,2.197,0.0,0.0,0.0,2.565,1.609,0.0,0.0,1.609,1.609,0.0,1.609,0.0,0.0,0.0,0.0,1.609,1.609,0.0,0.0,0.0,0.0,0.0,0.0,0.0,0.0,0.0,0.0,0.0,0.0,0.0,0.0,0.0,2.197,2.197,2.197,0.0,0.0,0.0,0.0,0.0,0.0,0.0,0.0,1.609,2.197,1.609,2.565,1.609,0.0,0.0,1.609,2.833,0.0,0.0,0.0,0.0,1.609,1.609,1.609,0.0,0.0,0.0,0.0,0.0,0.0,0.0,0.0,2.197,0.0,0.0,0.0,0.0,0.0,0.0,0.0,0.0,0.0,1.609,0.0,0.0,0.0,1.609,0.0,1.609,1.609,0.0,0.0,0.0,0.0,0.0,0.0,0.0,0.0,0.0,1.609,0.0,0.0,0.0,2.197,1.609,0.0,0.0,1.609,1.609,0.0,0.0,0.0,1.609,0.0,0.0,0.0,0.0,0.0,0.0,2.833,0.0,0.0,0.0,0.0,0.0,0.0,1.609,0.0,2.197,1.609,0.0,0.0,3.497,0.0,2.565,0.0,1.609,0.0,0.0,0.0,0.0,0.0,0.0,2.197,0.0,0.0,0.0,1.609,3.367,0.0,2.197,2.197,0.0,0.0,1.609,0.0,0.0,0.0,0.0,1.609,0.0,0.0,0.0,0.0,0.0,0.0,0.0,0.0,0.0,1.609,0.0,0.0,0.0,1.609,0.0,0.0,0.0,1.609,1.609,2.197,0.0,0.0,0.0,0.0,0.0,0.0,1.609,0.0,0.0,0.0,2.197,0.0,0.0,0.0,0.0,0.0,0.0,0.0,0.0,0.0,1.609,0.0,0.0,0.0,0.0,1.609,0.0,0.0,0.0,0.0,0.0,0.0,0.0,0.0,0.0,0.0,0.0,0.0,0.0,2.197,0.0,0.0,0.0,1.609,2.197,0.0,1.609,3.714,0.0,3.497,1.609,2.833,0.0,1.609,0.0,0.0,1.609,2.565,1.609,0.0,0.0,0.0,0.0,0.0,0.0,1.609,0.0,0.0,2.197,0.0,0.0,0.0,0.0,0.0,0.0,0.0,2.565,1.609,0.0,0.0,0.0,0.0,0.0,0.0,2.197,1.609,0.0,0.0,0.0,2.197,0.0,1.609,0.0,0.0,2.197,0.0,1.609,0.0,0.0,0.0,0.0,0.0,0.0,2.197,0.0,0.0,0.0,0.0,0.0,0.0,2.565,1.609,0.0,0.0,1.609,0.0,0.0,0.0,1.609,1.609,0.0,0.0,1.609,0.0,0.0,0.0,1.609,0.0,0.0,1.609,0.0,0.0,1.609,0.0,1.609,0.0,1.609,0.0,0.0,1.609,0.0,0.0,0.0,0.0,0.0,0.0,0.0,1.609,0.0,0.0,0.0,0.0,0.0,0.0,1.609,0.0,0.0,0.0,0.0,0.0,0.0,2.565,0.0,0.0,0.0,0.0,0.0,1.609,0.0,0.0,0.0,0.0,0.0,0.0,2.197,1.609,2.197,2.197,0.0,1.609,0.0,0.0,1.609,0.0,0.0,0.0,0.0,0.0,0.0,0.0,0.0,1.609,0.0,0.0,0.0,1.609,0.0,0.0,0.0,0.0,0.0,3.045,0.0,0.0,1.609,0.0,0.0,0.0,1.609,1.609,0.0,1.609,0.0,0.0,0.0,2.565,2.197,0.0,0.0,3.497,1.609,0.0,1.609,0.0,0.0,0.0,0.0,0.0,0.0,0.0,0.0,0.0,0.0,0.0,2.197,0.0,0.0,2.565,0.0,0.0,0.0,0.0,0.0,0.0,1.609,0.0,2.197,3.497,0.0,0.0,1.609,0.0,0.0,0.0,0.0,0.0,0.0,1.609,0.0,1.609,2.197,2.197,0.0,1.609,3.97,0.0,0.0,0.0,0.0,0.0,1.609,1.609,1.609,1.609,0.0,5.176,0.0,2.833,0.0,0.0,0.0,0.0,1.609,0.0,0.0,0.0,0.0,0.0,0.0,1.609,1.609,0.0,0.0,0.0,0.0,0.0,0.0,0.0,0.0,0.0,0.0,0.0,1.609,0.0,0.0,0.0,0.0,1.609,0.0,0.0,0.0,2.197,0.0,2.197,0.0,1.609,0.0,0.0,1.609,2.565,0.0,2.565,0.0,0.0,0.0
Dendritische Zelle,0.0,0.0,1.254,1.794,0.0,1.254,0.0,0.0,0.0,1.794,1.254,0.0,2.142,1.794,0.0,0.0,0.0,3.352,0.0,0.0,0.0,0.0,1.254,0.0,0.0,0.0,0.0,0.0,2.4,0.0,0.0,2.142,0.0,0.0,0.0,0.0,0.0,0.0,1.254,0.0,1.794,1.254,1.254,0.0,0.0,0.0,0.0,1.794,0.0,2.4,0.0,1.254,2.4,0.0,2.775,3.884,0.0,1.794,1.254,0.0,1.254,0.0,0.0,0.0,1.794,0.0,1.254,0.0,3.436,1.254,3.26,0.0,0.0,1.794,0.0,0.0,0.0,0.0,0.0,0.0,1.254,0.0,0.0,2.4,1.254,0.0,0.0,0.0,1.254,0.0,0.0,1.794,2.142,0.0,1.254,1.254,1.254,0.0,0.0,0.0,0.0,1.254,0.0,0.0,0.0,0.0,0.0,0.0,1.254,0.0,0.0,0.0,1.254,0.0,1.794,0.0,0.0,0.0,0.0,1.254,0.0,1.794,1.254,0.0,0.0,0.0,0.0,1.254,1.254,1.254,0.0,0.0,0.0,0.0,0.0,0.0,0.0,1.254,0.0,2.142,0.0,0.0,0.0,2.142,0.0,1.254,0.0,0.0,0.0,1.254,0.0,0.0,1.254,0.0,1.254,1.254,0.0,0.0,0.0,0.0,1.254,0.0,0.0,0.0,0.0,0.0,0.0,0.0,0.0,0.0,0.0,0.0,1.794,0.0,0.0,0.0,0.0,0.0,0.0,2.142,2.605,0.0,0.0,0.0,1.254,0.0,2.775,1.254,0.0,2.142,1.254,0.0,0.0,0.0,0.0,1.794,1.254,0.0,1.254,2.142,0.0,0.0,1.794,0.0,0.0,0.0,0.0,0.0,1.794,4.229,1.794,2.142,2.142,2.605,1.254,0.0,0.0,1.254,1.254,1.794,0.0,0.0,0.0,0.0,1.254,0.0,2.142,0.0,1.254,0.0,2.775,3.159,3.653,0.0,2.4,1.254,3.586,2.775,3.352,0.0,1.254,0.0,0.0,1.254,3.934,2.92,0.0,1.254,0.0,1.254,0.0,0.0,1.254,1.794,1.254,0.0,0.0,1.254,0.0,0.0,0.0,0.0,0.0,0.0,1.254,0.0,0.0,0.0,2.142,0.0,0.0,0.0,1.794,1.254,2.142,0.0,1.254,0.0,0.0,0.0,1.254,0.0,0.0,1.254,0.0,0.0,0.0,1.254,0.0,0.0,0.0,0.0,0.0,0.0,1.254,1.254,0.0,2.775,2.142,0.0,0.0,0.0,0.0,0.0,0.0,0.0,0.0,1.254,0.0,1.254,0.0,2.4,0.0,0.0,0.0,2.142,2.142,1.254,1.254,0.0,0.0,0.0,0.0,2.4,0.0,0.0,1.794,0.0,0.0,0.0,0.0,0.0,1.794,0.0,0.0,1.254,0.0,1.254,0.0,0.0,0.0,0.0,0.0,1.254,1.254,0.0,0.0,0.0,0.0,2.142,0.0,0.0,0.0,0.0,1.254,0.0,0.0,0.0,1.794,1.254,0.0,0.0,0.0,1.794,1.254,0.0,1.254,0.0,2.4,0.0,0.0,0.0,0.0,1.254,1.794,0.0,0.0,0.0,1.254,2.775,0.0,1.794,0.0,0.0,1.254,0.0,0.0,0.0,2.4,1.254,0.0,1.794,1.254,2.605,3.047,0.0,1.254,0.0,1.254,0.0,0.0,0.0,0.0,0.0,0.0,0.0,1.254,0.0,2.4,0.0,1.254,0.0,1.794,1.794,0.0,0.0,0.0,0.0,1.254,0.0,0.0,1.794,0.0,0.0,0.0,0.0,0.0,0.0,1.254,1.794,0.0,0.0,0.0,0.0,0.0,0.0,1.794,0.0,2.142,1.254,0.0,2.142,0.0,0.0,0.0,0.0,1.794,0.0,1.254,1.254,2.142,0.0,1.254,0.0,0.0,0.0,1.254,1.794,1.254,0.0,0.0,0.0,0.0,0.0,0.0,0.0,0.0,0.0,0.0,0.0,0.0,0.0,0.0,0.0,1.254,1.254,1.254,2.142,0.0,1.254,0.0,0.0,0.0,1.794,1.794,0.0,0.0,2.4,0.0,2.142,1.254,2.4,0.0,1.254,0.0,0.0,2.142,0.0,1.794,0.0,0.0,0.0,0.0,0.0,0.0,1.794,0.0,0.0,0.0,0.0,0.0,0.0,0.0,0.0,0.0,1.254,0.0,1.794,0.0,1.254,1.254,0.0,0.0,0.0,2.142,0.0,2.142,0.0,1.254,1.794,1.794,1.254,0.0,2.4,1.254,0.0,1.254,0.0,0.0,0.0,1.254,1.254,1.254,1.794,0.0,0.0,0.0,1.794,0.0,0.0,1.254,0.0,0.0,0.0,0.0,1.254,0.0,0.0,1.794,1.254,1.254,0.0,2.775,0.0,0.0,0.0,0.0,0.0,1.794,1.254,0.0,0.0,1.794,2.4,0.0,0.0,1.254,0.0,0.0,1.254,1.794,0.0,0.0,1.254,0.0,0.0,0.0,0.0,0.0,0.0,1.794,1.794,0.0,1.794,2.775,1.794,1.794,0.0,0.0,0.0,0.0,0.0,0.0,1.254,0.0,1.794,0.0,2.92,1.254,0.0,0.0,0.0,0.0,0.0,1.794,0.0,2.605,0.0,2.4,1.254,3.047,1.254,0.0,0.0,1.254,0.0,1.254,1.254,1.254,1.254,0.0,0.0,0.0,0.0,0.0,1.254,0.0,0.0,0.0,0.0,1.794,1.794,1.254,0.0,0.0,1.254,1.254,0.0,2.142,0.0,0.0,0.0,0.0,2.142,1.254,1.794,0.0,0.0,0.0,2.4,0.0,0.0,1.794,0.0,0.0,0.0,0.0,0.0,2.775,1.254,0.0,0.0,1.254,0.0,1.254,1.254,1.254,2.92,1.794,2.142,0.0,1.794,0.0,1.254,0.0,0.0,1.794,2.92,0.0,1.254,1.254,0.0,1.254,0.0,1.254,0.0,1.254,1.254,1.794,0.0,1.794,1.254,0.0,0.0,3.653,0.0,0.0,0.0,0.0,0.0,1.794,0.0,0.0,0.0,2.4,5.547,0.0,2.142,2.605,0.0,0.0,0.0,0.0,0.0,0.0,0.0,0.0,0.0,0.0,1.254,1.794,0.0,0.0,0.0,0.0,0.0,0.0,0.0,0.0,0.0,1.254,0.0,1.254,2.605,2.142,0.0,0.0,1.794,0.0,0.0,0.0,0.0,1.794,1.794,0.0,1.254,0.0,0.0,1.794,2.605,0.0,1.254,0.0,0.0,0.0
NK-Zelle,0.0,0.0,0.0,1.431,0.0,0.0,0.0,0.0,0.0,0.0,1.431,0.0,0.0,0.0,1.431,0.0,0.0,3.276,0.0,0.0,0.0,0.0,1.997,1.997,0.0,0.0,1.431,1.431,0.0,0.0,0.0,0.0,0.0,0.0,1.431,0.0,0.0,0.0,2.356,0.0,0.0,1.431,1.997,0.0,2.356,1.997,0.0,0.0,1.431,0.0,0.0,1.997,0.0,1.431,2.356,1.997,0.0,0.0,0.0,1.431,0.0,0.0,0.0,1.431,0.0,0.0,2.62,0.0,1.997,1.431,1.997,0.0,0.0,0.0,0.0,0.0,0.0,1.431,1.431,1.431,0.0,0.0,0.0,0.0,2.356,1.431,0.0,0.0,1.431,0.0,1.431,2.62,0.0,0.0,0.0,0.0,1.997,0.0,0.0,0.0,0.0,0.0,3.819,0.0,0.0,0.0,0.0,0.0,1.997,0.0,0.0,1.431,2.356,0.0,0.0,0.0,2.356,0.0,0.0,0.0,0.0,1.431,0.0,0.0,0.0,0.0,0.0,0.0,0.0,0.0,0.0,1.431,0.0,0.0,0.0,1.431,1.997,0.0,0.0,0.0,0.0,0.0,0.0,0.0,0.0,0.0,0.0,1.431,1.997,0.0,0.0,0.0,0.0,0.0,0.0,0.0,0.0,0.0,0.0,0.0,1.431,1.431,0.0,0.0,0.0,0.0,0.0,0.0,1.997,1.431,0.0,2.356,1.997,1.431,0.0,1.997,0.0,0.0,0.0,2.356,0.0,2.62,0.0,0.0,0.0,1.431,1.431,0.0,0.0,2.356,1.431,1.431,0.0,1.431,0.0,1.997,0.0,1.431,0.0,0.0,1.997,0.0,1.997,0.0,0.0,0.0,0.0,1.431,1.431,1.997,1.431,2.356,2.356,0.0,1.997,0.0,0.0,0.0,1.431,0.0,0.0,0.0,0.0,0.0,0.0,0.0,0.0,0.0,1.431,0.0,3.668,1.431,0.0,0.0,1.997,1.431,0.0,0.0,0.0,0.0,0.0,0.0,0.0,0.0,0.0,0.0,0.0,1.431,0.0,1.997,2.356,1.431,0.0,0.0,0.0,0.0,1.431,0.0,0.0,0.0,1.431,0.0,0.0,1.431,0.0,0.0,1.431,0.0,2.356,0.0,0.0,0.0,1.431,1.997,0.0,0.0,2.62,0.0,1.997,0.0,0.0,1.431,1.431,0.0,0.0,0.0,0.0,1.431,0.0,1.997,0.0,0.0,0.0,0.0,0.0,0.0,0.0,0.0,0.0,1.997,0.0,0.0,0.0,0.0,0.0,0.0,1.431,2.356,0.0,1.997,0.0,2.356,0.0,0.0,0.0,2.356,0.0,0.0,1.431,0.0,0.0,0.0,0.0,0.0,0.0,0.0,1.431,1.431,0.0,0.0,1.431,0.0,1.431,0.0,0.0,1.431,0.0,0.0,0.0,1.431,0.0,1.431,1.431,1.997,0.0,0.0,0.0,1.431,0.0,2.356,0.0,0.0,0.0,1.431,1.431,0.0,0.0,1.997,0.0,1.431,0.0,1.431,0.0,2.356,0.0,0.0,0.0,0.0,1.431,0.0,0.0,0.0,1.431,2.356,0.0,1.431,0.0,0.0,0.0,2.356,0.0,1.997,0.0,0.0,0.0,1.431,1.997,0.0,1.431,0.0,2.356,1.431,0.0,1.431,3.001,1.431,0.0,0.0,0.0,1.431,1.431,0.0,0.0,0.0,0.0,0.0,0.0,1.431,1.997,1.997,0.0,0.0,0.0,0.0,0.0,0.0,1.431,0.0,1.997,0.0,0.0,0.0,1.431,0.0,0.0,0.0,0.0,0.0,0.0,0.0,0.0,1.997,0.0,1.997,0.0,2.828,0.0,0.0,0.0,1.997,1.997,0.0,0.0,0.0,0.0,0.0,1.431,0.0,0.0,0.0,0.0,0.0,0.0,0.0,0.0,0.0,1.431,0.0,1.997,1.431,1.431,1.431,0.0,0.0,0.0,0.0,0.0,0.0,0.0,0.0,0.0,0.0,1.997,1.431,3.148,0.0,0.0,1.431,0.0,2.828,0.0,1.997,0.0,0.0,0.0,0.0,0.0,0.0,0.0,2.356,0.0,2.356,1.431,0.0,1.431,0.0,1.997,0.0,1.431,0.0,1.431,0.0,0.0,0.0,0.0,1.431,0.0,0.0,1.431,0.0,0.0,0.0,0.0,0.0,2.356,1.997,1.431,1.431,0.0,0.0,1.997,0.0,0.0,0.0,1.997,1.431,0.0,0.0,0.0,0.0,0.0,0.0,1.431,3.148,1.997,1.997,0.0,0.0,0.0,0.0,1.431,0.0,0.0,1.997,1.431,0.0,0.0,1.997,0.0,1.431,1.431,1.431,0.0,1.431,0.0,0.0,2.356,0.0,0.0,0.0,0.0,0.0,1.431,0.0,0.0,0.0,0.0,0.0,1.431,0.0,0.0,1.431,0.0,1.431,0.0,0.0,0.0,0.0,0.0,1.431,0.0,0.0,0.0,0.0,0.0,1.431,0.0,0.0,0.0,0.0,1.997,0.0,0.0,0.0,1.997,1.431,1.431,0.0,0.0,1.997,1.997,0.0,0.0,0.0,1.431,0.0,0.0,1.431,1.431,0.0,1.431,0.0,0.0,0.0,1.997,0.0,2.356,0.0,0.0,1.997,2.356,0.0,1.997,0.0,0.0,0.0,0.0,0.0,0.0,2.356,0.0,0.0,0.0,0.0,0.0,0.0,0.0,0.0,0.0,0.0,0.0,0.0,2.356,1.431,1.431,1.997,0.0,0.0,1.431,0.0,0.0,0.0,0.0,1.997,0.0,2.62,2.356,2.356,0.0,0.0,0.0,1.997,1.997,0.0,1.431,0.0,0.0,0.0,2.356,1.431,0.0,0.0,0.0,0.0,0.0,0.0,0.0,0.0,0.0,2.62,0.0,1.431,0.0,1.431,0.0,0.0,2.356,3.389,0.0,0.0,0.0,0.0,1.431,1.431,1.997,0.0,0.0,0.0,1.431,1.431,2.356,0.0,0.0,0.0,1.997,0.0,0.0,0.0,0.0,0.0,1.997,0.0,0.0,1.431,1.431,3.389,0.0,2.62,1.431,3.276,0.0,0.0,0.0,0.0,3.584,0.0,0.0,0.0,0.0,0.0,0.0,0.0,0.0,0.0,1.431,1.431,0.0,0.0,1.431,0.0,0.0,0.0,0.0,0.0,0.0,1.997,0.0,0.0,1.431,1.431,0.0,0.0,1.431,2.356,0.0,0.0,1.431,0.0,2.356,1.431,0.0,1.997,0.0,0.0,1.431
T-Zelle,0.0,0.0,1.413,1.976,0.0,0.0,0.0,0.0,0.0,0.0,0.0,0.0,0.0,0.0,1.413,0.0,0.0,3.125,0.0,1.976,0.0,0.0,2.597,0.0,1.413,0.0,0.0,0.0,2.334,0.0,0.0,2.334,0.0,0.0,0.0,0.0,0.0,0.0,2.334,1.413,0.0,0.0,1.413,0.0,0.0,0.0,0.0,0.0,1.413,0.0,0.0,2.597,0.0,0.0,3.253,3.986,0.0,2.334,1.976,0.0,0.0,0.0,1.413,0.0,0.0,0.0,2.597,1.413,0.0,0.0,0.0,0.0,0.0,0.0,0.0,0.0,0.0,0.0,0.0,1.413,1.976,0.0,0.0,1.413,2.334,1.413,0.0,0.0,0.0,0.0,0.0,2.978,0.0,0.0,1.413,1.413,1.413,0.0,0.0,0.0,0.0,1.413,0.0,0.0,0.0,1.413,2.334,1.413,0.0,0.0,0.0,2.597,1.413,0.0,0.0,0.0,0.0,0.0,0.0,1.413,1.413,2.334,0.0,0.0,0.0,0.0,0.0,1.413,0.0,1.413,0.0,0.0,0.0,0.0,0.0,0.0,0.0,0.0,0.0,1.976,1.413,0.0,0.0,0.0,0.0,0.0,0.0,0.0,0.0,0.0,0.0,0.0,0.0,0.0,0.0,0.0,0.0,0.0,0.0,0.0,0.0,1.413,0.0,0.0,0.0,0.0,0.0,0.0,0.0,1.413,0.0,0.0,0.0,1.413,0.0,1.413,0.0,0.0,0.0,2.334,1.976,0.0,0.0,0.0,0.0,1.413,1.976,0.0,1.413,0.0,2.334,0.0,0.0,0.0,1.413,0.0,0.0,0.0,1.413,0.0,0.0,1.413,1.413,0.0,0.0,0.0,0.0,1.413,0.0,2.806,0.0,3.125,1.976,1.976,0.0,0.0,0.0,1.413,0.0,0.0,0.0,0.0,0.0,0.0,1.413,0.0,1.413,0.0,0.0,0.0,3.468,0.0,0.0,0.0,1.413,1.976,1.413,1.413,1.413,0.0,0.0,0.0,0.0,1.413,0.0,1.976,0.0,1.976,0.0,0.0,1.976,0.0,1.413,0.0,0.0,0.0,0.0,0.0,0.0,0.0,0.0,0.0,0.0,0.0,0.0,1.413,0.0,0.0,1.413,1.413,0.0,0.0,1.413,1.413,0.0,0.0,1.976,0.0,0.0,0.0,2.597,0.0,0.0,1.413,0.0,0.0,0.0,0.0,0.0,0.0,0.0,0.0,0.0,0.0,0.0,0.0,0.0,1.413,0.0,0.0,0.0,0.0,0.0,0.0,0.0,0.0,0.0,1.413,1.413,2.597,0.0,1.413,0.0,0.0,0.0,1.413,0.0,0.0,0.0,0.0,0.0,0.0,0.0,1.413,1.976,0.0,0.0,0.0,1.413,0.0,0.0,2.334,0.0,0.0,0.0,0.0,0.0,0.0,1.413,0.0,0.0,1.413,0.0,0.0,0.0,1.413,0.0,0.0,0.0,1.413,0.0,0.0,0.0,0.0,0.0,0.0,0.0,2.334,0.0,1.413,0.0,2.806,0.0,1.413,0.0,2.334,0.0,0.0,0.0,0.0,0.0,0.0,0.0,0.0,1.413,0.0,0.0,0.0,0.0,2.597,1.413,0.0,0.0,0.0,0.0,0.0,1.413,0.0,1.413,0.0,0.0,0.0,0.0,1.413,3.253,0.0,0.0,0.0,1.413,0.0,0.0,0.0,1.976,0.0,0.0,0.0,0.0,1.413,1.413,1.413,0.0,1.413,0.0,0.0,0.0,0.0,1.413,0.0,0.0,0.0,0.0,0.0,0.0,1.413,0.0,0.0,0.0,0.0,1.413,0.0,1.413,0.0,0.0,0.0,0.0,0.0,0.0,0.0,1.413,1.413,2.597,0.0,1.976,0.0,1.413,0.0,1.976,0.0,1.413,0.0,1.976,0.0,0.0,0.0,0.0,0.0,1.976,3.253,0.0,0.0,2.597,2.597,0.0,0.0,0.0,0.0,0.0,1.413,0.0,0.0,0.0,0.0,0.0,0.0,3.125,0.0,0.0,1.413,0.0,3.561,0.0,0.0,0.0,1.413,1.976,0.0,0.0,0.0,0.0,2.334,0.0,2.334,0.0,0.0,0.0,1.413,1.413,0.0,2.334,0.0,0.0,0.0,1.413,0.0,0.0,1.976,1.413,0.0,0.0,0.0,1.413,0.0,0.0,0.0,0.0,0.0,2.806,1.413,0.0,0.0,0.0,0.0,0.0,0.0,1.976,0.0,0.0,0.0,0.0,2.334,0.0,1.413,0.0,1.413,1.976,0.0,0.0,1.413,0.0,0.0,0.0,0.0,0.0,2.806,1.413,0.0,0.0,0.0,0.0,0.0,0.0,1.413,1.413,2.334,0.0,0.0,1.413,0.0,0.0,2.597,1.413,0.0,0.0,0.0,0.0,0.0,0.0,0.0,0.0,0.0,1.413,0.0,0.0,0.0,0.0,0.0,1.413,0.0,0.0,0.0,2.334,0.0,0.0,0.0,0.0,0.0,0.0,0.0,0.0,0.0,1.413,0.0,0.0,0.0,1.413,1.413,1.976,0.0,0.0,0.0,0.0,1.413,0.0,0.0,0.0,0.0,0.0,1.413,0.0,0.0,0.0,2.334,1.413,1.413,0.0,0.0,0.0,0.0,0.0,1.976,1.976,0.0,2.334,0.0,0.0,0.0,0.0,1.976,0.0,0.0,0.0,0.0,0.0,0.0,0.0,0.0,0.0,0.0,0.0,0.0,0.0,0.0,0.0,0.0,1.413,1.413,0.0,0.0,2.334,0.0,0.0,0.0,0.0,2.806,2.334,1.413,1.413,0.0,0.0,0.0,2.334,1.413,1.976,0.0,0.0,0.0,0.0,0.0,1.413,1.413,0.0,0.0,0.0,1.413,0.0,0.0,0.0,0.0,0.0,0.0,0.0,1.976,0.0,0.0,0.0,1.413,1.413,3.125,0.0,0.0,0.0,0.0,1.413,0.0,1.413,0.0,1.976,0.0,0.0,0.0,1.413,1.413,1.413,0.0,0.0,0.0,0.0,0.0,0.0,0.0,1.976,0.0,0.0,0.0,1.976,1.976,0.0,2.806,0.0,1.976,0.0,0.0,0.0,0.0,0.0,0.0,0.0,1.976,0.0,1.413,1.413,0.0,0.0,0.0,0.0,0.0,0.0,0.0,0.0,0.0,0.0,0.0,1.413,0.0,1.976,0.0,0.0,0.0,1.976,0.0,0.0,0.0,0.0,1.413,0.0,1.413,1.413,0.0,1.976,1.976,0.0,2.597,0.0,0.0,0.0
Dendritische Zelle,0.0,0.0,0.0,2.637,0.0,2.013,0.0,0.0,0.0,1.445,0.0,0.0,0.0,0.0,0.0,0.0,0.0,1.445,2.013,2.013,0.0,3.018,0.0,2.013,0.0,2.013,0.0,0.0,0.0,0.0,0.0,1.445,0.0,1.445,0.0,1.445,0.0,0.0,0.0,0.0,0.0,2.373,0.0,1.445,0.0,0.0,0.0,0.0,0.0,0.0,0.0,2.845,1.445,0.0,2.845,3.165,0.0,2.013,0.0,0.0,0.0,0.0,2.013,0.0,1.445,2.845,2.013,0.0,2.013,2.373,0.0,0.0,0.0,0.0,0.0,0.0,0.0,1.445,0.0,1.445,1.445,1.445,0.0,0.0,0.0,0.0,0.0,0.0,0.0,0.0,0.0,2.013,0.0,0.0,2.373,0.0,0.0,1.445,0.0,0.0,2.013,0.0,1.445,0.0,0.0,0.0,3.018,0.0,0.0,0.0,0.0,1.445,0.0,1.445,0.0,1.445,0.0,0.0,0.0,1.445,0.0,2.373,0.0,0.0,0.0,0.0,0.0,0.0,1.445,2.373,1.445,0.0,0.0,0.0,0.0,1.445,0.0,2.373,1.445,3.764,0.0,0.0,0.0,0.0,0.0,0.0,0.0,0.0,0.0,1.445,0.0,0.0,2.013,0.0,1.445,0.0,0.0,0.0,1.445,0.0,0.0,0.0,0.0,0.0,0.0,0.0,0.0,0.0,0.0,0.0,0.0,0.0,0.0,0.0,1.445,0.0,0.0,0.0,0.0,1.445,2.013,1.445,0.0,0.0,1.445,0.0,2.637,0.0,0.0,0.0,0.0,0.0,0.0,0.0,0.0,2.637,0.0,0.0,0.0,1.445,0.0,0.0,0.0,0.0,1.445,0.0,0.0,1.445,0.0,5.429,0.0,1.445,1.445,1.445,0.0,0.0,0.0,0.0,0.0,2.013,1.445,1.445,2.373,0.0,0.0,0.0,0.0,1.445,1.445,0.0,0.0,3.165,2.845,0.0,2.845,0.0,5.189,3.904,4.682,4.083,3.165,3.407,2.637,3.018,4.795,4.74,0.0,0.0,0.0,0.0,1.445,1.445,1.445,1.445,1.445,0.0,0.0,1.445,0.0,0.0,0.0,2.013,0.0,0.0,0.0,0.0,0.0,0.0,1.445,0.0,0.0,0.0,1.445,1.445,2.013,0.0,1.445,0.0,0.0,0.0,2.013,0.0,0.0,0.0,0.0,1.445,2.013,0.0,0.0,0.0,0.0,0.0,0.0,0.0,0.0,0.0,0.0,1.445,0.0,0.0,0.0,0.0,1.445,0.0,0.0,0.0,0.0,0.0,0.0,1.445,1.445,1.445,0.0,0.0,0.0,1.445,1.445,2.013,0.0,0.0,0.0,0.0,0.0,1.445,0.0,0.0,0.0,0.0,0.0,0.0,0.0,0.0,1.445,0.0,0.0,0.0,0.0,0.0,0.0,0.0,0.0,0.0,0.0,1.445,0.0,1.445,0.0,0.0,0.0,2.373,0.0,1.445,0.0,0.0,0.0,0.0,0.0,2.373,0.0,0.0,0.0,0.0,0.0,0.0,0.0,1.445,0.0,0.0,0.0,0.0,1.445,1.445,2.845,2.013,1.445,0.0,0.0,0.0,0.0,3.509,0.0,0.0,0.0,0.0,0.0,0.0,0.0,0.0,2.637,0.0,0.0,0.0,1.445,1.445,3.165,0.0,0.0,0.0,0.0,0.0,0.0,0.0,2.373,0.0,1.445,0.0,1.445,0.0,2.013,0.0,0.0,2.373,0.0,2.013,1.445,0.0,0.0,0.0,1.445,2.013,0.0,2.013,0.0,0.0,0.0,0.0,0.0,0.0,0.0,0.0,0.0,0.0,0.0,1.445,0.0,0.0,1.445,0.0,2.373,1.445,1.445,0.0,2.845,0.0,2.013,0.0,2.013,0.0,0.0,1.445,0.0,0.0,0.0,0.0,0.0,2.637,0.0,0.0,0.0,0.0,0.0,0.0,0.0,0.0,0.0,0.0,0.0,0.0,0.0,0.0,0.0,0.0,0.0,0.0,1.445,0.0,0.0,2.013,0.0,2.013,0.0,0.0,0.0,0.0,0.0,0.0,1.445,5.355,0.0,2.013,0.0,2.013,1.445,0.0,0.0,0.0,0.0,0.0,1.445,2.013,0.0,0.0,0.0,0.0,0.0,0.0,2.373,1.445,0.0,0.0,0.0,0.0,0.0,0.0,0.0,1.445,2.637,2.013,0.0,0.0,0.0,0.0,0.0,0.0,2.373,1.445,0.0,0.0,2.637,0.0,1.445,3.018,0.0,0.0,2.013,0.0,1.445,0.0,0.0,0.0,0.0,0.0,0.0,2.013,0.0,0.0,0.0,2.013,0.0,0.0,0.0,2.637,1.445,1.445,1.445,0.0,1.445,0.0,2.013,0.0,0.0,0.0,0.0,0.0,0.0,0.0,0.0,1.445,0.0,0.0,0.0,2.013,1.445,0.0,1.445,0.0,0.0,0.0,0.0,1.445,0.0,0.0,0.0,0.0,0.0,2.013,0.0,0.0,0.0,0.0,1.445,0.0,0.0,0.0,2.013,0.0,2.013,0.0,0.0,0.0,0.0,1.445,0.0,0.0,0.0,2.013,0.0,0.0,0.0,0.0,0.0,0.0,0.0,0.0,0.0,1.445,1.445,0.0,1.445,1.445,2.373,0.0,2.013,0.0,0.0,0.0,0.0,0.0,1.445,0.0,0.0,1.445,0.0,0.0,0.0,0.0,2.373,1.445,0.0,0.0,0.0,4.944,0.0,0.0,0.0,0.0,0.0,0.0,1.445,0.0,0.0,0.0,0.0,1.445,0.0,1.445,0.0,0.0,0.0,0.0,2.013,0.0,2.013,0.0,0.0,0.0,0.0,1.445,0.0,0.0,0.0,0.0,0.0,0.0,2.013,0.0,0.0,0.0,0.0,3.293,0.0,1.445,0.0,0.0,0.0,0.0,1.445,3.018,0.0,2.013,2.373,0.0,0.0,1.445,1.445,0.0,1.445,1.445,1.445,1.445,1.445,0.0,0.0,0.0,2.637,0.0,0.0,2.013,0.0,0.0,0.0,0.0,0.0,0.0,2.845,3.407,1.445,1.445,0.0,0.0,0.0,2.845,0.0,0.0,0.0,0.0,0.0,1.445,0.0,1.445,1.445,0.0,1.445,0.0,0.0,0.0,0.0,0.0,0.0,1.445,1.445,0.0,0.0,0.0,0.0,0.0,1.445,1.445,0.0,0.0,0.0,2.373,0.0,2.373,0.0,0.0,1.445,1.445,0.0,0.0,0.0,2.013,0.0,1.445,1.445
T-Zelle,0.0,0.0,0.0,2.777,0.0,1.562,0.0,0.0,0.0,1.562,0.0,1.562,0.0,0.0,0.0,0.0,0.0,2.51,1.562,1.562,0.0,0.0,1.562,0.0,0.0,1.562,1.562,1.562,1.562,0.0,0.0,1.562,0.0,0.0,0.0,1.562,0.0,0.0,2.145,0.0,0.0,0.0,3.162,0.0,0.0,0.0,0.0,0.0,1.562,1.562,0.0,1.562,0.0,0.0,2.145,3.162,0.0,1.562,0.0,0.0,0.0,0.0,0.0,0.0,0.0,0.0,1.562,0.0,0.0,0.0,1.562,0.0,0.0,0.0,0.0,0.0,0.0,2.51,0.0,0.0,2.145,1.562,1.562,0.0,2.145,0.0,0.0,1.562,0.0,0.0,0.0,1.562,0.0,0.0,2.145,0.0,0.0,2.145,1.562,1.562,0.0,0.0,0.0,2.145,1.562,0.0,1.562,0.0,0.0,0.0,0.0,2.145,0.0,1.562,0.0,0.0,0.0,1.562,0.0,0.0,0.0,0.0,0.0,0.0,0.0,1.562,0.0,0.0,0.0,1.562,0.0,0.0,0.0,1.562,0.0,0.0,0.0,0.0,0.0,0.0,0.0,0.0,0.0,0.0,0.0,0.0,0.0,1.562,0.0,0.0,0.0,0.0,0.0,0.0,0.0,0.0,0.0,0.0,0.0,0.0,0.0,1.562,0.0,0.0,0.0,0.0,0.0,0.0,0.0,0.0,0.0,0.0,0.0,0.0,0.0,2.145,0.0,0.0,0.0,2.145,0.0,1.562,1.562,0.0,0.0,0.0,0.0,0.0,0.0,1.562,1.562,0.0,1.562,3.31,0.0,1.562,0.0,0.0,1.562,0.0,0.0,1.562,1.562,1.562,1.562,0.0,0.0,1.562,0.0,2.777,0.0,1.562,0.0,1.562,0.0,0.0,0.0,0.0,0.0,0.0,1.562,0.0,0.0,1.562,0.0,0.0,1.562,0.0,1.562,1.562,2.51,0.0,0.0,0.0,2.51,2.145,0.0,1.562,2.51,0.0,0.0,0.0,0.0,0.0,1.562,2.51,0.0,0.0,0.0,1.562,0.0,0.0,0.0,0.0,1.562,0.0,0.0,1.562,0.0,1.562,0.0,1.562,0.0,0.0,0.0,0.0,0.0,0.0,0.0,0.0,0.0,0.0,0.0,1.562,0.0,0.0,1.562,0.0,2.145,0.0,1.562,0.0,0.0,0.0,1.562,0.0,1.562,0.0,0.0,0.0,0.0,0.0,0.0,0.0,2.145,0.0,0.0,0.0,0.0,2.145,0.0,0.0,0.0,0.0,0.0,0.0,0.0,0.0,0.0,0.0,0.0,3.31,0.0,0.0,1.562,0.0,0.0,0.0,0.0,0.0,0.0,0.0,0.0,2.145,1.562,0.0,2.145,0.0,0.0,0.0,1.562,1.562,1.562,1.562,0.0,0.0,0.0,0.0,0.0,0.0,0.0,0.0,1.562,0.0,1.562,0.0,0.0,0.0,0.0,2.51,0.0,0.0,0.0,2.145,1.562,0.0,0.0,2.51,1.562,1.562,0.0,0.0,0.0,2.145,1.562,2.145,0.0,0.0,0.0,0.0,2.51,0.0,2.145,0.0,0.0,0.0,0.0,0.0,0.0,2.145,0.0,0.0,0.0,0.0,0.0,0.0,0.0,0.0,1.562,0.0,1.562,0.0,0.0,1.562,3.553,1.562,0.0,0.0,0.0,0.0,0.0,0.0,0.0,0.0,1.562,1.562,0.0,2.145,2.145,1.562,0.0,0.0,0.0,0.0,0.0,0.0,0.0,2.51,1.562,0.0,0.0,0.0,0.0,0.0,0.0,0.0,0.0,0.0,0.0,0.0,0.0,0.0,0.0,0.0,0.0,2.145,0.0,0.0,0.0,2.145,3.834,0.0,1.562,0.0,1.562,0.0,0.0,1.562,0.0,0.0,1.562,0.0,0.0,0.0,0.0,0.0,2.145,1.562,0.0,0.0,0.0,1.562,0.0,1.562,1.562,0.0,0.0,0.0,0.0,0.0,0.0,0.0,0.0,0.0,2.51,0.0,0.0,2.145,0.0,1.562,0.0,0.0,0.0,1.562,0.0,0.0,0.0,0.0,0.0,2.988,0.0,2.988,1.562,0.0,0.0,0.0,2.145,0.0,0.0,0.0,0.0,0.0,0.0,0.0,0.0,0.0,0.0,0.0,0.0,0.0,0.0,0.0,0.0,0.0,0.0,0.0,1.562,0.0,0.0,2.777,1.562,0.0,0.0,0.0,2.145,0.0,0.0,0.0,0.0,0.0,0.0,0.0,0.0,1.562,2.145,0.0,0.0,0.0,0.0,0.0,0.0,1.562,1.562,3.439,0.0,0.0,0.0,0.0,0.0,1.562,2.145,0.0,0.0,1.562,0.0,0.0,1.562,0.0,0.0,0.0,2.51,0.0,0.0,0.0,0.0,1.562,0.0,0.0,1.562,0.0,0.0,1.562,1.562,3.162,0.0,0.0,0.0,0.0,0.0,0.0,1.562,0.0,0.0,0.0,0.0,0.0,0.0,0.0,0.0,0.0,0.0,0.0,0.0,1.562,2.145,0.0,1.562,0.0,0.0,0.0,0.0,0.0,0.0,4.116,1.562,0.0,0.0,1.562,0.0,0.0,1.562,0.0,0.0,1.562,1.562,1.562,0.0,0.0,1.562,0.0,2.777,0.0,1.562,0.0,1.562,0.0,0.0,0.0,0.0,1.562,0.0,0.0,0.0,0.0,0.0,0.0,0.0,0.0,0.0,0.0,0.0,0.0,0.0,0.0,1.562,0.0,0.0,0.0,2.145,0.0,0.0,1.562,0.0,2.145,1.562,2.51,1.562,2.145,0.0,0.0,0.0,0.0,1.562,0.0,0.0,0.0,0.0,0.0,0.0,1.562,0.0,2.51,0.0,0.0,0.0,0.0,0.0,1.562,0.0,1.562,0.0,2.145,0.0,0.0,0.0,0.0,2.145,3.31,1.562,1.562,0.0,0.0,1.562,2.51,0.0,0.0,0.0,0.0,1.562,0.0,0.0,2.145,0.0,1.562,0.0,0.0,0.0,0.0,0.0,0.0,1.562,0.0,0.0,0.0,1.562,3.656,0.0,2.51,1.562,2.145,0.0,0.0,1.562,0.0,4.116,0.0,0.0,0.0,0.0,0.0,0.0,0.0,0.0,1.562,0.0,0.0,0.0,0.0,1.562,0.0,0.0,0.0,0.0,0.0,1.562,1.562,0.0,0.0,0.0,0.0,0.0,0.0,0.0,2.51,0.0,0.0,0.0,0.0,1.562,0.0,0.0,2.51,0.0,1.562,0.0
B-Zelle,0.0,0.0,0.0,0.0,0.0,2.061,1.487,0.0,0.0,1.487,0.0,0.0,0.0,0.0,0.0,0.0,0.0,2.898,0.0,0.0,0.0,1.487,0.0,0.0,0.0,2.061,0.0,0.0,2.061,0.0,0.0,0.0,0.0,0.0,1.487,2.061,0.0,0.0,0.0,0.0,1.487,0.0,0.0,0.0,0.0,0.0,0.0,0.0,0.0,0.0,0.0,0.0,0.0,0.0,0.0,1.487,0.0,1.487,2.061,0.0,1.487,0.0,1.487,0.0,0.0,0.0,3.071,0.0,0.0,0.0,0.0,1.487,0.0,0.0,0.0,0.0,0.0,0.0,0.0,1.487,1.487,0.0,1.487,0.0,1.487,0.0,0.0,0.0,0.0,0.0,0.0,0.0,0.0,1.487,2.423,0.0,0.0,0.0,0.0,0.0,1.487,1.487,1.487,0.0,0.0,0.0,0.0,0.0,0.0,0.0,0.0,0.0,1.487,0.0,0.0,0.0,1.487,0.0,2.061,2.061,0.0,1.487,1.487,0.0,0.0,0.0,1.487,0.0,1.487,0.0,0.0,0.0,0.0,2.061,0.0,0.0,0.0,0.0,0.0,2.688,0.0,1.487,0.0,0.0,2.061,0.0,0.0,0.0,0.0,0.0,1.487,0.0,1.487,0.0,0.0,0.0,0.0,0.0,1.487,0.0,0.0,1.487,0.0,0.0,1.487,0.0,0.0,0.0,0.0,0.0,0.0,0.0,0.0,2.061,2.423,0.0,0.0,0.0,1.487,3.071,0.0,2.688,2.061,2.423,0.0,0.0,0.0,0.0,1.487,0.0,0.0,0.0,0.0,0.0,2.061,1.487,2.061,0.0,0.0,0.0,1.487,0.0,2.688,0.0,0.0,0.0,2.061,0.0,0.0,4.877,0.0,2.061,2.423,0.0,0.0,0.0,0.0,0.0,0.0,0.0,0.0,0.0,2.061,0.0,1.487,0.0,0.0,0.0,0.0,0.0,3.071,0.0,1.487,0.0,2.423,0.0,4.421,3.071,4.138,2.898,2.898,2.688,2.423,2.688,4.336,4.082,0.0,0.0,0.0,2.688,0.0,0.0,1.487,0.0,2.898,0.0,0.0,1.487,0.0,1.487,0.0,0.0,0.0,0.0,0.0,0.0,1.487,1.487,0.0,1.487,0.0,0.0,0.0,2.423,0.0,1.487,0.0,0.0,1.487,0.0,1.487,0.0,0.0,0.0,0.0,0.0,1.487,1.487,2.061,0.0,0.0,0.0,0.0,0.0,0.0,0.0,0.0,0.0,0.0,1.487,0.0,0.0,0.0,0.0,0.0,0.0,0.0,0.0,0.0,0.0,0.0,0.0,0.0,0.0,0.0,1.487,0.0,0.0,1.487,0.0,0.0,0.0,1.487,0.0,2.061,0.0,0.0,1.487,0.0,1.487,0.0,0.0,1.487,0.0,0.0,1.487,1.487,0.0,0.0,0.0,0.0,0.0,1.487,0.0,0.0,0.0,1.487,2.061,0.0,2.061,1.487,0.0,0.0,0.0,1.487,0.0,0.0,0.0,0.0,0.0,0.0,0.0,0.0,1.487,0.0,0.0,0.0,0.0,0.0,0.0,2.688,1.487,0.0,0.0,1.487,0.0,0.0,0.0,0.0,1.487,0.0,0.0,0.0,0.0,0.0,0.0,2.423,0.0,0.0,1.487,0.0,0.0,1.487,0.0,2.423,0.0,1.487,0.0,0.0,0.0,0.0,0.0,1.487,0.0,0.0,0.0,0.0,1.487,2.061,0.0,0.0,1.487,0.0,1.487,0.0,0.0,0.0,0.0,0.0,0.0,0.0,1.487,0.0,0.0,0.0,0.0,2.688,1.487,1.487,0.0,0.0,0.0,0.0,1.487,0.0,0.0,1.487,0.0,2.423,0.0,3.071,1.487,0.0,0.0,1.487,0.0,0.0,0.0,0.0,0.0,1.487,0.0,0.0,0.0,0.0,0.0,0.0,0.0,0.0,0.0,0.0,2.061,0.0,0.0,0.0,0.0,0.0,0.0,0.0,0.0,0.0,0.0,0.0,0.0,3.218,0.0,0.0,0.0,0.0,2.423,0.0,2.061,1.487,0.0,0.0,0.0,0.0,0.0,1.487,1.487,0.0,0.0,1.487,1.487,0.0,0.0,1.487,0.0,2.061,0.0,0.0,0.0,0.0,0.0,0.0,0.0,0.0,1.487,0.0,0.0,1.487,0.0,1.487,0.0,1.487,1.487,0.0,2.688,0.0,0.0,0.0,0.0,0.0,0.0,0.0,1.487,0.0,0.0,0.0,1.487,0.0,1.487,0.0,1.487,0.0,0.0,0.0,0.0,0.0,0.0,0.0,0.0,0.0,1.487,0.0,0.0,0.0,0.0,0.0,1.487,0.0,1.487,0.0,0.0,0.0,0.0,1.487,0.0,0.0,0.0,1.487,0.0,0.0,0.0,0.0,0.0,0.0,0.0,0.0,0.0,0.0,0.0,0.0,0.0,0.0,1.487,1.487,0.0,0.0,0.0,0.0,0.0,0.0,0.0,0.0,2.688,1.487,0.0,0.0,0.0,0.0,0.0,0.0,0.0,2.423,1.487,2.423,1.487,0.0,0.0,0.0,0.0,0.0,1.487,0.0,1.487,0.0,1.487,0.0,0.0,0.0,0.0,1.487,1.487,0.0,2.688,1.487,0.0,0.0,3.563,1.487,0.0,2.061,0.0,0.0,0.0,0.0,0.0,0.0,0.0,0.0,1.487,0.0,0.0,0.0,0.0,0.0,0.0,0.0,0.0,0.0,0.0,0.0,0.0,0.0,0.0,0.0,0.0,2.423,0.0,0.0,0.0,0.0,1.487,0.0,0.0,0.0,0.0,0.0,0.0,2.061,0.0,2.061,0.0,1.487,1.487,0.0,0.0,2.061,2.423,0.0,0.0,0.0,0.0,1.487,2.423,2.061,0.0,0.0,2.061,0.0,2.061,0.0,2.423,0.0,1.487,2.423,2.423,1.487,0.0,1.487,0.0,1.487,0.0,0.0,0.0,2.061,0.0,1.487,0.0,1.487,1.487,0.0,0.0,0.0,0.0,0.0,0.0,0.0,3.563,0.0,1.487,0.0,0.0,0.0,3.891,2.423,3.071,0.0,2.688,0.0,2.061,0.0,0.0,0.0,0.0,0.0,0.0,0.0,0.0,1.487,1.487,0.0,0.0,1.487,2.061,4.877,0.0,2.061,2.061,1.487,0.0,0.0,0.0,1.487,0.0,0.0,1.487,0.0,0.0,0.0,0.0,0.0,0.0,0.0,0.0,0.0,0.0,1.487,1.487,0.0,2.061,0.0,0.0,1.487
B-Zelle,0.0,0.0,0.0,0.0,0.0,1.406,0.0,0.0,1.406,0.0,1.406,1.406,0.0,0.0,0.0,0.0,0.0,3.116,1.968,1.406,0.0,1.406,0.0,0.0,1.406,0.0,0.0,0.0,1.406,1.968,0.0,1.406,0.0,0.0,0.0,1.406,0.0,1.406,0.0,0.0,1.406,0.0,0.0,0.0,1.406,0.0,0.0,0.0,0.0,0.0,1.406,1.968,0.0,0.0,1.406,1.406,0.0,1.406,0.0,0.0,0.0,0.0,0.0,0.0,0.0,0.0,2.969,0.0,0.0,0.0,0.0,0.0,0.0,0.0,0.0,0.0,0.0,0.0,0.0,0.0,1.406,0.0,1.968,0.0,1.406,0.0,0.0,0.0,0.0,0.0,0.0,1.406,1.406,0.0,1.406,1.406,1.968,1.406,1.406,0.0,1.968,1.968,0.0,0.0,0.0,0.0,0.0,0.0,0.0,0.0,0.0,1.406,1.406,0.0,1.406,1.406,0.0,0.0,0.0,0.0,0.0,1.406,0.0,0.0,0.0,0.0,1.406,0.0,0.0,0.0,0.0,0.0,0.0,0.0,1.406,0.0,0.0,1.406,0.0,1.406,0.0,0.0,0.0,0.0,1.406,0.0,0.0,0.0,0.0,0.0,1.406,0.0,0.0,0.0,1.406,0.0,0.0,0.0,0.0,0.0,1.968,0.0,0.0,0.0,1.968,0.0,0.0,0.0,0.0,0.0,0.0,0.0,0.0,0.0,0.0,0.0,0.0,0.0,0.0,2.326,0.0,0.0,0.0,1.406,1.406,1.406,0.0,0.0,0.0,0.0,1.406,0.0,0.0,0.0,0.0,0.0,0.0,0.0,0.0,1.406,0.0,1.406,0.0,0.0,0.0,0.0,0.0,0.0,0.0,4.569,0.0,2.589,1.406,2.589,1.406,0.0,0.0,0.0,0.0,0.0,2.326,0.0,0.0,0.0,1.406,0.0,0.0,0.0,1.968,0.0,4.086,0.0,1.406,0.0,1.968,1.406,4.395,3.116,3.636,3.116,1.968,2.797,1.406,1.406,3.917,4.086,0.0,0.0,0.0,1.968,0.0,0.0,1.406,1.406,1.968,0.0,1.406,0.0,0.0,1.406,1.406,1.968,0.0,1.406,0.0,0.0,0.0,1.406,1.968,0.0,0.0,0.0,0.0,2.589,0.0,1.406,1.406,0.0,0.0,0.0,2.969,1.406,0.0,0.0,1.406,0.0,0.0,0.0,1.406,0.0,1.968,0.0,0.0,0.0,0.0,0.0,0.0,0.0,0.0,1.406,0.0,0.0,0.0,0.0,0.0,0.0,0.0,1.406,0.0,2.326,0.0,1.968,0.0,0.0,0.0,2.589,0.0,0.0,0.0,0.0,0.0,0.0,0.0,1.406,1.406,0.0,2.326,0.0,1.406,0.0,0.0,0.0,2.797,0.0,2.326,0.0,0.0,0.0,0.0,0.0,1.406,0.0,0.0,0.0,0.0,1.968,1.968,0.0,0.0,1.968,1.968,0.0,0.0,0.0,1.968,0.0,1.406,0.0,0.0,2.326,0.0,0.0,0.0,1.406,0.0,0.0,0.0,0.0,0.0,0.0,0.0,0.0,0.0,0.0,0.0,0.0,0.0,0.0,0.0,1.406,0.0,1.406,0.0,1.406,0.0,1.406,1.406,0.0,1.406,1.968,0.0,0.0,1.406,1.406,2.797,0.0,1.406,0.0,0.0,0.0,0.0,0.0,1.968,0.0,0.0,0.0,0.0,1.406,2.589,0.0,0.0,1.406,0.0,0.0,1.406,0.0,0.0,0.0,1.968,1.406,1.406,1.406,1.406,0.0,0.0,0.0,2.326,0.0,1.968,1.406,0.0,0.0,0.0,1.406,0.0,0.0,0.0,0.0,0.0,2.326,2.797,1.406,0.0,0.0,0.0,0.0,0.0,0.0,0.0,0.0,0.0,1.406,0.0,0.0,0.0,0.0,2.326,1.968,1.406,0.0,0.0,1.968,0.0,0.0,0.0,0.0,0.0,0.0,0.0,0.0,0.0,1.406,0.0,0.0,1.968,0.0,1.406,0.0,0.0,2.797,0.0,0.0,1.406,0.0,1.968,0.0,0.0,0.0,0.0,1.406,1.406,3.243,2.326,1.406,1.968,0.0,2.326,0.0,0.0,0.0,0.0,1.406,0.0,0.0,0.0,1.968,0.0,0.0,0.0,0.0,0.0,1.406,0.0,0.0,1.406,0.0,1.968,1.406,0.0,0.0,0.0,1.968,1.406,0.0,2.797,1.406,0.0,0.0,1.968,1.406,1.406,1.406,1.406,0.0,0.0,0.0,0.0,1.406,1.406,0.0,0.0,0.0,0.0,2.797,0.0,0.0,0.0,1.968,0.0,0.0,1.406,0.0,0.0,1.406,1.406,1.406,0.0,2.589,1.406,0.0,1.406,0.0,1.406,0.0,0.0,0.0,1.406,1.968,0.0,0.0,0.0,0.0,1.968,1.968,0.0,0.0,0.0,0.0,0.0,1.406,2.326,0.0,0.0,0.0,1.968,1.406,0.0,0.0,1.406,0.0,0.0,1.968,0.0,1.406,0.0,0.0,2.326,0.0,1.406,0.0,0.0,0.0,0.0,1.406,0.0,2.326,0.0,0.0,0.0,0.0,0.0,0.0,0.0,0.0,0.0,0.0,1.406,0.0,1.406,3.636,0.0,0.0,1.406,0.0,1.406,0.0,0.0,0.0,0.0,2.326,1.406,0.0,0.0,0.0,0.0,0.0,1.968,0.0,0.0,0.0,1.968,0.0,0.0,0.0,1.406,1.406,0.0,0.0,0.0,0.0,0.0,0.0,0.0,2.797,0.0,2.589,1.968,1.406,0.0,0.0,0.0,0.0,1.406,1.968,0.0,1.968,1.968,0.0,2.589,2.797,0.0,0.0,1.406,0.0,1.406,0.0,0.0,0.0,0.0,2.326,0.0,0.0,0.0,0.0,1.968,1.406,1.406,3.357,1.406,0.0,1.406,2.589,0.0,0.0,1.406,0.0,1.406,0.0,1.968,1.406,1.406,1.406,0.0,0.0,0.0,0.0,0.0,0.0,0.0,3.459,1.406,1.968,0.0,1.968,1.968,3.714,0.0,3.243,2.326,0.0,0.0,1.968,0.0,0.0,0.0,0.0,0.0,0.0,0.0,0.0,0.0,0.0,0.0,0.0,1.406,0.0,0.0,0.0,0.0,0.0,1.968,0.0,0.0,0.0,1.406,0.0,0.0,1.406,0.0,1.406,0.0,0.0,1.406,2.589,0.0,2.969,0.0,0.0,1.968,1.968,1.406,1.968,0.0,0.0,0.0
Monozyt,1.339,0.0,0.0,0.0,0.0,0.0,0.0,1.339,1.892,0.0,0.0,0.0,0.0,0.0,0.0,0.0,1.339,2.713,2.246,2.246,0.0,0.0,1.339,0.0,0.0,0.0,0.0,0.0,0.0,0.0,0.0,0.0,0.0,0.0,0.0,1.892,0.0,0.0,1.892,0.0,2.507,2.713,1.339,0.0,1.339,0.0,0.0,0.0,0.0,3.627,0.0,1.339,1.339,0.0,3.158,2.885,0.0,1.339,1.339,0.0,0.0,1.892,0.0,0.0,1.339,0.0,1.339,0.0,3.465,0.0,3.271,0.0,1.892,0.0,0.0,0.0,0.0,0.0,0.0,0.0,2.246,1.339,0.0,0.0,1.339,0.0,0.0,0.0,1.339,0.0,0.0,0.0,1.339,1.892,1.339,0.0,0.0,0.0,1.892,1.339,1.892,1.892,0.0,0.0,0.0,0.0,1.339,0.0,0.0,0.0,0.0,0.0,1.892,1.339,1.339,0.0,0.0,0.0,1.339,1.339,0.0,1.339,0.0,0.0,0.0,1.892,0.0,0.0,0.0,0.0,0.0,0.0,0.0,1.339,0.0,0.0,1.339,1.339,0.0,0.0,0.0,1.339,0.0,2.246,1.339,1.339,1.339,0.0,0.0,0.0,1.339,0.0,1.892,1.339,1.339,1.339,0.0,0.0,1.892,0.0,1.339,2.713,0.0,0.0,0.0,0.0,0.0,0.0,0.0,0.0,1.339,0.0,0.0,1.339,0.0,0.0,0.0,0.0,0.0,1.892,2.246,1.339,1.339,0.0,0.0,0.0,0.0,0.0,0.0,0.0,0.0,0.0,0.0,0.0,1.339,2.246,1.339,0.0,0.0,1.339,2.507,0.0,0.0,0.0,2.246,0.0,0.0,1.339,1.339,4.448,0.0,2.507,1.339,2.246,1.339,0.0,0.0,0.0,1.339,1.892,1.339,1.339,1.339,0.0,1.892,0.0,1.339,1.339,0.0,0.0,1.892,3.627,3.549,0.0,2.246,0.0,2.507,2.713,3.699,1.339,1.339,2.246,0.0,0.0,3.271,3.465,0.0,0.0,0.0,2.246,0.0,0.0,1.339,2.246,1.892,0.0,0.0,1.339,0.0,1.339,1.339,0.0,0.0,0.0,0.0,1.339,0.0,1.339,1.892,0.0,0.0,0.0,1.339,1.339,2.246,0.0,1.339,1.892,0.0,1.339,2.246,1.339,0.0,0.0,0.0,0.0,1.339,0.0,0.0,0.0,0.0,0.0,0.0,1.339,0.0,0.0,0.0,1.892,2.246,1.339,0.0,0.0,1.339,0.0,0.0,0.0,0.0,1.892,0.0,2.507,1.339,1.339,1.339,1.892,0.0,0.0,2.246,2.246,0.0,0.0,1.892,2.246,0.0,0.0,0.0,0.0,0.0,0.0,0.0,0.0,1.339,0.0,1.892,0.0,0.0,0.0,0.0,0.0,2.246,0.0,0.0,0.0,0.0,0.0,0.0,0.0,0.0,0.0,0.0,2.713,1.339,0.0,0.0,0.0,0.0,0.0,0.0,0.0,1.339,0.0,0.0,1.339,0.0,1.892,0.0,0.0,0.0,0.0,3.031,0.0,0.0,0.0,1.339,0.0,1.339,0.0,2.246,0.0,0.0,2.246,0.0,0.0,1.339,1.339,0.0,1.339,0.0,0.0,2.507,0.0,0.0,2.246,2.246,2.246,2.713,1.339,1.339,0.0,0.0,0.0,0.0,0.0,0.0,0.0,0.0,0.0,0.0,1.339,3.271,0.0,0.0,2.713,0.0,0.0,0.0,0.0,0.0,0.0,0.0,1.892,0.0,2.507,0.0,0.0,0.0,1.339,0.0,0.0,0.0,0.0,0.0,0.0,1.339,1.892,0.0,0.0,1.339,0.0,2.713,1.892,0.0,0.0,2.713,0.0,0.0,0.0,0.0,0.0,0.0,0.0,1.339,0.0,1.339,0.0,0.0,1.892,1.892,0.0,1.339,0.0,0.0,0.0,0.0,0.0,0.0,0.0,0.0,0.0,0.0,0.0,0.0,0.0,0.0,0.0,1.892,0.0,0.0,0.0,1.892,2.713,0.0,1.892,0.0,0.0,1.339,0.0,0.0,2.507,0.0,3.271,0.0,3.271,1.339,0.0,0.0,0.0,1.892,1.339,1.892,0.0,0.0,0.0,0.0,0.0,0.0,1.339,1.339,0.0,0.0,0.0,0.0,0.0,0.0,0.0,0.0,0.0,0.0,1.339,0.0,0.0,0.0,2.507,0.0,0.0,2.713,0.0,1.339,0.0,0.0,0.0,1.339,2.246,0.0,1.892,2.246,0.0,1.339,0.0,0.0,0.0,0.0,1.339,1.339,2.507,0.0,0.0,0.0,0.0,0.0,1.339,0.0,2.246,0.0,1.339,0.0,1.339,0.0,0.0,0.0,1.339,0.0,0.0,0.0,0.0,0.0,0.0,0.0,1.339,1.339,0.0,0.0,1.892,2.507,0.0,0.0,0.0,1.339,0.0,0.0,0.0,0.0,0.0,0.0,0.0,0.0,0.0,0.0,0.0,0.0,0.0,0.0,0.0,0.0,0.0,1.892,0.0,1.892,0.0,0.0,0.0,0.0,0.0,0.0,0.0,0.0,1.339,0.0,0.0,0.0,0.0,0.0,0.0,0.0,1.339,0.0,1.892,1.339,0.0,1.339,0.0,1.892,0.0,1.339,0.0,0.0,0.0,0.0,1.339,0.0,1.339,0.0,1.339,1.339,0.0,0.0,1.339,0.0,1.339,0.0,0.0,0.0,3.373,0.0,1.339,1.339,0.0,2.507,1.339,1.339,0.0,0.0,1.339,0.0,2.507,0.0,2.507,2.507,0.0,0.0,2.713,1.339,0.0,1.339,0.0,0.0,0.0,0.0,0.0,0.0,2.713,0.0,0.0,0.0,1.339,1.339,0.0,1.892,1.339,0.0,2.507,0.0,1.339,0.0,0.0,0.0,0.0,0.0,3.627,1.892,0.0,0.0,0.0,1.339,0.0,1.339,0.0,0.0,2.246,1.892,1.892,1.892,1.892,1.339,0.0,3.158,0.0,0.0,0.0,0.0,0.0,1.339,0.0,0.0,1.892,0.0,5.184,0.0,2.713,0.0,1.892,0.0,0.0,0.0,0.0,0.0,0.0,0.0,0.0,0.0,1.892,1.339,0.0,0.0,0.0,1.339,0.0,0.0,0.0,0.0,0.0,0.0,0.0,0.0,0.0,0.0,0.0,0.0,2.246,0.0,1.339,0.0,2.713,0.0,1.892,0.0,2.246,1.339,1.339,0.0,2.507,0.0,1.892,0.0,0.0,0.0
Dendritische Zelle,2.267,0.0,0.0,0.0,0.0,0.0,0.0,0.0,0.0,1.673,0.0,1.673,0.0,2.907,0.0,0.0,0.0,2.267,1.673,1.673,0.0,1.673,0.0,0.0,0.0,0.0,0.0,1.673,2.267,1.673,0.0,2.267,0.0,0.0,0.0,0.0,0.0,2.267,2.907,0.0,1.673,1.673,0.0,0.0,1.673,0.0,0.0,0.0,0.0,3.884,0.0,2.638,0.0,0.0,2.907,4.188,0.0,0.0,0.0,0.0,0.0,0.0,0.0,0.0,0.0,0.0,2.267,0.0,3.687,0.0,3.573,0.0,0.0,0.0,0.0,0.0,0.0,1.673,0.0,0.0,2.267,0.0,0.0,0.0,0.0,0.0,0.0,0.0,2.267,0.0,0.0,2.267,0.0,0.0,0.0,0.0,0.0,0.0,2.267,0.0,0.0,0.0,0.0,0.0,0.0,0.0,0.0,0.0,0.0,2.267,0.0,0.0,1.673,0.0,0.0,0.0,0.0,1.673,0.0,0.0,0.0,0.0,0.0,0.0,0.0,0.0,1.673,0.0,0.0,0.0,0.0,0.0,0.0,0.0,0.0,1.673,1.673,2.267,0.0,0.0,1.673,0.0,0.0,2.907,2.267,0.0,0.0,0.0,0.0,1.673,0.0,0.0,0.0,0.0,0.0,0.0,0.0,0.0,1.673,1.673,1.673,0.0,0.0,0.0,0.0,0.0,0.0,0.0,1.673,0.0,0.0,0.0,0.0,0.0,0.0,0.0,0.0,0.0,0.0,1.673,0.0,1.673,0.0,0.0,0.0,0.0,1.673,0.0,0.0,0.0,0.0,0.0,0.0,0.0,0.0,0.0,0.0,0.0,0.0,2.267,1.673,0.0,0.0,0.0,0.0,0.0,0.0,0.0,1.673,3.79,0.0,2.267,1.673,0.0,1.673,0.0,0.0,0.0,1.673,1.673,1.673,0.0,0.0,0.0,0.0,0.0,0.0,0.0,0.0,0.0,0.0,3.79,3.443,0.0,1.673,1.673,4.12,2.267,3.884,1.673,0.0,1.673,2.267,1.673,3.884,3.294,0.0,0.0,0.0,0.0,0.0,0.0,1.673,0.0,0.0,0.0,0.0,0.0,0.0,0.0,0.0,0.0,0.0,0.0,0.0,2.638,0.0,0.0,2.267,0.0,0.0,0.0,0.0,0.0,0.0,0.0,0.0,0.0,0.0,0.0,1.673,0.0,0.0,0.0,0.0,0.0,0.0,0.0,0.0,0.0,0.0,0.0,1.673,2.267,0.0,2.267,0.0,1.673,2.907,0.0,0.0,0.0,0.0,0.0,0.0,0.0,1.673,2.267,0.0,0.0,1.673,0.0,1.673,0.0,0.0,0.0,2.267,2.638,0.0,0.0,0.0,0.0,0.0,0.0,1.673,0.0,0.0,0.0,0.0,0.0,0.0,0.0,1.673,0.0,0.0,0.0,0.0,0.0,1.673,0.0,0.0,0.0,1.673,0.0,0.0,0.0,0.0,0.0,2.267,1.673,0.0,0.0,0.0,0.0,0.0,1.673,0.0,1.673,1.673,1.673,0.0,0.0,0.0,0.0,1.673,0.0,0.0,0.0,1.673,0.0,1.673,0.0,0.0,0.0,2.907,0.0,0.0,0.0,0.0,2.907,0.0,0.0,0.0,0.0,0.0,0.0,0.0,0.0,0.0,0.0,0.0,2.267,3.79,0.0,1.673,0.0,0.0,0.0,0.0,0.0,0.0,0.0,0.0,0.0,0.0,0.0,0.0,0.0,2.267,0.0,2.907,2.267,2.267,2.267,0.0,0.0,0.0,0.0,2.267,1.673,0.0,1.673,0.0,0.0,0.0,0.0,0.0,0.0,0.0,0.0,0.0,1.673,0.0,1.673,0.0,0.0,0.0,1.673,0.0,2.267,0.0,0.0,2.638,1.673,0.0,0.0,0.0,0.0,0.0,0.0,2.638,0.0,0.0,0.0,0.0,0.0,0.0,0.0,0.0,1.673,0.0,0.0,0.0,1.673,0.0,0.0,0.0,0.0,0.0,0.0,0.0,0.0,0.0,0.0,0.0,0.0,0.0,1.673,0.0,1.673,0.0,0.0,0.0,0.0,1.673,0.0,1.673,3.573,0.0,2.267,0.0,1.673,0.0,0.0,2.267,0.0,1.673,1.673,0.0,0.0,0.0,0.0,0.0,0.0,0.0,0.0,0.0,0.0,0.0,0.0,0.0,0.0,0.0,1.673,0.0,1.673,1.673,0.0,0.0,0.0,0.0,0.0,0.0,0.0,0.0,0.0,2.267,0.0,0.0,0.0,0.0,3.573,0.0,2.907,0.0,0.0,0.0,0.0,0.0,0.0,0.0,1.673,0.0,1.673,0.0,0.0,0.0,1.673,0.0,0.0,0.0,2.267,0.0,0.0,0.0,0.0,0.0,0.0,2.267,0.0,0.0,0.0,0.0,0.0,0.0,0.0,0.0,0.0,0.0,0.0,0.0,1.673,0.0,0.0,0.0,0.0,0.0,0.0,0.0,0.0,0.0,0.0,0.0,1.673,2.638,0.0,0.0,1.673,0.0,0.0,1.673,0.0,0.0,0.0,1.673,0.0,0.0,0.0,0.0,0.0,0.0,2.267,0.0,1.673,0.0,0.0,0.0,2.267,0.0,0.0,0.0,0.0,0.0,0.0,1.673,1.673,0.0,2.267,2.638,2.267,3.12,0.0,1.673,0.0,0.0,0.0,1.673,0.0,1.673,0.0,0.0,1.673,0.0,0.0,0.0,2.267,0.0,0.0,0.0,0.0,0.0,3.573,0.0,0.0,1.673,1.673,1.673,0.0,1.673,0.0,2.267,1.673,0.0,2.638,0.0,2.267,2.907,0.0,0.0,3.443,0.0,0.0,1.673,0.0,0.0,0.0,0.0,0.0,0.0,2.267,0.0,0.0,0.0,0.0,0.0,0.0,2.267,2.907,0.0,0.0,1.673,2.267,0.0,0.0,0.0,0.0,0.0,3.884,0.0,0.0,1.673,0.0,0.0,0.0,0.0,0.0,1.673,2.907,0.0,2.638,1.673,1.673,0.0,0.0,3.294,0.0,0.0,0.0,0.0,0.0,0.0,0.0,0.0,0.0,1.673,5.494,0.0,1.673,0.0,0.0,0.0,0.0,0.0,1.673,0.0,0.0,0.0,0.0,0.0,0.0,0.0,0.0,0.0,1.673,0.0,1.673,0.0,0.0,1.673,0.0,1.673,0.0,1.673,0.0,0.0,0.0,0.0,2.638,0.0,0.0,0.0,2.907,0.0,1.673,0.0,0.0,0.0,0.0,1.673,2.267,0.0,1.673,0.0,1.673,0.0
B-Zelle,0.0,0.0,0.0,1.513,0.0,0.0,0.0,0.0,0.0,0.0,0.0,0.0,0.0,0.0,1.513,0.0,0.0,3.688,0.0,0.0,0.0,1.513,1.513,0.0,0.0,0.0,1.513,1.513,2.09,2.09,0.0,1.513,0.0,1.513,0.0,0.0,2.09,0.0,2.929,0.0,0.0,1.513,0.0,0.0,0.0,0.0,0.0,0.0,1.513,2.09,0.0,1.513,0.0,0.0,1.513,2.09,0.0,2.09,0.0,0.0,0.0,1.513,2.09,0.0,0.0,0.0,3.103,0.0,0.0,0.0,0.0,0.0,0.0,0.0,0.0,0.0,0.0,0.0,0.0,1.513,1.513,0.0,0.0,0.0,0.0,0.0,0.0,1.513,1.513,0.0,0.0,1.513,0.0,1.513,2.09,0.0,0.0,0.0,0.0,1.513,2.09,1.513,0.0,0.0,0.0,0.0,0.0,1.513,0.0,0.0,0.0,1.513,1.513,0.0,0.0,0.0,2.09,2.09,0.0,0.0,0.0,1.513,0.0,0.0,0.0,0.0,0.0,0.0,0.0,0.0,0.0,0.0,0.0,0.0,1.513,0.0,0.0,0.0,1.513,2.929,0.0,0.0,0.0,2.719,2.453,0.0,0.0,0.0,0.0,1.513,0.0,0.0,2.09,0.0,2.09,0.0,0.0,0.0,2.453,0.0,0.0,1.513,0.0,0.0,0.0,0.0,0.0,0.0,1.513,0.0,0.0,0.0,0.0,0.0,0.0,2.09,0.0,0.0,0.0,2.453,0.0,2.453,0.0,2.09,1.513,1.513,0.0,1.513,2.719,0.0,0.0,1.513,0.0,1.513,0.0,1.513,0.0,0.0,0.0,0.0,1.513,0.0,1.513,0.0,0.0,0.0,0.0,1.513,0.0,4.495,2.09,3.103,0.0,1.513,1.513,0.0,0.0,2.09,1.513,0.0,1.513,1.513,2.719,0.0,0.0,0.0,0.0,0.0,0.0,0.0,4.323,1.513,0.0,1.513,3.595,0.0,4.055,3.103,3.688,2.719,2.929,1.513,2.719,3.493,3.103,3.851,0.0,0.0,1.513,0.0,0.0,1.513,0.0,0.0,1.513,2.09,1.513,1.513,0.0,0.0,2.453,1.513,0.0,0.0,0.0,0.0,0.0,0.0,0.0,0.0,0.0,0.0,0.0,2.09,0.0,0.0,0.0,0.0,2.09,0.0,3.493,1.513,0.0,0.0,0.0,0.0,0.0,1.513,2.09,0.0,0.0,0.0,0.0,0.0,0.0,0.0,0.0,2.09,0.0,0.0,0.0,0.0,0.0,0.0,0.0,1.513,0.0,1.513,0.0,0.0,0.0,0.0,0.0,0.0,2.09,0.0,0.0,0.0,0.0,1.513,0.0,2.09,1.513,1.513,2.09,0.0,0.0,1.513,0.0,0.0,0.0,0.0,1.513,0.0,0.0,0.0,0.0,0.0,0.0,0.0,0.0,0.0,1.513,0.0,0.0,1.513,0.0,0.0,0.0,2.09,0.0,0.0,0.0,0.0,0.0,1.513,0.0,0.0,1.513,1.513,0.0,2.09,0.0,2.719,0.0,2.09,0.0,0.0,0.0,0.0,0.0,0.0,1.513,0.0,0.0,0.0,0.0,0.0,0.0,1.513,0.0,0.0,0.0,0.0,0.0,0.0,0.0,0.0,0.0,2.719,0.0,0.0,0.0,2.09,2.719,1.513,1.513,2.453,0.0,0.0,0.0,0.0,0.0,1.513,0.0,1.513,0.0,0.0,2.09,0.0,0.0,2.09,0.0,2.453,1.513,0.0,0.0,0.0,2.09,0.0,0.0,0.0,0.0,1.513,0.0,0.0,2.719,0.0,1.513,2.09,0.0,0.0,0.0,0.0,0.0,0.0,1.513,0.0,1.513,2.09,3.103,0.0,1.513,0.0,0.0,1.513,0.0,1.513,1.513,0.0,0.0,0.0,0.0,2.453,0.0,0.0,0.0,0.0,0.0,1.513,0.0,0.0,0.0,0.0,0.0,0.0,1.513,0.0,0.0,0.0,0.0,0.0,1.513,0.0,1.513,0.0,1.513,0.0,0.0,2.719,0.0,0.0,1.513,2.453,2.09,0.0,0.0,0.0,0.0,1.513,0.0,2.09,0.0,2.453,0.0,0.0,0.0,0.0,2.453,0.0,0.0,0.0,0.0,0.0,0.0,1.513,0.0,0.0,0.0,0.0,0.0,0.0,1.513,0.0,0.0,0.0,2.09,1.513,0.0,0.0,0.0,1.513,1.513,0.0,2.453,2.09,1.513,0.0,0.0,1.513,1.513,0.0,0.0,0.0,2.09,0.0,0.0,2.929,1.513,0.0,0.0,0.0,0.0,2.719,0.0,0.0,0.0,1.513,0.0,0.0,0.0,0.0,0.0,1.513,0.0,0.0,0.0,0.0,0.0,0.0,0.0,0.0,1.513,0.0,0.0,0.0,0.0,0.0,0.0,0.0,1.513,0.0,0.0,0.0,1.513,0.0,1.513,1.513,1.513,0.0,0.0,0.0,1.513,0.0,0.0,0.0,0.0,0.0,0.0,0.0,1.513,0.0,0.0,1.513,1.513,0.0,1.513,2.453,0.0,0.0,0.0,1.513,2.09,0.0,0.0,0.0,0.0,0.0,0.0,0.0,0.0,0.0,0.0,0.0,0.0,1.513,0.0,1.513,0.0,2.09,1.513,0.0,0.0,0.0,0.0,0.0,2.09,0.0,0.0,0.0,0.0,0.0,0.0,0.0,1.513,0.0,1.513,0.0,1.513,0.0,1.513,0.0,0.0,0.0,1.513,2.09,0.0,0.0,0.0,0.0,0.0,2.453,0.0,1.513,0.0,2.719,0.0,0.0,0.0,0.0,1.513,0.0,1.513,0.0,0.0,0.0,0.0,0.0,2.09,0.0,0.0,0.0,0.0,0.0,0.0,0.0,0.0,0.0,0.0,1.513,0.0,1.513,0.0,0.0,0.0,2.09,0.0,0.0,2.929,0.0,1.513,1.513,1.513,0.0,0.0,1.513,0.0,0.0,0.0,0.0,2.453,1.513,0.0,1.513,0.0,0.0,0.0,0.0,0.0,3.493,1.513,0.0,0.0,0.0,0.0,3.595,0.0,2.719,0.0,0.0,0.0,2.453,0.0,0.0,0.0,0.0,0.0,0.0,0.0,1.513,0.0,0.0,0.0,0.0,0.0,0.0,0.0,0.0,1.513,0.0,1.513,0.0,0.0,0.0,1.513,0.0,0.0,1.513,0.0,0.0,0.0,0.0,0.0,1.513,0.0,0.0,0.0,0.0,2.453,2.09,1.513,1.513,0.0,0.0,0.0
Dendritische Zelle,0.0,0.0,1.142,2.255,0.0,1.142,0.0,0.0,1.142,0.0,0.0,1.142,1.662,1.142,0.0,0.0,0.0,2.457,0.0,1.662,0.0,1.142,0.0,0.0,0.0,1.142,0.0,2.002,1.662,0.0,0.0,1.142,0.0,1.662,0.0,1.142,0.0,0.0,1.662,0.0,2.255,0.0,0.0,1.142,2.002,0.0,0.0,0.0,0.0,2.457,0.0,1.142,0.0,0.0,2.002,2.457,1.662,1.142,0.0,1.142,0.0,1.142,1.142,0.0,1.142,1.142,1.142,0.0,3.359,0.0,0.0,0.0,0.0,1.662,0.0,0.0,0.0,1.142,0.0,0.0,2.255,0.0,0.0,0.0,1.142,1.142,1.142,0.0,0.0,0.0,0.0,3.107,0.0,0.0,0.0,0.0,0.0,1.662,2.255,0.0,1.662,1.662,0.0,0.0,0.0,0.0,1.142,0.0,1.142,0.0,0.0,1.142,2.002,0.0,0.0,0.0,1.662,1.142,0.0,0.0,1.662,1.662,0.0,0.0,0.0,1.662,0.0,0.0,0.0,1.662,0.0,0.0,1.662,1.142,0.0,0.0,0.0,1.142,1.662,2.255,0.0,0.0,1.142,2.002,2.002,0.0,0.0,1.662,0.0,0.0,0.0,0.0,0.0,0.0,1.142,0.0,0.0,0.0,0.0,0.0,0.0,1.662,0.0,0.0,1.142,0.0,0.0,0.0,0.0,0.0,0.0,1.142,0.0,0.0,0.0,0.0,0.0,1.662,0.0,2.002,1.142,0.0,1.142,0.0,0.0,0.0,1.662,2.002,1.142,0.0,0.0,0.0,0.0,0.0,0.0,1.142,2.002,0.0,0.0,1.662,2.002,0.0,0.0,1.142,2.255,0.0,0.0,0.0,0.0,4.985,0.0,2.457,0.0,1.662,1.142,0.0,0.0,0.0,0.0,2.002,1.142,0.0,1.662,0.0,0.0,0.0,0.0,0.0,0.0,0.0,0.0,2.625,3.359,0.0,2.002,1.142,5.095,3.825,4.639,4.207,3.497,3.674,2.457,3.56,4.792,4.68,0.0,1.142,0.0,0.0,0.0,0.0,0.0,1.142,2.002,0.0,0.0,0.0,0.0,0.0,1.662,0.0,0.0,0.0,0.0,0.0,0.0,0.0,2.625,1.142,0.0,0.0,2.002,0.0,2.895,0.0,0.0,1.662,0.0,0.0,2.255,1.142,0.0,0.0,0.0,0.0,0.0,1.142,0.0,0.0,0.0,0.0,0.0,1.662,0.0,1.142,0.0,2.255,0.0,1.662,0.0,0.0,1.142,0.0,0.0,1.142,0.0,1.662,1.142,2.255,0.0,2.002,0.0,1.142,0.0,1.662,1.142,2.457,0.0,0.0,1.142,1.142,0.0,1.142,0.0,0.0,0.0,0.0,0.0,0.0,0.0,0.0,1.142,0.0,0.0,0.0,0.0,0.0,0.0,0.0,0.0,0.0,1.662,1.142,0.0,0.0,2.255,0.0,0.0,1.662,1.662,1.142,0.0,0.0,1.662,0.0,0.0,1.142,1.142,1.142,0.0,0.0,1.142,1.662,1.142,0.0,0.0,0.0,0.0,0.0,1.142,0.0,0.0,0.0,0.0,0.0,0.0,0.0,0.0,1.662,0.0,0.0,1.142,0.0,0.0,1.142,1.662,0.0,2.625,2.002,0.0,1.662,1.142,1.662,2.457,1.142,0.0,0.0,2.002,0.0,0.0,0.0,1.662,0.0,0.0,0.0,0.0,0.0,2.002,0.0,0.0,2.002,0.0,0.0,2.002,1.142,0.0,0.0,1.142,1.142,0.0,2.457,0.0,0.0,0.0,0.0,0.0,1.662,1.662,0.0,0.0,1.142,0.0,1.142,0.0,0.0,0.0,0.0,0.0,0.0,0.0,1.142,2.895,2.255,1.142,0.0,2.002,0.0,0.0,0.0,1.662,1.142,1.142,0.0,2.002,3.107,0.0,0.0,0.0,1.142,0.0,0.0,0.0,1.142,0.0,1.142,0.0,0.0,0.0,0.0,0.0,0.0,0.0,0.0,1.142,0.0,0.0,1.662,0.0,2.002,0.0,0.0,0.0,1.662,2.255,0.0,0.0,4.827,0.0,0.0,0.0,2.625,1.142,0.0,0.0,0.0,2.002,1.142,1.662,0.0,1.142,0.0,0.0,0.0,0.0,1.142,1.662,0.0,0.0,0.0,0.0,0.0,0.0,0.0,1.662,0.0,2.625,1.662,0.0,0.0,0.0,1.142,0.0,0.0,2.255,1.142,0.0,0.0,1.142,1.142,1.662,3.359,0.0,1.142,2.002,0.0,1.142,0.0,0.0,0.0,0.0,0.0,0.0,0.0,0.0,0.0,0.0,1.142,0.0,0.0,0.0,1.662,0.0,0.0,1.662,0.0,0.0,0.0,2.457,2.002,1.662,0.0,1.142,0.0,0.0,0.0,0.0,0.0,1.662,0.0,1.142,1.662,2.002,1.142,0.0,1.142,2.457,0.0,0.0,1.662,0.0,1.142,0.0,0.0,0.0,1.142,0.0,0.0,1.142,1.142,1.142,0.0,2.769,1.142,2.895,0.0,2.457,1.142,0.0,0.0,1.662,0.0,0.0,0.0,0.0,1.142,0.0,0.0,0.0,0.0,0.0,0.0,0.0,1.142,1.662,0.0,1.142,0.0,0.0,0.0,2.002,2.255,1.662,0.0,1.142,0.0,0.0,0.0,0.0,0.0,1.142,1.142,0.0,0.0,0.0,1.142,1.142,2.002,0.0,0.0,0.0,4.071,0.0,0.0,0.0,0.0,1.662,0.0,1.142,0.0,0.0,1.142,0.0,1.142,1.142,2.002,2.002,0.0,0.0,0.0,1.142,1.662,1.662,0.0,0.0,1.142,1.662,0.0,0.0,0.0,0.0,0.0,0.0,0.0,1.662,0.0,1.662,1.662,0.0,1.662,0.0,1.662,0.0,1.142,0.0,0.0,1.662,3.56,0.0,0.0,1.662,1.142,0.0,0.0,1.142,0.0,2.002,1.662,1.142,1.662,2.255,0.0,0.0,1.662,2.255,0.0,1.142,0.0,0.0,0.0,0.0,0.0,0.0,0.0,2.002,4.355,0.0,2.255,0.0,1.142,0.0,0.0,0.0,1.662,1.142,0.0,0.0,1.662,0.0,0.0,1.142,0.0,0.0,1.142,0.0,0.0,0.0,0.0,0.0,1.142,0.0,0.0,0.0,0.0,1.662,0.0,1.662,1.142,0.0,1.662,0.0,0.0,0.0,1.142,0.0,0.0,0.0,0.0,2.002,1.142,0.0,2.002,0.0,0.0,0.0
